--
-- PostgreSQL database dump
--

SET statement_timeout = 0;
SET lock_timeout = 0;
SET client_encoding = 'UTF8';
SET standard_conforming_strings = on;
SET check_function_bodies = false;
SET client_min_messages = warning;

SET search_path = public, pg_catalog;

DROP INDEX public.unique_schema_migrations;
DROP INDEX public.index_history_transactions_on_id;
DROP INDEX public.index_history_transaction_statuses_lc_on_all;
DROP INDEX public.index_history_transaction_participants_on_transaction_hash;
DROP INDEX public.index_history_transaction_participants_on_account;
DROP INDEX public.index_history_operations_on_type;
DROP INDEX public.index_history_operations_on_transaction_id;
DROP INDEX public.index_history_operations_on_id;
DROP INDEX public.index_history_ledgers_on_sequence;
DROP INDEX public.index_history_ledgers_on_previous_ledger_hash;
DROP INDEX public.index_history_ledgers_on_ledger_hash;
DROP INDEX public.index_history_ledgers_on_importer_version;
DROP INDEX public.index_history_ledgers_on_id;
DROP INDEX public.index_history_ledgers_on_closed_at;
DROP INDEX public.index_history_effects_on_type;
DROP INDEX public.index_history_accounts_on_id;
DROP INDEX public.hs_transaction_by_id;
DROP INDEX public.hs_ledger_by_id;
DROP INDEX public.hist_op_p_id;
DROP INDEX public.hist_e_id;
DROP INDEX public.hist_e_by_order;
DROP INDEX public.by_status;
DROP INDEX public.by_ledger;
DROP INDEX public.by_hash;
DROP INDEX public.by_account;
ALTER TABLE ONLY public.history_transaction_statuses DROP CONSTRAINT history_transaction_statuses_pkey;
ALTER TABLE ONLY public.history_transaction_participants DROP CONSTRAINT history_transaction_participants_pkey;
ALTER TABLE ONLY public.history_operation_participants DROP CONSTRAINT history_operation_participants_pkey;
ALTER TABLE public.history_transaction_statuses ALTER COLUMN id DROP DEFAULT;
ALTER TABLE public.history_transaction_participants ALTER COLUMN id DROP DEFAULT;
ALTER TABLE public.history_operation_participants ALTER COLUMN id DROP DEFAULT;
DROP TABLE public.schema_migrations;
DROP TABLE public.history_transactions;
DROP SEQUENCE public.history_transaction_statuses_id_seq;
DROP TABLE public.history_transaction_statuses;
DROP SEQUENCE public.history_transaction_participants_id_seq;
DROP TABLE public.history_transaction_participants;
DROP TABLE public.history_operations;
DROP SEQUENCE public.history_operation_participants_id_seq;
DROP TABLE public.history_operation_participants;
DROP TABLE public.history_ledgers;
DROP TABLE public.history_effects;
DROP TABLE public.history_accounts;
DROP EXTENSION hstore;
DROP EXTENSION plpgsql;
DROP SCHEMA public;
--
-- Name: public; Type: SCHEMA; Schema: -; Owner: -
--

CREATE SCHEMA public;


--
-- Name: SCHEMA public; Type: COMMENT; Schema: -; Owner: -
--

COMMENT ON SCHEMA public IS 'standard public schema';


--
-- Name: plpgsql; Type: EXTENSION; Schema: -; Owner: -
--

CREATE EXTENSION IF NOT EXISTS plpgsql WITH SCHEMA pg_catalog;


--
-- Name: EXTENSION plpgsql; Type: COMMENT; Schema: -; Owner: -
--

COMMENT ON EXTENSION plpgsql IS 'PL/pgSQL procedural language';


--
-- Name: hstore; Type: EXTENSION; Schema: -; Owner: -
--

CREATE EXTENSION IF NOT EXISTS hstore WITH SCHEMA public;


--
-- Name: EXTENSION hstore; Type: COMMENT; Schema: -; Owner: -
--

COMMENT ON EXTENSION hstore IS 'data type for storing sets of (key, value) pairs';


SET search_path = public, pg_catalog;

SET default_tablespace = '';

SET default_with_oids = false;

--
-- Name: history_accounts; Type: TABLE; Schema: public; Owner: -; Tablespace: 
--

CREATE TABLE history_accounts (
    id bigint NOT NULL,
    address character varying(64)
);


--
-- Name: history_effects; Type: TABLE; Schema: public; Owner: -; Tablespace: 
--

CREATE TABLE history_effects (
    history_account_id bigint NOT NULL,
    history_operation_id bigint NOT NULL,
    "order" integer NOT NULL,
    type integer NOT NULL,
    details jsonb
);


--
-- Name: history_ledgers; Type: TABLE; Schema: public; Owner: -; Tablespace: 
--

CREATE TABLE history_ledgers (
    sequence integer NOT NULL,
    ledger_hash character varying(64) NOT NULL,
    previous_ledger_hash character varying(64),
    transaction_count integer DEFAULT 0 NOT NULL,
    operation_count integer DEFAULT 0 NOT NULL,
    closed_at timestamp without time zone NOT NULL,
    created_at timestamp without time zone,
    updated_at timestamp without time zone,
    id bigint,
    importer_version integer DEFAULT 1 NOT NULL
);


--
-- Name: history_operation_participants; Type: TABLE; Schema: public; Owner: -; Tablespace: 
--

CREATE TABLE history_operation_participants (
    id integer NOT NULL,
    history_operation_id bigint NOT NULL,
    history_account_id bigint NOT NULL
);


--
-- Name: history_operation_participants_id_seq; Type: SEQUENCE; Schema: public; Owner: -
--

CREATE SEQUENCE history_operation_participants_id_seq
    START WITH 1
    INCREMENT BY 1
    NO MINVALUE
    NO MAXVALUE
    CACHE 1;


--
-- Name: history_operation_participants_id_seq; Type: SEQUENCE OWNED BY; Schema: public; Owner: -
--

ALTER SEQUENCE history_operation_participants_id_seq OWNED BY history_operation_participants.id;


--
-- Name: history_operations; Type: TABLE; Schema: public; Owner: -; Tablespace: 
--

CREATE TABLE history_operations (
    id bigint NOT NULL,
    transaction_id bigint NOT NULL,
    application_order integer NOT NULL,
    type integer NOT NULL,
    details jsonb
);


--
-- Name: history_transaction_participants; Type: TABLE; Schema: public; Owner: -; Tablespace: 
--

CREATE TABLE history_transaction_participants (
    id integer NOT NULL,
    transaction_hash character varying(64) NOT NULL,
    account character varying(64) NOT NULL,
    created_at timestamp without time zone,
    updated_at timestamp without time zone
);


--
-- Name: history_transaction_participants_id_seq; Type: SEQUENCE; Schema: public; Owner: -
--

CREATE SEQUENCE history_transaction_participants_id_seq
    START WITH 1
    INCREMENT BY 1
    NO MINVALUE
    NO MAXVALUE
    CACHE 1;


--
-- Name: history_transaction_participants_id_seq; Type: SEQUENCE OWNED BY; Schema: public; Owner: -
--

ALTER SEQUENCE history_transaction_participants_id_seq OWNED BY history_transaction_participants.id;


--
-- Name: history_transaction_statuses; Type: TABLE; Schema: public; Owner: -; Tablespace: 
--

CREATE TABLE history_transaction_statuses (
    id integer NOT NULL,
    result_code_s character varying NOT NULL,
    result_code integer NOT NULL
);


--
-- Name: history_transaction_statuses_id_seq; Type: SEQUENCE; Schema: public; Owner: -
--

CREATE SEQUENCE history_transaction_statuses_id_seq
    START WITH 1
    INCREMENT BY 1
    NO MINVALUE
    NO MAXVALUE
    CACHE 1;


--
-- Name: history_transaction_statuses_id_seq; Type: SEQUENCE OWNED BY; Schema: public; Owner: -
--

ALTER SEQUENCE history_transaction_statuses_id_seq OWNED BY history_transaction_statuses.id;


--
-- Name: history_transactions; Type: TABLE; Schema: public; Owner: -; Tablespace: 
--

CREATE TABLE history_transactions (
    transaction_hash character varying(64) NOT NULL,
    ledger_sequence integer NOT NULL,
    application_order integer NOT NULL,
    account character varying(64) NOT NULL,
    account_sequence bigint NOT NULL,
    max_fee integer NOT NULL,
    fee_paid integer NOT NULL,
    operation_count integer NOT NULL,
    transaction_status_id integer NOT NULL,
    created_at timestamp without time zone,
    updated_at timestamp without time zone,
    id bigint,
    tx_envelope text,
    tx_result text,
    tx_meta text
);


--
-- Name: schema_migrations; Type: TABLE; Schema: public; Owner: -; Tablespace: 
--

CREATE TABLE schema_migrations (
    version character varying(255) NOT NULL
);


--
-- Name: id; Type: DEFAULT; Schema: public; Owner: -
--

ALTER TABLE ONLY history_operation_participants ALTER COLUMN id SET DEFAULT nextval('history_operation_participants_id_seq'::regclass);


--
-- Name: id; Type: DEFAULT; Schema: public; Owner: -
--

ALTER TABLE ONLY history_transaction_participants ALTER COLUMN id SET DEFAULT nextval('history_transaction_participants_id_seq'::regclass);


--
-- Name: id; Type: DEFAULT; Schema: public; Owner: -
--

ALTER TABLE ONLY history_transaction_statuses ALTER COLUMN id SET DEFAULT nextval('history_transaction_statuses_id_seq'::regclass);


--
-- Data for Name: history_accounts; Type: TABLE DATA; Schema: public; Owner: -
--

COPY history_accounts (id, address) FROM stdin;
0	GCEZWKCA5VLDNRLN3RPRJMRZOX3Z6G5CHCGSNFHEYVXM3XOJMDS674JZ
8589938688	GC23QF2HUE52AMXUFUH3AYJAXXGXXV2VHXYYR6EYXETPKDXZSAW67XO4
8589942784	GCXKG6RN4ONIEPCMNFB732A436Z5PNDSRLGWK7GBLCMQLIFO4S7EYWVU
\.


--
-- Data for Name: history_effects; Type: TABLE DATA; Schema: public; Owner: -
--

COPY history_effects (history_account_id, history_operation_id, "order", type, details) FROM stdin;
8589938688	8589938688	0	0	{"starting_balance": 10000000000}
0	8589938688	1	3	{"amount": 10000000000, "asset_type": "native"}
0	8589938688	2	10	{"weight": 1, "public_key": "GC23QF2HUE52AMXUFUH3AYJAXXGXXV2VHXYYR6EYXETPKDXZSAW67XO4"}
8589942784	8589942784	0	0	{"starting_balance": 10000000000}
0	8589942784	1	3	{"amount": 10000000000, "asset_type": "native"}
0	8589942784	2	10	{"weight": 1, "public_key": "GCXKG6RN4ONIEPCMNFB732A436Z5PNDSRLGWK7GBLCMQLIFO4S7EYWVU"}
8589942784	12884905984	0	20	{"limit": 9223372036854775807, "asset_code": "USD", "asset_type": "credit_alphanum4", "asset_issuer": "GC23QF2HUE52AMXUFUH3AYJAXXGXXV2VHXYYR6EYXETPKDXZSAW67XO4"}
8589942784	17179873280	0	22	{"limit": 4000, "asset_code": "USD", "asset_type": "credit_alphanum4", "asset_issuer": "GC23QF2HUE52AMXUFUH3AYJAXXGXXV2VHXYYR6EYXETPKDXZSAW67XO4"}
8589942784	21474840576	0	21	{"limit": 0, "asset_code": "USD", "asset_type": "credit_alphanum4", "asset_issuer": "GC23QF2HUE52AMXUFUH3AYJAXXGXXV2VHXYYR6EYXETPKDXZSAW67XO4"}
\.


--
-- Data for Name: history_ledgers; Type: TABLE DATA; Schema: public; Owner: -
--

COPY history_ledgers (sequence, ledger_hash, previous_ledger_hash, transaction_count, operation_count, closed_at, created_at, updated_at, id, importer_version) FROM stdin;
1	e8e10918f9c000c73119abe54cf089f59f9015cc93c49ccf00b5e8b9afb6e6b1	\N	0	0	1970-01-01 00:00:00	2015-08-27 21:35:40.40759	2015-08-27 21:35:40.40759	4294967296	1
2	d8f53287cbd8eacafb52141717f9e074e68be2791db6beae49ddfc679b53d16b	e8e10918f9c000c73119abe54cf089f59f9015cc93c49ccf00b5e8b9afb6e6b1	2	2	2015-08-27 21:35:38	2015-08-27 21:35:40.417839	2015-08-27 21:35:40.417839	8589934592	1
3	759f051678b9cc84c4e8801ae4846105828e944a0566de60addeacdc272e3ae0	d8f53287cbd8eacafb52141717f9e074e68be2791db6beae49ddfc679b53d16b	1	1	2015-08-27 21:35:39	2015-08-27 21:35:40.47586	2015-08-27 21:35:40.47586	12884901888	1
4	5eafa0d9afe7ede46dc06371fb5557952bf5dfebb938c28368fb285c13e838ab	759f051678b9cc84c4e8801ae4846105828e944a0566de60addeacdc272e3ae0	1	1	2015-08-27 21:35:40	2015-08-27 21:35:40.499221	2015-08-27 21:35:40.499221	17179869184	1
5	832137d3b8ddb70ae088f5b8668ae75bf5f124152c76883aca4086089e99fe8f	5eafa0d9afe7ede46dc06371fb5557952bf5dfebb938c28368fb285c13e838ab	1	1	2015-08-27 21:35:41	2015-08-27 21:35:40.522979	2015-08-27 21:35:40.522979	21474836480	1
6	205b454f753b8c735cc7000878d9bf758bd98e521c7a0c9ae87c90860506551e	832137d3b8ddb70ae088f5b8668ae75bf5f124152c76883aca4086089e99fe8f	0	0	2015-08-27 21:35:42	2015-08-27 21:35:40.546404	2015-08-27 21:35:40.546404	25769803776	1
\.


--
-- Data for Name: history_operation_participants; Type: TABLE DATA; Schema: public; Owner: -
--

COPY history_operation_participants (id, history_operation_id, history_account_id) FROM stdin;
28	8589938688	0
29	8589938688	8589938688
30	8589942784	0
31	8589942784	8589942784
32	12884905984	8589942784
33	17179873280	8589942784
34	21474840576	8589942784
\.


--
-- Name: history_operation_participants_id_seq; Type: SEQUENCE SET; Schema: public; Owner: -
--

SELECT pg_catalog.setval('history_operation_participants_id_seq', 34, true);


--
-- Data for Name: history_operations; Type: TABLE DATA; Schema: public; Owner: -
--

COPY history_operations (id, transaction_id, application_order, type, details) FROM stdin;
8589938688	8589938688	0	0	{"funder": "GCEZWKCA5VLDNRLN3RPRJMRZOX3Z6G5CHCGSNFHEYVXM3XOJMDS674JZ", "account": "GC23QF2HUE52AMXUFUH3AYJAXXGXXV2VHXYYR6EYXETPKDXZSAW67XO4", "starting_balance": 10000000000}
8589942784	8589942784	0	0	{"funder": "GCEZWKCA5VLDNRLN3RPRJMRZOX3Z6G5CHCGSNFHEYVXM3XOJMDS674JZ", "account": "GCXKG6RN4ONIEPCMNFB732A436Z5PNDSRLGWK7GBLCMQLIFO4S7EYWVU", "starting_balance": 10000000000}
12884905984	12884905984	0	6	{"limit": 9223372036854775807, "trustee": "GC23QF2HUE52AMXUFUH3AYJAXXGXXV2VHXYYR6EYXETPKDXZSAW67XO4", "trustor": "GCXKG6RN4ONIEPCMNFB732A436Z5PNDSRLGWK7GBLCMQLIFO4S7EYWVU", "asset_code": "USD", "asset_type": "credit_alphanum4", "asset_issuer": "GC23QF2HUE52AMXUFUH3AYJAXXGXXV2VHXYYR6EYXETPKDXZSAW67XO4"}
17179873280	17179873280	0	6	{"limit": 4000, "trustee": "GC23QF2HUE52AMXUFUH3AYJAXXGXXV2VHXYYR6EYXETPKDXZSAW67XO4", "trustor": "GCXKG6RN4ONIEPCMNFB732A436Z5PNDSRLGWK7GBLCMQLIFO4S7EYWVU", "asset_code": "USD", "asset_type": "credit_alphanum4", "asset_issuer": "GC23QF2HUE52AMXUFUH3AYJAXXGXXV2VHXYYR6EYXETPKDXZSAW67XO4"}
21474840576	21474840576	0	6	{"limit": 0, "trustee": "GC23QF2HUE52AMXUFUH3AYJAXXGXXV2VHXYYR6EYXETPKDXZSAW67XO4", "trustor": "GCXKG6RN4ONIEPCMNFB732A436Z5PNDSRLGWK7GBLCMQLIFO4S7EYWVU", "asset_code": "USD", "asset_type": "credit_alphanum4", "asset_issuer": "GC23QF2HUE52AMXUFUH3AYJAXXGXXV2VHXYYR6EYXETPKDXZSAW67XO4"}
\.


--
-- Data for Name: history_transaction_participants; Type: TABLE DATA; Schema: public; Owner: -
--

COPY history_transaction_participants (id, transaction_hash, account, created_at, updated_at) FROM stdin;
28	0427feb565c868311d14311a060fa2623d2127b791a196e4da16272ef15ef3b4	GCEZWKCA5VLDNRLN3RPRJMRZOX3Z6G5CHCGSNFHEYVXM3XOJMDS674JZ	2015-08-27 21:35:40.423282	2015-08-27 21:35:40.423282
29	0427feb565c868311d14311a060fa2623d2127b791a196e4da16272ef15ef3b4	GC23QF2HUE52AMXUFUH3AYJAXXGXXV2VHXYYR6EYXETPKDXZSAW67XO4	2015-08-27 21:35:40.424609	2015-08-27 21:35:40.424609
30	afd2cddc8c3234e5d38fe12dc368dbe873531d18da9a7bdf2e3682f604a1335c	GCEZWKCA5VLDNRLN3RPRJMRZOX3Z6G5CHCGSNFHEYVXM3XOJMDS674JZ	2015-08-27 21:35:40.447835	2015-08-27 21:35:40.447835
31	afd2cddc8c3234e5d38fe12dc368dbe873531d18da9a7bdf2e3682f604a1335c	GCXKG6RN4ONIEPCMNFB732A436Z5PNDSRLGWK7GBLCMQLIFO4S7EYWVU	2015-08-27 21:35:40.449168	2015-08-27 21:35:40.449168
32	7ade60aaf8cae0e43d615389eddcf8ccb35c0a2cc80916f3153431af728dda4b	GCXKG6RN4ONIEPCMNFB732A436Z5PNDSRLGWK7GBLCMQLIFO4S7EYWVU	2015-08-27 21:35:40.480652	2015-08-27 21:35:40.480652
33	10aafcf54c79da9b9ffd91b5162bbbdde33675e509ddc481c1cae777c9ef0ad2	GCXKG6RN4ONIEPCMNFB732A436Z5PNDSRLGWK7GBLCMQLIFO4S7EYWVU	2015-08-27 21:35:40.503825	2015-08-27 21:35:40.503825
34	55eecd44c794c84b982395701b8a1dd79b8f5881701af18cb4697d54e2c11ad5	GCXKG6RN4ONIEPCMNFB732A436Z5PNDSRLGWK7GBLCMQLIFO4S7EYWVU	2015-08-27 21:35:40.52791	2015-08-27 21:35:40.52791
\.


--
-- Name: history_transaction_participants_id_seq; Type: SEQUENCE SET; Schema: public; Owner: -
--

SELECT pg_catalog.setval('history_transaction_participants_id_seq', 34, true);


--
-- Data for Name: history_transaction_statuses; Type: TABLE DATA; Schema: public; Owner: -
--

COPY history_transaction_statuses (id, result_code_s, result_code) FROM stdin;
\.


--
-- Name: history_transaction_statuses_id_seq; Type: SEQUENCE SET; Schema: public; Owner: -
--

SELECT pg_catalog.setval('history_transaction_statuses_id_seq', 1, false);


--
-- Data for Name: history_transactions; Type: TABLE DATA; Schema: public; Owner: -
--

COPY history_transactions (transaction_hash, ledger_sequence, application_order, account, account_sequence, max_fee, fee_paid, operation_count, transaction_status_id, created_at, updated_at, id, tx_envelope, tx_result, tx_meta) FROM stdin;
0427feb565c868311d14311a060fa2623d2127b791a196e4da16272ef15ef3b4	2	1	GCEZWKCA5VLDNRLN3RPRJMRZOX3Z6G5CHCGSNFHEYVXM3XOJMDS674JZ	1	10	10	1	-1	2015-08-27 21:35:40.420961	2015-08-27 21:35:40.420961	8589938688	AAAAAImbKEDtVjbFbdxfFLI5dfefG6I4jSaU5MVuzd3JYOXvAAAACgAAAAAAAAABAAAAAAAAAAAAAAABAAAAAAAAAAAAAAAAtbgXR6E7oDL0LQ+wYSC9zXvXVT3xiPiYuSb1DvmQLe8AAAACVAvkAAAAAAAAAAAByWDl7wAAAEBfVaoY3OPkgbSNNK/7fhhI8jzqOJs8fY67xnZA2ACsWLu1uFCA9VyyyciT+EdGtgRfid7kFw/TKaknht6bzOEK	BCf+tWXIaDEdFDEaBg+iYj0hJ7eRoZbk2hYnLvFe87QAAAAAAAAACgAAAAAAAAABAAAAAAAAAAAAAAAAAAAAAA==	AAAAAAAAAAEAAAABAAAAAAAAAACJmyhA7VY2xW3cXxSyOXX3nxuiOI0mlOTFbs3dyWDl7wFjRXhdif/2AAAAAAAAAAEAAAAAAAAAAAAAAAAAAAAAAQAAAAAAAAAAAAAAAAAAAQAAAAIAAAAAAAAAAAAAAAC1uBdHoTugMvQtD7BhIL3Ne9dVPfGI+Ji5JvUO+ZAt7wAAAAJUC+QAAAAAAgAAAAAAAAAAAAAAAAAAAAAAAAAAAQAAAAAAAAAAAAAAAAAAAQAAAAAAAAAAiZsoQO1WNsVt3F8Usjl1958bojiNJpTkxW7N3clg5e8BY0V2CX4b9gAAAAAAAAABAAAAAAAAAAAAAAAAAAAAAAEAAAAAAAAAAAAAAA==
afd2cddc8c3234e5d38fe12dc368dbe873531d18da9a7bdf2e3682f604a1335c	2	2	GCEZWKCA5VLDNRLN3RPRJMRZOX3Z6G5CHCGSNFHEYVXM3XOJMDS674JZ	2	10	10	1	-1	2015-08-27 21:35:40.445446	2015-08-27 21:35:40.445446	8589942784	AAAAAImbKEDtVjbFbdxfFLI5dfefG6I4jSaU5MVuzd3JYOXvAAAACgAAAAAAAAACAAAAAAAAAAAAAAABAAAAAAAAAAAAAAAArqN6LeOagjxMaUP96Bzfs9e0corNZXzBWJkFoK7kvkwAAAACVAvkAAAAAAAAAAAByWDl7wAAAEAsQ29KSJJ3ShKgVO75wu7uYUs03DapcxxIYk7qZv+A+4zP4kHMv70aLVUtXGwnWQ7QJK9CEYsb7jP3CPqmMS0D	r9LN3IwyNOXTj+Etw2jb6HNTHRjamnvfLjaC9gShM1wAAAAAAAAACgAAAAAAAAABAAAAAAAAAAAAAAAAAAAAAA==	AAAAAAAAAAEAAAABAAAAAAAAAACJmyhA7VY2xW3cXxSyOXX3nxuiOI0mlOTFbs3dyWDl7wFjRXYJfhvsAAAAAAAAAAIAAAAAAAAAAAAAAAAAAAAAAQAAAAAAAAAAAAAAAAAAAQAAAAIAAAAAAAAAAAAAAACuo3ot45qCPExpQ/3oHN+z17Ryis1lfMFYmQWgruS+TAAAAAJUC+QAAAAAAgAAAAAAAAAAAAAAAAAAAAAAAAAAAQAAAAAAAAAAAAAAAAAAAQAAAAAAAAAAiZsoQO1WNsVt3F8Usjl1958bojiNJpTkxW7N3clg5e8BY0VztXI37AAAAAAAAAACAAAAAAAAAAAAAAAAAAAAAAEAAAAAAAAAAAAAAA==
7ade60aaf8cae0e43d615389eddcf8ccb35c0a2cc80916f3153431af728dda4b	3	1	GCXKG6RN4ONIEPCMNFB732A436Z5PNDSRLGWK7GBLCMQLIFO4S7EYWVU	8589934593	10	10	1	-1	2015-08-27 21:35:40.478595	2015-08-27 21:35:40.478595	12884905984	AAAAAK6jei3jmoI8TGlD/egc37PXtHKKzWV8wViZBaCu5L5MAAAACgAAAAIAAAABAAAAAAAAAAAAAAABAAAAAAAAAAYAAAABVVNEAAAAAAC1uBdHoTugMvQtD7BhIL3Ne9dVPfGI+Ji5JvUO+ZAt73//////////AAAAAAAAAAGu5L5MAAAAQBNNf5QVwgCyQ6ApWHwbYIv5F3TG676ur37yue2kTY8pojx9X0T6LzGntDy6npPyrL7rtvYm3jTdHMLRrYG9awI=	et5gqvjK4OQ9YVOJ7dz4zLNcCizICRbzFTQxr3KN2ksAAAAAAAAACgAAAAAAAAABAAAAAAAAAAYAAAAAAAAAAA==	AAAAAAAAAAEAAAABAAAAAAAAAACuo3ot45qCPExpQ/3oHN+z17Ryis1lfMFYmQWgruS+TAAAAAJUC+P2AAAAAgAAAAEAAAAAAAAAAAAAAAAAAAAAAQAAAAAAAAAAAAAAAAAAAQAAAAIAAAAAAAAAAQAAAACuo3ot45qCPExpQ/3oHN+z17Ryis1lfMFYmQWgruS+TAAAAAFVU0QAAAAAALW4F0ehO6Ay9C0PsGEgvc1711U98Yj4mLkm9Q75kC3vAAAAAAAAAAB//////////wAAAAEAAAAAAAAAAQAAAAAAAAAArqN6LeOagjxMaUP96Bzfs9e0corNZXzBWJkFoK7kvkwAAAACVAvj9gAAAAIAAAABAAAAAQAAAAAAAAAAAAAAAAEAAAAAAAAAAAAAAA==
10aafcf54c79da9b9ffd91b5162bbbdde33675e509ddc481c1cae777c9ef0ad2	4	1	GCXKG6RN4ONIEPCMNFB732A436Z5PNDSRLGWK7GBLCMQLIFO4S7EYWVU	8589934594	10	10	1	-1	2015-08-27 21:35:40.501931	2015-08-27 21:35:40.501931	17179873280	AAAAAK6jei3jmoI8TGlD/egc37PXtHKKzWV8wViZBaCu5L5MAAAACgAAAAIAAAACAAAAAAAAAAAAAAABAAAAAAAAAAYAAAABVVNEAAAAAAC1uBdHoTugMvQtD7BhIL3Ne9dVPfGI+Ji5JvUO+ZAt7wAAAAAAAA+gAAAAAAAAAAGu5L5MAAAAQBQ7rz0WLL/AUfpGLGMOGsXKU4nikhjUMN8meZJPiwqpspxlI4GyBoXDSHqzspUp5WOm2Z4bC7iZ8JD1Favcfg0=	EKr89Ux52puf/ZG1Fiu73eM2deUJ3cSBwcrnd8nvCtIAAAAAAAAACgAAAAAAAAABAAAAAAAAAAYAAAAAAAAAAA==	AAAAAAAAAAEAAAABAAAAAAAAAACuo3ot45qCPExpQ/3oHN+z17Ryis1lfMFYmQWgruS+TAAAAAJUC+PsAAAAAgAAAAIAAAABAAAAAAAAAAAAAAAAAQAAAAAAAAAAAAAAAAAAAQAAAAEAAAABAAAAAQAAAACuo3ot45qCPExpQ/3oHN+z17Ryis1lfMFYmQWgruS+TAAAAAFVU0QAAAAAALW4F0ehO6Ay9C0PsGEgvc1711U98Yj4mLkm9Q75kC3vAAAAAAAAAAAAAAAAAAAPoAAAAAEAAAAA
55eecd44c794c84b982395701b8a1dd79b8f5881701af18cb4697d54e2c11ad5	5	1	GCXKG6RN4ONIEPCMNFB732A436Z5PNDSRLGWK7GBLCMQLIFO4S7EYWVU	8589934595	10	10	1	-1	2015-08-27 21:35:40.525826	2015-08-27 21:35:40.525826	21474840576	AAAAAK6jei3jmoI8TGlD/egc37PXtHKKzWV8wViZBaCu5L5MAAAACgAAAAIAAAADAAAAAAAAAAAAAAABAAAAAAAAAAYAAAABVVNEAAAAAAC1uBdHoTugMvQtD7BhIL3Ne9dVPfGI+Ji5JvUO+ZAt7wAAAAAAAAAAAAAAAAAAAAGu5L5MAAAAQIyizoW8jcJffmbXm1AeOhFthNmKwg/sciv0f85KW3Fs9PngX7dXMM1ZD0LsMtcQBJO2G5frb+MjZMaHQuqOMgU=	Ve7NRMeUyEuYI5VwG4od15uPWIFwGvGMtGl9VOLBGtUAAAAAAAAACgAAAAAAAAABAAAAAAAAAAYAAAAAAAAAAA==	AAAAAAAAAAEAAAABAAAAAAAAAACuo3ot45qCPExpQ/3oHN+z17Ryis1lfMFYmQWgruS+TAAAAAJUC+PiAAAAAgAAAAMAAAABAAAAAAAAAAAAAAAAAQAAAAAAAAAAAAAAAAAAAQAAAAIAAAABAAAAAAAAAACuo3ot45qCPExpQ/3oHN+z17Ryis1lfMFYmQWgruS+TAAAAAJUC+PiAAAAAgAAAAMAAAAAAAAAAAAAAAAAAAAAAQAAAAAAAAAAAAAAAAAAAgAAAAEAAAAArqN6LeOagjxMaUP96Bzfs9e0corNZXzBWJkFoK7kvkwAAAABVVNEAAAAAAC1uBdHoTugMvQtD7BhIL3Ne9dVPfGI+Ji5JvUO+ZAt7w==
\.


--
-- Data for Name: schema_migrations; Type: TABLE DATA; Schema: public; Owner: -
--

COPY schema_migrations (version) FROM stdin;
20150508215546
20150310224849
20150313225945
20150313225955
20150501160031
20150508003829
20150508175821
20150508183542
20150609230237
20150629181921
20150825223417
20150825180131
\.


--
-- Name: history_operation_participants_pkey; Type: CONSTRAINT; Schema: public; Owner: -; Tablespace: 
--

ALTER TABLE ONLY history_operation_participants
    ADD CONSTRAINT history_operation_participants_pkey PRIMARY KEY (id);


--
-- Name: history_transaction_participants_pkey; Type: CONSTRAINT; Schema: public; Owner: -; Tablespace: 
--

ALTER TABLE ONLY history_transaction_participants
    ADD CONSTRAINT history_transaction_participants_pkey PRIMARY KEY (id);


--
-- Name: history_transaction_statuses_pkey; Type: CONSTRAINT; Schema: public; Owner: -; Tablespace: 
--

ALTER TABLE ONLY history_transaction_statuses
    ADD CONSTRAINT history_transaction_statuses_pkey PRIMARY KEY (id);


--
-- Name: by_account; Type: INDEX; Schema: public; Owner: -; Tablespace: 
--

CREATE INDEX by_account ON history_transactions USING btree (account, account_sequence);


--
-- Name: by_hash; Type: INDEX; Schema: public; Owner: -; Tablespace: 
--

CREATE INDEX by_hash ON history_transactions USING btree (transaction_hash);


--
-- Name: by_ledger; Type: INDEX; Schema: public; Owner: -; Tablespace: 
--

CREATE INDEX by_ledger ON history_transactions USING btree (ledger_sequence, application_order);


--
-- Name: by_status; Type: INDEX; Schema: public; Owner: -; Tablespace: 
--

CREATE INDEX by_status ON history_transactions USING btree (transaction_status_id);


--
-- Name: hist_e_by_order; Type: INDEX; Schema: public; Owner: -; Tablespace: 
--

CREATE UNIQUE INDEX hist_e_by_order ON history_effects USING btree (history_operation_id, "order");


--
-- Name: hist_e_id; Type: INDEX; Schema: public; Owner: -; Tablespace: 
--

CREATE UNIQUE INDEX hist_e_id ON history_effects USING btree (history_account_id, history_operation_id, "order");


--
-- Name: hist_op_p_id; Type: INDEX; Schema: public; Owner: -; Tablespace: 
--

CREATE UNIQUE INDEX hist_op_p_id ON history_operation_participants USING btree (history_account_id, history_operation_id);


--
-- Name: hs_ledger_by_id; Type: INDEX; Schema: public; Owner: -; Tablespace: 
--

CREATE UNIQUE INDEX hs_ledger_by_id ON history_ledgers USING btree (id);


--
-- Name: hs_transaction_by_id; Type: INDEX; Schema: public; Owner: -; Tablespace: 
--

CREATE UNIQUE INDEX hs_transaction_by_id ON history_transactions USING btree (id);


--
-- Name: index_history_accounts_on_id; Type: INDEX; Schema: public; Owner: -; Tablespace: 
--

CREATE UNIQUE INDEX index_history_accounts_on_id ON history_accounts USING btree (id);


--
-- Name: index_history_effects_on_type; Type: INDEX; Schema: public; Owner: -; Tablespace: 
--

CREATE INDEX index_history_effects_on_type ON history_effects USING btree (type);


--
-- Name: index_history_ledgers_on_closed_at; Type: INDEX; Schema: public; Owner: -; Tablespace: 
--

CREATE INDEX index_history_ledgers_on_closed_at ON history_ledgers USING btree (closed_at);


--
-- Name: index_history_ledgers_on_id; Type: INDEX; Schema: public; Owner: -; Tablespace: 
--

CREATE UNIQUE INDEX index_history_ledgers_on_id ON history_ledgers USING btree (id);


--
-- Name: index_history_ledgers_on_importer_version; Type: INDEX; Schema: public; Owner: -; Tablespace: 
--

CREATE INDEX index_history_ledgers_on_importer_version ON history_ledgers USING btree (importer_version);


--
-- Name: index_history_ledgers_on_ledger_hash; Type: INDEX; Schema: public; Owner: -; Tablespace: 
--

CREATE UNIQUE INDEX index_history_ledgers_on_ledger_hash ON history_ledgers USING btree (ledger_hash);


--
-- Name: index_history_ledgers_on_previous_ledger_hash; Type: INDEX; Schema: public; Owner: -; Tablespace: 
--

CREATE UNIQUE INDEX index_history_ledgers_on_previous_ledger_hash ON history_ledgers USING btree (previous_ledger_hash);


--
-- Name: index_history_ledgers_on_sequence; Type: INDEX; Schema: public; Owner: -; Tablespace: 
--

CREATE UNIQUE INDEX index_history_ledgers_on_sequence ON history_ledgers USING btree (sequence);


--
-- Name: index_history_operations_on_id; Type: INDEX; Schema: public; Owner: -; Tablespace: 
--

CREATE UNIQUE INDEX index_history_operations_on_id ON history_operations USING btree (id);


--
-- Name: index_history_operations_on_transaction_id; Type: INDEX; Schema: public; Owner: -; Tablespace: 
--

CREATE INDEX index_history_operations_on_transaction_id ON history_operations USING btree (transaction_id);


--
-- Name: index_history_operations_on_type; Type: INDEX; Schema: public; Owner: -; Tablespace: 
--

CREATE INDEX index_history_operations_on_type ON history_operations USING btree (type);


--
-- Name: index_history_transaction_participants_on_account; Type: INDEX; Schema: public; Owner: -; Tablespace: 
--

CREATE INDEX index_history_transaction_participants_on_account ON history_transaction_participants USING btree (account);


--
-- Name: index_history_transaction_participants_on_transaction_hash; Type: INDEX; Schema: public; Owner: -; Tablespace: 
--

CREATE INDEX index_history_transaction_participants_on_transaction_hash ON history_transaction_participants USING btree (transaction_hash);


--
-- Name: index_history_transaction_statuses_lc_on_all; Type: INDEX; Schema: public; Owner: -; Tablespace: 
--

CREATE UNIQUE INDEX index_history_transaction_statuses_lc_on_all ON history_transaction_statuses USING btree (id, result_code, result_code_s);


--
-- Name: index_history_transactions_on_id; Type: INDEX; Schema: public; Owner: -; Tablespace: 
--

CREATE UNIQUE INDEX index_history_transactions_on_id ON history_transactions USING btree (id);


--
-- Name: unique_schema_migrations; Type: INDEX; Schema: public; Owner: -; Tablespace: 
--

CREATE UNIQUE INDEX unique_schema_migrations ON schema_migrations USING btree (version);


--
-- Name: public; Type: ACL; Schema: -; Owner: -
--

REVOKE ALL ON SCHEMA public FROM PUBLIC;
REVOKE ALL ON SCHEMA public FROM nullstyle;
GRANT ALL ON SCHEMA public TO nullstyle;
GRANT ALL ON SCHEMA public TO PUBLIC;


--
-- PostgreSQL database dump complete
--

