--
-- PostgreSQL database dump
--

SET statement_timeout = 0;
SET lock_timeout = 0;
SET client_encoding = 'UTF8';
SET standard_conforming_strings = on;
SET check_function_bodies = false;
SET client_min_messages = warning;

SET search_path = public, pg_catalog;

DROP INDEX public.unique_schema_migrations;
DROP INDEX public.index_history_transactions_on_id;
DROP INDEX public.index_history_transaction_statuses_lc_on_all;
DROP INDEX public.index_history_transaction_participants_on_transaction_hash;
DROP INDEX public.index_history_transaction_participants_on_account;
DROP INDEX public.index_history_operations_on_type;
DROP INDEX public.index_history_operations_on_transaction_id;
DROP INDEX public.index_history_operations_on_id;
DROP INDEX public.index_history_ledgers_on_sequence;
DROP INDEX public.index_history_ledgers_on_previous_ledger_hash;
DROP INDEX public.index_history_ledgers_on_ledger_hash;
DROP INDEX public.index_history_ledgers_on_importer_version;
DROP INDEX public.index_history_ledgers_on_id;
DROP INDEX public.index_history_ledgers_on_closed_at;
DROP INDEX public.index_history_effects_on_type;
DROP INDEX public.index_history_accounts_on_id;
DROP INDEX public.hs_transaction_by_id;
DROP INDEX public.hs_ledger_by_id;
DROP INDEX public.hist_op_p_id;
DROP INDEX public.hist_e_id;
DROP INDEX public.hist_e_by_order;
DROP INDEX public.by_status;
DROP INDEX public.by_ledger;
DROP INDEX public.by_hash;
DROP INDEX public.by_account;
ALTER TABLE ONLY public.history_transaction_statuses DROP CONSTRAINT history_transaction_statuses_pkey;
ALTER TABLE ONLY public.history_transaction_participants DROP CONSTRAINT history_transaction_participants_pkey;
ALTER TABLE ONLY public.history_operation_participants DROP CONSTRAINT history_operation_participants_pkey;
ALTER TABLE public.history_transaction_statuses ALTER COLUMN id DROP DEFAULT;
ALTER TABLE public.history_transaction_participants ALTER COLUMN id DROP DEFAULT;
ALTER TABLE public.history_operation_participants ALTER COLUMN id DROP DEFAULT;
DROP TABLE public.schema_migrations;
DROP TABLE public.history_transactions;
DROP SEQUENCE public.history_transaction_statuses_id_seq;
DROP TABLE public.history_transaction_statuses;
DROP SEQUENCE public.history_transaction_participants_id_seq;
DROP TABLE public.history_transaction_participants;
DROP TABLE public.history_operations;
DROP SEQUENCE public.history_operation_participants_id_seq;
DROP TABLE public.history_operation_participants;
DROP TABLE public.history_ledgers;
DROP TABLE public.history_effects;
DROP TABLE public.history_accounts;
DROP EXTENSION hstore;
DROP EXTENSION plpgsql;
DROP SCHEMA public;
--
-- Name: public; Type: SCHEMA; Schema: -; Owner: -
--

CREATE SCHEMA public;


--
-- Name: SCHEMA public; Type: COMMENT; Schema: -; Owner: -
--

COMMENT ON SCHEMA public IS 'standard public schema';


--
-- Name: plpgsql; Type: EXTENSION; Schema: -; Owner: -
--

CREATE EXTENSION IF NOT EXISTS plpgsql WITH SCHEMA pg_catalog;


--
-- Name: EXTENSION plpgsql; Type: COMMENT; Schema: -; Owner: -
--

COMMENT ON EXTENSION plpgsql IS 'PL/pgSQL procedural language';


--
-- Name: hstore; Type: EXTENSION; Schema: -; Owner: -
--

CREATE EXTENSION IF NOT EXISTS hstore WITH SCHEMA public;


--
-- Name: EXTENSION hstore; Type: COMMENT; Schema: -; Owner: -
--

COMMENT ON EXTENSION hstore IS 'data type for storing sets of (key, value) pairs';


SET search_path = public, pg_catalog;

SET default_tablespace = '';

SET default_with_oids = false;

--
-- Name: history_accounts; Type: TABLE; Schema: public; Owner: -; Tablespace: 
--

CREATE TABLE history_accounts (
    id bigint NOT NULL,
    address character varying(64)
);


--
-- Name: history_effects; Type: TABLE; Schema: public; Owner: -; Tablespace: 
--

CREATE TABLE history_effects (
    history_account_id bigint NOT NULL,
    history_operation_id bigint NOT NULL,
    "order" integer NOT NULL,
    type integer NOT NULL,
    details jsonb
);


--
-- Name: history_ledgers; Type: TABLE; Schema: public; Owner: -; Tablespace: 
--

CREATE TABLE history_ledgers (
    sequence integer NOT NULL,
    ledger_hash character varying(64) NOT NULL,
    previous_ledger_hash character varying(64),
    transaction_count integer DEFAULT 0 NOT NULL,
    operation_count integer DEFAULT 0 NOT NULL,
    closed_at timestamp without time zone NOT NULL,
    created_at timestamp without time zone,
    updated_at timestamp without time zone,
    id bigint,
    importer_version integer DEFAULT 1 NOT NULL
);


--
-- Name: history_operation_participants; Type: TABLE; Schema: public; Owner: -; Tablespace: 
--

CREATE TABLE history_operation_participants (
    id integer NOT NULL,
    history_operation_id bigint NOT NULL,
    history_account_id bigint NOT NULL
);


--
-- Name: history_operation_participants_id_seq; Type: SEQUENCE; Schema: public; Owner: -
--

CREATE SEQUENCE history_operation_participants_id_seq
    START WITH 1
    INCREMENT BY 1
    NO MINVALUE
    NO MAXVALUE
    CACHE 1;


--
-- Name: history_operation_participants_id_seq; Type: SEQUENCE OWNED BY; Schema: public; Owner: -
--

ALTER SEQUENCE history_operation_participants_id_seq OWNED BY history_operation_participants.id;


--
-- Name: history_operations; Type: TABLE; Schema: public; Owner: -; Tablespace: 
--

CREATE TABLE history_operations (
    id bigint NOT NULL,
    transaction_id bigint NOT NULL,
    application_order integer NOT NULL,
    type integer NOT NULL,
    details jsonb
);


--
-- Name: history_transaction_participants; Type: TABLE; Schema: public; Owner: -; Tablespace: 
--

CREATE TABLE history_transaction_participants (
    id integer NOT NULL,
    transaction_hash character varying(64) NOT NULL,
    account character varying(64) NOT NULL,
    created_at timestamp without time zone,
    updated_at timestamp without time zone
);


--
-- Name: history_transaction_participants_id_seq; Type: SEQUENCE; Schema: public; Owner: -
--

CREATE SEQUENCE history_transaction_participants_id_seq
    START WITH 1
    INCREMENT BY 1
    NO MINVALUE
    NO MAXVALUE
    CACHE 1;


--
-- Name: history_transaction_participants_id_seq; Type: SEQUENCE OWNED BY; Schema: public; Owner: -
--

ALTER SEQUENCE history_transaction_participants_id_seq OWNED BY history_transaction_participants.id;


--
-- Name: history_transaction_statuses; Type: TABLE; Schema: public; Owner: -; Tablespace: 
--

CREATE TABLE history_transaction_statuses (
    id integer NOT NULL,
    result_code_s character varying NOT NULL,
    result_code integer NOT NULL
);


--
-- Name: history_transaction_statuses_id_seq; Type: SEQUENCE; Schema: public; Owner: -
--

CREATE SEQUENCE history_transaction_statuses_id_seq
    START WITH 1
    INCREMENT BY 1
    NO MINVALUE
    NO MAXVALUE
    CACHE 1;


--
-- Name: history_transaction_statuses_id_seq; Type: SEQUENCE OWNED BY; Schema: public; Owner: -
--

ALTER SEQUENCE history_transaction_statuses_id_seq OWNED BY history_transaction_statuses.id;


--
-- Name: history_transactions; Type: TABLE; Schema: public; Owner: -; Tablespace: 
--

CREATE TABLE history_transactions (
    transaction_hash character varying(64) NOT NULL,
    ledger_sequence integer NOT NULL,
    application_order integer NOT NULL,
    account character varying(64) NOT NULL,
    account_sequence bigint NOT NULL,
    max_fee integer NOT NULL,
    fee_paid integer NOT NULL,
    operation_count integer NOT NULL,
    transaction_status_id integer NOT NULL,
    created_at timestamp without time zone,
    updated_at timestamp without time zone,
    id bigint,
    tx_envelope text,
    tx_result text,
    tx_meta text
);


--
-- Name: schema_migrations; Type: TABLE; Schema: public; Owner: -; Tablespace: 
--

CREATE TABLE schema_migrations (
    version character varying(255) NOT NULL
);


--
-- Name: id; Type: DEFAULT; Schema: public; Owner: -
--

ALTER TABLE ONLY history_operation_participants ALTER COLUMN id SET DEFAULT nextval('history_operation_participants_id_seq'::regclass);


--
-- Name: id; Type: DEFAULT; Schema: public; Owner: -
--

ALTER TABLE ONLY history_transaction_participants ALTER COLUMN id SET DEFAULT nextval('history_transaction_participants_id_seq'::regclass);


--
-- Name: id; Type: DEFAULT; Schema: public; Owner: -
--

ALTER TABLE ONLY history_transaction_statuses ALTER COLUMN id SET DEFAULT nextval('history_transaction_statuses_id_seq'::regclass);


--
-- Data for Name: history_accounts; Type: TABLE DATA; Schema: public; Owner: -
--

COPY history_accounts (id, address) FROM stdin;
0	GBRPYHIL2CI3FNQ4BXLFMNDLFJUNPU2HY3ZMFSHONUCEOASW7QC7OX2H
8589938689	GD44UCIQFT7PFWQXDQDVIEWE3IOIV4I5WZDP4VT5V6WMSVOZTNFXTVAC
8589942785	GBGK4XMSLSFXOBUC7UFKEWIJDWRTRE6YVQWCSLJB6YRUSKRYZ6A7AIUX
8589946881	GBAEPGCIQRTR6NCTATS6KKBI7OPOYMNG3CIT3PFEQCPRN3I2YG5RIT5B
8589950977	GBS6PTZKBJN2D4BOSJP2OPMAC75BBF6BFEK6J57JYSRKNCR6ASSR3EBS
\.


--
-- Data for Name: history_effects; Type: TABLE DATA; Schema: public; Owner: -
--

COPY history_effects (history_account_id, history_operation_id, "order", type, details) FROM stdin;
8589938689	8589938689	1	0	{"starting_balance": "1000.0"}
0	8589938689	2	3	{"amount": "1000.0", "asset_type": "native"}
8589938689	8589938689	3	10	{"weight": 2, "public_key": "GD44UCIQFT7PFWQXDQDVIEWE3IOIV4I5WZDP4VT5V6WMSVOZTNFXTVAC"}
8589942785	8589942785	1	0	{"starting_balance": "1000.0"}
0	8589942785	2	3	{"amount": "1000.0", "asset_type": "native"}
8589942785	8589942785	3	10	{"weight": 2, "public_key": "GBGK4XMSLSFXOBUC7UFKEWIJDWRTRE6YVQWCSLJB6YRUSKRYZ6A7AIUX"}
8589946881	8589946881	1	0	{"starting_balance": "1000.0"}
0	8589946881	2	3	{"amount": "1000.0", "asset_type": "native"}
8589946881	8589946881	3	10	{"weight": 2, "public_key": "GBAEPGCIQRTR6NCTATS6KKBI7OPOYMNG3CIT3PFEQCPRN3I2YG5RIT5B"}
8589950977	8589950977	1	0	{"starting_balance": "1000.0"}
0	8589950977	2	3	{"amount": "1000.0", "asset_type": "native"}
8589950977	8589950977	3	10	{"weight": 2, "public_key": "GBS6PTZKBJN2D4BOSJP2OPMAC75BBF6BFEK6J57JYSRKNCR6ASSR3EBS"}
8589942785	12884905985	1	20	{"limit": "922337203685.4775807", "asset_code": "USD", "asset_type": "credit_alphanum4", "asset_issuer": "GD44UCIQFT7PFWQXDQDVIEWE3IOIV4I5WZDP4VT5V6WMSVOZTNFXTVAC"}
8589946881	12884910081	1	20	{"limit": "922337203685.4775807", "asset_code": "EUR", "asset_type": "credit_alphanum4", "asset_issuer": "GD44UCIQFT7PFWQXDQDVIEWE3IOIV4I5WZDP4VT5V6WMSVOZTNFXTVAC"}
8589950977	12884914177	1	20	{"limit": "922337203685.4775807", "asset_code": "USD", "asset_type": "credit_alphanum4", "asset_issuer": "GD44UCIQFT7PFWQXDQDVIEWE3IOIV4I5WZDP4VT5V6WMSVOZTNFXTVAC"}
8589950977	12884918273	1	20	{"limit": "922337203685.4775807", "asset_code": "EUR", "asset_type": "credit_alphanum4", "asset_issuer": "GD44UCIQFT7PFWQXDQDVIEWE3IOIV4I5WZDP4VT5V6WMSVOZTNFXTVAC"}
8589950977	12884922369	1	20	{"limit": "922337203685.4775807", "asset_code": "1", "asset_type": "credit_alphanum4", "asset_issuer": "GD44UCIQFT7PFWQXDQDVIEWE3IOIV4I5WZDP4VT5V6WMSVOZTNFXTVAC"}
8589950977	12884926465	1	20	{"limit": "922337203685.4775807", "asset_code": "21", "asset_type": "credit_alphanum4", "asset_issuer": "GD44UCIQFT7PFWQXDQDVIEWE3IOIV4I5WZDP4VT5V6WMSVOZTNFXTVAC"}
8589950977	12884930561	1	20	{"limit": "922337203685.4775807", "asset_code": "22", "asset_type": "credit_alphanum4", "asset_issuer": "GD44UCIQFT7PFWQXDQDVIEWE3IOIV4I5WZDP4VT5V6WMSVOZTNFXTVAC"}
8589950977	12884934657	1	20	{"limit": "922337203685.4775807", "asset_code": "31", "asset_type": "credit_alphanum4", "asset_issuer": "GD44UCIQFT7PFWQXDQDVIEWE3IOIV4I5WZDP4VT5V6WMSVOZTNFXTVAC"}
8589950977	12884938753	1	20	{"limit": "922337203685.4775807", "asset_code": "32", "asset_type": "credit_alphanum4", "asset_issuer": "GD44UCIQFT7PFWQXDQDVIEWE3IOIV4I5WZDP4VT5V6WMSVOZTNFXTVAC"}
8589950977	12884942849	1	20	{"limit": "922337203685.4775807", "asset_code": "33", "asset_type": "credit_alphanum4", "asset_issuer": "GD44UCIQFT7PFWQXDQDVIEWE3IOIV4I5WZDP4VT5V6WMSVOZTNFXTVAC"}
8589942785	17179873281	1	2	{"amount": "0.0005", "asset_code": "USD", "asset_type": "credit_alphanum4", "asset_issuer": "GD44UCIQFT7PFWQXDQDVIEWE3IOIV4I5WZDP4VT5V6WMSVOZTNFXTVAC"}
8589938689	17179873281	2	3	{"amount": "0.0005", "asset_code": "USD", "asset_type": "credit_alphanum4", "asset_issuer": "GD44UCIQFT7PFWQXDQDVIEWE3IOIV4I5WZDP4VT5V6WMSVOZTNFXTVAC"}
8589950977	17179877377	1	2	{"amount": "0.0005", "asset_code": "EUR", "asset_type": "credit_alphanum4", "asset_issuer": "GD44UCIQFT7PFWQXDQDVIEWE3IOIV4I5WZDP4VT5V6WMSVOZTNFXTVAC"}
8589938689	17179877377	2	3	{"amount": "0.0005", "asset_code": "EUR", "asset_type": "credit_alphanum4", "asset_issuer": "GD44UCIQFT7PFWQXDQDVIEWE3IOIV4I5WZDP4VT5V6WMSVOZTNFXTVAC"}
8589950977	17179881473	1	2	{"amount": "0.0005", "asset_code": "1", "asset_type": "credit_alphanum4", "asset_issuer": "GD44UCIQFT7PFWQXDQDVIEWE3IOIV4I5WZDP4VT5V6WMSVOZTNFXTVAC"}
8589938689	17179881473	2	3	{"amount": "0.0005", "asset_code": "1", "asset_type": "credit_alphanum4", "asset_issuer": "GD44UCIQFT7PFWQXDQDVIEWE3IOIV4I5WZDP4VT5V6WMSVOZTNFXTVAC"}
8589950977	17179885569	1	2	{"amount": "0.0005", "asset_code": "21", "asset_type": "credit_alphanum4", "asset_issuer": "GD44UCIQFT7PFWQXDQDVIEWE3IOIV4I5WZDP4VT5V6WMSVOZTNFXTVAC"}
8589938689	17179885569	2	3	{"amount": "0.0005", "asset_code": "21", "asset_type": "credit_alphanum4", "asset_issuer": "GD44UCIQFT7PFWQXDQDVIEWE3IOIV4I5WZDP4VT5V6WMSVOZTNFXTVAC"}
8589950977	17179889665	1	2	{"amount": "0.0005", "asset_code": "22", "asset_type": "credit_alphanum4", "asset_issuer": "GD44UCIQFT7PFWQXDQDVIEWE3IOIV4I5WZDP4VT5V6WMSVOZTNFXTVAC"}
8589938689	17179889665	2	3	{"amount": "0.0005", "asset_code": "22", "asset_type": "credit_alphanum4", "asset_issuer": "GD44UCIQFT7PFWQXDQDVIEWE3IOIV4I5WZDP4VT5V6WMSVOZTNFXTVAC"}
8589950977	17179893761	1	2	{"amount": "0.0005", "asset_code": "31", "asset_type": "credit_alphanum4", "asset_issuer": "GD44UCIQFT7PFWQXDQDVIEWE3IOIV4I5WZDP4VT5V6WMSVOZTNFXTVAC"}
8589938689	17179893761	2	3	{"amount": "0.0005", "asset_code": "31", "asset_type": "credit_alphanum4", "asset_issuer": "GD44UCIQFT7PFWQXDQDVIEWE3IOIV4I5WZDP4VT5V6WMSVOZTNFXTVAC"}
8589950977	17179897857	1	2	{"amount": "0.0005", "asset_code": "32", "asset_type": "credit_alphanum4", "asset_issuer": "GD44UCIQFT7PFWQXDQDVIEWE3IOIV4I5WZDP4VT5V6WMSVOZTNFXTVAC"}
8589938689	17179897857	2	3	{"amount": "0.0005", "asset_code": "32", "asset_type": "credit_alphanum4", "asset_issuer": "GD44UCIQFT7PFWQXDQDVIEWE3IOIV4I5WZDP4VT5V6WMSVOZTNFXTVAC"}
8589950977	17179901953	1	2	{"amount": "0.0005", "asset_code": "33", "asset_type": "credit_alphanum4", "asset_issuer": "GD44UCIQFT7PFWQXDQDVIEWE3IOIV4I5WZDP4VT5V6WMSVOZTNFXTVAC"}
8589938689	17179901953	2	3	{"amount": "0.0005", "asset_code": "33", "asset_type": "credit_alphanum4", "asset_issuer": "GD44UCIQFT7PFWQXDQDVIEWE3IOIV4I5WZDP4VT5V6WMSVOZTNFXTVAC"}
\.


--
-- Data for Name: history_ledgers; Type: TABLE DATA; Schema: public; Owner: -
--

COPY history_ledgers (sequence, ledger_hash, previous_ledger_hash, transaction_count, operation_count, closed_at, created_at, updated_at, id, importer_version) FROM stdin;
1	5ade5048fb66795219cbb45a55bf5e2710f739610d10e6875bf7f85d85900669	\N	0	0	1970-01-01 00:00:00	2015-09-08 22:07:12.476429	2015-09-08 22:07:12.476429	4294967296	1
2	5a3b73e1a3ec2a9f2fc27046f1163038eb3a680008852850d526a5722ea43027	5ade5048fb66795219cbb45a55bf5e2710f739610d10e6875bf7f85d85900669	4	4	2015-09-08 22:07:10	2015-09-08 22:07:12.487718	2015-09-08 22:07:12.487718	8589934592	1
3	4ecf6830f82f25728c0242b7d8e8658a4f6dc158de4e8555100d0fa90cf7bbef	5a3b73e1a3ec2a9f2fc27046f1163038eb3a680008852850d526a5722ea43027	10	10	2015-09-08 22:07:11	2015-09-08 22:07:12.590471	2015-09-08 22:07:12.590471	12884901888	1
4	d46c8d263e01917cb8a563441ca42b2e9c63407ad0836aa2abee983cda59bffc	4ecf6830f82f25728c0242b7d8e8658a4f6dc158de4e8555100d0fa90cf7bbef	8	8	2015-09-08 22:07:12	2015-09-08 22:07:12.757094	2015-09-08 22:07:12.757094	17179869184	1
5	7487b2eb928004ad58bd4cc5d10e9c76d3503d85dfca24b1325c70fe9d96774b	d46c8d263e01917cb8a563441ca42b2e9c63407ad0836aa2abee983cda59bffc	10	10	2015-09-08 22:07:13	2015-09-08 22:07:12.912139	2015-09-08 22:07:12.912139	21474836480	1
\.


--
-- Data for Name: history_operation_participants; Type: TABLE DATA; Schema: public; Owner: -
--

COPY history_operation_participants (id, history_operation_id, history_account_id) FROM stdin;
107	8589938689	0
108	8589938689	8589938689
109	8589942785	0
110	8589942785	8589942785
111	8589946881	0
112	8589946881	8589946881
113	8589950977	0
114	8589950977	8589950977
115	12884905985	8589942785
116	12884910081	8589946881
117	12884914177	8589950977
118	12884918273	8589950977
119	12884922369	8589950977
120	12884926465	8589950977
121	12884930561	8589950977
122	12884934657	8589950977
123	12884938753	8589950977
124	12884942849	8589950977
125	17179873281	8589938689
126	17179873281	8589942785
127	17179877377	8589938689
128	17179877377	8589950977
129	17179881473	8589938689
130	17179881473	8589950977
131	17179885569	8589938689
132	17179885569	8589950977
133	17179889665	8589938689
134	17179889665	8589950977
135	17179893761	8589938689
136	17179893761	8589950977
137	17179897857	8589938689
138	17179897857	8589950977
139	17179901953	8589938689
140	17179901953	8589950977
141	21474840577	8589950977
142	21474844673	8589950977
143	21474848769	8589950977
144	21474852865	8589950977
145	21474856961	8589950977
146	21474861057	8589950977
147	21474865153	8589950977
148	21474869249	8589950977
149	21474873345	8589950977
150	21474877441	8589950977
\.


--
-- Name: history_operation_participants_id_seq; Type: SEQUENCE SET; Schema: public; Owner: -
--

SELECT pg_catalog.setval('history_operation_participants_id_seq', 150, true);


--
-- Data for Name: history_operations; Type: TABLE DATA; Schema: public; Owner: -
--

COPY history_operations (id, transaction_id, application_order, type, details) FROM stdin;
8589938689	8589938688	1	0	{"funder": "GBRPYHIL2CI3FNQ4BXLFMNDLFJUNPU2HY3ZMFSHONUCEOASW7QC7OX2H", "account": "GD44UCIQFT7PFWQXDQDVIEWE3IOIV4I5WZDP4VT5V6WMSVOZTNFXTVAC", "starting_balance": "1000.0"}
8589942785	8589942784	1	0	{"funder": "GBRPYHIL2CI3FNQ4BXLFMNDLFJUNPU2HY3ZMFSHONUCEOASW7QC7OX2H", "account": "GBGK4XMSLSFXOBUC7UFKEWIJDWRTRE6YVQWCSLJB6YRUSKRYZ6A7AIUX", "starting_balance": "1000.0"}
8589946881	8589946880	1	0	{"funder": "GBRPYHIL2CI3FNQ4BXLFMNDLFJUNPU2HY3ZMFSHONUCEOASW7QC7OX2H", "account": "GBAEPGCIQRTR6NCTATS6KKBI7OPOYMNG3CIT3PFEQCPRN3I2YG5RIT5B", "starting_balance": "1000.0"}
8589950977	8589950976	1	0	{"funder": "GBRPYHIL2CI3FNQ4BXLFMNDLFJUNPU2HY3ZMFSHONUCEOASW7QC7OX2H", "account": "GBS6PTZKBJN2D4BOSJP2OPMAC75BBF6BFEK6J57JYSRKNCR6ASSR3EBS", "starting_balance": "1000.0"}
12884905985	12884905984	1	6	{"limit": "922337203685.4775807", "trustee": "GD44UCIQFT7PFWQXDQDVIEWE3IOIV4I5WZDP4VT5V6WMSVOZTNFXTVAC", "trustor": "GBGK4XMSLSFXOBUC7UFKEWIJDWRTRE6YVQWCSLJB6YRUSKRYZ6A7AIUX", "asset_code": "USD", "asset_type": "credit_alphanum4", "asset_issuer": "GD44UCIQFT7PFWQXDQDVIEWE3IOIV4I5WZDP4VT5V6WMSVOZTNFXTVAC"}
12884910081	12884910080	1	6	{"limit": "922337203685.4775807", "trustee": "GD44UCIQFT7PFWQXDQDVIEWE3IOIV4I5WZDP4VT5V6WMSVOZTNFXTVAC", "trustor": "GBAEPGCIQRTR6NCTATS6KKBI7OPOYMNG3CIT3PFEQCPRN3I2YG5RIT5B", "asset_code": "EUR", "asset_type": "credit_alphanum4", "asset_issuer": "GD44UCIQFT7PFWQXDQDVIEWE3IOIV4I5WZDP4VT5V6WMSVOZTNFXTVAC"}
12884914177	12884914176	1	6	{"limit": "922337203685.4775807", "trustee": "GD44UCIQFT7PFWQXDQDVIEWE3IOIV4I5WZDP4VT5V6WMSVOZTNFXTVAC", "trustor": "GBS6PTZKBJN2D4BOSJP2OPMAC75BBF6BFEK6J57JYSRKNCR6ASSR3EBS", "asset_code": "USD", "asset_type": "credit_alphanum4", "asset_issuer": "GD44UCIQFT7PFWQXDQDVIEWE3IOIV4I5WZDP4VT5V6WMSVOZTNFXTVAC"}
12884918273	12884918272	1	6	{"limit": "922337203685.4775807", "trustee": "GD44UCIQFT7PFWQXDQDVIEWE3IOIV4I5WZDP4VT5V6WMSVOZTNFXTVAC", "trustor": "GBS6PTZKBJN2D4BOSJP2OPMAC75BBF6BFEK6J57JYSRKNCR6ASSR3EBS", "asset_code": "EUR", "asset_type": "credit_alphanum4", "asset_issuer": "GD44UCIQFT7PFWQXDQDVIEWE3IOIV4I5WZDP4VT5V6WMSVOZTNFXTVAC"}
12884922369	12884922368	1	6	{"limit": "922337203685.4775807", "trustee": "GD44UCIQFT7PFWQXDQDVIEWE3IOIV4I5WZDP4VT5V6WMSVOZTNFXTVAC", "trustor": "GBS6PTZKBJN2D4BOSJP2OPMAC75BBF6BFEK6J57JYSRKNCR6ASSR3EBS", "asset_code": "1", "asset_type": "credit_alphanum4", "asset_issuer": "GD44UCIQFT7PFWQXDQDVIEWE3IOIV4I5WZDP4VT5V6WMSVOZTNFXTVAC"}
12884926465	12884926464	1	6	{"limit": "922337203685.4775807", "trustee": "GD44UCIQFT7PFWQXDQDVIEWE3IOIV4I5WZDP4VT5V6WMSVOZTNFXTVAC", "trustor": "GBS6PTZKBJN2D4BOSJP2OPMAC75BBF6BFEK6J57JYSRKNCR6ASSR3EBS", "asset_code": "21", "asset_type": "credit_alphanum4", "asset_issuer": "GD44UCIQFT7PFWQXDQDVIEWE3IOIV4I5WZDP4VT5V6WMSVOZTNFXTVAC"}
12884930561	12884930560	1	6	{"limit": "922337203685.4775807", "trustee": "GD44UCIQFT7PFWQXDQDVIEWE3IOIV4I5WZDP4VT5V6WMSVOZTNFXTVAC", "trustor": "GBS6PTZKBJN2D4BOSJP2OPMAC75BBF6BFEK6J57JYSRKNCR6ASSR3EBS", "asset_code": "22", "asset_type": "credit_alphanum4", "asset_issuer": "GD44UCIQFT7PFWQXDQDVIEWE3IOIV4I5WZDP4VT5V6WMSVOZTNFXTVAC"}
12884934657	12884934656	1	6	{"limit": "922337203685.4775807", "trustee": "GD44UCIQFT7PFWQXDQDVIEWE3IOIV4I5WZDP4VT5V6WMSVOZTNFXTVAC", "trustor": "GBS6PTZKBJN2D4BOSJP2OPMAC75BBF6BFEK6J57JYSRKNCR6ASSR3EBS", "asset_code": "31", "asset_type": "credit_alphanum4", "asset_issuer": "GD44UCIQFT7PFWQXDQDVIEWE3IOIV4I5WZDP4VT5V6WMSVOZTNFXTVAC"}
12884938753	12884938752	1	6	{"limit": "922337203685.4775807", "trustee": "GD44UCIQFT7PFWQXDQDVIEWE3IOIV4I5WZDP4VT5V6WMSVOZTNFXTVAC", "trustor": "GBS6PTZKBJN2D4BOSJP2OPMAC75BBF6BFEK6J57JYSRKNCR6ASSR3EBS", "asset_code": "32", "asset_type": "credit_alphanum4", "asset_issuer": "GD44UCIQFT7PFWQXDQDVIEWE3IOIV4I5WZDP4VT5V6WMSVOZTNFXTVAC"}
12884942849	12884942848	1	6	{"limit": "922337203685.4775807", "trustee": "GD44UCIQFT7PFWQXDQDVIEWE3IOIV4I5WZDP4VT5V6WMSVOZTNFXTVAC", "trustor": "GBS6PTZKBJN2D4BOSJP2OPMAC75BBF6BFEK6J57JYSRKNCR6ASSR3EBS", "asset_code": "33", "asset_type": "credit_alphanum4", "asset_issuer": "GD44UCIQFT7PFWQXDQDVIEWE3IOIV4I5WZDP4VT5V6WMSVOZTNFXTVAC"}
17179873281	17179873280	1	1	{"to": "GBGK4XMSLSFXOBUC7UFKEWIJDWRTRE6YVQWCSLJB6YRUSKRYZ6A7AIUX", "from": "GD44UCIQFT7PFWQXDQDVIEWE3IOIV4I5WZDP4VT5V6WMSVOZTNFXTVAC", "amount": "0.0005", "asset_code": "USD", "asset_type": "credit_alphanum4", "asset_issuer": "GD44UCIQFT7PFWQXDQDVIEWE3IOIV4I5WZDP4VT5V6WMSVOZTNFXTVAC"}
17179877377	17179877376	1	1	{"to": "GBS6PTZKBJN2D4BOSJP2OPMAC75BBF6BFEK6J57JYSRKNCR6ASSR3EBS", "from": "GD44UCIQFT7PFWQXDQDVIEWE3IOIV4I5WZDP4VT5V6WMSVOZTNFXTVAC", "amount": "0.0005", "asset_code": "EUR", "asset_type": "credit_alphanum4", "asset_issuer": "GD44UCIQFT7PFWQXDQDVIEWE3IOIV4I5WZDP4VT5V6WMSVOZTNFXTVAC"}
17179881473	17179881472	1	1	{"to": "GBS6PTZKBJN2D4BOSJP2OPMAC75BBF6BFEK6J57JYSRKNCR6ASSR3EBS", "from": "GD44UCIQFT7PFWQXDQDVIEWE3IOIV4I5WZDP4VT5V6WMSVOZTNFXTVAC", "amount": "0.0005", "asset_code": "1", "asset_type": "credit_alphanum4", "asset_issuer": "GD44UCIQFT7PFWQXDQDVIEWE3IOIV4I5WZDP4VT5V6WMSVOZTNFXTVAC"}
17179885569	17179885568	1	1	{"to": "GBS6PTZKBJN2D4BOSJP2OPMAC75BBF6BFEK6J57JYSRKNCR6ASSR3EBS", "from": "GD44UCIQFT7PFWQXDQDVIEWE3IOIV4I5WZDP4VT5V6WMSVOZTNFXTVAC", "amount": "0.0005", "asset_code": "21", "asset_type": "credit_alphanum4", "asset_issuer": "GD44UCIQFT7PFWQXDQDVIEWE3IOIV4I5WZDP4VT5V6WMSVOZTNFXTVAC"}
17179889665	17179889664	1	1	{"to": "GBS6PTZKBJN2D4BOSJP2OPMAC75BBF6BFEK6J57JYSRKNCR6ASSR3EBS", "from": "GD44UCIQFT7PFWQXDQDVIEWE3IOIV4I5WZDP4VT5V6WMSVOZTNFXTVAC", "amount": "0.0005", "asset_code": "22", "asset_type": "credit_alphanum4", "asset_issuer": "GD44UCIQFT7PFWQXDQDVIEWE3IOIV4I5WZDP4VT5V6WMSVOZTNFXTVAC"}
17179893761	17179893760	1	1	{"to": "GBS6PTZKBJN2D4BOSJP2OPMAC75BBF6BFEK6J57JYSRKNCR6ASSR3EBS", "from": "GD44UCIQFT7PFWQXDQDVIEWE3IOIV4I5WZDP4VT5V6WMSVOZTNFXTVAC", "amount": "0.0005", "asset_code": "31", "asset_type": "credit_alphanum4", "asset_issuer": "GD44UCIQFT7PFWQXDQDVIEWE3IOIV4I5WZDP4VT5V6WMSVOZTNFXTVAC"}
17179897857	17179897856	1	1	{"to": "GBS6PTZKBJN2D4BOSJP2OPMAC75BBF6BFEK6J57JYSRKNCR6ASSR3EBS", "from": "GD44UCIQFT7PFWQXDQDVIEWE3IOIV4I5WZDP4VT5V6WMSVOZTNFXTVAC", "amount": "0.0005", "asset_code": "32", "asset_type": "credit_alphanum4", "asset_issuer": "GD44UCIQFT7PFWQXDQDVIEWE3IOIV4I5WZDP4VT5V6WMSVOZTNFXTVAC"}
17179901953	17179901952	1	1	{"to": "GBS6PTZKBJN2D4BOSJP2OPMAC75BBF6BFEK6J57JYSRKNCR6ASSR3EBS", "from": "GD44UCIQFT7PFWQXDQDVIEWE3IOIV4I5WZDP4VT5V6WMSVOZTNFXTVAC", "amount": "0.0005", "asset_code": "33", "asset_type": "credit_alphanum4", "asset_issuer": "GD44UCIQFT7PFWQXDQDVIEWE3IOIV4I5WZDP4VT5V6WMSVOZTNFXTVAC"}
21474840577	21474840576	1	3	{"price": "1.0", "amount": "0.000001", "price_r": {"d": 1, "n": 1}, "offer_id": 0, "buying_asset_code": "USD", "buying_asset_type": "credit_alphanum4", "selling_asset_code": "EUR", "selling_asset_type": "credit_alphanum4", "buying_asset_issuer": "GD44UCIQFT7PFWQXDQDVIEWE3IOIV4I5WZDP4VT5V6WMSVOZTNFXTVAC", "selling_asset_issuer": "GD44UCIQFT7PFWQXDQDVIEWE3IOIV4I5WZDP4VT5V6WMSVOZTNFXTVAC"}
21474844673	21474844672	1	3	{"price": "1.0", "amount": "0.000002", "price_r": {"d": 1, "n": 1}, "offer_id": 0, "buying_asset_code": "USD", "buying_asset_type": "credit_alphanum4", "selling_asset_code": "1", "selling_asset_type": "credit_alphanum4", "buying_asset_issuer": "GD44UCIQFT7PFWQXDQDVIEWE3IOIV4I5WZDP4VT5V6WMSVOZTNFXTVAC", "selling_asset_issuer": "GD44UCIQFT7PFWQXDQDVIEWE3IOIV4I5WZDP4VT5V6WMSVOZTNFXTVAC"}
21474848769	21474848768	1	3	{"price": "1.0", "amount": "0.000002", "price_r": {"d": 1, "n": 1}, "offer_id": 0, "buying_asset_code": "1", "buying_asset_type": "credit_alphanum4", "selling_asset_code": "EUR", "selling_asset_type": "credit_alphanum4", "buying_asset_issuer": "GD44UCIQFT7PFWQXDQDVIEWE3IOIV4I5WZDP4VT5V6WMSVOZTNFXTVAC", "selling_asset_issuer": "GD44UCIQFT7PFWQXDQDVIEWE3IOIV4I5WZDP4VT5V6WMSVOZTNFXTVAC"}
21474852865	21474852864	1	3	{"price": "1.0", "amount": "0.000003", "price_r": {"d": 1, "n": 1}, "offer_id": 0, "buying_asset_code": "USD", "buying_asset_type": "credit_alphanum4", "selling_asset_code": "21", "selling_asset_type": "credit_alphanum4", "buying_asset_issuer": "GD44UCIQFT7PFWQXDQDVIEWE3IOIV4I5WZDP4VT5V6WMSVOZTNFXTVAC", "selling_asset_issuer": "GD44UCIQFT7PFWQXDQDVIEWE3IOIV4I5WZDP4VT5V6WMSVOZTNFXTVAC"}
21474856961	21474856960	1	3	{"price": "1.0", "amount": "0.000003", "price_r": {"d": 1, "n": 1}, "offer_id": 0, "buying_asset_code": "21", "buying_asset_type": "credit_alphanum4", "selling_asset_code": "22", "selling_asset_type": "credit_alphanum4", "buying_asset_issuer": "GD44UCIQFT7PFWQXDQDVIEWE3IOIV4I5WZDP4VT5V6WMSVOZTNFXTVAC", "selling_asset_issuer": "GD44UCIQFT7PFWQXDQDVIEWE3IOIV4I5WZDP4VT5V6WMSVOZTNFXTVAC"}
21474861057	21474861056	1	3	{"price": "1.0", "amount": "0.000003", "price_r": {"d": 1, "n": 1}, "offer_id": 0, "buying_asset_code": "22", "buying_asset_type": "credit_alphanum4", "selling_asset_code": "EUR", "selling_asset_type": "credit_alphanum4", "buying_asset_issuer": "GD44UCIQFT7PFWQXDQDVIEWE3IOIV4I5WZDP4VT5V6WMSVOZTNFXTVAC", "selling_asset_issuer": "GD44UCIQFT7PFWQXDQDVIEWE3IOIV4I5WZDP4VT5V6WMSVOZTNFXTVAC"}
21474865153	21474865152	1	3	{"price": "1.0", "amount": "0.000004", "price_r": {"d": 1, "n": 1}, "offer_id": 0, "buying_asset_code": "USD", "buying_asset_type": "credit_alphanum4", "selling_asset_code": "31", "selling_asset_type": "credit_alphanum4", "buying_asset_issuer": "GD44UCIQFT7PFWQXDQDVIEWE3IOIV4I5WZDP4VT5V6WMSVOZTNFXTVAC", "selling_asset_issuer": "GD44UCIQFT7PFWQXDQDVIEWE3IOIV4I5WZDP4VT5V6WMSVOZTNFXTVAC"}
21474869249	21474869248	1	3	{"price": "1.0", "amount": "0.000004", "price_r": {"d": 1, "n": 1}, "offer_id": 0, "buying_asset_code": "31", "buying_asset_type": "credit_alphanum4", "selling_asset_code": "32", "selling_asset_type": "credit_alphanum4", "buying_asset_issuer": "GD44UCIQFT7PFWQXDQDVIEWE3IOIV4I5WZDP4VT5V6WMSVOZTNFXTVAC", "selling_asset_issuer": "GD44UCIQFT7PFWQXDQDVIEWE3IOIV4I5WZDP4VT5V6WMSVOZTNFXTVAC"}
21474873345	21474873344	1	3	{"price": "1.0", "amount": "0.000004", "price_r": {"d": 1, "n": 1}, "offer_id": 0, "buying_asset_code": "32", "buying_asset_type": "credit_alphanum4", "selling_asset_code": "33", "selling_asset_type": "credit_alphanum4", "buying_asset_issuer": "GD44UCIQFT7PFWQXDQDVIEWE3IOIV4I5WZDP4VT5V6WMSVOZTNFXTVAC", "selling_asset_issuer": "GD44UCIQFT7PFWQXDQDVIEWE3IOIV4I5WZDP4VT5V6WMSVOZTNFXTVAC"}
21474877441	21474877440	1	3	{"price": "1.0", "amount": "0.000004", "price_r": {"d": 1, "n": 1}, "offer_id": 0, "buying_asset_code": "33", "buying_asset_type": "credit_alphanum4", "selling_asset_code": "EUR", "selling_asset_type": "credit_alphanum4", "buying_asset_issuer": "GD44UCIQFT7PFWQXDQDVIEWE3IOIV4I5WZDP4VT5V6WMSVOZTNFXTVAC", "selling_asset_issuer": "GD44UCIQFT7PFWQXDQDVIEWE3IOIV4I5WZDP4VT5V6WMSVOZTNFXTVAC"}
\.


--
-- Data for Name: history_transaction_participants; Type: TABLE DATA; Schema: public; Owner: -
--

COPY history_transaction_participants (id, transaction_hash, account, created_at, updated_at) FROM stdin;
97	66645c8e9479b523780539fed8b0d8537d46ed0f8306834e4369fa1262114d12	GBRPYHIL2CI3FNQ4BXLFMNDLFJUNPU2HY3ZMFSHONUCEOASW7QC7OX2H	2015-09-08 22:07:12.492978	2015-09-08 22:07:12.492978
98	66645c8e9479b523780539fed8b0d8537d46ed0f8306834e4369fa1262114d12	GD44UCIQFT7PFWQXDQDVIEWE3IOIV4I5WZDP4VT5V6WMSVOZTNFXTVAC	2015-09-08 22:07:12.494226	2015-09-08 22:07:12.494226
99	5543c87f67a0aa95a5a32743b380500318a6fa9d94591cfb5434a6d704554e5f	GBRPYHIL2CI3FNQ4BXLFMNDLFJUNPU2HY3ZMFSHONUCEOASW7QC7OX2H	2015-09-08 22:07:12.516202	2015-09-08 22:07:12.516202
100	5543c87f67a0aa95a5a32743b380500318a6fa9d94591cfb5434a6d704554e5f	GBGK4XMSLSFXOBUC7UFKEWIJDWRTRE6YVQWCSLJB6YRUSKRYZ6A7AIUX	2015-09-08 22:07:12.517433	2015-09-08 22:07:12.517433
101	193129200ae088e8dd42bd2303b629c83b9b3058f3614aa64793aaf342925f56	GBRPYHIL2CI3FNQ4BXLFMNDLFJUNPU2HY3ZMFSHONUCEOASW7QC7OX2H	2015-09-08 22:07:12.538976	2015-09-08 22:07:12.538976
102	193129200ae088e8dd42bd2303b629c83b9b3058f3614aa64793aaf342925f56	GBAEPGCIQRTR6NCTATS6KKBI7OPOYMNG3CIT3PFEQCPRN3I2YG5RIT5B	2015-09-08 22:07:12.540053	2015-09-08 22:07:12.540053
103	a5d99b8aab533f2c619cd00ea80a691028836ed2629935a27729ff528a4ff27f	GBRPYHIL2CI3FNQ4BXLFMNDLFJUNPU2HY3ZMFSHONUCEOASW7QC7OX2H	2015-09-08 22:07:12.561169	2015-09-08 22:07:12.561169
104	a5d99b8aab533f2c619cd00ea80a691028836ed2629935a27729ff528a4ff27f	GBS6PTZKBJN2D4BOSJP2OPMAC75BBF6BFEK6J57JYSRKNCR6ASSR3EBS	2015-09-08 22:07:12.562137	2015-09-08 22:07:12.562137
105	a4f83149ce214807108d296e85fbac9bd0b1b391bddd79e23c1e1b6562699530	GBGK4XMSLSFXOBUC7UFKEWIJDWRTRE6YVQWCSLJB6YRUSKRYZ6A7AIUX	2015-09-08 22:07:12.595566	2015-09-08 22:07:12.595566
106	d2d6b63abb19b8347b19e50e425c2403036fbeecf45d4dc533e82c434e4d5b18	GBAEPGCIQRTR6NCTATS6KKBI7OPOYMNG3CIT3PFEQCPRN3I2YG5RIT5B	2015-09-08 22:07:12.609517	2015-09-08 22:07:12.609517
107	9e1833f781c3f191ae7c098416cb844c8784ac4db56852aca4668d800f6c4c6f	GBS6PTZKBJN2D4BOSJP2OPMAC75BBF6BFEK6J57JYSRKNCR6ASSR3EBS	2015-09-08 22:07:12.621944	2015-09-08 22:07:12.621944
108	3f18c600dd0011207d2a9fd4ddd390cd21987127d8652a178013d408101aaa9b	GBS6PTZKBJN2D4BOSJP2OPMAC75BBF6BFEK6J57JYSRKNCR6ASSR3EBS	2015-09-08 22:07:12.638501	2015-09-08 22:07:12.638501
109	efb2666a5a282d38e9ec5acf6fbd115d1f14f3c7fe7dcf30ea5dc2dea80987c0	GBS6PTZKBJN2D4BOSJP2OPMAC75BBF6BFEK6J57JYSRKNCR6ASSR3EBS	2015-09-08 22:07:12.652925	2015-09-08 22:07:12.652925
110	315fe5c3f4626bba5ecc47190d1d77d9e162e24492804824f42fd2100650c4ff	GBS6PTZKBJN2D4BOSJP2OPMAC75BBF6BFEK6J57JYSRKNCR6ASSR3EBS	2015-09-08 22:07:12.666468	2015-09-08 22:07:12.666468
111	489ffacbf39d858e425223d19eac530bd74eee45e9f34051b062f18d80f424a8	GBS6PTZKBJN2D4BOSJP2OPMAC75BBF6BFEK6J57JYSRKNCR6ASSR3EBS	2015-09-08 22:07:12.684683	2015-09-08 22:07:12.684683
112	3e5e7923fc68d141e34e23e250b4223bf84818a0c5a79b0ab551f8c5ce0fee2b	GBS6PTZKBJN2D4BOSJP2OPMAC75BBF6BFEK6J57JYSRKNCR6ASSR3EBS	2015-09-08 22:07:12.69858	2015-09-08 22:07:12.69858
113	d78dd15df1c25cf77508b8d7f25ab4261dec419795459fe59fd252b2df55a2ee	GBS6PTZKBJN2D4BOSJP2OPMAC75BBF6BFEK6J57JYSRKNCR6ASSR3EBS	2015-09-08 22:07:12.71214	2015-09-08 22:07:12.71214
114	8b998aac3ff63dcebde1d35ab1d4a461d0b422064b7e3c051e56e4edca4d165a	GBS6PTZKBJN2D4BOSJP2OPMAC75BBF6BFEK6J57JYSRKNCR6ASSR3EBS	2015-09-08 22:07:12.728479	2015-09-08 22:07:12.728479
115	240a5c5bbecad3872fc01df20e14f2d791d91070adca780afdac5d762f417468	GD44UCIQFT7PFWQXDQDVIEWE3IOIV4I5WZDP4VT5V6WMSVOZTNFXTVAC	2015-09-08 22:07:12.762109	2015-09-08 22:07:12.762109
116	171c2860685ac29a7ba63f08e70f5a01dccd141406171c048a3ecc56c1b0ae37	GD44UCIQFT7PFWQXDQDVIEWE3IOIV4I5WZDP4VT5V6WMSVOZTNFXTVAC	2015-09-08 22:07:12.783395	2015-09-08 22:07:12.783395
117	5709364904e1230d825e8c289ee4d8df183df9aade72c911cc51d5e482ea684e	GD44UCIQFT7PFWQXDQDVIEWE3IOIV4I5WZDP4VT5V6WMSVOZTNFXTVAC	2015-09-08 22:07:12.800303	2015-09-08 22:07:12.800303
118	141c6eeab12e6f18797ffdd7816a5e497fe458d0337bbc2d24128d3d93de5019	GD44UCIQFT7PFWQXDQDVIEWE3IOIV4I5WZDP4VT5V6WMSVOZTNFXTVAC	2015-09-08 22:07:12.81776	2015-09-08 22:07:12.81776
119	e6936a6dd85425d1b7c8416117fc924df7ba82e8c92fe1aba4719eb393eb2ac5	GD44UCIQFT7PFWQXDQDVIEWE3IOIV4I5WZDP4VT5V6WMSVOZTNFXTVAC	2015-09-08 22:07:12.834088	2015-09-08 22:07:12.834088
120	600f0656d9be3cbb60ffd29dd8a58c2ea672553e8d7fbf156561b6fd67caf9fe	GD44UCIQFT7PFWQXDQDVIEWE3IOIV4I5WZDP4VT5V6WMSVOZTNFXTVAC	2015-09-08 22:07:12.850101	2015-09-08 22:07:12.850101
121	386e2ad076cf3b3c1a3b9f0ee244256b5150e4ddf2e012eed7e435ca8e1df59e	GD44UCIQFT7PFWQXDQDVIEWE3IOIV4I5WZDP4VT5V6WMSVOZTNFXTVAC	2015-09-08 22:07:12.866967	2015-09-08 22:07:12.866967
122	97dce515f7e4e67902c2910ce2bda5fc323b345b1482d5727e24c52a538be7a2	GD44UCIQFT7PFWQXDQDVIEWE3IOIV4I5WZDP4VT5V6WMSVOZTNFXTVAC	2015-09-08 22:07:12.883149	2015-09-08 22:07:12.883149
123	6511e1c4c3ed2018ad38b1ec3b53b6c9ccf55ef68332edc3387bfcb60ef29af6	GBS6PTZKBJN2D4BOSJP2OPMAC75BBF6BFEK6J57JYSRKNCR6ASSR3EBS	2015-09-08 22:07:12.917075	2015-09-08 22:07:12.917075
124	4b4aac996e1ce0a6d06d95c6bfb671d80eae540624d51c1f0497cf5e32a86c7c	GBS6PTZKBJN2D4BOSJP2OPMAC75BBF6BFEK6J57JYSRKNCR6ASSR3EBS	2015-09-08 22:07:12.926706	2015-09-08 22:07:12.926706
125	ffd1f0276243610384ebbc59d75f0f63be837f997414c4e5e41d537d2980b25b	GBS6PTZKBJN2D4BOSJP2OPMAC75BBF6BFEK6J57JYSRKNCR6ASSR3EBS	2015-09-08 22:07:12.936033	2015-09-08 22:07:12.936033
126	37508df910cd3e7a10091c45d991cbfb33bbe8ab6081920473a7dba7e9b4bd8e	GBS6PTZKBJN2D4BOSJP2OPMAC75BBF6BFEK6J57JYSRKNCR6ASSR3EBS	2015-09-08 22:07:12.945185	2015-09-08 22:07:12.945185
127	c1f7091dc1e320a56af22ee5bca21961affec62a4c23663700f86f8e5a5243c5	GBS6PTZKBJN2D4BOSJP2OPMAC75BBF6BFEK6J57JYSRKNCR6ASSR3EBS	2015-09-08 22:07:12.954493	2015-09-08 22:07:12.954493
128	6c9bd64b20af0716b607e4ed9f536acd365fbf1fa3f3379e3fce573dd0f85f43	GBS6PTZKBJN2D4BOSJP2OPMAC75BBF6BFEK6J57JYSRKNCR6ASSR3EBS	2015-09-08 22:07:12.963537	2015-09-08 22:07:12.963537
129	cb85d177ce95781d14331009fd450ba27a773e449e331f6fc9300c1d0796723d	GBS6PTZKBJN2D4BOSJP2OPMAC75BBF6BFEK6J57JYSRKNCR6ASSR3EBS	2015-09-08 22:07:12.973265	2015-09-08 22:07:12.973265
130	68c2dbd7413e0fbf3949d0a0468a73c869cc6677df5dba26481f744bd096732f	GBS6PTZKBJN2D4BOSJP2OPMAC75BBF6BFEK6J57JYSRKNCR6ASSR3EBS	2015-09-08 22:07:12.98309	2015-09-08 22:07:12.98309
131	2edaffd73545ab31e9f4d21428e2e71712a43ced3abae9c79b25e4fd0a561089	GBS6PTZKBJN2D4BOSJP2OPMAC75BBF6BFEK6J57JYSRKNCR6ASSR3EBS	2015-09-08 22:07:12.992613	2015-09-08 22:07:12.992613
132	a8e2d980723c36ff64471870143395a24f58c54bab664706c361d17c8db915a6	GBS6PTZKBJN2D4BOSJP2OPMAC75BBF6BFEK6J57JYSRKNCR6ASSR3EBS	2015-09-08 22:07:13.001861	2015-09-08 22:07:13.001861
\.


--
-- Name: history_transaction_participants_id_seq; Type: SEQUENCE SET; Schema: public; Owner: -
--

SELECT pg_catalog.setval('history_transaction_participants_id_seq', 132, true);


--
-- Data for Name: history_transaction_statuses; Type: TABLE DATA; Schema: public; Owner: -
--

COPY history_transaction_statuses (id, result_code_s, result_code) FROM stdin;
\.


--
-- Name: history_transaction_statuses_id_seq; Type: SEQUENCE SET; Schema: public; Owner: -
--

SELECT pg_catalog.setval('history_transaction_statuses_id_seq', 1, false);


--
-- Data for Name: history_transactions; Type: TABLE DATA; Schema: public; Owner: -
--

COPY history_transactions (transaction_hash, ledger_sequence, application_order, account, account_sequence, max_fee, fee_paid, operation_count, transaction_status_id, created_at, updated_at, id, tx_envelope, tx_result, tx_meta) FROM stdin;
66645c8e9479b523780539fed8b0d8537d46ed0f8306834e4369fa1262114d12	2	1	GBRPYHIL2CI3FNQ4BXLFMNDLFJUNPU2HY3ZMFSHONUCEOASW7QC7OX2H	1	0	0	1	-1	2015-09-08 22:07:12.490584	2015-09-08 22:07:12.490584	8589938688	AAAAAGL8HQvQkbK2HA3WVjRrKmjX00fG8sLI7m0ERwJW/AX3AAAACgAAAAAAAAABAAAAAAAAAAAAAAABAAAAAAAAAAAAAAAA+coJECz+8toXHAdUEsTaHIrxHbZG/lZ9r6zJVdmbS3kAAAACVAvkAAAAAAAAAAABVvwF9wAAAEA+SYQS35iguosaLP+hQOv1eLJepVXxo6DNhbwtHbi7R1Xh6+w2SJeDdZ6h3zU+5iBuvPVS6WbKHpWGj62vSHoO	ZmRcjpR5tSN4BTn+2LDYU31G7Q+DBoNOQ2n6EmIRTRIAAAAAAAAACgAAAAAAAAABAAAAAAAAAAAAAAAAAAAAAA==	AAAAAAAAAAEAAAABAAAAAgAAAAAAAAAAYvwdC9CRsrYcDdZWNGsqaNfTR8bywsjubQRHAlb8BfcBY0V4XYn/9gAAAAAAAAABAAAAAAAAAAAAAAAAAAAAAAEAAAAAAAAAAAAAAAAAAAAAAAABAAAAAgAAAAAAAAACAAAAAAAAAAD5ygkQLP7y2hccB1QSxNocivEdtkb+Vn2vrMlV2ZtLeQAAAAJUC+QAAAAAAgAAAAAAAAAAAAAAAAAAAAAAAAAAAQAAAAAAAAAAAAAAAAAAAAAAAAEAAAACAAAAAAAAAABi/B0L0JGythwN1lY0aypo19NHxvLCyO5tBEcCVvwF9wFjRXYJfhv2AAAAAAAAAAEAAAAAAAAAAAAAAAAAAAAAAQAAAAAAAAAAAAAAAAAAAA==
5543c87f67a0aa95a5a32743b380500318a6fa9d94591cfb5434a6d704554e5f	2	2	GBRPYHIL2CI3FNQ4BXLFMNDLFJUNPU2HY3ZMFSHONUCEOASW7QC7OX2H	2	0	0	1	-1	2015-09-08 22:07:12.513778	2015-09-08 22:07:12.513778	8589942784	AAAAAGL8HQvQkbK2HA3WVjRrKmjX00fG8sLI7m0ERwJW/AX3AAAACgAAAAAAAAACAAAAAAAAAAAAAAABAAAAAAAAAAAAAAAATK5dklyLdwaC/QqiWQkdoziT2KwsKS0h9iNJKjjPgfAAAAACVAvkAAAAAAAAAAABVvwF9wAAAEAjeq89g3y2JSp1nS9LnnQHLqbO6vtZ9QE5LdBa8pMPb+J7kHgmep2KvWXqE72SgeJrw0pkg/eQGckzWilGFRgA	VUPIf2egqpWloydDs4BQAxim+p2UWRz7VDSm1wRVTl8AAAAAAAAACgAAAAAAAAABAAAAAAAAAAAAAAAAAAAAAA==	AAAAAAAAAAEAAAABAAAAAgAAAAAAAAAAYvwdC9CRsrYcDdZWNGsqaNfTR8bywsjubQRHAlb8BfcBY0V2CX4b7AAAAAAAAAACAAAAAAAAAAAAAAAAAAAAAAEAAAAAAAAAAAAAAAAAAAAAAAABAAAAAgAAAAAAAAACAAAAAAAAAABMrl2SXIt3BoL9CqJZCR2jOJPYrCwpLSH2I0kqOM+B8AAAAAJUC+QAAAAAAgAAAAAAAAAAAAAAAAAAAAAAAAAAAQAAAAAAAAAAAAAAAAAAAAAAAAEAAAACAAAAAAAAAABi/B0L0JGythwN1lY0aypo19NHxvLCyO5tBEcCVvwF9wFjRXO1cjfsAAAAAAAAAAIAAAAAAAAAAAAAAAAAAAAAAQAAAAAAAAAAAAAAAAAAAA==
193129200ae088e8dd42bd2303b629c83b9b3058f3614aa64793aaf342925f56	2	3	GBRPYHIL2CI3FNQ4BXLFMNDLFJUNPU2HY3ZMFSHONUCEOASW7QC7OX2H	3	0	0	1	-1	2015-09-08 22:07:12.53654	2015-09-08 22:07:12.53654	8589946880	AAAAAGL8HQvQkbK2HA3WVjRrKmjX00fG8sLI7m0ERwJW/AX3AAAACgAAAAAAAAADAAAAAAAAAAAAAAABAAAAAAAAAAAAAAAAQEeYSIRnHzRTBOXlKCj7nuwxptiRPbykgJ8W7RrBuxQAAAACVAvkAAAAAAAAAAABVvwF9wAAAEC61cU5vFL9x99iU5m7GZxrQ5947QN6CQJ6wosp8oK+L1mvOEIkjaZJl2R2tI4gElSk3soOTjxtvcTB5qu2kikN	GTEpIArgiOjdQr0jA7YpyDubMFjzYUqmR5Oq80KSX1YAAAAAAAAACgAAAAAAAAABAAAAAAAAAAAAAAAAAAAAAA==	AAAAAAAAAAEAAAABAAAAAgAAAAAAAAAAYvwdC9CRsrYcDdZWNGsqaNfTR8bywsjubQRHAlb8BfcBY0VztXI34gAAAAAAAAADAAAAAAAAAAAAAAAAAAAAAAEAAAAAAAAAAAAAAAAAAAAAAAABAAAAAgAAAAAAAAACAAAAAAAAAABAR5hIhGcfNFME5eUoKPue7DGm2JE9vKSAnxbtGsG7FAAAAAJUC+QAAAAAAgAAAAAAAAAAAAAAAAAAAAAAAAAAAQAAAAAAAAAAAAAAAAAAAAAAAAEAAAACAAAAAAAAAABi/B0L0JGythwN1lY0aypo19NHxvLCyO5tBEcCVvwF9wFjRXFhZlPiAAAAAAAAAAMAAAAAAAAAAAAAAAAAAAAAAQAAAAAAAAAAAAAAAAAAAA==
a5d99b8aab533f2c619cd00ea80a691028836ed2629935a27729ff528a4ff27f	2	4	GBRPYHIL2CI3FNQ4BXLFMNDLFJUNPU2HY3ZMFSHONUCEOASW7QC7OX2H	4	0	0	1	-1	2015-09-08 22:07:12.559154	2015-09-08 22:07:12.559154	8589950976	AAAAAGL8HQvQkbK2HA3WVjRrKmjX00fG8sLI7m0ERwJW/AX3AAAACgAAAAAAAAAEAAAAAAAAAAAAAAABAAAAAAAAAAAAAAAAZefPKgpbofAukl+nPYAX+hCXwSkV5PfpxKKmij4EpR0AAAACVAvkAAAAAAAAAAABVvwF9wAAAECGzrKnp+v1EG9F14JNHSPnxc7IK5JnppVkPnkTYxzMvy+ZtLs7ijR3SFIhJYjqLn2zVVa6voJs0gSryN1gk8wD	pdmbiqtTPyxhnNAOqAppECiDbtJimTWidyn/UopP8n8AAAAAAAAACgAAAAAAAAABAAAAAAAAAAAAAAAAAAAAAA==	AAAAAAAAAAEAAAABAAAAAgAAAAAAAAAAYvwdC9CRsrYcDdZWNGsqaNfTR8bywsjubQRHAlb8BfcBY0VxYWZT2AAAAAAAAAAEAAAAAAAAAAAAAAAAAAAAAAEAAAAAAAAAAAAAAAAAAAAAAAABAAAAAgAAAAAAAAACAAAAAAAAAABl588qCluh8C6SX6c9gBf6EJfBKRXk9+nEoqaKPgSlHQAAAAJUC+QAAAAAAgAAAAAAAAAAAAAAAAAAAAAAAAAAAQAAAAAAAAAAAAAAAAAAAAAAAAEAAAACAAAAAAAAAABi/B0L0JGythwN1lY0aypo19NHxvLCyO5tBEcCVvwF9wFjRW8NWm/YAAAAAAAAAAQAAAAAAAAAAAAAAAAAAAAAAQAAAAAAAAAAAAAAAAAAAA==
a4f83149ce214807108d296e85fbac9bd0b1b391bddd79e23c1e1b6562699530	3	1	GBGK4XMSLSFXOBUC7UFKEWIJDWRTRE6YVQWCSLJB6YRUSKRYZ6A7AIUX	8589934593	0	0	1	-1	2015-09-08 22:07:12.593403	2015-09-08 22:07:12.593403	12884905984	AAAAAEyuXZJci3cGgv0KolkJHaM4k9isLCktIfYjSSo4z4HwAAAACgAAAAIAAAABAAAAAAAAAAAAAAABAAAAAAAAAAYAAAABVVNEAAAAAAD5ygkQLP7y2hccB1QSxNocivEdtkb+Vn2vrMlV2ZtLeX//////////AAAAAAAAAAE4z4HwAAAAQGWE/qbCcoktYh6LhB80mRQZqhXheNKrvlp4a6K8ykkG4WB82ZDIR0+NUszSwnuUFXVpxWgE1JU62e/AjnVYvQQ=	pPgxSc4hSAcQjSluhfusm9Cxs5G93XniPB4bZWJplTAAAAAAAAAACgAAAAAAAAABAAAAAAAAAAYAAAAAAAAAAA==	AAAAAAAAAAEAAAABAAAAAwAAAAAAAAAATK5dklyLdwaC/QqiWQkdoziT2KwsKS0h9iNJKjjPgfAAAAACVAvj9gAAAAIAAAABAAAAAAAAAAAAAAAAAAAAAAEAAAAAAAAAAAAAAAAAAAAAAAABAAAAAgAAAAAAAAADAAAAAQAAAABMrl2SXIt3BoL9CqJZCR2jOJPYrCwpLSH2I0kqOM+B8AAAAAFVU0QAAAAAAPnKCRAs/vLaFxwHVBLE2hyK8R22Rv5Wfa+syVXZm0t5AAAAAAAAAAB//////////wAAAAEAAAAAAAAAAAAAAAEAAAADAAAAAAAAAABMrl2SXIt3BoL9CqJZCR2jOJPYrCwpLSH2I0kqOM+B8AAAAAJUC+P2AAAAAgAAAAEAAAABAAAAAAAAAAAAAAAAAQAAAAAAAAAAAAAAAAAAAA==
d2d6b63abb19b8347b19e50e425c2403036fbeecf45d4dc533e82c434e4d5b18	3	2	GBAEPGCIQRTR6NCTATS6KKBI7OPOYMNG3CIT3PFEQCPRN3I2YG5RIT5B	8589934593	0	0	1	-1	2015-09-08 22:07:12.607261	2015-09-08 22:07:12.607261	12884910080	AAAAAEBHmEiEZx80UwTl5Sgo+57sMabYkT28pICfFu0awbsUAAAACgAAAAIAAAABAAAAAAAAAAAAAAABAAAAAAAAAAYAAAABRVVSAAAAAAD5ygkQLP7y2hccB1QSxNocivEdtkb+Vn2vrMlV2ZtLeX//////////AAAAAAAAAAEawbsUAAAAQM8wfQfcR32SjH2iRAVSgzlu6FvX4CVeUvtB9w/KT+4QU9e4ZbrLRntl9w/IIsz6Ig+K83+9Dlj9ZCbOOos7ZQA=	0ta2OrsZuDR7GeUOQlwkAwNvvuz0XU3FM+gsQ05NWxgAAAAAAAAACgAAAAAAAAABAAAAAAAAAAYAAAAAAAAAAA==	AAAAAAAAAAEAAAABAAAAAwAAAAAAAAAAQEeYSIRnHzRTBOXlKCj7nuwxptiRPbykgJ8W7RrBuxQAAAACVAvj9gAAAAIAAAABAAAAAAAAAAAAAAAAAAAAAAEAAAAAAAAAAAAAAAAAAAAAAAABAAAAAgAAAAAAAAADAAAAAQAAAABAR5hIhGcfNFME5eUoKPue7DGm2JE9vKSAnxbtGsG7FAAAAAFFVVIAAAAAAPnKCRAs/vLaFxwHVBLE2hyK8R22Rv5Wfa+syVXZm0t5AAAAAAAAAAB//////////wAAAAEAAAAAAAAAAAAAAAEAAAADAAAAAAAAAABAR5hIhGcfNFME5eUoKPue7DGm2JE9vKSAnxbtGsG7FAAAAAJUC+P2AAAAAgAAAAEAAAABAAAAAAAAAAAAAAAAAQAAAAAAAAAAAAAAAAAAAA==
9e1833f781c3f191ae7c098416cb844c8784ac4db56852aca4668d800f6c4c6f	3	3	GBS6PTZKBJN2D4BOSJP2OPMAC75BBF6BFEK6J57JYSRKNCR6ASSR3EBS	8589934593	0	0	1	-1	2015-09-08 22:07:12.62002	2015-09-08 22:07:12.62002	12884914176	AAAAAGXnzyoKW6HwLpJfpz2AF/oQl8EpFeT36cSipoo+BKUdAAAACgAAAAIAAAABAAAAAAAAAAAAAAABAAAAAAAAAAYAAAABVVNEAAAAAAD5ygkQLP7y2hccB1QSxNocivEdtkb+Vn2vrMlV2ZtLeX//////////AAAAAAAAAAE+BKUdAAAAQPRoqsX7PhSoEZoG0bTKQWQn2C8pN4iySL18r5ontr4fSiWW0lEFc7zSJ/cljLOgkBegso3acn/oh0VUB30LLQA=	nhgz94HD8ZGufAmEFsuETIeErE21aFKspGaNgA9sTG8AAAAAAAAACgAAAAAAAAABAAAAAAAAAAYAAAAAAAAAAA==	AAAAAAAAAAEAAAABAAAAAwAAAAAAAAAAZefPKgpbofAukl+nPYAX+hCXwSkV5PfpxKKmij4EpR0AAAACVAvj9gAAAAIAAAABAAAAAAAAAAAAAAAAAAAAAAEAAAAAAAAAAAAAAAAAAAAAAAABAAAAAgAAAAAAAAADAAAAAQAAAABl588qCluh8C6SX6c9gBf6EJfBKRXk9+nEoqaKPgSlHQAAAAFVU0QAAAAAAPnKCRAs/vLaFxwHVBLE2hyK8R22Rv5Wfa+syVXZm0t5AAAAAAAAAAB//////////wAAAAEAAAAAAAAAAAAAAAEAAAADAAAAAAAAAABl588qCluh8C6SX6c9gBf6EJfBKRXk9+nEoqaKPgSlHQAAAAJUC+P2AAAAAgAAAAEAAAABAAAAAAAAAAAAAAAAAQAAAAAAAAAAAAAAAAAAAA==
3f18c600dd0011207d2a9fd4ddd390cd21987127d8652a178013d408101aaa9b	3	4	GBS6PTZKBJN2D4BOSJP2OPMAC75BBF6BFEK6J57JYSRKNCR6ASSR3EBS	8589934594	0	0	1	-1	2015-09-08 22:07:12.636098	2015-09-08 22:07:12.636098	12884918272	AAAAAGXnzyoKW6HwLpJfpz2AF/oQl8EpFeT36cSipoo+BKUdAAAACgAAAAIAAAACAAAAAAAAAAAAAAABAAAAAAAAAAYAAAABRVVSAAAAAAD5ygkQLP7y2hccB1QSxNocivEdtkb+Vn2vrMlV2ZtLeX//////////AAAAAAAAAAE+BKUdAAAAQGnqvhASYfLreajWhxMXXxbjVraJ/lhvY3p4UPvD9KhueInlAkVecpXUr99wBV7D6yaYY3O2zQMKCt6SW/lo8g8=	PxjGAN0AESB9Kp/U3dOQzSGYcSfYZSoXgBPUCBAaqpsAAAAAAAAACgAAAAAAAAABAAAAAAAAAAYAAAAAAAAAAA==	AAAAAAAAAAEAAAABAAAAAwAAAAAAAAAAZefPKgpbofAukl+nPYAX+hCXwSkV5PfpxKKmij4EpR0AAAACVAvj7AAAAAIAAAACAAAAAQAAAAAAAAAAAAAAAAEAAAAAAAAAAAAAAAAAAAAAAAABAAAAAgAAAAAAAAADAAAAAQAAAABl588qCluh8C6SX6c9gBf6EJfBKRXk9+nEoqaKPgSlHQAAAAFFVVIAAAAAAPnKCRAs/vLaFxwHVBLE2hyK8R22Rv5Wfa+syVXZm0t5AAAAAAAAAAB//////////wAAAAEAAAAAAAAAAAAAAAEAAAADAAAAAAAAAABl588qCluh8C6SX6c9gBf6EJfBKRXk9+nEoqaKPgSlHQAAAAJUC+PsAAAAAgAAAAIAAAACAAAAAAAAAAAAAAAAAQAAAAAAAAAAAAAAAAAAAA==
efb2666a5a282d38e9ec5acf6fbd115d1f14f3c7fe7dcf30ea5dc2dea80987c0	3	5	GBS6PTZKBJN2D4BOSJP2OPMAC75BBF6BFEK6J57JYSRKNCR6ASSR3EBS	8589934595	0	0	1	-1	2015-09-08 22:07:12.650428	2015-09-08 22:07:12.650428	12884922368	AAAAAGXnzyoKW6HwLpJfpz2AF/oQl8EpFeT36cSipoo+BKUdAAAACgAAAAIAAAADAAAAAAAAAAAAAAABAAAAAAAAAAYAAAABMQAAAAAAAAD5ygkQLP7y2hccB1QSxNocivEdtkb+Vn2vrMlV2ZtLeX//////////AAAAAAAAAAE+BKUdAAAAQMqD80IK9TfxZkxpd/XA9YxM6W7+EmEl8QuPvA1OrHHV9UUIfbMyv1CmhpMPi+4Ji+tNN3YmSBIEfmRIZ51A0gc=	77JmalooLTjp7FrPb70RXR8U88f+fc8w6l3C3qgJh8AAAAAAAAAACgAAAAAAAAABAAAAAAAAAAYAAAAAAAAAAA==	AAAAAAAAAAEAAAABAAAAAwAAAAAAAAAAZefPKgpbofAukl+nPYAX+hCXwSkV5PfpxKKmij4EpR0AAAACVAvj4gAAAAIAAAADAAAAAgAAAAAAAAAAAAAAAAEAAAAAAAAAAAAAAAAAAAAAAAABAAAAAgAAAAAAAAADAAAAAQAAAABl588qCluh8C6SX6c9gBf6EJfBKRXk9+nEoqaKPgSlHQAAAAExAAAAAAAAAPnKCRAs/vLaFxwHVBLE2hyK8R22Rv5Wfa+syVXZm0t5AAAAAAAAAAB//////////wAAAAEAAAAAAAAAAAAAAAEAAAADAAAAAAAAAABl588qCluh8C6SX6c9gBf6EJfBKRXk9+nEoqaKPgSlHQAAAAJUC+PiAAAAAgAAAAMAAAADAAAAAAAAAAAAAAAAAQAAAAAAAAAAAAAAAAAAAA==
315fe5c3f4626bba5ecc47190d1d77d9e162e24492804824f42fd2100650c4ff	3	6	GBS6PTZKBJN2D4BOSJP2OPMAC75BBF6BFEK6J57JYSRKNCR6ASSR3EBS	8589934596	0	0	1	-1	2015-09-08 22:07:12.663941	2015-09-08 22:07:12.663941	12884926464	AAAAAGXnzyoKW6HwLpJfpz2AF/oQl8EpFeT36cSipoo+BKUdAAAACgAAAAIAAAAEAAAAAAAAAAAAAAABAAAAAAAAAAYAAAABMjEAAAAAAAD5ygkQLP7y2hccB1QSxNocivEdtkb+Vn2vrMlV2ZtLeX//////////AAAAAAAAAAE+BKUdAAAAQDHTBi8okNrP6YNFBF+xPfIPEEzxuBIK6C1lLSekH3VdqL9T38COr9E8ebjPSWzZh6KGQ7dekBU7+0VFuoBNhQw=	MV/lw/Ria7pezEcZDR132eFi4kSSgEgk9C/SEAZQxP8AAAAAAAAACgAAAAAAAAABAAAAAAAAAAYAAAAAAAAAAA==	AAAAAAAAAAEAAAABAAAAAwAAAAAAAAAAZefPKgpbofAukl+nPYAX+hCXwSkV5PfpxKKmij4EpR0AAAACVAvj2AAAAAIAAAAEAAAAAwAAAAAAAAAAAAAAAAEAAAAAAAAAAAAAAAAAAAAAAAABAAAAAgAAAAAAAAADAAAAAQAAAABl588qCluh8C6SX6c9gBf6EJfBKRXk9+nEoqaKPgSlHQAAAAEyMQAAAAAAAPnKCRAs/vLaFxwHVBLE2hyK8R22Rv5Wfa+syVXZm0t5AAAAAAAAAAB//////////wAAAAEAAAAAAAAAAAAAAAEAAAADAAAAAAAAAABl588qCluh8C6SX6c9gBf6EJfBKRXk9+nEoqaKPgSlHQAAAAJUC+PYAAAAAgAAAAQAAAAEAAAAAAAAAAAAAAAAAQAAAAAAAAAAAAAAAAAAAA==
489ffacbf39d858e425223d19eac530bd74eee45e9f34051b062f18d80f424a8	3	7	GBS6PTZKBJN2D4BOSJP2OPMAC75BBF6BFEK6J57JYSRKNCR6ASSR3EBS	8589934597	0	0	1	-1	2015-09-08 22:07:12.682584	2015-09-08 22:07:12.682584	12884930560	AAAAAGXnzyoKW6HwLpJfpz2AF/oQl8EpFeT36cSipoo+BKUdAAAACgAAAAIAAAAFAAAAAAAAAAAAAAABAAAAAAAAAAYAAAABMjIAAAAAAAD5ygkQLP7y2hccB1QSxNocivEdtkb+Vn2vrMlV2ZtLeX//////////AAAAAAAAAAE+BKUdAAAAQHEWxl/tN9IIJ4j5w40i7sZZl8WbB3nmEGZW1y9LuNg8M3xlgVp/zXz/L3HnACpTuDxMWB1r6kWPbS0Pf/H/Ugo=	SJ/6y/OdhY5CUiPRnqxTC9dO7kXp80BRsGLxjYD0JKgAAAAAAAAACgAAAAAAAAABAAAAAAAAAAYAAAAAAAAAAA==	AAAAAAAAAAEAAAABAAAAAwAAAAAAAAAAZefPKgpbofAukl+nPYAX+hCXwSkV5PfpxKKmij4EpR0AAAACVAvjzgAAAAIAAAAFAAAABAAAAAAAAAAAAAAAAAEAAAAAAAAAAAAAAAAAAAAAAAABAAAAAgAAAAAAAAADAAAAAQAAAABl588qCluh8C6SX6c9gBf6EJfBKRXk9+nEoqaKPgSlHQAAAAEyMgAAAAAAAPnKCRAs/vLaFxwHVBLE2hyK8R22Rv5Wfa+syVXZm0t5AAAAAAAAAAB//////////wAAAAEAAAAAAAAAAAAAAAEAAAADAAAAAAAAAABl588qCluh8C6SX6c9gBf6EJfBKRXk9+nEoqaKPgSlHQAAAAJUC+POAAAAAgAAAAUAAAAFAAAAAAAAAAAAAAAAAQAAAAAAAAAAAAAAAAAAAA==
3e5e7923fc68d141e34e23e250b4223bf84818a0c5a79b0ab551f8c5ce0fee2b	3	8	GBS6PTZKBJN2D4BOSJP2OPMAC75BBF6BFEK6J57JYSRKNCR6ASSR3EBS	8589934598	0	0	1	-1	2015-09-08 22:07:12.696186	2015-09-08 22:07:12.696186	12884934656	AAAAAGXnzyoKW6HwLpJfpz2AF/oQl8EpFeT36cSipoo+BKUdAAAACgAAAAIAAAAGAAAAAAAAAAAAAAABAAAAAAAAAAYAAAABMzEAAAAAAAD5ygkQLP7y2hccB1QSxNocivEdtkb+Vn2vrMlV2ZtLeX//////////AAAAAAAAAAE+BKUdAAAAQIk1VMD1smUr+7WjuerMKWDKEG9UY4IbTLV76ShPahRrB6FzJqhYcTPOeoBoA07PiG4+itJ95iVyMkPVYvmCQQM=	Pl55I/xo0UHjTiPiULQiO/hIGKDFp5sKtVH4xc4P7isAAAAAAAAACgAAAAAAAAABAAAAAAAAAAYAAAAAAAAAAA==	AAAAAAAAAAEAAAABAAAAAwAAAAAAAAAAZefPKgpbofAukl+nPYAX+hCXwSkV5PfpxKKmij4EpR0AAAACVAvjxAAAAAIAAAAGAAAABQAAAAAAAAAAAAAAAAEAAAAAAAAAAAAAAAAAAAAAAAABAAAAAgAAAAAAAAADAAAAAQAAAABl588qCluh8C6SX6c9gBf6EJfBKRXk9+nEoqaKPgSlHQAAAAEzMQAAAAAAAPnKCRAs/vLaFxwHVBLE2hyK8R22Rv5Wfa+syVXZm0t5AAAAAAAAAAB//////////wAAAAEAAAAAAAAAAAAAAAEAAAADAAAAAAAAAABl588qCluh8C6SX6c9gBf6EJfBKRXk9+nEoqaKPgSlHQAAAAJUC+PEAAAAAgAAAAYAAAAGAAAAAAAAAAAAAAAAAQAAAAAAAAAAAAAAAAAAAA==
d78dd15df1c25cf77508b8d7f25ab4261dec419795459fe59fd252b2df55a2ee	3	9	GBS6PTZKBJN2D4BOSJP2OPMAC75BBF6BFEK6J57JYSRKNCR6ASSR3EBS	8589934599	0	0	1	-1	2015-09-08 22:07:12.710093	2015-09-08 22:07:12.710093	12884938752	AAAAAGXnzyoKW6HwLpJfpz2AF/oQl8EpFeT36cSipoo+BKUdAAAACgAAAAIAAAAHAAAAAAAAAAAAAAABAAAAAAAAAAYAAAABMzIAAAAAAAD5ygkQLP7y2hccB1QSxNocivEdtkb+Vn2vrMlV2ZtLeX//////////AAAAAAAAAAE+BKUdAAAAQAald3LwK4fVuhKXKOTBPItxeneKit2bum5abyPxuceVeDxBI0/AKUF3jy6qfAO3BNXU4X9ojTKAsVnt6fqF1g4=	143RXfHCXPd1CLjX8lq0Jh3sQZeVRZ/ln9JSst9Vou4AAAAAAAAACgAAAAAAAAABAAAAAAAAAAYAAAAAAAAAAA==	AAAAAAAAAAEAAAABAAAAAwAAAAAAAAAAZefPKgpbofAukl+nPYAX+hCXwSkV5PfpxKKmij4EpR0AAAACVAvjugAAAAIAAAAHAAAABgAAAAAAAAAAAAAAAAEAAAAAAAAAAAAAAAAAAAAAAAABAAAAAgAAAAAAAAADAAAAAQAAAABl588qCluh8C6SX6c9gBf6EJfBKRXk9+nEoqaKPgSlHQAAAAEzMgAAAAAAAPnKCRAs/vLaFxwHVBLE2hyK8R22Rv5Wfa+syVXZm0t5AAAAAAAAAAB//////////wAAAAEAAAAAAAAAAAAAAAEAAAADAAAAAAAAAABl588qCluh8C6SX6c9gBf6EJfBKRXk9+nEoqaKPgSlHQAAAAJUC+O6AAAAAgAAAAcAAAAHAAAAAAAAAAAAAAAAAQAAAAAAAAAAAAAAAAAAAA==
8b998aac3ff63dcebde1d35ab1d4a461d0b422064b7e3c051e56e4edca4d165a	3	10	GBS6PTZKBJN2D4BOSJP2OPMAC75BBF6BFEK6J57JYSRKNCR6ASSR3EBS	8589934600	0	0	1	-1	2015-09-08 22:07:12.725476	2015-09-08 22:07:12.725476	12884942848	AAAAAGXnzyoKW6HwLpJfpz2AF/oQl8EpFeT36cSipoo+BKUdAAAACgAAAAIAAAAIAAAAAAAAAAAAAAABAAAAAAAAAAYAAAABMzMAAAAAAAD5ygkQLP7y2hccB1QSxNocivEdtkb+Vn2vrMlV2ZtLeX//////////AAAAAAAAAAE+BKUdAAAAQINacHzwdeEHgdB0F3UjQwNVkFpIUN36fciZEkg0rd0peRqUs+nldiBMcG4jw4o8yf4ryBXn91HGjrEv8dapdwo=	i5mKrD/2Pc694dNasdSkYdC0IgZLfjwFHlbk7cpNFloAAAAAAAAACgAAAAAAAAABAAAAAAAAAAYAAAAAAAAAAA==	AAAAAAAAAAEAAAABAAAAAwAAAAAAAAAAZefPKgpbofAukl+nPYAX+hCXwSkV5PfpxKKmij4EpR0AAAACVAvjsAAAAAIAAAAIAAAABwAAAAAAAAAAAAAAAAEAAAAAAAAAAAAAAAAAAAAAAAABAAAAAgAAAAAAAAADAAAAAQAAAABl588qCluh8C6SX6c9gBf6EJfBKRXk9+nEoqaKPgSlHQAAAAEzMwAAAAAAAPnKCRAs/vLaFxwHVBLE2hyK8R22Rv5Wfa+syVXZm0t5AAAAAAAAAAB//////////wAAAAEAAAAAAAAAAAAAAAEAAAADAAAAAAAAAABl588qCluh8C6SX6c9gBf6EJfBKRXk9+nEoqaKPgSlHQAAAAJUC+OwAAAAAgAAAAgAAAAIAAAAAAAAAAAAAAAAAQAAAAAAAAAAAAAAAAAAAA==
240a5c5bbecad3872fc01df20e14f2d791d91070adca780afdac5d762f417468	4	1	GD44UCIQFT7PFWQXDQDVIEWE3IOIV4I5WZDP4VT5V6WMSVOZTNFXTVAC	8589934593	0	0	1	-1	2015-09-08 22:07:12.759875	2015-09-08 22:07:12.759875	17179873280	AAAAAPnKCRAs/vLaFxwHVBLE2hyK8R22Rv5Wfa+syVXZm0t5AAAACgAAAAIAAAABAAAAAAAAAAAAAAABAAAAAAAAAAEAAAAATK5dklyLdwaC/QqiWQkdoziT2KwsKS0h9iNJKjjPgfAAAAABVVNEAAAAAAD5ygkQLP7y2hccB1QSxNocivEdtkb+Vn2vrMlV2ZtLeQAAAAAAABOIAAAAAAAAAAHZm0t5AAAAQMW1XQ+3P4Ba6J6JYnHfCAoWAiOjWgkpCIbgfTU0UimpjCQ9oLnGT0OnM2yZL4RxDQFA4ZQOD10P4V++EP7mXAQ=	JApcW77K04cvwB3yDhTy15HZEHCtyngK/axddi9BdGgAAAAAAAAACgAAAAAAAAABAAAAAAAAAAEAAAAAAAAAAA==	AAAAAAAAAAEAAAABAAAABAAAAAAAAAAA+coJECz+8toXHAdUEsTaHIrxHbZG/lZ9r6zJVdmbS3kAAAACVAvj9gAAAAIAAAABAAAAAAAAAAAAAAAAAAAAAAEAAAAAAAAAAAAAAAAAAAAAAAABAAAAAQAAAAEAAAAEAAAAAQAAAABMrl2SXIt3BoL9CqJZCR2jOJPYrCwpLSH2I0kqOM+B8AAAAAFVU0QAAAAAAPnKCRAs/vLaFxwHVBLE2hyK8R22Rv5Wfa+syVXZm0t5AAAAAAAAE4h//////////wAAAAEAAAAAAAAAAA==
171c2860685ac29a7ba63f08e70f5a01dccd141406171c048a3ecc56c1b0ae37	4	2	GD44UCIQFT7PFWQXDQDVIEWE3IOIV4I5WZDP4VT5V6WMSVOZTNFXTVAC	8589934594	0	0	1	-1	2015-09-08 22:07:12.781538	2015-09-08 22:07:12.781538	17179877376	AAAAAPnKCRAs/vLaFxwHVBLE2hyK8R22Rv5Wfa+syVXZm0t5AAAACgAAAAIAAAACAAAAAAAAAAAAAAABAAAAAAAAAAEAAAAAZefPKgpbofAukl+nPYAX+hCXwSkV5PfpxKKmij4EpR0AAAABRVVSAAAAAAD5ygkQLP7y2hccB1QSxNocivEdtkb+Vn2vrMlV2ZtLeQAAAAAAABOIAAAAAAAAAAHZm0t5AAAAQPBCdOAowDEVxxodhQ0JzvZkXWTmfTainkYGhR9PiXjQppO0yrA66tQ5XdMuIgdcN0ddYGaFLpyWa/Y3C8oVbQw=	FxwoYGhawpp7pj8I5w9aAdzNFBQGFxwEij7MVsGwrjcAAAAAAAAACgAAAAAAAAABAAAAAAAAAAEAAAAAAAAAAA==	AAAAAAAAAAEAAAABAAAABAAAAAAAAAAA+coJECz+8toXHAdUEsTaHIrxHbZG/lZ9r6zJVdmbS3kAAAACVAvj7AAAAAIAAAACAAAAAAAAAAAAAAAAAAAAAAEAAAAAAAAAAAAAAAAAAAAAAAABAAAAAQAAAAEAAAAEAAAAAQAAAABl588qCluh8C6SX6c9gBf6EJfBKRXk9+nEoqaKPgSlHQAAAAFFVVIAAAAAAPnKCRAs/vLaFxwHVBLE2hyK8R22Rv5Wfa+syVXZm0t5AAAAAAAAE4h//////////wAAAAEAAAAAAAAAAA==
5709364904e1230d825e8c289ee4d8df183df9aade72c911cc51d5e482ea684e	4	3	GD44UCIQFT7PFWQXDQDVIEWE3IOIV4I5WZDP4VT5V6WMSVOZTNFXTVAC	8589934595	0	0	1	-1	2015-09-08 22:07:12.798394	2015-09-08 22:07:12.798394	17179881472	AAAAAPnKCRAs/vLaFxwHVBLE2hyK8R22Rv5Wfa+syVXZm0t5AAAACgAAAAIAAAADAAAAAAAAAAAAAAABAAAAAAAAAAEAAAAAZefPKgpbofAukl+nPYAX+hCXwSkV5PfpxKKmij4EpR0AAAABMQAAAAAAAAD5ygkQLP7y2hccB1QSxNocivEdtkb+Vn2vrMlV2ZtLeQAAAAAAABOIAAAAAAAAAAHZm0t5AAAAQKDGJAdOmdwfbxhqNb/FrRKIdnQOwhCcfomBNIcmw30SVnDNxC3ByejbtHC/F6/HxsWAc3zCcZ9RVik0N96rbgM=	Vwk2SQThIw2CXowonuTY3xg9+arecskRzFHV5ILqaE4AAAAAAAAACgAAAAAAAAABAAAAAAAAAAEAAAAAAAAAAA==	AAAAAAAAAAEAAAABAAAABAAAAAAAAAAA+coJECz+8toXHAdUEsTaHIrxHbZG/lZ9r6zJVdmbS3kAAAACVAvj4gAAAAIAAAADAAAAAAAAAAAAAAAAAAAAAAEAAAAAAAAAAAAAAAAAAAAAAAABAAAAAQAAAAEAAAAEAAAAAQAAAABl588qCluh8C6SX6c9gBf6EJfBKRXk9+nEoqaKPgSlHQAAAAExAAAAAAAAAPnKCRAs/vLaFxwHVBLE2hyK8R22Rv5Wfa+syVXZm0t5AAAAAAAAE4h//////////wAAAAEAAAAAAAAAAA==
141c6eeab12e6f18797ffdd7816a5e497fe458d0337bbc2d24128d3d93de5019	4	4	GD44UCIQFT7PFWQXDQDVIEWE3IOIV4I5WZDP4VT5V6WMSVOZTNFXTVAC	8589934596	0	0	1	-1	2015-09-08 22:07:12.815801	2015-09-08 22:07:12.815801	17179885568	AAAAAPnKCRAs/vLaFxwHVBLE2hyK8R22Rv5Wfa+syVXZm0t5AAAACgAAAAIAAAAEAAAAAAAAAAAAAAABAAAAAAAAAAEAAAAAZefPKgpbofAukl+nPYAX+hCXwSkV5PfpxKKmij4EpR0AAAABMjEAAAAAAAD5ygkQLP7y2hccB1QSxNocivEdtkb+Vn2vrMlV2ZtLeQAAAAAAABOIAAAAAAAAAAHZm0t5AAAAQArsjMqdXYbXWcfWYhpuiq6E84wAxkjv79DnHJMiG3IWGDAgLqIPygmrkLwxFOf/dlPpqKyCy5EyEEZ3sBR2VgQ=	FBxu6rEubxh5f/3XgWpeSX/kWNAze7wtJBKNPZPeUBkAAAAAAAAACgAAAAAAAAABAAAAAAAAAAEAAAAAAAAAAA==	AAAAAAAAAAEAAAABAAAABAAAAAAAAAAA+coJECz+8toXHAdUEsTaHIrxHbZG/lZ9r6zJVdmbS3kAAAACVAvj2AAAAAIAAAAEAAAAAAAAAAAAAAAAAAAAAAEAAAAAAAAAAAAAAAAAAAAAAAABAAAAAQAAAAEAAAAEAAAAAQAAAABl588qCluh8C6SX6c9gBf6EJfBKRXk9+nEoqaKPgSlHQAAAAEyMQAAAAAAAPnKCRAs/vLaFxwHVBLE2hyK8R22Rv5Wfa+syVXZm0t5AAAAAAAAE4h//////////wAAAAEAAAAAAAAAAA==
e6936a6dd85425d1b7c8416117fc924df7ba82e8c92fe1aba4719eb393eb2ac5	4	5	GD44UCIQFT7PFWQXDQDVIEWE3IOIV4I5WZDP4VT5V6WMSVOZTNFXTVAC	8589934597	0	0	1	-1	2015-09-08 22:07:12.831969	2015-09-08 22:07:12.831969	17179889664	AAAAAPnKCRAs/vLaFxwHVBLE2hyK8R22Rv5Wfa+syVXZm0t5AAAACgAAAAIAAAAFAAAAAAAAAAAAAAABAAAAAAAAAAEAAAAAZefPKgpbofAukl+nPYAX+hCXwSkV5PfpxKKmij4EpR0AAAABMjIAAAAAAAD5ygkQLP7y2hccB1QSxNocivEdtkb+Vn2vrMlV2ZtLeQAAAAAAABOIAAAAAAAAAAHZm0t5AAAAQCuVWeIRnyZsSLiN/fDvfOn8UBc1GyRumoJQ/VMVqIDCdv1uVVpE5ouHd4rxaRl8ZV7Ub+EkVu7mpfb7dOP1IwM=	5pNqbdhUJdG3yEFhF/ySTfe6gujJL+GrpHGes5PrKsUAAAAAAAAACgAAAAAAAAABAAAAAAAAAAEAAAAAAAAAAA==	AAAAAAAAAAEAAAABAAAABAAAAAAAAAAA+coJECz+8toXHAdUEsTaHIrxHbZG/lZ9r6zJVdmbS3kAAAACVAvjzgAAAAIAAAAFAAAAAAAAAAAAAAAAAAAAAAEAAAAAAAAAAAAAAAAAAAAAAAABAAAAAQAAAAEAAAAEAAAAAQAAAABl588qCluh8C6SX6c9gBf6EJfBKRXk9+nEoqaKPgSlHQAAAAEyMgAAAAAAAPnKCRAs/vLaFxwHVBLE2hyK8R22Rv5Wfa+syVXZm0t5AAAAAAAAE4h//////////wAAAAEAAAAAAAAAAA==
600f0656d9be3cbb60ffd29dd8a58c2ea672553e8d7fbf156561b6fd67caf9fe	4	6	GD44UCIQFT7PFWQXDQDVIEWE3IOIV4I5WZDP4VT5V6WMSVOZTNFXTVAC	8589934598	0	0	1	-1	2015-09-08 22:07:12.848262	2015-09-08 22:07:12.848262	17179893760	AAAAAPnKCRAs/vLaFxwHVBLE2hyK8R22Rv5Wfa+syVXZm0t5AAAACgAAAAIAAAAGAAAAAAAAAAAAAAABAAAAAAAAAAEAAAAAZefPKgpbofAukl+nPYAX+hCXwSkV5PfpxKKmij4EpR0AAAABMzEAAAAAAAD5ygkQLP7y2hccB1QSxNocivEdtkb+Vn2vrMlV2ZtLeQAAAAAAABOIAAAAAAAAAAHZm0t5AAAAQP1m4rh6prji9eXe3/Wh0Z8Xmt1hdnXrBaVjCPIK3BJhKwZM6sjaIfYuSU2USuWOOERCzbpyKQSqoq/cLEcmQAg=	YA8GVtm+PLtg/9Kd2KWMLqZyVT6Nf78VZWG2/WfK+f4AAAAAAAAACgAAAAAAAAABAAAAAAAAAAEAAAAAAAAAAA==	AAAAAAAAAAEAAAABAAAABAAAAAAAAAAA+coJECz+8toXHAdUEsTaHIrxHbZG/lZ9r6zJVdmbS3kAAAACVAvjxAAAAAIAAAAGAAAAAAAAAAAAAAAAAAAAAAEAAAAAAAAAAAAAAAAAAAAAAAABAAAAAQAAAAEAAAAEAAAAAQAAAABl588qCluh8C6SX6c9gBf6EJfBKRXk9+nEoqaKPgSlHQAAAAEzMQAAAAAAAPnKCRAs/vLaFxwHVBLE2hyK8R22Rv5Wfa+syVXZm0t5AAAAAAAAE4h//////////wAAAAEAAAAAAAAAAA==
386e2ad076cf3b3c1a3b9f0ee244256b5150e4ddf2e012eed7e435ca8e1df59e	4	7	GD44UCIQFT7PFWQXDQDVIEWE3IOIV4I5WZDP4VT5V6WMSVOZTNFXTVAC	8589934599	0	0	1	-1	2015-09-08 22:07:12.864972	2015-09-08 22:07:12.864972	17179897856	AAAAAPnKCRAs/vLaFxwHVBLE2hyK8R22Rv5Wfa+syVXZm0t5AAAACgAAAAIAAAAHAAAAAAAAAAAAAAABAAAAAAAAAAEAAAAAZefPKgpbofAukl+nPYAX+hCXwSkV5PfpxKKmij4EpR0AAAABMzIAAAAAAAD5ygkQLP7y2hccB1QSxNocivEdtkb+Vn2vrMlV2ZtLeQAAAAAAABOIAAAAAAAAAAHZm0t5AAAAQEJRDGIXcS5HWgGxqtVQ2vsCKHlkzIfZ+WBGE5yIScEtXfStjp63Md3r51FdmMSIkXbHem3MhrWta05oVr1ZjQg=	OG4q0HbPOzwaO58O4kQla1FQ5N3y4BLu1+Q1yo4d9Z4AAAAAAAAACgAAAAAAAAABAAAAAAAAAAEAAAAAAAAAAA==	AAAAAAAAAAEAAAABAAAABAAAAAAAAAAA+coJECz+8toXHAdUEsTaHIrxHbZG/lZ9r6zJVdmbS3kAAAACVAvjugAAAAIAAAAHAAAAAAAAAAAAAAAAAAAAAAEAAAAAAAAAAAAAAAAAAAAAAAABAAAAAQAAAAEAAAAEAAAAAQAAAABl588qCluh8C6SX6c9gBf6EJfBKRXk9+nEoqaKPgSlHQAAAAEzMgAAAAAAAPnKCRAs/vLaFxwHVBLE2hyK8R22Rv5Wfa+syVXZm0t5AAAAAAAAE4h//////////wAAAAEAAAAAAAAAAA==
97dce515f7e4e67902c2910ce2bda5fc323b345b1482d5727e24c52a538be7a2	4	8	GD44UCIQFT7PFWQXDQDVIEWE3IOIV4I5WZDP4VT5V6WMSVOZTNFXTVAC	8589934600	0	0	1	-1	2015-09-08 22:07:12.881131	2015-09-08 22:07:12.881131	17179901952	AAAAAPnKCRAs/vLaFxwHVBLE2hyK8R22Rv5Wfa+syVXZm0t5AAAACgAAAAIAAAAIAAAAAAAAAAAAAAABAAAAAAAAAAEAAAAAZefPKgpbofAukl+nPYAX+hCXwSkV5PfpxKKmij4EpR0AAAABMzMAAAAAAAD5ygkQLP7y2hccB1QSxNocivEdtkb+Vn2vrMlV2ZtLeQAAAAAAABOIAAAAAAAAAAHZm0t5AAAAQC4LOOVNrP7/wIgxeJTks6ij6aQEcQlrfcF55o86uhhPjtEoRtxEqxttcBIfNpC6fjLAQle8v77xCDHqzkFf2AA=	l9zlFffk5nkCwpEM4r2l/DI7NFsUgtVyfiTFKlOL56IAAAAAAAAACgAAAAAAAAABAAAAAAAAAAEAAAAAAAAAAA==	AAAAAAAAAAEAAAABAAAABAAAAAAAAAAA+coJECz+8toXHAdUEsTaHIrxHbZG/lZ9r6zJVdmbS3kAAAACVAvjsAAAAAIAAAAIAAAAAAAAAAAAAAAAAAAAAAEAAAAAAAAAAAAAAAAAAAAAAAABAAAAAQAAAAEAAAAEAAAAAQAAAABl588qCluh8C6SX6c9gBf6EJfBKRXk9+nEoqaKPgSlHQAAAAEzMwAAAAAAAPnKCRAs/vLaFxwHVBLE2hyK8R22Rv5Wfa+syVXZm0t5AAAAAAAAE4h//////////wAAAAEAAAAAAAAAAA==
6511e1c4c3ed2018ad38b1ec3b53b6c9ccf55ef68332edc3387bfcb60ef29af6	5	1	GBS6PTZKBJN2D4BOSJP2OPMAC75BBF6BFEK6J57JYSRKNCR6ASSR3EBS	8589934601	0	0	1	-1	2015-09-08 22:07:12.914953	2015-09-08 22:07:12.914953	21474840576	AAAAAGXnzyoKW6HwLpJfpz2AF/oQl8EpFeT36cSipoo+BKUdAAAACgAAAAIAAAAJAAAAAAAAAAAAAAABAAAAAAAAAAMAAAABRVVSAAAAAAD5ygkQLP7y2hccB1QSxNocivEdtkb+Vn2vrMlV2ZtLeQAAAAFVU0QAAAAAAPnKCRAs/vLaFxwHVBLE2hyK8R22Rv5Wfa+syVXZm0t5AAAAAAAAAAoAAAABAAAAAQAAAAAAAAAAAAAAAAAAAAE+BKUdAAAAQFtFnlFwCUsMR+giMOWWaofT4vymb+SN5yMK6Xlh1NNcso1N+74pNMmt+YBnJcqwb9csHvHbRva1RjHTm7EIvA4=	ZRHhxMPtIBitOLHsO1O2ycz1XvaDMu3DOHv8tg7ymvYAAAAAAAAACgAAAAAAAAABAAAAAAAAAAMAAAAAAAAAAAAAAAAAAAAAZefPKgpbofAukl+nPYAX+hCXwSkV5PfpxKKmij4EpR0AAAAAAAAAAQAAAAFFVVIAAAAAAPnKCRAs/vLaFxwHVBLE2hyK8R22Rv5Wfa+syVXZm0t5AAAAAVVTRAAAAAAA+coJECz+8toXHAdUEsTaHIrxHbZG/lZ9r6zJVdmbS3kAAAAAAAAACgAAAAEAAAABAAAAAAAAAAAAAAAA	AAAAAAAAAAEAAAABAAAABQAAAAAAAAAAZefPKgpbofAukl+nPYAX+hCXwSkV5PfpxKKmij4EpR0AAAACVAvjpgAAAAIAAAAJAAAACAAAAAAAAAAAAAAAAAEAAAAAAAAAAAAAAAAAAAAAAAABAAAAAgAAAAAAAAAFAAAAAgAAAABl588qCluh8C6SX6c9gBf6EJfBKRXk9+nEoqaKPgSlHQAAAAAAAAABAAAAAUVVUgAAAAAA+coJECz+8toXHAdUEsTaHIrxHbZG/lZ9r6zJVdmbS3kAAAABVVNEAAAAAAD5ygkQLP7y2hccB1QSxNocivEdtkb+Vn2vrMlV2ZtLeQAAAAAAAAAKAAAAAQAAAAEAAAAAAAAAAAAAAAAAAAABAAAABQAAAAAAAAAAZefPKgpbofAukl+nPYAX+hCXwSkV5PfpxKKmij4EpR0AAAACVAvjpgAAAAIAAAAJAAAACQAAAAAAAAAAAAAAAAEAAAAAAAAAAAAAAAAAAAA=
4b4aac996e1ce0a6d06d95c6bfb671d80eae540624d51c1f0497cf5e32a86c7c	5	2	GBS6PTZKBJN2D4BOSJP2OPMAC75BBF6BFEK6J57JYSRKNCR6ASSR3EBS	8589934602	0	0	1	-1	2015-09-08 22:07:12.924709	2015-09-08 22:07:12.924709	21474844672	AAAAAGXnzyoKW6HwLpJfpz2AF/oQl8EpFeT36cSipoo+BKUdAAAACgAAAAIAAAAKAAAAAAAAAAAAAAABAAAAAAAAAAMAAAABMQAAAAAAAAD5ygkQLP7y2hccB1QSxNocivEdtkb+Vn2vrMlV2ZtLeQAAAAFVU0QAAAAAAPnKCRAs/vLaFxwHVBLE2hyK8R22Rv5Wfa+syVXZm0t5AAAAAAAAABQAAAABAAAAAQAAAAAAAAAAAAAAAAAAAAE+BKUdAAAAQLbFkuo4S7m+lZ4W/zvFFMUa6PLPfs3IzWzBaJ0LouG9oxP/JKFyt0ihbfhOfFUGYsZ6d/OsJDkszCR3gEax9Qs=	S0qsmW4c4KbQbZXGv7Zx2A6uVAYk1RwfBJfPXjKobHwAAAAAAAAACgAAAAAAAAABAAAAAAAAAAMAAAAAAAAAAAAAAAAAAAAAZefPKgpbofAukl+nPYAX+hCXwSkV5PfpxKKmij4EpR0AAAAAAAAAAgAAAAExAAAAAAAAAPnKCRAs/vLaFxwHVBLE2hyK8R22Rv5Wfa+syVXZm0t5AAAAAVVTRAAAAAAA+coJECz+8toXHAdUEsTaHIrxHbZG/lZ9r6zJVdmbS3kAAAAAAAAAFAAAAAEAAAABAAAAAAAAAAAAAAAA	AAAAAAAAAAEAAAABAAAABQAAAAAAAAAAZefPKgpbofAukl+nPYAX+hCXwSkV5PfpxKKmij4EpR0AAAACVAvjnAAAAAIAAAAKAAAACQAAAAAAAAAAAAAAAAEAAAAAAAAAAAAAAAAAAAAAAAABAAAAAgAAAAAAAAAFAAAAAgAAAABl588qCluh8C6SX6c9gBf6EJfBKRXk9+nEoqaKPgSlHQAAAAAAAAACAAAAATEAAAAAAAAA+coJECz+8toXHAdUEsTaHIrxHbZG/lZ9r6zJVdmbS3kAAAABVVNEAAAAAAD5ygkQLP7y2hccB1QSxNocivEdtkb+Vn2vrMlV2ZtLeQAAAAAAAAAUAAAAAQAAAAEAAAAAAAAAAAAAAAAAAAABAAAABQAAAAAAAAAAZefPKgpbofAukl+nPYAX+hCXwSkV5PfpxKKmij4EpR0AAAACVAvjnAAAAAIAAAAKAAAACgAAAAAAAAAAAAAAAAEAAAAAAAAAAAAAAAAAAAA=
ffd1f0276243610384ebbc59d75f0f63be837f997414c4e5e41d537d2980b25b	5	3	GBS6PTZKBJN2D4BOSJP2OPMAC75BBF6BFEK6J57JYSRKNCR6ASSR3EBS	8589934603	0	0	1	-1	2015-09-08 22:07:12.934063	2015-09-08 22:07:12.934063	21474848768	AAAAAGXnzyoKW6HwLpJfpz2AF/oQl8EpFeT36cSipoo+BKUdAAAACgAAAAIAAAALAAAAAAAAAAAAAAABAAAAAAAAAAMAAAABRVVSAAAAAAD5ygkQLP7y2hccB1QSxNocivEdtkb+Vn2vrMlV2ZtLeQAAAAExAAAAAAAAAPnKCRAs/vLaFxwHVBLE2hyK8R22Rv5Wfa+syVXZm0t5AAAAAAAAABQAAAABAAAAAQAAAAAAAAAAAAAAAAAAAAE+BKUdAAAAQCKXqtFRpFBXTUrXOn4VOLKYgMyN8aJXi3NbfRgGrWAiel+hRolhbt1WqLz+whOeRo8t2Od/13dQMVOMUrP1RQM=	/9HwJ2JDYQOE67xZ118PY76Df5l0FMTl5B1TfSmAslsAAAAAAAAACgAAAAAAAAABAAAAAAAAAAMAAAAAAAAAAAAAAAAAAAAAZefPKgpbofAukl+nPYAX+hCXwSkV5PfpxKKmij4EpR0AAAAAAAAAAwAAAAFFVVIAAAAAAPnKCRAs/vLaFxwHVBLE2hyK8R22Rv5Wfa+syVXZm0t5AAAAATEAAAAAAAAA+coJECz+8toXHAdUEsTaHIrxHbZG/lZ9r6zJVdmbS3kAAAAAAAAAFAAAAAEAAAABAAAAAAAAAAAAAAAA	AAAAAAAAAAEAAAABAAAABQAAAAAAAAAAZefPKgpbofAukl+nPYAX+hCXwSkV5PfpxKKmij4EpR0AAAACVAvjkgAAAAIAAAALAAAACgAAAAAAAAAAAAAAAAEAAAAAAAAAAAAAAAAAAAAAAAABAAAAAgAAAAAAAAAFAAAAAgAAAABl588qCluh8C6SX6c9gBf6EJfBKRXk9+nEoqaKPgSlHQAAAAAAAAADAAAAAUVVUgAAAAAA+coJECz+8toXHAdUEsTaHIrxHbZG/lZ9r6zJVdmbS3kAAAABMQAAAAAAAAD5ygkQLP7y2hccB1QSxNocivEdtkb+Vn2vrMlV2ZtLeQAAAAAAAAAUAAAAAQAAAAEAAAAAAAAAAAAAAAAAAAABAAAABQAAAAAAAAAAZefPKgpbofAukl+nPYAX+hCXwSkV5PfpxKKmij4EpR0AAAACVAvjkgAAAAIAAAALAAAACwAAAAAAAAAAAAAAAAEAAAAAAAAAAAAAAAAAAAA=
37508df910cd3e7a10091c45d991cbfb33bbe8ab6081920473a7dba7e9b4bd8e	5	4	GBS6PTZKBJN2D4BOSJP2OPMAC75BBF6BFEK6J57JYSRKNCR6ASSR3EBS	8589934604	0	0	1	-1	2015-09-08 22:07:12.94329	2015-09-08 22:07:12.94329	21474852864	AAAAAGXnzyoKW6HwLpJfpz2AF/oQl8EpFeT36cSipoo+BKUdAAAACgAAAAIAAAAMAAAAAAAAAAAAAAABAAAAAAAAAAMAAAABMjEAAAAAAAD5ygkQLP7y2hccB1QSxNocivEdtkb+Vn2vrMlV2ZtLeQAAAAFVU0QAAAAAAPnKCRAs/vLaFxwHVBLE2hyK8R22Rv5Wfa+syVXZm0t5AAAAAAAAAB4AAAABAAAAAQAAAAAAAAAAAAAAAAAAAAE+BKUdAAAAQP/Pg9fGPzA9hPF8H7PK/P1aYaRZiPmrd0V4uIxuNhXwdc75wRhSG2ymJysB0iGN0PXL7m0NVw2M1a6t/N5ktA4=	N1CN+RDNPnoQCRxF2ZHL+zO76KtggZIEc6fbp+m0vY4AAAAAAAAACgAAAAAAAAABAAAAAAAAAAMAAAAAAAAAAAAAAAAAAAAAZefPKgpbofAukl+nPYAX+hCXwSkV5PfpxKKmij4EpR0AAAAAAAAABAAAAAEyMQAAAAAAAPnKCRAs/vLaFxwHVBLE2hyK8R22Rv5Wfa+syVXZm0t5AAAAAVVTRAAAAAAA+coJECz+8toXHAdUEsTaHIrxHbZG/lZ9r6zJVdmbS3kAAAAAAAAAHgAAAAEAAAABAAAAAAAAAAAAAAAA	AAAAAAAAAAEAAAABAAAABQAAAAAAAAAAZefPKgpbofAukl+nPYAX+hCXwSkV5PfpxKKmij4EpR0AAAACVAvjiAAAAAIAAAAMAAAACwAAAAAAAAAAAAAAAAEAAAAAAAAAAAAAAAAAAAAAAAABAAAAAgAAAAAAAAAFAAAAAgAAAABl588qCluh8C6SX6c9gBf6EJfBKRXk9+nEoqaKPgSlHQAAAAAAAAAEAAAAATIxAAAAAAAA+coJECz+8toXHAdUEsTaHIrxHbZG/lZ9r6zJVdmbS3kAAAABVVNEAAAAAAD5ygkQLP7y2hccB1QSxNocivEdtkb+Vn2vrMlV2ZtLeQAAAAAAAAAeAAAAAQAAAAEAAAAAAAAAAAAAAAAAAAABAAAABQAAAAAAAAAAZefPKgpbofAukl+nPYAX+hCXwSkV5PfpxKKmij4EpR0AAAACVAvjiAAAAAIAAAAMAAAADAAAAAAAAAAAAAAAAAEAAAAAAAAAAAAAAAAAAAA=
c1f7091dc1e320a56af22ee5bca21961affec62a4c23663700f86f8e5a5243c5	5	5	GBS6PTZKBJN2D4BOSJP2OPMAC75BBF6BFEK6J57JYSRKNCR6ASSR3EBS	8589934605	0	0	1	-1	2015-09-08 22:07:12.952329	2015-09-08 22:07:12.952329	21474856960	AAAAAGXnzyoKW6HwLpJfpz2AF/oQl8EpFeT36cSipoo+BKUdAAAACgAAAAIAAAANAAAAAAAAAAAAAAABAAAAAAAAAAMAAAABMjIAAAAAAAD5ygkQLP7y2hccB1QSxNocivEdtkb+Vn2vrMlV2ZtLeQAAAAEyMQAAAAAAAPnKCRAs/vLaFxwHVBLE2hyK8R22Rv5Wfa+syVXZm0t5AAAAAAAAAB4AAAABAAAAAQAAAAAAAAAAAAAAAAAAAAE+BKUdAAAAQMtWWAGV9sSWcg4AS13vlQh4CeKUOoc343Gez5YClWqu8/skARYC6QY0lk2iCCwB5+G3xD1v+KZ0nRHnusOXHwI=	wfcJHcHjIKVq8i7lvKIZYa/+xipMI2Y3APhvjlpSQ8UAAAAAAAAACgAAAAAAAAABAAAAAAAAAAMAAAAAAAAAAAAAAAAAAAAAZefPKgpbofAukl+nPYAX+hCXwSkV5PfpxKKmij4EpR0AAAAAAAAABQAAAAEyMgAAAAAAAPnKCRAs/vLaFxwHVBLE2hyK8R22Rv5Wfa+syVXZm0t5AAAAATIxAAAAAAAA+coJECz+8toXHAdUEsTaHIrxHbZG/lZ9r6zJVdmbS3kAAAAAAAAAHgAAAAEAAAABAAAAAAAAAAAAAAAA	AAAAAAAAAAEAAAABAAAABQAAAAAAAAAAZefPKgpbofAukl+nPYAX+hCXwSkV5PfpxKKmij4EpR0AAAACVAvjfgAAAAIAAAANAAAADAAAAAAAAAAAAAAAAAEAAAAAAAAAAAAAAAAAAAAAAAABAAAAAgAAAAAAAAAFAAAAAgAAAABl588qCluh8C6SX6c9gBf6EJfBKRXk9+nEoqaKPgSlHQAAAAAAAAAFAAAAATIyAAAAAAAA+coJECz+8toXHAdUEsTaHIrxHbZG/lZ9r6zJVdmbS3kAAAABMjEAAAAAAAD5ygkQLP7y2hccB1QSxNocivEdtkb+Vn2vrMlV2ZtLeQAAAAAAAAAeAAAAAQAAAAEAAAAAAAAAAAAAAAAAAAABAAAABQAAAAAAAAAAZefPKgpbofAukl+nPYAX+hCXwSkV5PfpxKKmij4EpR0AAAACVAvjfgAAAAIAAAANAAAADQAAAAAAAAAAAAAAAAEAAAAAAAAAAAAAAAAAAAA=
6c9bd64b20af0716b607e4ed9f536acd365fbf1fa3f3379e3fce573dd0f85f43	5	6	GBS6PTZKBJN2D4BOSJP2OPMAC75BBF6BFEK6J57JYSRKNCR6ASSR3EBS	8589934606	0	0	1	-1	2015-09-08 22:07:12.961748	2015-09-08 22:07:12.961748	21474861056	AAAAAGXnzyoKW6HwLpJfpz2AF/oQl8EpFeT36cSipoo+BKUdAAAACgAAAAIAAAAOAAAAAAAAAAAAAAABAAAAAAAAAAMAAAABRVVSAAAAAAD5ygkQLP7y2hccB1QSxNocivEdtkb+Vn2vrMlV2ZtLeQAAAAEyMgAAAAAAAPnKCRAs/vLaFxwHVBLE2hyK8R22Rv5Wfa+syVXZm0t5AAAAAAAAAB4AAAABAAAAAQAAAAAAAAAAAAAAAAAAAAE+BKUdAAAAQO2HgueeQ9IwySS+tJUSV6o1QqHpztnwmZrFxChRpvIYp9aG2trE1jq8U6jJmcwrxBDjqj6VDpcCW4unLInAWwg=	bJvWSyCvBxa2B+Ttn1NqzTZfvx+j8zeeP85XPdD4X0MAAAAAAAAACgAAAAAAAAABAAAAAAAAAAMAAAAAAAAAAAAAAAAAAAAAZefPKgpbofAukl+nPYAX+hCXwSkV5PfpxKKmij4EpR0AAAAAAAAABgAAAAFFVVIAAAAAAPnKCRAs/vLaFxwHVBLE2hyK8R22Rv5Wfa+syVXZm0t5AAAAATIyAAAAAAAA+coJECz+8toXHAdUEsTaHIrxHbZG/lZ9r6zJVdmbS3kAAAAAAAAAHgAAAAEAAAABAAAAAAAAAAAAAAAA	AAAAAAAAAAEAAAABAAAABQAAAAAAAAAAZefPKgpbofAukl+nPYAX+hCXwSkV5PfpxKKmij4EpR0AAAACVAvjdAAAAAIAAAAOAAAADQAAAAAAAAAAAAAAAAEAAAAAAAAAAAAAAAAAAAAAAAABAAAAAgAAAAAAAAAFAAAAAgAAAABl588qCluh8C6SX6c9gBf6EJfBKRXk9+nEoqaKPgSlHQAAAAAAAAAGAAAAAUVVUgAAAAAA+coJECz+8toXHAdUEsTaHIrxHbZG/lZ9r6zJVdmbS3kAAAABMjIAAAAAAAD5ygkQLP7y2hccB1QSxNocivEdtkb+Vn2vrMlV2ZtLeQAAAAAAAAAeAAAAAQAAAAEAAAAAAAAAAAAAAAAAAAABAAAABQAAAAAAAAAAZefPKgpbofAukl+nPYAX+hCXwSkV5PfpxKKmij4EpR0AAAACVAvjdAAAAAIAAAAOAAAADgAAAAAAAAAAAAAAAAEAAAAAAAAAAAAAAAAAAAA=
cb85d177ce95781d14331009fd450ba27a773e449e331f6fc9300c1d0796723d	5	7	GBS6PTZKBJN2D4BOSJP2OPMAC75BBF6BFEK6J57JYSRKNCR6ASSR3EBS	8589934607	0	0	1	-1	2015-09-08 22:07:12.971158	2015-09-08 22:07:12.971158	21474865152	AAAAAGXnzyoKW6HwLpJfpz2AF/oQl8EpFeT36cSipoo+BKUdAAAACgAAAAIAAAAPAAAAAAAAAAAAAAABAAAAAAAAAAMAAAABMzEAAAAAAAD5ygkQLP7y2hccB1QSxNocivEdtkb+Vn2vrMlV2ZtLeQAAAAFVU0QAAAAAAPnKCRAs/vLaFxwHVBLE2hyK8R22Rv5Wfa+syVXZm0t5AAAAAAAAACgAAAABAAAAAQAAAAAAAAAAAAAAAAAAAAE+BKUdAAAAQMubrMYMlur8wp0LM6aLUxsW99Syn5uwrZNYVYCsLPDqqVgdEQyo7CRXNmE3lag7qRWXwXXHF40Dvyb6YwLudgQ=	y4XRd86VeB0UMxAJ/UULonp3PkSeMx9vyTAMHQeWcj0AAAAAAAAACgAAAAAAAAABAAAAAAAAAAMAAAAAAAAAAAAAAAAAAAAAZefPKgpbofAukl+nPYAX+hCXwSkV5PfpxKKmij4EpR0AAAAAAAAABwAAAAEzMQAAAAAAAPnKCRAs/vLaFxwHVBLE2hyK8R22Rv5Wfa+syVXZm0t5AAAAAVVTRAAAAAAA+coJECz+8toXHAdUEsTaHIrxHbZG/lZ9r6zJVdmbS3kAAAAAAAAAKAAAAAEAAAABAAAAAAAAAAAAAAAA	AAAAAAAAAAEAAAABAAAABQAAAAAAAAAAZefPKgpbofAukl+nPYAX+hCXwSkV5PfpxKKmij4EpR0AAAACVAvjagAAAAIAAAAPAAAADgAAAAAAAAAAAAAAAAEAAAAAAAAAAAAAAAAAAAAAAAABAAAAAgAAAAAAAAAFAAAAAgAAAABl588qCluh8C6SX6c9gBf6EJfBKRXk9+nEoqaKPgSlHQAAAAAAAAAHAAAAATMxAAAAAAAA+coJECz+8toXHAdUEsTaHIrxHbZG/lZ9r6zJVdmbS3kAAAABVVNEAAAAAAD5ygkQLP7y2hccB1QSxNocivEdtkb+Vn2vrMlV2ZtLeQAAAAAAAAAoAAAAAQAAAAEAAAAAAAAAAAAAAAAAAAABAAAABQAAAAAAAAAAZefPKgpbofAukl+nPYAX+hCXwSkV5PfpxKKmij4EpR0AAAACVAvjagAAAAIAAAAPAAAADwAAAAAAAAAAAAAAAAEAAAAAAAAAAAAAAAAAAAA=
68c2dbd7413e0fbf3949d0a0468a73c869cc6677df5dba26481f744bd096732f	5	8	GBS6PTZKBJN2D4BOSJP2OPMAC75BBF6BFEK6J57JYSRKNCR6ASSR3EBS	8589934608	0	0	1	-1	2015-09-08 22:07:12.981129	2015-09-08 22:07:12.981129	21474869248	AAAAAGXnzyoKW6HwLpJfpz2AF/oQl8EpFeT36cSipoo+BKUdAAAACgAAAAIAAAAQAAAAAAAAAAAAAAABAAAAAAAAAAMAAAABMzIAAAAAAAD5ygkQLP7y2hccB1QSxNocivEdtkb+Vn2vrMlV2ZtLeQAAAAEzMQAAAAAAAPnKCRAs/vLaFxwHVBLE2hyK8R22Rv5Wfa+syVXZm0t5AAAAAAAAACgAAAABAAAAAQAAAAAAAAAAAAAAAAAAAAE+BKUdAAAAQOlZ4wv5wOnNT3LF9KHmgZufmxzX0AnVV+KLN4mwgySRwSyx59L7HrY2Ac5FH5C9pKKmW2LsMWyFbzHaYVPWDAI=	aMLb10E+D785SdCgRopzyGnMZnffXbomSB90S9CWcy8AAAAAAAAACgAAAAAAAAABAAAAAAAAAAMAAAAAAAAAAAAAAAAAAAAAZefPKgpbofAukl+nPYAX+hCXwSkV5PfpxKKmij4EpR0AAAAAAAAACAAAAAEzMgAAAAAAAPnKCRAs/vLaFxwHVBLE2hyK8R22Rv5Wfa+syVXZm0t5AAAAATMxAAAAAAAA+coJECz+8toXHAdUEsTaHIrxHbZG/lZ9r6zJVdmbS3kAAAAAAAAAKAAAAAEAAAABAAAAAAAAAAAAAAAA	AAAAAAAAAAEAAAABAAAABQAAAAAAAAAAZefPKgpbofAukl+nPYAX+hCXwSkV5PfpxKKmij4EpR0AAAACVAvjYAAAAAIAAAAQAAAADwAAAAAAAAAAAAAAAAEAAAAAAAAAAAAAAAAAAAAAAAABAAAAAgAAAAAAAAAFAAAAAgAAAABl588qCluh8C6SX6c9gBf6EJfBKRXk9+nEoqaKPgSlHQAAAAAAAAAIAAAAATMyAAAAAAAA+coJECz+8toXHAdUEsTaHIrxHbZG/lZ9r6zJVdmbS3kAAAABMzEAAAAAAAD5ygkQLP7y2hccB1QSxNocivEdtkb+Vn2vrMlV2ZtLeQAAAAAAAAAoAAAAAQAAAAEAAAAAAAAAAAAAAAAAAAABAAAABQAAAAAAAAAAZefPKgpbofAukl+nPYAX+hCXwSkV5PfpxKKmij4EpR0AAAACVAvjYAAAAAIAAAAQAAAAEAAAAAAAAAAAAAAAAAEAAAAAAAAAAAAAAAAAAAA=
2edaffd73545ab31e9f4d21428e2e71712a43ced3abae9c79b25e4fd0a561089	5	9	GBS6PTZKBJN2D4BOSJP2OPMAC75BBF6BFEK6J57JYSRKNCR6ASSR3EBS	8589934609	0	0	1	-1	2015-09-08 22:07:12.990585	2015-09-08 22:07:12.990585	21474873344	AAAAAGXnzyoKW6HwLpJfpz2AF/oQl8EpFeT36cSipoo+BKUdAAAACgAAAAIAAAARAAAAAAAAAAAAAAABAAAAAAAAAAMAAAABMzMAAAAAAAD5ygkQLP7y2hccB1QSxNocivEdtkb+Vn2vrMlV2ZtLeQAAAAEzMgAAAAAAAPnKCRAs/vLaFxwHVBLE2hyK8R22Rv5Wfa+syVXZm0t5AAAAAAAAACgAAAABAAAAAQAAAAAAAAAAAAAAAAAAAAE+BKUdAAAAQFuyY/87/VvaP21KwmmA1wNlshY8vIhMhqgoXhq/871nmk3k/9Miyj48Kw8Z2y1IHl9kJiwDpm6o8HKYM6G4BAk=	Ltr/1zVFqzHp9NIUKOLnFxKkPO06uunHmyXk/QpWEIkAAAAAAAAACgAAAAAAAAABAAAAAAAAAAMAAAAAAAAAAAAAAAAAAAAAZefPKgpbofAukl+nPYAX+hCXwSkV5PfpxKKmij4EpR0AAAAAAAAACQAAAAEzMwAAAAAAAPnKCRAs/vLaFxwHVBLE2hyK8R22Rv5Wfa+syVXZm0t5AAAAATMyAAAAAAAA+coJECz+8toXHAdUEsTaHIrxHbZG/lZ9r6zJVdmbS3kAAAAAAAAAKAAAAAEAAAABAAAAAAAAAAAAAAAA	AAAAAAAAAAEAAAABAAAABQAAAAAAAAAAZefPKgpbofAukl+nPYAX+hCXwSkV5PfpxKKmij4EpR0AAAACVAvjVgAAAAIAAAARAAAAEAAAAAAAAAAAAAAAAAEAAAAAAAAAAAAAAAAAAAAAAAABAAAAAgAAAAAAAAAFAAAAAgAAAABl588qCluh8C6SX6c9gBf6EJfBKRXk9+nEoqaKPgSlHQAAAAAAAAAJAAAAATMzAAAAAAAA+coJECz+8toXHAdUEsTaHIrxHbZG/lZ9r6zJVdmbS3kAAAABMzIAAAAAAAD5ygkQLP7y2hccB1QSxNocivEdtkb+Vn2vrMlV2ZtLeQAAAAAAAAAoAAAAAQAAAAEAAAAAAAAAAAAAAAAAAAABAAAABQAAAAAAAAAAZefPKgpbofAukl+nPYAX+hCXwSkV5PfpxKKmij4EpR0AAAACVAvjVgAAAAIAAAARAAAAEQAAAAAAAAAAAAAAAAEAAAAAAAAAAAAAAAAAAAA=
a8e2d980723c36ff64471870143395a24f58c54bab664706c361d17c8db915a6	5	10	GBS6PTZKBJN2D4BOSJP2OPMAC75BBF6BFEK6J57JYSRKNCR6ASSR3EBS	8589934610	0	0	1	-1	2015-09-08 22:07:12.999798	2015-09-08 22:07:12.999798	21474877440	AAAAAGXnzyoKW6HwLpJfpz2AF/oQl8EpFeT36cSipoo+BKUdAAAACgAAAAIAAAASAAAAAAAAAAAAAAABAAAAAAAAAAMAAAABRVVSAAAAAAD5ygkQLP7y2hccB1QSxNocivEdtkb+Vn2vrMlV2ZtLeQAAAAEzMwAAAAAAAPnKCRAs/vLaFxwHVBLE2hyK8R22Rv5Wfa+syVXZm0t5AAAAAAAAACgAAAABAAAAAQAAAAAAAAAAAAAAAAAAAAE+BKUdAAAAQPGizLBqVEID9Yy9alwFOUP1Wmb2fEeQ0T93e10mKfK2lF/ELDgYHIm7wypFF9LGu0B5HHTmaAJwtWglZe58IQ4=	qOLZgHI8Nv9kRxhwFDOVok9YxUurZkcGw2HRfI25FaYAAAAAAAAACgAAAAAAAAABAAAAAAAAAAMAAAAAAAAAAAAAAAAAAAAAZefPKgpbofAukl+nPYAX+hCXwSkV5PfpxKKmij4EpR0AAAAAAAAACgAAAAFFVVIAAAAAAPnKCRAs/vLaFxwHVBLE2hyK8R22Rv5Wfa+syVXZm0t5AAAAATMzAAAAAAAA+coJECz+8toXHAdUEsTaHIrxHbZG/lZ9r6zJVdmbS3kAAAAAAAAAKAAAAAEAAAABAAAAAAAAAAAAAAAA	AAAAAAAAAAEAAAABAAAABQAAAAAAAAAAZefPKgpbofAukl+nPYAX+hCXwSkV5PfpxKKmij4EpR0AAAACVAvjTAAAAAIAAAASAAAAEQAAAAAAAAAAAAAAAAEAAAAAAAAAAAAAAAAAAAAAAAABAAAAAgAAAAAAAAAFAAAAAgAAAABl588qCluh8C6SX6c9gBf6EJfBKRXk9+nEoqaKPgSlHQAAAAAAAAAKAAAAAUVVUgAAAAAA+coJECz+8toXHAdUEsTaHIrxHbZG/lZ9r6zJVdmbS3kAAAABMzMAAAAAAAD5ygkQLP7y2hccB1QSxNocivEdtkb+Vn2vrMlV2ZtLeQAAAAAAAAAoAAAAAQAAAAEAAAAAAAAAAAAAAAAAAAABAAAABQAAAAAAAAAAZefPKgpbofAukl+nPYAX+hCXwSkV5PfpxKKmij4EpR0AAAACVAvjTAAAAAIAAAASAAAAEgAAAAAAAAAAAAAAAAEAAAAAAAAAAAAAAAAAAAA=
\.


--
-- Data for Name: schema_migrations; Type: TABLE DATA; Schema: public; Owner: -
--

COPY schema_migrations (version) FROM stdin;
20150508215546
20150310224849
20150313225945
20150313225955
20150501160031
20150508003829
20150508175821
20150508183542
20150609230237
20150629181921
20150825223417
20150825180131
\.


--
-- Name: history_operation_participants_pkey; Type: CONSTRAINT; Schema: public; Owner: -; Tablespace: 
--

ALTER TABLE ONLY history_operation_participants
    ADD CONSTRAINT history_operation_participants_pkey PRIMARY KEY (id);


--
-- Name: history_transaction_participants_pkey; Type: CONSTRAINT; Schema: public; Owner: -; Tablespace: 
--

ALTER TABLE ONLY history_transaction_participants
    ADD CONSTRAINT history_transaction_participants_pkey PRIMARY KEY (id);


--
-- Name: history_transaction_statuses_pkey; Type: CONSTRAINT; Schema: public; Owner: -; Tablespace: 
--

ALTER TABLE ONLY history_transaction_statuses
    ADD CONSTRAINT history_transaction_statuses_pkey PRIMARY KEY (id);


--
-- Name: by_account; Type: INDEX; Schema: public; Owner: -; Tablespace: 
--

CREATE INDEX by_account ON history_transactions USING btree (account, account_sequence);


--
-- Name: by_hash; Type: INDEX; Schema: public; Owner: -; Tablespace: 
--

CREATE INDEX by_hash ON history_transactions USING btree (transaction_hash);


--
-- Name: by_ledger; Type: INDEX; Schema: public; Owner: -; Tablespace: 
--

CREATE INDEX by_ledger ON history_transactions USING btree (ledger_sequence, application_order);


--
-- Name: by_status; Type: INDEX; Schema: public; Owner: -; Tablespace: 
--

CREATE INDEX by_status ON history_transactions USING btree (transaction_status_id);


--
-- Name: hist_e_by_order; Type: INDEX; Schema: public; Owner: -; Tablespace: 
--

CREATE UNIQUE INDEX hist_e_by_order ON history_effects USING btree (history_operation_id, "order");


--
-- Name: hist_e_id; Type: INDEX; Schema: public; Owner: -; Tablespace: 
--

CREATE UNIQUE INDEX hist_e_id ON history_effects USING btree (history_account_id, history_operation_id, "order");


--
-- Name: hist_op_p_id; Type: INDEX; Schema: public; Owner: -; Tablespace: 
--

CREATE UNIQUE INDEX hist_op_p_id ON history_operation_participants USING btree (history_account_id, history_operation_id);


--
-- Name: hs_ledger_by_id; Type: INDEX; Schema: public; Owner: -; Tablespace: 
--

CREATE UNIQUE INDEX hs_ledger_by_id ON history_ledgers USING btree (id);


--
-- Name: hs_transaction_by_id; Type: INDEX; Schema: public; Owner: -; Tablespace: 
--

CREATE UNIQUE INDEX hs_transaction_by_id ON history_transactions USING btree (id);


--
-- Name: index_history_accounts_on_id; Type: INDEX; Schema: public; Owner: -; Tablespace: 
--

CREATE UNIQUE INDEX index_history_accounts_on_id ON history_accounts USING btree (id);


--
-- Name: index_history_effects_on_type; Type: INDEX; Schema: public; Owner: -; Tablespace: 
--

CREATE INDEX index_history_effects_on_type ON history_effects USING btree (type);


--
-- Name: index_history_ledgers_on_closed_at; Type: INDEX; Schema: public; Owner: -; Tablespace: 
--

CREATE INDEX index_history_ledgers_on_closed_at ON history_ledgers USING btree (closed_at);


--
-- Name: index_history_ledgers_on_id; Type: INDEX; Schema: public; Owner: -; Tablespace: 
--

CREATE UNIQUE INDEX index_history_ledgers_on_id ON history_ledgers USING btree (id);


--
-- Name: index_history_ledgers_on_importer_version; Type: INDEX; Schema: public; Owner: -; Tablespace: 
--

CREATE INDEX index_history_ledgers_on_importer_version ON history_ledgers USING btree (importer_version);


--
-- Name: index_history_ledgers_on_ledger_hash; Type: INDEX; Schema: public; Owner: -; Tablespace: 
--

CREATE UNIQUE INDEX index_history_ledgers_on_ledger_hash ON history_ledgers USING btree (ledger_hash);


--
-- Name: index_history_ledgers_on_previous_ledger_hash; Type: INDEX; Schema: public; Owner: -; Tablespace: 
--

CREATE UNIQUE INDEX index_history_ledgers_on_previous_ledger_hash ON history_ledgers USING btree (previous_ledger_hash);


--
-- Name: index_history_ledgers_on_sequence; Type: INDEX; Schema: public; Owner: -; Tablespace: 
--

CREATE UNIQUE INDEX index_history_ledgers_on_sequence ON history_ledgers USING btree (sequence);


--
-- Name: index_history_operations_on_id; Type: INDEX; Schema: public; Owner: -; Tablespace: 
--

CREATE UNIQUE INDEX index_history_operations_on_id ON history_operations USING btree (id);


--
-- Name: index_history_operations_on_transaction_id; Type: INDEX; Schema: public; Owner: -; Tablespace: 
--

CREATE INDEX index_history_operations_on_transaction_id ON history_operations USING btree (transaction_id);


--
-- Name: index_history_operations_on_type; Type: INDEX; Schema: public; Owner: -; Tablespace: 
--

CREATE INDEX index_history_operations_on_type ON history_operations USING btree (type);


--
-- Name: index_history_transaction_participants_on_account; Type: INDEX; Schema: public; Owner: -; Tablespace: 
--

CREATE INDEX index_history_transaction_participants_on_account ON history_transaction_participants USING btree (account);


--
-- Name: index_history_transaction_participants_on_transaction_hash; Type: INDEX; Schema: public; Owner: -; Tablespace: 
--

CREATE INDEX index_history_transaction_participants_on_transaction_hash ON history_transaction_participants USING btree (transaction_hash);


--
-- Name: index_history_transaction_statuses_lc_on_all; Type: INDEX; Schema: public; Owner: -; Tablespace: 
--

CREATE UNIQUE INDEX index_history_transaction_statuses_lc_on_all ON history_transaction_statuses USING btree (id, result_code, result_code_s);


--
-- Name: index_history_transactions_on_id; Type: INDEX; Schema: public; Owner: -; Tablespace: 
--

CREATE UNIQUE INDEX index_history_transactions_on_id ON history_transactions USING btree (id);


--
-- Name: unique_schema_migrations; Type: INDEX; Schema: public; Owner: -; Tablespace: 
--

CREATE UNIQUE INDEX unique_schema_migrations ON schema_migrations USING btree (version);


--
-- Name: public; Type: ACL; Schema: -; Owner: -
--

REVOKE ALL ON SCHEMA public FROM PUBLIC;
REVOKE ALL ON SCHEMA public FROM nullstyle;
GRANT ALL ON SCHEMA public TO nullstyle;
GRANT ALL ON SCHEMA public TO PUBLIC;


--
-- PostgreSQL database dump complete
--

