--
-- PostgreSQL database dump
--

SET statement_timeout = 0;
SET lock_timeout = 0;
SET client_encoding = 'UTF8';
SET standard_conforming_strings = on;
SET check_function_bodies = false;
SET client_min_messages = warning;

SET search_path = public, pg_catalog;

DROP INDEX public.unique_schema_migrations;
DROP INDEX public.index_history_transactions_on_id;
DROP INDEX public.index_history_transaction_statuses_lc_on_all;
DROP INDEX public.index_history_transaction_participants_on_transaction_hash;
DROP INDEX public.index_history_transaction_participants_on_account;
DROP INDEX public.index_history_operations_on_type;
DROP INDEX public.index_history_operations_on_transaction_id;
DROP INDEX public.index_history_operations_on_id;
DROP INDEX public.index_history_ledgers_on_sequence;
DROP INDEX public.index_history_ledgers_on_previous_ledger_hash;
DROP INDEX public.index_history_ledgers_on_ledger_hash;
DROP INDEX public.index_history_ledgers_on_id;
DROP INDEX public.index_history_ledgers_on_closed_at;
DROP INDEX public.index_history_effects_on_type;
DROP INDEX public.index_history_accounts_on_id;
DROP INDEX public.hs_transaction_by_id;
DROP INDEX public.hs_ledger_by_id;
DROP INDEX public.hist_op_p_id;
DROP INDEX public.hist_e_id;
DROP INDEX public.hist_e_by_order;
DROP INDEX public.by_status;
DROP INDEX public.by_ledger;
DROP INDEX public.by_hash;
DROP INDEX public.by_account;
ALTER TABLE ONLY public.history_transaction_statuses DROP CONSTRAINT history_transaction_statuses_pkey;
ALTER TABLE ONLY public.history_transaction_participants DROP CONSTRAINT history_transaction_participants_pkey;
ALTER TABLE ONLY public.history_operation_participants DROP CONSTRAINT history_operation_participants_pkey;
ALTER TABLE public.history_transaction_statuses ALTER COLUMN id DROP DEFAULT;
ALTER TABLE public.history_transaction_participants ALTER COLUMN id DROP DEFAULT;
ALTER TABLE public.history_operation_participants ALTER COLUMN id DROP DEFAULT;
DROP TABLE public.schema_migrations;
DROP TABLE public.history_transactions;
DROP SEQUENCE public.history_transaction_statuses_id_seq;
DROP TABLE public.history_transaction_statuses;
DROP SEQUENCE public.history_transaction_participants_id_seq;
DROP TABLE public.history_transaction_participants;
DROP TABLE public.history_operations;
DROP SEQUENCE public.history_operation_participants_id_seq;
DROP TABLE public.history_operation_participants;
DROP TABLE public.history_ledgers;
DROP TABLE public.history_effects;
DROP TABLE public.history_accounts;
DROP EXTENSION hstore;
DROP EXTENSION plpgsql;
DROP SCHEMA public;
--
-- Name: public; Type: SCHEMA; Schema: -; Owner: -
--

CREATE SCHEMA public;


--
-- Name: SCHEMA public; Type: COMMENT; Schema: -; Owner: -
--

COMMENT ON SCHEMA public IS 'standard public schema';


--
-- Name: plpgsql; Type: EXTENSION; Schema: -; Owner: -
--

CREATE EXTENSION IF NOT EXISTS plpgsql WITH SCHEMA pg_catalog;


--
-- Name: EXTENSION plpgsql; Type: COMMENT; Schema: -; Owner: -
--

COMMENT ON EXTENSION plpgsql IS 'PL/pgSQL procedural language';


--
-- Name: hstore; Type: EXTENSION; Schema: -; Owner: -
--

CREATE EXTENSION IF NOT EXISTS hstore WITH SCHEMA public;


--
-- Name: EXTENSION hstore; Type: COMMENT; Schema: -; Owner: -
--

COMMENT ON EXTENSION hstore IS 'data type for storing sets of (key, value) pairs';


SET search_path = public, pg_catalog;

SET default_tablespace = '';

SET default_with_oids = false;

--
-- Name: history_accounts; Type: TABLE; Schema: public; Owner: -; Tablespace: 
--

CREATE TABLE history_accounts (
    id bigint NOT NULL,
    address character varying(64)
);


--
-- Name: history_effects; Type: TABLE; Schema: public; Owner: -; Tablespace: 
--

CREATE TABLE history_effects (
    history_account_id bigint NOT NULL,
    history_operation_id bigint NOT NULL,
    "order" integer NOT NULL,
    type integer NOT NULL,
    details jsonb
);


--
-- Name: history_ledgers; Type: TABLE; Schema: public; Owner: -; Tablespace: 
--

CREATE TABLE history_ledgers (
    sequence integer NOT NULL,
    ledger_hash character varying(64) NOT NULL,
    previous_ledger_hash character varying(64),
    transaction_count integer DEFAULT 0 NOT NULL,
    operation_count integer DEFAULT 0 NOT NULL,
    closed_at timestamp without time zone NOT NULL,
    created_at timestamp without time zone,
    updated_at timestamp without time zone,
    id bigint
);


--
-- Name: history_operation_participants; Type: TABLE; Schema: public; Owner: -; Tablespace: 
--

CREATE TABLE history_operation_participants (
    id integer NOT NULL,
    history_operation_id bigint NOT NULL,
    history_account_id bigint NOT NULL
);


--
-- Name: history_operation_participants_id_seq; Type: SEQUENCE; Schema: public; Owner: -
--

CREATE SEQUENCE history_operation_participants_id_seq
    START WITH 1
    INCREMENT BY 1
    NO MINVALUE
    NO MAXVALUE
    CACHE 1;


--
-- Name: history_operation_participants_id_seq; Type: SEQUENCE OWNED BY; Schema: public; Owner: -
--

ALTER SEQUENCE history_operation_participants_id_seq OWNED BY history_operation_participants.id;


--
-- Name: history_operations; Type: TABLE; Schema: public; Owner: -; Tablespace: 
--

CREATE TABLE history_operations (
    id bigint NOT NULL,
    transaction_id bigint NOT NULL,
    application_order integer NOT NULL,
    type integer NOT NULL,
    details jsonb
);


--
-- Name: history_transaction_participants; Type: TABLE; Schema: public; Owner: -; Tablespace: 
--

CREATE TABLE history_transaction_participants (
    id integer NOT NULL,
    transaction_hash character varying(64) NOT NULL,
    account character varying(64) NOT NULL,
    created_at timestamp without time zone,
    updated_at timestamp without time zone
);


--
-- Name: history_transaction_participants_id_seq; Type: SEQUENCE; Schema: public; Owner: -
--

CREATE SEQUENCE history_transaction_participants_id_seq
    START WITH 1
    INCREMENT BY 1
    NO MINVALUE
    NO MAXVALUE
    CACHE 1;


--
-- Name: history_transaction_participants_id_seq; Type: SEQUENCE OWNED BY; Schema: public; Owner: -
--

ALTER SEQUENCE history_transaction_participants_id_seq OWNED BY history_transaction_participants.id;


--
-- Name: history_transaction_statuses; Type: TABLE; Schema: public; Owner: -; Tablespace: 
--

CREATE TABLE history_transaction_statuses (
    id integer NOT NULL,
    result_code_s character varying NOT NULL,
    result_code integer NOT NULL
);


--
-- Name: history_transaction_statuses_id_seq; Type: SEQUENCE; Schema: public; Owner: -
--

CREATE SEQUENCE history_transaction_statuses_id_seq
    START WITH 1
    INCREMENT BY 1
    NO MINVALUE
    NO MAXVALUE
    CACHE 1;


--
-- Name: history_transaction_statuses_id_seq; Type: SEQUENCE OWNED BY; Schema: public; Owner: -
--

ALTER SEQUENCE history_transaction_statuses_id_seq OWNED BY history_transaction_statuses.id;


--
-- Name: history_transactions; Type: TABLE; Schema: public; Owner: -; Tablespace: 
--

CREATE TABLE history_transactions (
    transaction_hash character varying(64) NOT NULL,
    ledger_sequence integer NOT NULL,
    application_order integer NOT NULL,
    account character varying(64) NOT NULL,
    account_sequence bigint NOT NULL,
    max_fee integer NOT NULL,
    fee_paid integer NOT NULL,
    operation_count integer NOT NULL,
    transaction_status_id integer NOT NULL,
    created_at timestamp without time zone,
    updated_at timestamp without time zone,
    id bigint
);


--
-- Name: schema_migrations; Type: TABLE; Schema: public; Owner: -; Tablespace: 
--

CREATE TABLE schema_migrations (
    version character varying(255) NOT NULL
);


--
-- Name: id; Type: DEFAULT; Schema: public; Owner: -
--

ALTER TABLE ONLY history_operation_participants ALTER COLUMN id SET DEFAULT nextval('history_operation_participants_id_seq'::regclass);


--
-- Name: id; Type: DEFAULT; Schema: public; Owner: -
--

ALTER TABLE ONLY history_transaction_participants ALTER COLUMN id SET DEFAULT nextval('history_transaction_participants_id_seq'::regclass);


--
-- Name: id; Type: DEFAULT; Schema: public; Owner: -
--

ALTER TABLE ONLY history_transaction_statuses ALTER COLUMN id SET DEFAULT nextval('history_transaction_statuses_id_seq'::regclass);


--
-- Data for Name: history_accounts; Type: TABLE DATA; Schema: public; Owner: -
--

COPY history_accounts (id, address) FROM stdin;
0	GCEZWKCA5VLDNRLN3RPRJMRZOX3Z6G5CHCGSNFHEYVXM3XOJMDS674JZ
8589938688	GDB5FS4BM7B7HL5RQ4DIYTAHF65FJQRNXI6IBTX6VSDDKQ7R3DMOTMN7
8589942784	GDWW5KWCMWIBUECK5SQLPHC7NHE2VFARQEYDVZLHAVYHZZH7I4COR4QB
8589946880	GCGQRLLU2OMA2MUWTEUVA3XH4NCAP6JG2PNDDTULQRB7HAJIALPSSMGC
8589950976	GCYBPVISIS7L5NEIQ7UEHETOP52EJAAKMDMKAHPC7E5C5MT4ZCPRHJ6T
\.


--
-- Data for Name: history_effects; Type: TABLE DATA; Schema: public; Owner: -
--

COPY history_effects (history_account_id, history_operation_id, "order", type, details) FROM stdin;
8589938688	8589938688	0	0	{"starting_balance": 10000000000}
0	8589938688	1	3	{"amount": 10000000000, "asset_type": "native"}
8589942784	8589942784	0	0	{"starting_balance": 10000000000}
0	8589942784	1	3	{"amount": 10000000000, "asset_type": "native"}
8589946880	8589946880	0	0	{"starting_balance": 10000000000}
0	8589946880	1	3	{"amount": 10000000000, "asset_type": "native"}
8589950976	8589950976	0	0	{"starting_balance": 10000000000}
0	8589950976	1	3	{"amount": 10000000000, "asset_type": "native"}
8589942784	17179873280	0	2	{"amount": 5000, "asset_code": "USD", "asset_type": "credit_alphanum4", "asset_issuer": "GDB5FS4BM7B7HL5RQ4DIYTAHF65FJQRNXI6IBTX6VSDDKQ7R3DMOTMN7"}
8589938688	17179873280	1	3	{"amount": 5000, "asset_code": "USD", "asset_type": "credit_alphanum4", "asset_issuer": "GDB5FS4BM7B7HL5RQ4DIYTAHF65FJQRNXI6IBTX6VSDDKQ7R3DMOTMN7"}
8589950976	17179877376	0	2	{"amount": 5000, "asset_code": "EUR", "asset_type": "credit_alphanum4", "asset_issuer": "GDB5FS4BM7B7HL5RQ4DIYTAHF65FJQRNXI6IBTX6VSDDKQ7R3DMOTMN7"}
8589938688	17179877376	1	3	{"amount": 5000, "asset_code": "EUR", "asset_type": "credit_alphanum4", "asset_issuer": "GDB5FS4BM7B7HL5RQ4DIYTAHF65FJQRNXI6IBTX6VSDDKQ7R3DMOTMN7"}
8589950976	17179881472	0	2	{"amount": 5000, "asset_code": "1", "asset_type": "credit_alphanum4", "asset_issuer": "GDB5FS4BM7B7HL5RQ4DIYTAHF65FJQRNXI6IBTX6VSDDKQ7R3DMOTMN7"}
8589938688	17179881472	1	3	{"amount": 5000, "asset_code": "1", "asset_type": "credit_alphanum4", "asset_issuer": "GDB5FS4BM7B7HL5RQ4DIYTAHF65FJQRNXI6IBTX6VSDDKQ7R3DMOTMN7"}
8589950976	17179885568	0	2	{"amount": 5000, "asset_code": "21", "asset_type": "credit_alphanum4", "asset_issuer": "GDB5FS4BM7B7HL5RQ4DIYTAHF65FJQRNXI6IBTX6VSDDKQ7R3DMOTMN7"}
8589938688	17179885568	1	3	{"amount": 5000, "asset_code": "21", "asset_type": "credit_alphanum4", "asset_issuer": "GDB5FS4BM7B7HL5RQ4DIYTAHF65FJQRNXI6IBTX6VSDDKQ7R3DMOTMN7"}
8589950976	17179889664	0	2	{"amount": 5000, "asset_code": "22", "asset_type": "credit_alphanum4", "asset_issuer": "GDB5FS4BM7B7HL5RQ4DIYTAHF65FJQRNXI6IBTX6VSDDKQ7R3DMOTMN7"}
8589938688	17179889664	1	3	{"amount": 5000, "asset_code": "22", "asset_type": "credit_alphanum4", "asset_issuer": "GDB5FS4BM7B7HL5RQ4DIYTAHF65FJQRNXI6IBTX6VSDDKQ7R3DMOTMN7"}
8589950976	17179893760	0	2	{"amount": 5000, "asset_code": "31", "asset_type": "credit_alphanum4", "asset_issuer": "GDB5FS4BM7B7HL5RQ4DIYTAHF65FJQRNXI6IBTX6VSDDKQ7R3DMOTMN7"}
8589938688	17179893760	1	3	{"amount": 5000, "asset_code": "31", "asset_type": "credit_alphanum4", "asset_issuer": "GDB5FS4BM7B7HL5RQ4DIYTAHF65FJQRNXI6IBTX6VSDDKQ7R3DMOTMN7"}
8589950976	17179897856	0	2	{"amount": 5000, "asset_code": "32", "asset_type": "credit_alphanum4", "asset_issuer": "GDB5FS4BM7B7HL5RQ4DIYTAHF65FJQRNXI6IBTX6VSDDKQ7R3DMOTMN7"}
8589938688	17179897856	1	3	{"amount": 5000, "asset_code": "32", "asset_type": "credit_alphanum4", "asset_issuer": "GDB5FS4BM7B7HL5RQ4DIYTAHF65FJQRNXI6IBTX6VSDDKQ7R3DMOTMN7"}
8589950976	17179901952	0	2	{"amount": 5000, "asset_code": "33", "asset_type": "credit_alphanum4", "asset_issuer": "GDB5FS4BM7B7HL5RQ4DIYTAHF65FJQRNXI6IBTX6VSDDKQ7R3DMOTMN7"}
8589938688	17179901952	1	3	{"amount": 5000, "asset_code": "33", "asset_type": "credit_alphanum4", "asset_issuer": "GDB5FS4BM7B7HL5RQ4DIYTAHF65FJQRNXI6IBTX6VSDDKQ7R3DMOTMN7"}
\.


--
-- Data for Name: history_ledgers; Type: TABLE DATA; Schema: public; Owner: -
--

COPY history_ledgers (sequence, ledger_hash, previous_ledger_hash, transaction_count, operation_count, closed_at, created_at, updated_at, id) FROM stdin;
1	e8e10918f9c000c73119abe54cf089f59f9015cc93c49ccf00b5e8b9afb6e6b1	\N	0	0	1970-01-01 00:00:00	2015-07-29 17:19:39.882664	2015-07-29 17:19:39.882664	4294967296
2	fcc7401cad455a9489696b67efcdabad091e1eeb7eb6f4208af8af1e65779d0e	e8e10918f9c000c73119abe54cf089f59f9015cc93c49ccf00b5e8b9afb6e6b1	4	4	2015-07-29 17:19:37	2015-07-29 17:19:39.89212	2015-07-29 17:19:39.89212	8589934592
3	7c11cb645c21edcb8127d4bdd9dae30cb3903690b37919de0c26981b5591040a	fcc7401cad455a9489696b67efcdabad091e1eeb7eb6f4208af8af1e65779d0e	10	10	2015-07-29 17:19:38	2015-07-29 17:19:39.999428	2015-07-29 17:19:39.999428	12884901888
4	02f70844f60046c46557930eeb6c7b69a6d081dbf9b131cda649a71079c226a5	7c11cb645c21edcb8127d4bdd9dae30cb3903690b37919de0c26981b5591040a	8	8	2015-07-29 17:19:39	2015-07-29 17:19:40.111671	2015-07-29 17:19:40.111671	17179869184
5	e9426d665ec0e2909307e2a8c7884774850979eba55bc8fa9a330484d690bbd8	02f70844f60046c46557930eeb6c7b69a6d081dbf9b131cda649a71079c226a5	10	10	2015-07-29 17:19:40	2015-07-29 17:19:40.270531	2015-07-29 17:19:40.270531	21474836480
\.


--
-- Data for Name: history_operation_participants; Type: TABLE DATA; Schema: public; Owner: -
--

COPY history_operation_participants (id, history_operation_id, history_account_id) FROM stdin;
100	8589938688	0
101	8589938688	8589938688
102	8589942784	0
103	8589942784	8589942784
104	8589946880	0
105	8589946880	8589946880
106	8589950976	0
107	8589950976	8589950976
108	12884905984	8589950976
109	12884910080	8589942784
110	12884914176	8589946880
111	12884918272	8589950976
112	12884922368	8589950976
113	12884926464	8589950976
114	12884930560	8589950976
115	12884934656	8589950976
116	12884938752	8589950976
117	12884942848	8589950976
118	17179873280	8589938688
119	17179873280	8589942784
120	17179877376	8589938688
121	17179877376	8589950976
122	17179881472	8589938688
123	17179881472	8589950976
124	17179885568	8589938688
125	17179885568	8589950976
126	17179889664	8589938688
127	17179889664	8589950976
128	17179893760	8589938688
129	17179893760	8589950976
130	17179897856	8589938688
131	17179897856	8589950976
132	17179901952	8589938688
133	17179901952	8589950976
134	21474840576	8589950976
135	21474844672	8589950976
136	21474848768	8589950976
137	21474852864	8589950976
138	21474856960	8589950976
139	21474861056	8589950976
140	21474865152	8589950976
141	21474869248	8589950976
142	21474873344	8589950976
143	21474877440	8589950976
\.


--
-- Name: history_operation_participants_id_seq; Type: SEQUENCE SET; Schema: public; Owner: -
--

SELECT pg_catalog.setval('history_operation_participants_id_seq', 143, true);


--
-- Data for Name: history_operations; Type: TABLE DATA; Schema: public; Owner: -
--

COPY history_operations (id, transaction_id, application_order, type, details) FROM stdin;
8589938688	8589938688	0	0	{"funder": "GCEZWKCA5VLDNRLN3RPRJMRZOX3Z6G5CHCGSNFHEYVXM3XOJMDS674JZ", "account": "GDB5FS4BM7B7HL5RQ4DIYTAHF65FJQRNXI6IBTX6VSDDKQ7R3DMOTMN7", "starting_balance": 10000000000}
8589942784	8589942784	0	0	{"funder": "GCEZWKCA5VLDNRLN3RPRJMRZOX3Z6G5CHCGSNFHEYVXM3XOJMDS674JZ", "account": "GDWW5KWCMWIBUECK5SQLPHC7NHE2VFARQEYDVZLHAVYHZZH7I4COR4QB", "starting_balance": 10000000000}
8589946880	8589946880	0	0	{"funder": "GCEZWKCA5VLDNRLN3RPRJMRZOX3Z6G5CHCGSNFHEYVXM3XOJMDS674JZ", "account": "GCGQRLLU2OMA2MUWTEUVA3XH4NCAP6JG2PNDDTULQRB7HAJIALPSSMGC", "starting_balance": 10000000000}
8589950976	8589950976	0	0	{"funder": "GCEZWKCA5VLDNRLN3RPRJMRZOX3Z6G5CHCGSNFHEYVXM3XOJMDS674JZ", "account": "GCYBPVISIS7L5NEIQ7UEHETOP52EJAAKMDMKAHPC7E5C5MT4ZCPRHJ6T", "starting_balance": 10000000000}
12884905984	12884905984	0	6	{"limit": 9223372036854775807, "trustee": "GDB5FS4BM7B7HL5RQ4DIYTAHF65FJQRNXI6IBTX6VSDDKQ7R3DMOTMN7", "trustor": "GCYBPVISIS7L5NEIQ7UEHETOP52EJAAKMDMKAHPC7E5C5MT4ZCPRHJ6T", "asset_code": "USD", "asset_type": "credit_alphanum4", "asset_issuer": "GDB5FS4BM7B7HL5RQ4DIYTAHF65FJQRNXI6IBTX6VSDDKQ7R3DMOTMN7"}
12884910080	12884910080	0	6	{"limit": 9223372036854775807, "trustee": "GDB5FS4BM7B7HL5RQ4DIYTAHF65FJQRNXI6IBTX6VSDDKQ7R3DMOTMN7", "trustor": "GDWW5KWCMWIBUECK5SQLPHC7NHE2VFARQEYDVZLHAVYHZZH7I4COR4QB", "asset_code": "USD", "asset_type": "credit_alphanum4", "asset_issuer": "GDB5FS4BM7B7HL5RQ4DIYTAHF65FJQRNXI6IBTX6VSDDKQ7R3DMOTMN7"}
12884914176	12884914176	0	6	{"limit": 9223372036854775807, "trustee": "GDB5FS4BM7B7HL5RQ4DIYTAHF65FJQRNXI6IBTX6VSDDKQ7R3DMOTMN7", "trustor": "GCGQRLLU2OMA2MUWTEUVA3XH4NCAP6JG2PNDDTULQRB7HAJIALPSSMGC", "asset_code": "EUR", "asset_type": "credit_alphanum4", "asset_issuer": "GDB5FS4BM7B7HL5RQ4DIYTAHF65FJQRNXI6IBTX6VSDDKQ7R3DMOTMN7"}
12884918272	12884918272	0	6	{"limit": 9223372036854775807, "trustee": "GDB5FS4BM7B7HL5RQ4DIYTAHF65FJQRNXI6IBTX6VSDDKQ7R3DMOTMN7", "trustor": "GCYBPVISIS7L5NEIQ7UEHETOP52EJAAKMDMKAHPC7E5C5MT4ZCPRHJ6T", "asset_code": "EUR", "asset_type": "credit_alphanum4", "asset_issuer": "GDB5FS4BM7B7HL5RQ4DIYTAHF65FJQRNXI6IBTX6VSDDKQ7R3DMOTMN7"}
12884922368	12884922368	0	6	{"limit": 9223372036854775807, "trustee": "GDB5FS4BM7B7HL5RQ4DIYTAHF65FJQRNXI6IBTX6VSDDKQ7R3DMOTMN7", "trustor": "GCYBPVISIS7L5NEIQ7UEHETOP52EJAAKMDMKAHPC7E5C5MT4ZCPRHJ6T", "asset_code": "1", "asset_type": "credit_alphanum4", "asset_issuer": "GDB5FS4BM7B7HL5RQ4DIYTAHF65FJQRNXI6IBTX6VSDDKQ7R3DMOTMN7"}
12884926464	12884926464	0	6	{"limit": 9223372036854775807, "trustee": "GDB5FS4BM7B7HL5RQ4DIYTAHF65FJQRNXI6IBTX6VSDDKQ7R3DMOTMN7", "trustor": "GCYBPVISIS7L5NEIQ7UEHETOP52EJAAKMDMKAHPC7E5C5MT4ZCPRHJ6T", "asset_code": "21", "asset_type": "credit_alphanum4", "asset_issuer": "GDB5FS4BM7B7HL5RQ4DIYTAHF65FJQRNXI6IBTX6VSDDKQ7R3DMOTMN7"}
12884930560	12884930560	0	6	{"limit": 9223372036854775807, "trustee": "GDB5FS4BM7B7HL5RQ4DIYTAHF65FJQRNXI6IBTX6VSDDKQ7R3DMOTMN7", "trustor": "GCYBPVISIS7L5NEIQ7UEHETOP52EJAAKMDMKAHPC7E5C5MT4ZCPRHJ6T", "asset_code": "22", "asset_type": "credit_alphanum4", "asset_issuer": "GDB5FS4BM7B7HL5RQ4DIYTAHF65FJQRNXI6IBTX6VSDDKQ7R3DMOTMN7"}
12884934656	12884934656	0	6	{"limit": 9223372036854775807, "trustee": "GDB5FS4BM7B7HL5RQ4DIYTAHF65FJQRNXI6IBTX6VSDDKQ7R3DMOTMN7", "trustor": "GCYBPVISIS7L5NEIQ7UEHETOP52EJAAKMDMKAHPC7E5C5MT4ZCPRHJ6T", "asset_code": "31", "asset_type": "credit_alphanum4", "asset_issuer": "GDB5FS4BM7B7HL5RQ4DIYTAHF65FJQRNXI6IBTX6VSDDKQ7R3DMOTMN7"}
12884938752	12884938752	0	6	{"limit": 9223372036854775807, "trustee": "GDB5FS4BM7B7HL5RQ4DIYTAHF65FJQRNXI6IBTX6VSDDKQ7R3DMOTMN7", "trustor": "GCYBPVISIS7L5NEIQ7UEHETOP52EJAAKMDMKAHPC7E5C5MT4ZCPRHJ6T", "asset_code": "32", "asset_type": "credit_alphanum4", "asset_issuer": "GDB5FS4BM7B7HL5RQ4DIYTAHF65FJQRNXI6IBTX6VSDDKQ7R3DMOTMN7"}
12884942848	12884942848	0	6	{"limit": 9223372036854775807, "trustee": "GDB5FS4BM7B7HL5RQ4DIYTAHF65FJQRNXI6IBTX6VSDDKQ7R3DMOTMN7", "trustor": "GCYBPVISIS7L5NEIQ7UEHETOP52EJAAKMDMKAHPC7E5C5MT4ZCPRHJ6T", "asset_code": "33", "asset_type": "credit_alphanum4", "asset_issuer": "GDB5FS4BM7B7HL5RQ4DIYTAHF65FJQRNXI6IBTX6VSDDKQ7R3DMOTMN7"}
17179873280	17179873280	0	1	{"to": "GDWW5KWCMWIBUECK5SQLPHC7NHE2VFARQEYDVZLHAVYHZZH7I4COR4QB", "from": "GDB5FS4BM7B7HL5RQ4DIYTAHF65FJQRNXI6IBTX6VSDDKQ7R3DMOTMN7", "amount": 5000, "asset_code": "USD", "asset_type": "credit_alphanum4", "asset_issuer": "GDB5FS4BM7B7HL5RQ4DIYTAHF65FJQRNXI6IBTX6VSDDKQ7R3DMOTMN7"}
17179877376	17179877376	0	1	{"to": "GCYBPVISIS7L5NEIQ7UEHETOP52EJAAKMDMKAHPC7E5C5MT4ZCPRHJ6T", "from": "GDB5FS4BM7B7HL5RQ4DIYTAHF65FJQRNXI6IBTX6VSDDKQ7R3DMOTMN7", "amount": 5000, "asset_code": "EUR", "asset_type": "credit_alphanum4", "asset_issuer": "GDB5FS4BM7B7HL5RQ4DIYTAHF65FJQRNXI6IBTX6VSDDKQ7R3DMOTMN7"}
17179881472	17179881472	0	1	{"to": "GCYBPVISIS7L5NEIQ7UEHETOP52EJAAKMDMKAHPC7E5C5MT4ZCPRHJ6T", "from": "GDB5FS4BM7B7HL5RQ4DIYTAHF65FJQRNXI6IBTX6VSDDKQ7R3DMOTMN7", "amount": 5000, "asset_code": "1", "asset_type": "credit_alphanum4", "asset_issuer": "GDB5FS4BM7B7HL5RQ4DIYTAHF65FJQRNXI6IBTX6VSDDKQ7R3DMOTMN7"}
17179885568	17179885568	0	1	{"to": "GCYBPVISIS7L5NEIQ7UEHETOP52EJAAKMDMKAHPC7E5C5MT4ZCPRHJ6T", "from": "GDB5FS4BM7B7HL5RQ4DIYTAHF65FJQRNXI6IBTX6VSDDKQ7R3DMOTMN7", "amount": 5000, "asset_code": "21", "asset_type": "credit_alphanum4", "asset_issuer": "GDB5FS4BM7B7HL5RQ4DIYTAHF65FJQRNXI6IBTX6VSDDKQ7R3DMOTMN7"}
17179889664	17179889664	0	1	{"to": "GCYBPVISIS7L5NEIQ7UEHETOP52EJAAKMDMKAHPC7E5C5MT4ZCPRHJ6T", "from": "GDB5FS4BM7B7HL5RQ4DIYTAHF65FJQRNXI6IBTX6VSDDKQ7R3DMOTMN7", "amount": 5000, "asset_code": "22", "asset_type": "credit_alphanum4", "asset_issuer": "GDB5FS4BM7B7HL5RQ4DIYTAHF65FJQRNXI6IBTX6VSDDKQ7R3DMOTMN7"}
17179893760	17179893760	0	1	{"to": "GCYBPVISIS7L5NEIQ7UEHETOP52EJAAKMDMKAHPC7E5C5MT4ZCPRHJ6T", "from": "GDB5FS4BM7B7HL5RQ4DIYTAHF65FJQRNXI6IBTX6VSDDKQ7R3DMOTMN7", "amount": 5000, "asset_code": "31", "asset_type": "credit_alphanum4", "asset_issuer": "GDB5FS4BM7B7HL5RQ4DIYTAHF65FJQRNXI6IBTX6VSDDKQ7R3DMOTMN7"}
17179897856	17179897856	0	1	{"to": "GCYBPVISIS7L5NEIQ7UEHETOP52EJAAKMDMKAHPC7E5C5MT4ZCPRHJ6T", "from": "GDB5FS4BM7B7HL5RQ4DIYTAHF65FJQRNXI6IBTX6VSDDKQ7R3DMOTMN7", "amount": 5000, "asset_code": "32", "asset_type": "credit_alphanum4", "asset_issuer": "GDB5FS4BM7B7HL5RQ4DIYTAHF65FJQRNXI6IBTX6VSDDKQ7R3DMOTMN7"}
17179901952	17179901952	0	1	{"to": "GCYBPVISIS7L5NEIQ7UEHETOP52EJAAKMDMKAHPC7E5C5MT4ZCPRHJ6T", "from": "GDB5FS4BM7B7HL5RQ4DIYTAHF65FJQRNXI6IBTX6VSDDKQ7R3DMOTMN7", "amount": 5000, "asset_code": "33", "asset_type": "credit_alphanum4", "asset_issuer": "GDB5FS4BM7B7HL5RQ4DIYTAHF65FJQRNXI6IBTX6VSDDKQ7R3DMOTMN7"}
21474840576	21474840576	0	3	{"price": {"d": 1, "n": 1}, "amount": 10, "offer_id": 0}
21474844672	21474844672	0	3	{"price": {"d": 1, "n": 1}, "amount": 20, "offer_id": 0}
21474848768	21474848768	0	3	{"price": {"d": 1, "n": 1}, "amount": 20, "offer_id": 0}
21474852864	21474852864	0	3	{"price": {"d": 1, "n": 1}, "amount": 30, "offer_id": 0}
21474856960	21474856960	0	3	{"price": {"d": 1, "n": 1}, "amount": 30, "offer_id": 0}
21474861056	21474861056	0	3	{"price": {"d": 1, "n": 1}, "amount": 30, "offer_id": 0}
21474865152	21474865152	0	3	{"price": {"d": 1, "n": 1}, "amount": 40, "offer_id": 0}
21474869248	21474869248	0	3	{"price": {"d": 1, "n": 1}, "amount": 40, "offer_id": 0}
21474873344	21474873344	0	3	{"price": {"d": 1, "n": 1}, "amount": 40, "offer_id": 0}
21474877440	21474877440	0	3	{"price": {"d": 1, "n": 1}, "amount": 40, "offer_id": 0}
\.


--
-- Data for Name: history_transaction_participants; Type: TABLE DATA; Schema: public; Owner: -
--

COPY history_transaction_participants (id, transaction_hash, account, created_at, updated_at) FROM stdin;
90	55271f751544f3e52d028c4b8da97004937cd1a36d0adedcaa0495b60a0b051c	GCEZWKCA5VLDNRLN3RPRJMRZOX3Z6G5CHCGSNFHEYVXM3XOJMDS674JZ	2015-07-29 17:19:39.897582	2015-07-29 17:19:39.897582
91	55271f751544f3e52d028c4b8da97004937cd1a36d0adedcaa0495b60a0b051c	GDB5FS4BM7B7HL5RQ4DIYTAHF65FJQRNXI6IBTX6VSDDKQ7R3DMOTMN7	2015-07-29 17:19:39.89897	2015-07-29 17:19:39.89897
92	0701de233d43aaa0b9375f8abe938fb71379904c9d7d7f0bdde222e42b758a73	GCEZWKCA5VLDNRLN3RPRJMRZOX3Z6G5CHCGSNFHEYVXM3XOJMDS674JZ	2015-07-29 17:19:39.921093	2015-07-29 17:19:39.921093
93	0701de233d43aaa0b9375f8abe938fb71379904c9d7d7f0bdde222e42b758a73	GDWW5KWCMWIBUECK5SQLPHC7NHE2VFARQEYDVZLHAVYHZZH7I4COR4QB	2015-07-29 17:19:39.922096	2015-07-29 17:19:39.922096
94	d5a78c9d2cb9d7be696ed019876c8513a53bae6bdeb7c17bf75d80ddfe2121fc	GCEZWKCA5VLDNRLN3RPRJMRZOX3Z6G5CHCGSNFHEYVXM3XOJMDS674JZ	2015-07-29 17:19:39.945347	2015-07-29 17:19:39.945347
95	d5a78c9d2cb9d7be696ed019876c8513a53bae6bdeb7c17bf75d80ddfe2121fc	GCGQRLLU2OMA2MUWTEUVA3XH4NCAP6JG2PNDDTULQRB7HAJIALPSSMGC	2015-07-29 17:19:39.946519	2015-07-29 17:19:39.946519
96	e362277186cffe000574cdbe8ebfbac0d158ac7a207be359dcbbb5845125a062	GCEZWKCA5VLDNRLN3RPRJMRZOX3Z6G5CHCGSNFHEYVXM3XOJMDS674JZ	2015-07-29 17:19:39.964569	2015-07-29 17:19:39.964569
97	e362277186cffe000574cdbe8ebfbac0d158ac7a207be359dcbbb5845125a062	GCYBPVISIS7L5NEIQ7UEHETOP52EJAAKMDMKAHPC7E5C5MT4ZCPRHJ6T	2015-07-29 17:19:39.965635	2015-07-29 17:19:39.965635
98	51a2d47082fe9dce1052986ec6842a0556b0866a2c99253119845ada0b49cd12	GCYBPVISIS7L5NEIQ7UEHETOP52EJAAKMDMKAHPC7E5C5MT4ZCPRHJ6T	2015-07-29 17:19:40.00455	2015-07-29 17:19:40.00455
99	20b4a133e4e0d13b8f9e3029ca9962d896c580e56760238e04525df1df729470	GDWW5KWCMWIBUECK5SQLPHC7NHE2VFARQEYDVZLHAVYHZZH7I4COR4QB	2015-07-29 17:19:40.013688	2015-07-29 17:19:40.013688
100	06c7a3930d19f229468904f85f46ee2d458273dfb4c71f7e5f1e34afdbf39397	GCGQRLLU2OMA2MUWTEUVA3XH4NCAP6JG2PNDDTULQRB7HAJIALPSSMGC	2015-07-29 17:19:40.023597	2015-07-29 17:19:40.023597
101	58d4be05c3b7401bb86ce8f2435af69f84a0be53bf2aaf7fd867eeb18d2af7b2	GCYBPVISIS7L5NEIQ7UEHETOP52EJAAKMDMKAHPC7E5C5MT4ZCPRHJ6T	2015-07-29 17:19:40.034488	2015-07-29 17:19:40.034488
102	38604056c9a3af6a5a50efcf8372c63f6d6eed8a9b4c7406fe9e71cd78731748	GCYBPVISIS7L5NEIQ7UEHETOP52EJAAKMDMKAHPC7E5C5MT4ZCPRHJ6T	2015-07-29 17:19:40.045898	2015-07-29 17:19:40.045898
103	877adc8bb35157cffa2a4a62a1317c1b9aecf578aaad5bcdf773f3dfb19a314b	GCYBPVISIS7L5NEIQ7UEHETOP52EJAAKMDMKAHPC7E5C5MT4ZCPRHJ6T	2015-07-29 17:19:40.055458	2015-07-29 17:19:40.055458
104	ca5ce851d83f91562333094402de22bba038df800b4c74ef48c5ce5d162cdb10	GCYBPVISIS7L5NEIQ7UEHETOP52EJAAKMDMKAHPC7E5C5MT4ZCPRHJ6T	2015-07-29 17:19:40.06414	2015-07-29 17:19:40.06414
105	63daffb4304bcb0f6b7c1d8ba0165e71a3b8bec566b0936fa7443862d34cfeae	GCYBPVISIS7L5NEIQ7UEHETOP52EJAAKMDMKAHPC7E5C5MT4ZCPRHJ6T	2015-07-29 17:19:40.075319	2015-07-29 17:19:40.075319
106	35dd28f5819a5bc21d0c507c8eb987fb306a6dfadd33296780fe20097ff8610a	GCYBPVISIS7L5NEIQ7UEHETOP52EJAAKMDMKAHPC7E5C5MT4ZCPRHJ6T	2015-07-29 17:19:40.086067	2015-07-29 17:19:40.086067
107	54ba6ee7eb8c68de2a2e1d978a3d09fad146133439306ebac24a353df8450eba	GCYBPVISIS7L5NEIQ7UEHETOP52EJAAKMDMKAHPC7E5C5MT4ZCPRHJ6T	2015-07-29 17:19:40.095505	2015-07-29 17:19:40.095505
108	061d9e96aa0d860e67bb44a1af07f5c6dc7fe6ca213a6060aa509f1ce6ea8b0b	GDB5FS4BM7B7HL5RQ4DIYTAHF65FJQRNXI6IBTX6VSDDKQ7R3DMOTMN7	2015-07-29 17:19:40.11699	2015-07-29 17:19:40.11699
109	64eb266c0cd710fd545ab39eafad20b3315b59f1284da670a8a0d6e9237ec3fa	GDB5FS4BM7B7HL5RQ4DIYTAHF65FJQRNXI6IBTX6VSDDKQ7R3DMOTMN7	2015-07-29 17:19:40.133202	2015-07-29 17:19:40.133202
110	75b03d26b7ce3627186c6990551b1f08392dbb6642a2b46682a9f1a1301fc227	GDB5FS4BM7B7HL5RQ4DIYTAHF65FJQRNXI6IBTX6VSDDKQ7R3DMOTMN7	2015-07-29 17:19:40.153364	2015-07-29 17:19:40.153364
111	ae580f4ea804a77992621f73093deec500b71938ebe600fc233de8bd6f66ab55	GDB5FS4BM7B7HL5RQ4DIYTAHF65FJQRNXI6IBTX6VSDDKQ7R3DMOTMN7	2015-07-29 17:19:40.170713	2015-07-29 17:19:40.170713
112	3d158253fec8ce923a796f68ffc1fe0e65157b08b362ee71013ce214be3470fe	GDB5FS4BM7B7HL5RQ4DIYTAHF65FJQRNXI6IBTX6VSDDKQ7R3DMOTMN7	2015-07-29 17:19:40.194407	2015-07-29 17:19:40.194407
113	d5ec0e9d1c5ae00180a254f6430b481283f49396249e6c79cb8f8c16e2bf5dd0	GDB5FS4BM7B7HL5RQ4DIYTAHF65FJQRNXI6IBTX6VSDDKQ7R3DMOTMN7	2015-07-29 17:19:40.21556	2015-07-29 17:19:40.21556
114	09ee2e2524e6f57586441aef2b7df0ec9aeb33dea98e77675b45a71b047e607c	GDB5FS4BM7B7HL5RQ4DIYTAHF65FJQRNXI6IBTX6VSDDKQ7R3DMOTMN7	2015-07-29 17:19:40.232454	2015-07-29 17:19:40.232454
115	d9dadbcaf3d72602eba12c822115d52a853736039fc78e7250e011e94e75d86e	GDB5FS4BM7B7HL5RQ4DIYTAHF65FJQRNXI6IBTX6VSDDKQ7R3DMOTMN7	2015-07-29 17:19:40.248488	2015-07-29 17:19:40.248488
116	1200e75650e7487c8e50fef069d0387a4fa0387d857914eb12e768484878a7f6	GCYBPVISIS7L5NEIQ7UEHETOP52EJAAKMDMKAHPC7E5C5MT4ZCPRHJ6T	2015-07-29 17:19:40.275273	2015-07-29 17:19:40.275273
117	b87192349456b0b006e4efb3f5c491f9bd4dd907ddca20b48177f1a861c67ee7	GCYBPVISIS7L5NEIQ7UEHETOP52EJAAKMDMKAHPC7E5C5MT4ZCPRHJ6T	2015-07-29 17:19:40.283705	2015-07-29 17:19:40.283705
118	2796444ebd7fcfb555c0b3576124b28742324b00f25f751bb6c7eb3dbac9afc0	GCYBPVISIS7L5NEIQ7UEHETOP52EJAAKMDMKAHPC7E5C5MT4ZCPRHJ6T	2015-07-29 17:19:40.291937	2015-07-29 17:19:40.291937
119	1e72eae1db4db0492540dbcbc6599f297336f7d0bef1234d211a7552626f095d	GCYBPVISIS7L5NEIQ7UEHETOP52EJAAKMDMKAHPC7E5C5MT4ZCPRHJ6T	2015-07-29 17:19:40.301446	2015-07-29 17:19:40.301446
120	b9fe7957d34a4bcf20572890ac6e206a4b980b33290e82192f280056db61e588	GCYBPVISIS7L5NEIQ7UEHETOP52EJAAKMDMKAHPC7E5C5MT4ZCPRHJ6T	2015-07-29 17:19:40.3115	2015-07-29 17:19:40.3115
121	14864bc92f9dcefada97ce772322678a6175bdefee85793e5abe6691c2454719	GCYBPVISIS7L5NEIQ7UEHETOP52EJAAKMDMKAHPC7E5C5MT4ZCPRHJ6T	2015-07-29 17:19:40.322367	2015-07-29 17:19:40.322367
122	32621ef006c96db84ef497b3c02c743a125e2db8fa2a9f4b5a07e437701dcce2	GCYBPVISIS7L5NEIQ7UEHETOP52EJAAKMDMKAHPC7E5C5MT4ZCPRHJ6T	2015-07-29 17:19:40.333474	2015-07-29 17:19:40.333474
123	89f09877b7ef9e205e4ac7012cb73207d68759e0d6e6193120c3bb088d88b951	GCYBPVISIS7L5NEIQ7UEHETOP52EJAAKMDMKAHPC7E5C5MT4ZCPRHJ6T	2015-07-29 17:19:40.341813	2015-07-29 17:19:40.341813
124	7b8b68bd5710a46905f48687078388f6e0a7b6d8727cdc65d4f1ed42332669c0	GCYBPVISIS7L5NEIQ7UEHETOP52EJAAKMDMKAHPC7E5C5MT4ZCPRHJ6T	2015-07-29 17:19:40.349515	2015-07-29 17:19:40.349515
125	cd8fe48eb7604cc83e829a5da68355c2afb24278c1f7303f05ed3df04872ffe3	GCYBPVISIS7L5NEIQ7UEHETOP52EJAAKMDMKAHPC7E5C5MT4ZCPRHJ6T	2015-07-29 17:19:40.357168	2015-07-29 17:19:40.357168
\.


--
-- Name: history_transaction_participants_id_seq; Type: SEQUENCE SET; Schema: public; Owner: -
--

SELECT pg_catalog.setval('history_transaction_participants_id_seq', 125, true);


--
-- Data for Name: history_transaction_statuses; Type: TABLE DATA; Schema: public; Owner: -
--

COPY history_transaction_statuses (id, result_code_s, result_code) FROM stdin;
\.


--
-- Name: history_transaction_statuses_id_seq; Type: SEQUENCE SET; Schema: public; Owner: -
--

SELECT pg_catalog.setval('history_transaction_statuses_id_seq', 1, false);


--
-- Data for Name: history_transactions; Type: TABLE DATA; Schema: public; Owner: -
--

COPY history_transactions (transaction_hash, ledger_sequence, application_order, account, account_sequence, max_fee, fee_paid, operation_count, transaction_status_id, created_at, updated_at, id) FROM stdin;
55271f751544f3e52d028c4b8da97004937cd1a36d0adedcaa0495b60a0b051c	2	1	GCEZWKCA5VLDNRLN3RPRJMRZOX3Z6G5CHCGSNFHEYVXM3XOJMDS674JZ	1	10	10	1	-1	2015-07-29 17:19:39.895134	2015-07-29 17:19:39.895134	8589938688
0701de233d43aaa0b9375f8abe938fb71379904c9d7d7f0bdde222e42b758a73	2	2	GCEZWKCA5VLDNRLN3RPRJMRZOX3Z6G5CHCGSNFHEYVXM3XOJMDS674JZ	2	10	10	1	-1	2015-07-29 17:19:39.919086	2015-07-29 17:19:39.919086	8589942784
d5a78c9d2cb9d7be696ed019876c8513a53bae6bdeb7c17bf75d80ddfe2121fc	2	3	GCEZWKCA5VLDNRLN3RPRJMRZOX3Z6G5CHCGSNFHEYVXM3XOJMDS674JZ	3	10	10	1	-1	2015-07-29 17:19:39.942661	2015-07-29 17:19:39.942661	8589946880
e362277186cffe000574cdbe8ebfbac0d158ac7a207be359dcbbb5845125a062	2	4	GCEZWKCA5VLDNRLN3RPRJMRZOX3Z6G5CHCGSNFHEYVXM3XOJMDS674JZ	4	10	10	1	-1	2015-07-29 17:19:39.962491	2015-07-29 17:19:39.962491	8589950976
51a2d47082fe9dce1052986ec6842a0556b0866a2c99253119845ada0b49cd12	3	1	GCYBPVISIS7L5NEIQ7UEHETOP52EJAAKMDMKAHPC7E5C5MT4ZCPRHJ6T	8589934593	10	10	1	-1	2015-07-29 17:19:40.002546	2015-07-29 17:19:40.002546	12884905984
20b4a133e4e0d13b8f9e3029ca9962d896c580e56760238e04525df1df729470	3	2	GDWW5KWCMWIBUECK5SQLPHC7NHE2VFARQEYDVZLHAVYHZZH7I4COR4QB	8589934593	10	10	1	-1	2015-07-29 17:19:40.011835	2015-07-29 17:19:40.011835	12884910080
06c7a3930d19f229468904f85f46ee2d458273dfb4c71f7e5f1e34afdbf39397	3	3	GCGQRLLU2OMA2MUWTEUVA3XH4NCAP6JG2PNDDTULQRB7HAJIALPSSMGC	8589934593	10	10	1	-1	2015-07-29 17:19:40.021653	2015-07-29 17:19:40.021653	12884914176
58d4be05c3b7401bb86ce8f2435af69f84a0be53bf2aaf7fd867eeb18d2af7b2	3	4	GCYBPVISIS7L5NEIQ7UEHETOP52EJAAKMDMKAHPC7E5C5MT4ZCPRHJ6T	8589934594	10	10	1	-1	2015-07-29 17:19:40.031695	2015-07-29 17:19:40.031695	12884918272
38604056c9a3af6a5a50efcf8372c63f6d6eed8a9b4c7406fe9e71cd78731748	3	5	GCYBPVISIS7L5NEIQ7UEHETOP52EJAAKMDMKAHPC7E5C5MT4ZCPRHJ6T	8589934595	10	10	1	-1	2015-07-29 17:19:40.043551	2015-07-29 17:19:40.043551	12884922368
877adc8bb35157cffa2a4a62a1317c1b9aecf578aaad5bcdf773f3dfb19a314b	3	6	GCYBPVISIS7L5NEIQ7UEHETOP52EJAAKMDMKAHPC7E5C5MT4ZCPRHJ6T	8589934596	10	10	1	-1	2015-07-29 17:19:40.053377	2015-07-29 17:19:40.053377	12884926464
ca5ce851d83f91562333094402de22bba038df800b4c74ef48c5ce5d162cdb10	3	7	GCYBPVISIS7L5NEIQ7UEHETOP52EJAAKMDMKAHPC7E5C5MT4ZCPRHJ6T	8589934597	10	10	1	-1	2015-07-29 17:19:40.06233	2015-07-29 17:19:40.06233	12884930560
63daffb4304bcb0f6b7c1d8ba0165e71a3b8bec566b0936fa7443862d34cfeae	3	8	GCYBPVISIS7L5NEIQ7UEHETOP52EJAAKMDMKAHPC7E5C5MT4ZCPRHJ6T	8589934598	10	10	1	-1	2015-07-29 17:19:40.072893	2015-07-29 17:19:40.072893	12884934656
35dd28f5819a5bc21d0c507c8eb987fb306a6dfadd33296780fe20097ff8610a	3	9	GCYBPVISIS7L5NEIQ7UEHETOP52EJAAKMDMKAHPC7E5C5MT4ZCPRHJ6T	8589934599	10	10	1	-1	2015-07-29 17:19:40.083832	2015-07-29 17:19:40.083832	12884938752
54ba6ee7eb8c68de2a2e1d978a3d09fad146133439306ebac24a353df8450eba	3	10	GCYBPVISIS7L5NEIQ7UEHETOP52EJAAKMDMKAHPC7E5C5MT4ZCPRHJ6T	8589934600	10	10	1	-1	2015-07-29 17:19:40.093427	2015-07-29 17:19:40.093427	12884942848
061d9e96aa0d860e67bb44a1af07f5c6dc7fe6ca213a6060aa509f1ce6ea8b0b	4	1	GDB5FS4BM7B7HL5RQ4DIYTAHF65FJQRNXI6IBTX6VSDDKQ7R3DMOTMN7	8589934593	10	10	1	-1	2015-07-29 17:19:40.114981	2015-07-29 17:19:40.114981	17179873280
64eb266c0cd710fd545ab39eafad20b3315b59f1284da670a8a0d6e9237ec3fa	4	2	GDB5FS4BM7B7HL5RQ4DIYTAHF65FJQRNXI6IBTX6VSDDKQ7R3DMOTMN7	8589934594	10	10	1	-1	2015-07-29 17:19:40.131344	2015-07-29 17:19:40.131344	17179877376
75b03d26b7ce3627186c6990551b1f08392dbb6642a2b46682a9f1a1301fc227	4	3	GDB5FS4BM7B7HL5RQ4DIYTAHF65FJQRNXI6IBTX6VSDDKQ7R3DMOTMN7	8589934595	10	10	1	-1	2015-07-29 17:19:40.150873	2015-07-29 17:19:40.150873	17179881472
ae580f4ea804a77992621f73093deec500b71938ebe600fc233de8bd6f66ab55	4	4	GDB5FS4BM7B7HL5RQ4DIYTAHF65FJQRNXI6IBTX6VSDDKQ7R3DMOTMN7	8589934596	10	10	1	-1	2015-07-29 17:19:40.169031	2015-07-29 17:19:40.169031	17179885568
3d158253fec8ce923a796f68ffc1fe0e65157b08b362ee71013ce214be3470fe	4	5	GDB5FS4BM7B7HL5RQ4DIYTAHF65FJQRNXI6IBTX6VSDDKQ7R3DMOTMN7	8589934597	10	10	1	-1	2015-07-29 17:19:40.191456	2015-07-29 17:19:40.191456	17179889664
d5ec0e9d1c5ae00180a254f6430b481283f49396249e6c79cb8f8c16e2bf5dd0	4	6	GDB5FS4BM7B7HL5RQ4DIYTAHF65FJQRNXI6IBTX6VSDDKQ7R3DMOTMN7	8589934598	10	10	1	-1	2015-07-29 17:19:40.213431	2015-07-29 17:19:40.213431	17179893760
09ee2e2524e6f57586441aef2b7df0ec9aeb33dea98e77675b45a71b047e607c	4	7	GDB5FS4BM7B7HL5RQ4DIYTAHF65FJQRNXI6IBTX6VSDDKQ7R3DMOTMN7	8589934599	10	10	1	-1	2015-07-29 17:19:40.230784	2015-07-29 17:19:40.230784	17179897856
d9dadbcaf3d72602eba12c822115d52a853736039fc78e7250e011e94e75d86e	4	8	GDB5FS4BM7B7HL5RQ4DIYTAHF65FJQRNXI6IBTX6VSDDKQ7R3DMOTMN7	8589934600	10	10	1	-1	2015-07-29 17:19:40.2468	2015-07-29 17:19:40.2468	17179901952
1200e75650e7487c8e50fef069d0387a4fa0387d857914eb12e768484878a7f6	5	1	GCYBPVISIS7L5NEIQ7UEHETOP52EJAAKMDMKAHPC7E5C5MT4ZCPRHJ6T	8589934601	10	10	1	-1	2015-07-29 17:19:40.273464	2015-07-29 17:19:40.273464	21474840576
b87192349456b0b006e4efb3f5c491f9bd4dd907ddca20b48177f1a861c67ee7	5	2	GCYBPVISIS7L5NEIQ7UEHETOP52EJAAKMDMKAHPC7E5C5MT4ZCPRHJ6T	8589934602	10	10	1	-1	2015-07-29 17:19:40.281411	2015-07-29 17:19:40.281411	21474844672
2796444ebd7fcfb555c0b3576124b28742324b00f25f751bb6c7eb3dbac9afc0	5	3	GCYBPVISIS7L5NEIQ7UEHETOP52EJAAKMDMKAHPC7E5C5MT4ZCPRHJ6T	8589934603	10	10	1	-1	2015-07-29 17:19:40.290152	2015-07-29 17:19:40.290152	21474848768
1e72eae1db4db0492540dbcbc6599f297336f7d0bef1234d211a7552626f095d	5	4	GCYBPVISIS7L5NEIQ7UEHETOP52EJAAKMDMKAHPC7E5C5MT4ZCPRHJ6T	8589934604	10	10	1	-1	2015-07-29 17:19:40.299269	2015-07-29 17:19:40.299269	21474852864
b9fe7957d34a4bcf20572890ac6e206a4b980b33290e82192f280056db61e588	5	5	GCYBPVISIS7L5NEIQ7UEHETOP52EJAAKMDMKAHPC7E5C5MT4ZCPRHJ6T	8589934605	10	10	1	-1	2015-07-29 17:19:40.309212	2015-07-29 17:19:40.309212	21474856960
14864bc92f9dcefada97ce772322678a6175bdefee85793e5abe6691c2454719	5	6	GCYBPVISIS7L5NEIQ7UEHETOP52EJAAKMDMKAHPC7E5C5MT4ZCPRHJ6T	8589934606	10	10	1	-1	2015-07-29 17:19:40.319165	2015-07-29 17:19:40.319165	21474861056
32621ef006c96db84ef497b3c02c743a125e2db8fa2a9f4b5a07e437701dcce2	5	7	GCYBPVISIS7L5NEIQ7UEHETOP52EJAAKMDMKAHPC7E5C5MT4ZCPRHJ6T	8589934607	10	10	1	-1	2015-07-29 17:19:40.331158	2015-07-29 17:19:40.331158	21474865152
89f09877b7ef9e205e4ac7012cb73207d68759e0d6e6193120c3bb088d88b951	5	8	GCYBPVISIS7L5NEIQ7UEHETOP52EJAAKMDMKAHPC7E5C5MT4ZCPRHJ6T	8589934608	10	10	1	-1	2015-07-29 17:19:40.340032	2015-07-29 17:19:40.340032	21474869248
7b8b68bd5710a46905f48687078388f6e0a7b6d8727cdc65d4f1ed42332669c0	5	9	GCYBPVISIS7L5NEIQ7UEHETOP52EJAAKMDMKAHPC7E5C5MT4ZCPRHJ6T	8589934609	10	10	1	-1	2015-07-29 17:19:40.347678	2015-07-29 17:19:40.347678	21474873344
cd8fe48eb7604cc83e829a5da68355c2afb24278c1f7303f05ed3df04872ffe3	5	10	GCYBPVISIS7L5NEIQ7UEHETOP52EJAAKMDMKAHPC7E5C5MT4ZCPRHJ6T	8589934610	10	10	1	-1	2015-07-29 17:19:40.35526	2015-07-29 17:19:40.35526	21474877440
\.


--
-- Data for Name: schema_migrations; Type: TABLE DATA; Schema: public; Owner: -
--

COPY schema_migrations (version) FROM stdin;
20150508215546
20150310224849
20150313225945
20150313225955
20150501160031
20150508003829
20150508175821
20150508183542
20150609230237
20150629181921
\.


--
-- Name: history_operation_participants_pkey; Type: CONSTRAINT; Schema: public; Owner: -; Tablespace: 
--

ALTER TABLE ONLY history_operation_participants
    ADD CONSTRAINT history_operation_participants_pkey PRIMARY KEY (id);


--
-- Name: history_transaction_participants_pkey; Type: CONSTRAINT; Schema: public; Owner: -; Tablespace: 
--

ALTER TABLE ONLY history_transaction_participants
    ADD CONSTRAINT history_transaction_participants_pkey PRIMARY KEY (id);


--
-- Name: history_transaction_statuses_pkey; Type: CONSTRAINT; Schema: public; Owner: -; Tablespace: 
--

ALTER TABLE ONLY history_transaction_statuses
    ADD CONSTRAINT history_transaction_statuses_pkey PRIMARY KEY (id);


--
-- Name: by_account; Type: INDEX; Schema: public; Owner: -; Tablespace: 
--

CREATE INDEX by_account ON history_transactions USING btree (account, account_sequence);


--
-- Name: by_hash; Type: INDEX; Schema: public; Owner: -; Tablespace: 
--

CREATE INDEX by_hash ON history_transactions USING btree (transaction_hash);


--
-- Name: by_ledger; Type: INDEX; Schema: public; Owner: -; Tablespace: 
--

CREATE INDEX by_ledger ON history_transactions USING btree (ledger_sequence, application_order);


--
-- Name: by_status; Type: INDEX; Schema: public; Owner: -; Tablespace: 
--

CREATE INDEX by_status ON history_transactions USING btree (transaction_status_id);


--
-- Name: hist_e_by_order; Type: INDEX; Schema: public; Owner: -; Tablespace: 
--

CREATE UNIQUE INDEX hist_e_by_order ON history_effects USING btree (history_operation_id, "order");


--
-- Name: hist_e_id; Type: INDEX; Schema: public; Owner: -; Tablespace: 
--

CREATE UNIQUE INDEX hist_e_id ON history_effects USING btree (history_account_id, history_operation_id, "order");


--
-- Name: hist_op_p_id; Type: INDEX; Schema: public; Owner: -; Tablespace: 
--

CREATE UNIQUE INDEX hist_op_p_id ON history_operation_participants USING btree (history_account_id, history_operation_id);


--
-- Name: hs_ledger_by_id; Type: INDEX; Schema: public; Owner: -; Tablespace: 
--

CREATE UNIQUE INDEX hs_ledger_by_id ON history_ledgers USING btree (id);


--
-- Name: hs_transaction_by_id; Type: INDEX; Schema: public; Owner: -; Tablespace: 
--

CREATE UNIQUE INDEX hs_transaction_by_id ON history_transactions USING btree (id);


--
-- Name: index_history_accounts_on_id; Type: INDEX; Schema: public; Owner: -; Tablespace: 
--

CREATE UNIQUE INDEX index_history_accounts_on_id ON history_accounts USING btree (id);


--
-- Name: index_history_effects_on_type; Type: INDEX; Schema: public; Owner: -; Tablespace: 
--

CREATE INDEX index_history_effects_on_type ON history_effects USING btree (type);


--
-- Name: index_history_ledgers_on_closed_at; Type: INDEX; Schema: public; Owner: -; Tablespace: 
--

CREATE INDEX index_history_ledgers_on_closed_at ON history_ledgers USING btree (closed_at);


--
-- Name: index_history_ledgers_on_id; Type: INDEX; Schema: public; Owner: -; Tablespace: 
--

CREATE UNIQUE INDEX index_history_ledgers_on_id ON history_ledgers USING btree (id);


--
-- Name: index_history_ledgers_on_ledger_hash; Type: INDEX; Schema: public; Owner: -; Tablespace: 
--

CREATE UNIQUE INDEX index_history_ledgers_on_ledger_hash ON history_ledgers USING btree (ledger_hash);


--
-- Name: index_history_ledgers_on_previous_ledger_hash; Type: INDEX; Schema: public; Owner: -; Tablespace: 
--

CREATE UNIQUE INDEX index_history_ledgers_on_previous_ledger_hash ON history_ledgers USING btree (previous_ledger_hash);


--
-- Name: index_history_ledgers_on_sequence; Type: INDEX; Schema: public; Owner: -; Tablespace: 
--

CREATE UNIQUE INDEX index_history_ledgers_on_sequence ON history_ledgers USING btree (sequence);


--
-- Name: index_history_operations_on_id; Type: INDEX; Schema: public; Owner: -; Tablespace: 
--

CREATE UNIQUE INDEX index_history_operations_on_id ON history_operations USING btree (id);


--
-- Name: index_history_operations_on_transaction_id; Type: INDEX; Schema: public; Owner: -; Tablespace: 
--

CREATE INDEX index_history_operations_on_transaction_id ON history_operations USING btree (transaction_id);


--
-- Name: index_history_operations_on_type; Type: INDEX; Schema: public; Owner: -; Tablespace: 
--

CREATE INDEX index_history_operations_on_type ON history_operations USING btree (type);


--
-- Name: index_history_transaction_participants_on_account; Type: INDEX; Schema: public; Owner: -; Tablespace: 
--

CREATE INDEX index_history_transaction_participants_on_account ON history_transaction_participants USING btree (account);


--
-- Name: index_history_transaction_participants_on_transaction_hash; Type: INDEX; Schema: public; Owner: -; Tablespace: 
--

CREATE INDEX index_history_transaction_participants_on_transaction_hash ON history_transaction_participants USING btree (transaction_hash);


--
-- Name: index_history_transaction_statuses_lc_on_all; Type: INDEX; Schema: public; Owner: -; Tablespace: 
--

CREATE UNIQUE INDEX index_history_transaction_statuses_lc_on_all ON history_transaction_statuses USING btree (id, result_code, result_code_s);


--
-- Name: index_history_transactions_on_id; Type: INDEX; Schema: public; Owner: -; Tablespace: 
--

CREATE UNIQUE INDEX index_history_transactions_on_id ON history_transactions USING btree (id);


--
-- Name: unique_schema_migrations; Type: INDEX; Schema: public; Owner: -; Tablespace: 
--

CREATE UNIQUE INDEX unique_schema_migrations ON schema_migrations USING btree (version);


--
-- Name: public; Type: ACL; Schema: -; Owner: -
--

REVOKE ALL ON SCHEMA public FROM PUBLIC;
REVOKE ALL ON SCHEMA public FROM nullstyle;
GRANT ALL ON SCHEMA public TO nullstyle;
GRANT ALL ON SCHEMA public TO PUBLIC;


--
-- PostgreSQL database dump complete
--

