--
-- PostgreSQL database dump
--

SET statement_timeout = 0;
SET lock_timeout = 0;
SET client_encoding = 'UTF8';
SET standard_conforming_strings = on;
SET check_function_bodies = false;
SET client_min_messages = warning;

SET search_path = public, pg_catalog;

DROP INDEX public.unique_schema_migrations;
DROP INDEX public.index_history_transactions_on_id;
DROP INDEX public.index_history_transaction_statuses_lc_on_all;
DROP INDEX public.index_history_transaction_participants_on_transaction_hash;
DROP INDEX public.index_history_transaction_participants_on_account;
DROP INDEX public.index_history_operations_on_type;
DROP INDEX public.index_history_operations_on_transaction_id;
DROP INDEX public.index_history_operations_on_id;
DROP INDEX public.index_history_ledgers_on_sequence;
DROP INDEX public.index_history_ledgers_on_previous_ledger_hash;
DROP INDEX public.index_history_ledgers_on_ledger_hash;
DROP INDEX public.index_history_ledgers_on_importer_version;
DROP INDEX public.index_history_ledgers_on_id;
DROP INDEX public.index_history_ledgers_on_closed_at;
DROP INDEX public.index_history_effects_on_type;
DROP INDEX public.index_history_accounts_on_id;
DROP INDEX public.hs_transaction_by_id;
DROP INDEX public.hs_ledger_by_id;
DROP INDEX public.hist_op_p_id;
DROP INDEX public.hist_e_id;
DROP INDEX public.hist_e_by_order;
DROP INDEX public.by_status;
DROP INDEX public.by_ledger;
DROP INDEX public.by_hash;
DROP INDEX public.by_account;
ALTER TABLE ONLY public.history_transaction_statuses DROP CONSTRAINT history_transaction_statuses_pkey;
ALTER TABLE ONLY public.history_transaction_participants DROP CONSTRAINT history_transaction_participants_pkey;
ALTER TABLE ONLY public.history_operation_participants DROP CONSTRAINT history_operation_participants_pkey;
ALTER TABLE public.history_transaction_statuses ALTER COLUMN id DROP DEFAULT;
ALTER TABLE public.history_transaction_participants ALTER COLUMN id DROP DEFAULT;
ALTER TABLE public.history_operation_participants ALTER COLUMN id DROP DEFAULT;
DROP TABLE public.schema_migrations;
DROP TABLE public.history_transactions;
DROP SEQUENCE public.history_transaction_statuses_id_seq;
DROP TABLE public.history_transaction_statuses;
DROP SEQUENCE public.history_transaction_participants_id_seq;
DROP TABLE public.history_transaction_participants;
DROP TABLE public.history_operations;
DROP SEQUENCE public.history_operation_participants_id_seq;
DROP TABLE public.history_operation_participants;
DROP TABLE public.history_ledgers;
DROP TABLE public.history_effects;
DROP TABLE public.history_accounts;
DROP EXTENSION hstore;
DROP EXTENSION plpgsql;
DROP SCHEMA public;
--
-- Name: public; Type: SCHEMA; Schema: -; Owner: -
--

CREATE SCHEMA public;


--
-- Name: SCHEMA public; Type: COMMENT; Schema: -; Owner: -
--

COMMENT ON SCHEMA public IS 'standard public schema';


--
-- Name: plpgsql; Type: EXTENSION; Schema: -; Owner: -
--

CREATE EXTENSION IF NOT EXISTS plpgsql WITH SCHEMA pg_catalog;


--
-- Name: EXTENSION plpgsql; Type: COMMENT; Schema: -; Owner: -
--

COMMENT ON EXTENSION plpgsql IS 'PL/pgSQL procedural language';


--
-- Name: hstore; Type: EXTENSION; Schema: -; Owner: -
--

CREATE EXTENSION IF NOT EXISTS hstore WITH SCHEMA public;


--
-- Name: EXTENSION hstore; Type: COMMENT; Schema: -; Owner: -
--

COMMENT ON EXTENSION hstore IS 'data type for storing sets of (key, value) pairs';


SET search_path = public, pg_catalog;

SET default_tablespace = '';

SET default_with_oids = false;

--
-- Name: history_accounts; Type: TABLE; Schema: public; Owner: -; Tablespace: 
--

CREATE TABLE history_accounts (
    id bigint NOT NULL,
    address character varying(64)
);


--
-- Name: history_effects; Type: TABLE; Schema: public; Owner: -; Tablespace: 
--

CREATE TABLE history_effects (
    history_account_id bigint NOT NULL,
    history_operation_id bigint NOT NULL,
    "order" integer NOT NULL,
    type integer NOT NULL,
    details jsonb
);


--
-- Name: history_ledgers; Type: TABLE; Schema: public; Owner: -; Tablespace: 
--

CREATE TABLE history_ledgers (
    sequence integer NOT NULL,
    ledger_hash character varying(64) NOT NULL,
    previous_ledger_hash character varying(64),
    transaction_count integer DEFAULT 0 NOT NULL,
    operation_count integer DEFAULT 0 NOT NULL,
    closed_at timestamp without time zone NOT NULL,
    created_at timestamp without time zone,
    updated_at timestamp without time zone,
    id bigint,
    importer_version integer DEFAULT 1 NOT NULL
);


--
-- Name: history_operation_participants; Type: TABLE; Schema: public; Owner: -; Tablespace: 
--

CREATE TABLE history_operation_participants (
    id integer NOT NULL,
    history_operation_id bigint NOT NULL,
    history_account_id bigint NOT NULL
);


--
-- Name: history_operation_participants_id_seq; Type: SEQUENCE; Schema: public; Owner: -
--

CREATE SEQUENCE history_operation_participants_id_seq
    START WITH 1
    INCREMENT BY 1
    NO MINVALUE
    NO MAXVALUE
    CACHE 1;


--
-- Name: history_operation_participants_id_seq; Type: SEQUENCE OWNED BY; Schema: public; Owner: -
--

ALTER SEQUENCE history_operation_participants_id_seq OWNED BY history_operation_participants.id;


--
-- Name: history_operations; Type: TABLE; Schema: public; Owner: -; Tablespace: 
--

CREATE TABLE history_operations (
    id bigint NOT NULL,
    transaction_id bigint NOT NULL,
    application_order integer NOT NULL,
    type integer NOT NULL,
    details jsonb
);


--
-- Name: history_transaction_participants; Type: TABLE; Schema: public; Owner: -; Tablespace: 
--

CREATE TABLE history_transaction_participants (
    id integer NOT NULL,
    transaction_hash character varying(64) NOT NULL,
    account character varying(64) NOT NULL,
    created_at timestamp without time zone,
    updated_at timestamp without time zone
);


--
-- Name: history_transaction_participants_id_seq; Type: SEQUENCE; Schema: public; Owner: -
--

CREATE SEQUENCE history_transaction_participants_id_seq
    START WITH 1
    INCREMENT BY 1
    NO MINVALUE
    NO MAXVALUE
    CACHE 1;


--
-- Name: history_transaction_participants_id_seq; Type: SEQUENCE OWNED BY; Schema: public; Owner: -
--

ALTER SEQUENCE history_transaction_participants_id_seq OWNED BY history_transaction_participants.id;


--
-- Name: history_transaction_statuses; Type: TABLE; Schema: public; Owner: -; Tablespace: 
--

CREATE TABLE history_transaction_statuses (
    id integer NOT NULL,
    result_code_s character varying NOT NULL,
    result_code integer NOT NULL
);


--
-- Name: history_transaction_statuses_id_seq; Type: SEQUENCE; Schema: public; Owner: -
--

CREATE SEQUENCE history_transaction_statuses_id_seq
    START WITH 1
    INCREMENT BY 1
    NO MINVALUE
    NO MAXVALUE
    CACHE 1;


--
-- Name: history_transaction_statuses_id_seq; Type: SEQUENCE OWNED BY; Schema: public; Owner: -
--

ALTER SEQUENCE history_transaction_statuses_id_seq OWNED BY history_transaction_statuses.id;


--
-- Name: history_transactions; Type: TABLE; Schema: public; Owner: -; Tablespace: 
--

CREATE TABLE history_transactions (
    transaction_hash character varying(64) NOT NULL,
    ledger_sequence integer NOT NULL,
    application_order integer NOT NULL,
    account character varying(64) NOT NULL,
    account_sequence bigint NOT NULL,
    max_fee integer NOT NULL,
    fee_paid integer NOT NULL,
    operation_count integer NOT NULL,
    transaction_status_id integer NOT NULL,
    created_at timestamp without time zone,
    updated_at timestamp without time zone,
    id bigint,
    tx_envelope text,
    tx_result text,
    tx_meta text
);


--
-- Name: schema_migrations; Type: TABLE; Schema: public; Owner: -; Tablespace: 
--

CREATE TABLE schema_migrations (
    version character varying(255) NOT NULL
);


--
-- Name: id; Type: DEFAULT; Schema: public; Owner: -
--

ALTER TABLE ONLY history_operation_participants ALTER COLUMN id SET DEFAULT nextval('history_operation_participants_id_seq'::regclass);


--
-- Name: id; Type: DEFAULT; Schema: public; Owner: -
--

ALTER TABLE ONLY history_transaction_participants ALTER COLUMN id SET DEFAULT nextval('history_transaction_participants_id_seq'::regclass);


--
-- Name: id; Type: DEFAULT; Schema: public; Owner: -
--

ALTER TABLE ONLY history_transaction_statuses ALTER COLUMN id SET DEFAULT nextval('history_transaction_statuses_id_seq'::regclass);


--
-- Data for Name: history_accounts; Type: TABLE DATA; Schema: public; Owner: -
--

COPY history_accounts (id, address) FROM stdin;
0	GCEZWKCA5VLDNRLN3RPRJMRZOX3Z6G5CHCGSNFHEYVXM3XOJMDS674JZ
8589938688	GCWXM4BUUZCVWQHB2GGQDJG4DPNTV6WOKH2AX6ZEPXS33G6MZ72RD2UQ
8589942784	GDE45CDWIWDHEPNN2AQKI2EXLZBDU2FCEJFRUNKRP2PSTHNL4PXN45FR
8589946880	GDT7UXKJAXAWIWWROZXNRPFWSLCSO5Y2E7C2KNBOMOIQ2DST3DUHWF5A
8589950976	GCDK57ZRPTWX4IXTKW4WPNW6ALGKT2GXKPSRSRF6AJVXP35HJQLCX2CE
\.


--
-- Data for Name: history_effects; Type: TABLE DATA; Schema: public; Owner: -
--

COPY history_effects (history_account_id, history_operation_id, "order", type, details) FROM stdin;
8589938688	8589938688	0	0	{"starting_balance": 10000000000}
0	8589938688	1	3	{"amount": 10000000000, "asset_type": "native"}
0	8589938688	2	10	{"weight": 1, "public_key": "GCWXM4BUUZCVWQHB2GGQDJG4DPNTV6WOKH2AX6ZEPXS33G6MZ72RD2UQ"}
8589942784	8589942784	0	0	{"starting_balance": 10000000000}
0	8589942784	1	3	{"amount": 10000000000, "asset_type": "native"}
0	8589942784	2	10	{"weight": 1, "public_key": "GDE45CDWIWDHEPNN2AQKI2EXLZBDU2FCEJFRUNKRP2PSTHNL4PXN45FR"}
8589946880	8589946880	0	0	{"starting_balance": 10000000000}
0	8589946880	1	3	{"amount": 10000000000, "asset_type": "native"}
0	8589946880	2	10	{"weight": 1, "public_key": "GDT7UXKJAXAWIWWROZXNRPFWSLCSO5Y2E7C2KNBOMOIQ2DST3DUHWF5A"}
8589950976	8589950976	0	0	{"starting_balance": 10000000000}
0	8589950976	1	3	{"amount": 10000000000, "asset_type": "native"}
0	8589950976	2	10	{"weight": 1, "public_key": "GCDK57ZRPTWX4IXTKW4WPNW6ALGKT2GXKPSRSRF6AJVXP35HJQLCX2CE"}
8589946880	12884905984	0	20	{"limit": 9223372036854775807, "asset_code": "EUR", "asset_type": "credit_alphanum4", "asset_issuer": "GCWXM4BUUZCVWQHB2GGQDJG4DPNTV6WOKH2AX6ZEPXS33G6MZ72RD2UQ"}
8589950976	12884910080	0	20	{"limit": 9223372036854775807, "asset_code": "USD", "asset_type": "credit_alphanum4", "asset_issuer": "GCWXM4BUUZCVWQHB2GGQDJG4DPNTV6WOKH2AX6ZEPXS33G6MZ72RD2UQ"}
8589942784	12884914176	0	20	{"limit": 9223372036854775807, "asset_code": "USD", "asset_type": "credit_alphanum4", "asset_issuer": "GCWXM4BUUZCVWQHB2GGQDJG4DPNTV6WOKH2AX6ZEPXS33G6MZ72RD2UQ"}
8589950976	12884918272	0	20	{"limit": 9223372036854775807, "asset_code": "EUR", "asset_type": "credit_alphanum4", "asset_issuer": "GCWXM4BUUZCVWQHB2GGQDJG4DPNTV6WOKH2AX6ZEPXS33G6MZ72RD2UQ"}
8589950976	12884922368	0	20	{"limit": 9223372036854775807, "asset_code": "1", "asset_type": "credit_alphanum4", "asset_issuer": "GCWXM4BUUZCVWQHB2GGQDJG4DPNTV6WOKH2AX6ZEPXS33G6MZ72RD2UQ"}
8589950976	12884926464	0	20	{"limit": 9223372036854775807, "asset_code": "21", "asset_type": "credit_alphanum4", "asset_issuer": "GCWXM4BUUZCVWQHB2GGQDJG4DPNTV6WOKH2AX6ZEPXS33G6MZ72RD2UQ"}
8589950976	12884930560	0	20	{"limit": 9223372036854775807, "asset_code": "22", "asset_type": "credit_alphanum4", "asset_issuer": "GCWXM4BUUZCVWQHB2GGQDJG4DPNTV6WOKH2AX6ZEPXS33G6MZ72RD2UQ"}
8589950976	12884934656	0	20	{"limit": 9223372036854775807, "asset_code": "31", "asset_type": "credit_alphanum4", "asset_issuer": "GCWXM4BUUZCVWQHB2GGQDJG4DPNTV6WOKH2AX6ZEPXS33G6MZ72RD2UQ"}
8589950976	12884938752	0	20	{"limit": 9223372036854775807, "asset_code": "32", "asset_type": "credit_alphanum4", "asset_issuer": "GCWXM4BUUZCVWQHB2GGQDJG4DPNTV6WOKH2AX6ZEPXS33G6MZ72RD2UQ"}
8589950976	12884942848	0	20	{"limit": 9223372036854775807, "asset_code": "33", "asset_type": "credit_alphanum4", "asset_issuer": "GCWXM4BUUZCVWQHB2GGQDJG4DPNTV6WOKH2AX6ZEPXS33G6MZ72RD2UQ"}
8589942784	17179873280	0	2	{"amount": 5000, "asset_code": "USD", "asset_type": "credit_alphanum4", "asset_issuer": "GCWXM4BUUZCVWQHB2GGQDJG4DPNTV6WOKH2AX6ZEPXS33G6MZ72RD2UQ"}
8589938688	17179873280	1	3	{"amount": 5000, "asset_code": "USD", "asset_type": "credit_alphanum4", "asset_issuer": "GCWXM4BUUZCVWQHB2GGQDJG4DPNTV6WOKH2AX6ZEPXS33G6MZ72RD2UQ"}
8589950976	17179877376	0	2	{"amount": 5000, "asset_code": "EUR", "asset_type": "credit_alphanum4", "asset_issuer": "GCWXM4BUUZCVWQHB2GGQDJG4DPNTV6WOKH2AX6ZEPXS33G6MZ72RD2UQ"}
8589938688	17179877376	1	3	{"amount": 5000, "asset_code": "EUR", "asset_type": "credit_alphanum4", "asset_issuer": "GCWXM4BUUZCVWQHB2GGQDJG4DPNTV6WOKH2AX6ZEPXS33G6MZ72RD2UQ"}
8589950976	17179881472	0	2	{"amount": 5000, "asset_code": "1", "asset_type": "credit_alphanum4", "asset_issuer": "GCWXM4BUUZCVWQHB2GGQDJG4DPNTV6WOKH2AX6ZEPXS33G6MZ72RD2UQ"}
8589938688	17179881472	1	3	{"amount": 5000, "asset_code": "1", "asset_type": "credit_alphanum4", "asset_issuer": "GCWXM4BUUZCVWQHB2GGQDJG4DPNTV6WOKH2AX6ZEPXS33G6MZ72RD2UQ"}
8589950976	17179885568	0	2	{"amount": 5000, "asset_code": "21", "asset_type": "credit_alphanum4", "asset_issuer": "GCWXM4BUUZCVWQHB2GGQDJG4DPNTV6WOKH2AX6ZEPXS33G6MZ72RD2UQ"}
8589938688	17179885568	1	3	{"amount": 5000, "asset_code": "21", "asset_type": "credit_alphanum4", "asset_issuer": "GCWXM4BUUZCVWQHB2GGQDJG4DPNTV6WOKH2AX6ZEPXS33G6MZ72RD2UQ"}
8589950976	17179889664	0	2	{"amount": 5000, "asset_code": "22", "asset_type": "credit_alphanum4", "asset_issuer": "GCWXM4BUUZCVWQHB2GGQDJG4DPNTV6WOKH2AX6ZEPXS33G6MZ72RD2UQ"}
8589938688	17179889664	1	3	{"amount": 5000, "asset_code": "22", "asset_type": "credit_alphanum4", "asset_issuer": "GCWXM4BUUZCVWQHB2GGQDJG4DPNTV6WOKH2AX6ZEPXS33G6MZ72RD2UQ"}
8589950976	17179893760	0	2	{"amount": 5000, "asset_code": "31", "asset_type": "credit_alphanum4", "asset_issuer": "GCWXM4BUUZCVWQHB2GGQDJG4DPNTV6WOKH2AX6ZEPXS33G6MZ72RD2UQ"}
8589938688	17179893760	1	3	{"amount": 5000, "asset_code": "31", "asset_type": "credit_alphanum4", "asset_issuer": "GCWXM4BUUZCVWQHB2GGQDJG4DPNTV6WOKH2AX6ZEPXS33G6MZ72RD2UQ"}
8589950976	17179897856	0	2	{"amount": 5000, "asset_code": "32", "asset_type": "credit_alphanum4", "asset_issuer": "GCWXM4BUUZCVWQHB2GGQDJG4DPNTV6WOKH2AX6ZEPXS33G6MZ72RD2UQ"}
8589938688	17179897856	1	3	{"amount": 5000, "asset_code": "32", "asset_type": "credit_alphanum4", "asset_issuer": "GCWXM4BUUZCVWQHB2GGQDJG4DPNTV6WOKH2AX6ZEPXS33G6MZ72RD2UQ"}
8589950976	17179901952	0	2	{"amount": 5000, "asset_code": "33", "asset_type": "credit_alphanum4", "asset_issuer": "GCWXM4BUUZCVWQHB2GGQDJG4DPNTV6WOKH2AX6ZEPXS33G6MZ72RD2UQ"}
8589938688	17179901952	1	3	{"amount": 5000, "asset_code": "33", "asset_type": "credit_alphanum4", "asset_issuer": "GCWXM4BUUZCVWQHB2GGQDJG4DPNTV6WOKH2AX6ZEPXS33G6MZ72RD2UQ"}
\.


--
-- Data for Name: history_ledgers; Type: TABLE DATA; Schema: public; Owner: -
--

COPY history_ledgers (sequence, ledger_hash, previous_ledger_hash, transaction_count, operation_count, closed_at, created_at, updated_at, id, importer_version) FROM stdin;
1	e8e10918f9c000c73119abe54cf089f59f9015cc93c49ccf00b5e8b9afb6e6b1	\N	0	0	1970-01-01 00:00:00	2015-08-27 21:36:05.46181	2015-08-27 21:36:05.46181	4294967296	1
2	ac8315fec0af52dc6307d82dff9dc5d9f68881acc3f3294f3c78d06dfa620002	e8e10918f9c000c73119abe54cf089f59f9015cc93c49ccf00b5e8b9afb6e6b1	4	4	2015-08-27 21:36:03	2015-08-27 21:36:05.473313	2015-08-27 21:36:05.473313	8589934592	1
3	578a23f25586ab2b7a19259d6d2818e170d16cd8104b58db9f1e287a3fdfdd9d	ac8315fec0af52dc6307d82dff9dc5d9f68881acc3f3294f3c78d06dfa620002	10	10	2015-08-27 21:36:04	2015-08-27 21:36:05.599584	2015-08-27 21:36:05.599584	12884901888	1
4	29a15496f0d41858cc31180038b19b2b4453824c82596c65e781222a3fa189e2	578a23f25586ab2b7a19259d6d2818e170d16cd8104b58db9f1e287a3fdfdd9d	8	8	2015-08-27 21:36:05	2015-08-27 21:36:05.747258	2015-08-27 21:36:05.747258	17179869184	1
5	5df29ed435ce209b191ce647af86c4494ce0134d49e0d01167ccd766fc3cd171	29a15496f0d41858cc31180038b19b2b4453824c82596c65e781222a3fa189e2	10	10	2015-08-27 21:36:06	2015-08-27 21:36:05.902631	2015-08-27 21:36:05.902631	21474836480	1
\.


--
-- Data for Name: history_operation_participants; Type: TABLE DATA; Schema: public; Owner: -
--

COPY history_operation_participants (id, history_operation_id, history_account_id) FROM stdin;
107	8589938688	0
108	8589938688	8589938688
109	8589942784	0
110	8589942784	8589942784
111	8589946880	0
112	8589946880	8589946880
113	8589950976	0
114	8589950976	8589950976
115	12884905984	8589946880
116	12884910080	8589950976
117	12884914176	8589942784
118	12884918272	8589950976
119	12884922368	8589950976
120	12884926464	8589950976
121	12884930560	8589950976
122	12884934656	8589950976
123	12884938752	8589950976
124	12884942848	8589950976
125	17179873280	8589938688
126	17179873280	8589942784
127	17179877376	8589938688
128	17179877376	8589950976
129	17179881472	8589938688
130	17179881472	8589950976
131	17179885568	8589938688
132	17179885568	8589950976
133	17179889664	8589938688
134	17179889664	8589950976
135	17179893760	8589938688
136	17179893760	8589950976
137	17179897856	8589938688
138	17179897856	8589950976
139	17179901952	8589938688
140	17179901952	8589950976
141	21474840576	8589950976
142	21474844672	8589950976
143	21474848768	8589950976
144	21474852864	8589950976
145	21474856960	8589950976
146	21474861056	8589950976
147	21474865152	8589950976
148	21474869248	8589950976
149	21474873344	8589950976
150	21474877440	8589950976
\.


--
-- Name: history_operation_participants_id_seq; Type: SEQUENCE SET; Schema: public; Owner: -
--

SELECT pg_catalog.setval('history_operation_participants_id_seq', 150, true);


--
-- Data for Name: history_operations; Type: TABLE DATA; Schema: public; Owner: -
--

COPY history_operations (id, transaction_id, application_order, type, details) FROM stdin;
8589938688	8589938688	0	0	{"funder": "GCEZWKCA5VLDNRLN3RPRJMRZOX3Z6G5CHCGSNFHEYVXM3XOJMDS674JZ", "account": "GCWXM4BUUZCVWQHB2GGQDJG4DPNTV6WOKH2AX6ZEPXS33G6MZ72RD2UQ", "starting_balance": 10000000000}
8589942784	8589942784	0	0	{"funder": "GCEZWKCA5VLDNRLN3RPRJMRZOX3Z6G5CHCGSNFHEYVXM3XOJMDS674JZ", "account": "GDE45CDWIWDHEPNN2AQKI2EXLZBDU2FCEJFRUNKRP2PSTHNL4PXN45FR", "starting_balance": 10000000000}
8589946880	8589946880	0	0	{"funder": "GCEZWKCA5VLDNRLN3RPRJMRZOX3Z6G5CHCGSNFHEYVXM3XOJMDS674JZ", "account": "GDT7UXKJAXAWIWWROZXNRPFWSLCSO5Y2E7C2KNBOMOIQ2DST3DUHWF5A", "starting_balance": 10000000000}
8589950976	8589950976	0	0	{"funder": "GCEZWKCA5VLDNRLN3RPRJMRZOX3Z6G5CHCGSNFHEYVXM3XOJMDS674JZ", "account": "GCDK57ZRPTWX4IXTKW4WPNW6ALGKT2GXKPSRSRF6AJVXP35HJQLCX2CE", "starting_balance": 10000000000}
12884905984	12884905984	0	6	{"limit": 9223372036854775807, "trustee": "GCWXM4BUUZCVWQHB2GGQDJG4DPNTV6WOKH2AX6ZEPXS33G6MZ72RD2UQ", "trustor": "GDT7UXKJAXAWIWWROZXNRPFWSLCSO5Y2E7C2KNBOMOIQ2DST3DUHWF5A", "asset_code": "EUR", "asset_type": "credit_alphanum4", "asset_issuer": "GCWXM4BUUZCVWQHB2GGQDJG4DPNTV6WOKH2AX6ZEPXS33G6MZ72RD2UQ"}
12884910080	12884910080	0	6	{"limit": 9223372036854775807, "trustee": "GCWXM4BUUZCVWQHB2GGQDJG4DPNTV6WOKH2AX6ZEPXS33G6MZ72RD2UQ", "trustor": "GCDK57ZRPTWX4IXTKW4WPNW6ALGKT2GXKPSRSRF6AJVXP35HJQLCX2CE", "asset_code": "USD", "asset_type": "credit_alphanum4", "asset_issuer": "GCWXM4BUUZCVWQHB2GGQDJG4DPNTV6WOKH2AX6ZEPXS33G6MZ72RD2UQ"}
12884914176	12884914176	0	6	{"limit": 9223372036854775807, "trustee": "GCWXM4BUUZCVWQHB2GGQDJG4DPNTV6WOKH2AX6ZEPXS33G6MZ72RD2UQ", "trustor": "GDE45CDWIWDHEPNN2AQKI2EXLZBDU2FCEJFRUNKRP2PSTHNL4PXN45FR", "asset_code": "USD", "asset_type": "credit_alphanum4", "asset_issuer": "GCWXM4BUUZCVWQHB2GGQDJG4DPNTV6WOKH2AX6ZEPXS33G6MZ72RD2UQ"}
12884918272	12884918272	0	6	{"limit": 9223372036854775807, "trustee": "GCWXM4BUUZCVWQHB2GGQDJG4DPNTV6WOKH2AX6ZEPXS33G6MZ72RD2UQ", "trustor": "GCDK57ZRPTWX4IXTKW4WPNW6ALGKT2GXKPSRSRF6AJVXP35HJQLCX2CE", "asset_code": "EUR", "asset_type": "credit_alphanum4", "asset_issuer": "GCWXM4BUUZCVWQHB2GGQDJG4DPNTV6WOKH2AX6ZEPXS33G6MZ72RD2UQ"}
12884922368	12884922368	0	6	{"limit": 9223372036854775807, "trustee": "GCWXM4BUUZCVWQHB2GGQDJG4DPNTV6WOKH2AX6ZEPXS33G6MZ72RD2UQ", "trustor": "GCDK57ZRPTWX4IXTKW4WPNW6ALGKT2GXKPSRSRF6AJVXP35HJQLCX2CE", "asset_code": "1", "asset_type": "credit_alphanum4", "asset_issuer": "GCWXM4BUUZCVWQHB2GGQDJG4DPNTV6WOKH2AX6ZEPXS33G6MZ72RD2UQ"}
12884926464	12884926464	0	6	{"limit": 9223372036854775807, "trustee": "GCWXM4BUUZCVWQHB2GGQDJG4DPNTV6WOKH2AX6ZEPXS33G6MZ72RD2UQ", "trustor": "GCDK57ZRPTWX4IXTKW4WPNW6ALGKT2GXKPSRSRF6AJVXP35HJQLCX2CE", "asset_code": "21", "asset_type": "credit_alphanum4", "asset_issuer": "GCWXM4BUUZCVWQHB2GGQDJG4DPNTV6WOKH2AX6ZEPXS33G6MZ72RD2UQ"}
12884930560	12884930560	0	6	{"limit": 9223372036854775807, "trustee": "GCWXM4BUUZCVWQHB2GGQDJG4DPNTV6WOKH2AX6ZEPXS33G6MZ72RD2UQ", "trustor": "GCDK57ZRPTWX4IXTKW4WPNW6ALGKT2GXKPSRSRF6AJVXP35HJQLCX2CE", "asset_code": "22", "asset_type": "credit_alphanum4", "asset_issuer": "GCWXM4BUUZCVWQHB2GGQDJG4DPNTV6WOKH2AX6ZEPXS33G6MZ72RD2UQ"}
12884934656	12884934656	0	6	{"limit": 9223372036854775807, "trustee": "GCWXM4BUUZCVWQHB2GGQDJG4DPNTV6WOKH2AX6ZEPXS33G6MZ72RD2UQ", "trustor": "GCDK57ZRPTWX4IXTKW4WPNW6ALGKT2GXKPSRSRF6AJVXP35HJQLCX2CE", "asset_code": "31", "asset_type": "credit_alphanum4", "asset_issuer": "GCWXM4BUUZCVWQHB2GGQDJG4DPNTV6WOKH2AX6ZEPXS33G6MZ72RD2UQ"}
12884938752	12884938752	0	6	{"limit": 9223372036854775807, "trustee": "GCWXM4BUUZCVWQHB2GGQDJG4DPNTV6WOKH2AX6ZEPXS33G6MZ72RD2UQ", "trustor": "GCDK57ZRPTWX4IXTKW4WPNW6ALGKT2GXKPSRSRF6AJVXP35HJQLCX2CE", "asset_code": "32", "asset_type": "credit_alphanum4", "asset_issuer": "GCWXM4BUUZCVWQHB2GGQDJG4DPNTV6WOKH2AX6ZEPXS33G6MZ72RD2UQ"}
12884942848	12884942848	0	6	{"limit": 9223372036854775807, "trustee": "GCWXM4BUUZCVWQHB2GGQDJG4DPNTV6WOKH2AX6ZEPXS33G6MZ72RD2UQ", "trustor": "GCDK57ZRPTWX4IXTKW4WPNW6ALGKT2GXKPSRSRF6AJVXP35HJQLCX2CE", "asset_code": "33", "asset_type": "credit_alphanum4", "asset_issuer": "GCWXM4BUUZCVWQHB2GGQDJG4DPNTV6WOKH2AX6ZEPXS33G6MZ72RD2UQ"}
17179873280	17179873280	0	1	{"to": "GDE45CDWIWDHEPNN2AQKI2EXLZBDU2FCEJFRUNKRP2PSTHNL4PXN45FR", "from": "GCWXM4BUUZCVWQHB2GGQDJG4DPNTV6WOKH2AX6ZEPXS33G6MZ72RD2UQ", "amount": 5000, "asset_code": "USD", "asset_type": "credit_alphanum4", "asset_issuer": "GCWXM4BUUZCVWQHB2GGQDJG4DPNTV6WOKH2AX6ZEPXS33G6MZ72RD2UQ"}
17179877376	17179877376	0	1	{"to": "GCDK57ZRPTWX4IXTKW4WPNW6ALGKT2GXKPSRSRF6AJVXP35HJQLCX2CE", "from": "GCWXM4BUUZCVWQHB2GGQDJG4DPNTV6WOKH2AX6ZEPXS33G6MZ72RD2UQ", "amount": 5000, "asset_code": "EUR", "asset_type": "credit_alphanum4", "asset_issuer": "GCWXM4BUUZCVWQHB2GGQDJG4DPNTV6WOKH2AX6ZEPXS33G6MZ72RD2UQ"}
17179881472	17179881472	0	1	{"to": "GCDK57ZRPTWX4IXTKW4WPNW6ALGKT2GXKPSRSRF6AJVXP35HJQLCX2CE", "from": "GCWXM4BUUZCVWQHB2GGQDJG4DPNTV6WOKH2AX6ZEPXS33G6MZ72RD2UQ", "amount": 5000, "asset_code": "1", "asset_type": "credit_alphanum4", "asset_issuer": "GCWXM4BUUZCVWQHB2GGQDJG4DPNTV6WOKH2AX6ZEPXS33G6MZ72RD2UQ"}
17179885568	17179885568	0	1	{"to": "GCDK57ZRPTWX4IXTKW4WPNW6ALGKT2GXKPSRSRF6AJVXP35HJQLCX2CE", "from": "GCWXM4BUUZCVWQHB2GGQDJG4DPNTV6WOKH2AX6ZEPXS33G6MZ72RD2UQ", "amount": 5000, "asset_code": "21", "asset_type": "credit_alphanum4", "asset_issuer": "GCWXM4BUUZCVWQHB2GGQDJG4DPNTV6WOKH2AX6ZEPXS33G6MZ72RD2UQ"}
17179889664	17179889664	0	1	{"to": "GCDK57ZRPTWX4IXTKW4WPNW6ALGKT2GXKPSRSRF6AJVXP35HJQLCX2CE", "from": "GCWXM4BUUZCVWQHB2GGQDJG4DPNTV6WOKH2AX6ZEPXS33G6MZ72RD2UQ", "amount": 5000, "asset_code": "22", "asset_type": "credit_alphanum4", "asset_issuer": "GCWXM4BUUZCVWQHB2GGQDJG4DPNTV6WOKH2AX6ZEPXS33G6MZ72RD2UQ"}
17179893760	17179893760	0	1	{"to": "GCDK57ZRPTWX4IXTKW4WPNW6ALGKT2GXKPSRSRF6AJVXP35HJQLCX2CE", "from": "GCWXM4BUUZCVWQHB2GGQDJG4DPNTV6WOKH2AX6ZEPXS33G6MZ72RD2UQ", "amount": 5000, "asset_code": "31", "asset_type": "credit_alphanum4", "asset_issuer": "GCWXM4BUUZCVWQHB2GGQDJG4DPNTV6WOKH2AX6ZEPXS33G6MZ72RD2UQ"}
17179897856	17179897856	0	1	{"to": "GCDK57ZRPTWX4IXTKW4WPNW6ALGKT2GXKPSRSRF6AJVXP35HJQLCX2CE", "from": "GCWXM4BUUZCVWQHB2GGQDJG4DPNTV6WOKH2AX6ZEPXS33G6MZ72RD2UQ", "amount": 5000, "asset_code": "32", "asset_type": "credit_alphanum4", "asset_issuer": "GCWXM4BUUZCVWQHB2GGQDJG4DPNTV6WOKH2AX6ZEPXS33G6MZ72RD2UQ"}
17179901952	17179901952	0	1	{"to": "GCDK57ZRPTWX4IXTKW4WPNW6ALGKT2GXKPSRSRF6AJVXP35HJQLCX2CE", "from": "GCWXM4BUUZCVWQHB2GGQDJG4DPNTV6WOKH2AX6ZEPXS33G6MZ72RD2UQ", "amount": 5000, "asset_code": "33", "asset_type": "credit_alphanum4", "asset_issuer": "GCWXM4BUUZCVWQHB2GGQDJG4DPNTV6WOKH2AX6ZEPXS33G6MZ72RD2UQ"}
21474840576	21474840576	0	3	{"price": {"d": 1, "n": 1}, "amount": 10, "offer_id": 0, "buying_asset_code": "USD", "buying_asset_type": "credit_alphanum4", "selling_asset_code": "EUR", "selling_asset_type": "credit_alphanum4", "buying_asset_issuer": "GCWXM4BUUZCVWQHB2GGQDJG4DPNTV6WOKH2AX6ZEPXS33G6MZ72RD2UQ", "selling_asset_issuer": "GCWXM4BUUZCVWQHB2GGQDJG4DPNTV6WOKH2AX6ZEPXS33G6MZ72RD2UQ"}
21474844672	21474844672	0	3	{"price": {"d": 1, "n": 1}, "amount": 20, "offer_id": 0, "buying_asset_code": "USD", "buying_asset_type": "credit_alphanum4", "selling_asset_code": "1", "selling_asset_type": "credit_alphanum4", "buying_asset_issuer": "GCWXM4BUUZCVWQHB2GGQDJG4DPNTV6WOKH2AX6ZEPXS33G6MZ72RD2UQ", "selling_asset_issuer": "GCWXM4BUUZCVWQHB2GGQDJG4DPNTV6WOKH2AX6ZEPXS33G6MZ72RD2UQ"}
21474848768	21474848768	0	3	{"price": {"d": 1, "n": 1}, "amount": 20, "offer_id": 0, "buying_asset_code": "1", "buying_asset_type": "credit_alphanum4", "selling_asset_code": "EUR", "selling_asset_type": "credit_alphanum4", "buying_asset_issuer": "GCWXM4BUUZCVWQHB2GGQDJG4DPNTV6WOKH2AX6ZEPXS33G6MZ72RD2UQ", "selling_asset_issuer": "GCWXM4BUUZCVWQHB2GGQDJG4DPNTV6WOKH2AX6ZEPXS33G6MZ72RD2UQ"}
21474852864	21474852864	0	3	{"price": {"d": 1, "n": 1}, "amount": 30, "offer_id": 0, "buying_asset_code": "USD", "buying_asset_type": "credit_alphanum4", "selling_asset_code": "21", "selling_asset_type": "credit_alphanum4", "buying_asset_issuer": "GCWXM4BUUZCVWQHB2GGQDJG4DPNTV6WOKH2AX6ZEPXS33G6MZ72RD2UQ", "selling_asset_issuer": "GCWXM4BUUZCVWQHB2GGQDJG4DPNTV6WOKH2AX6ZEPXS33G6MZ72RD2UQ"}
21474856960	21474856960	0	3	{"price": {"d": 1, "n": 1}, "amount": 30, "offer_id": 0, "buying_asset_code": "21", "buying_asset_type": "credit_alphanum4", "selling_asset_code": "22", "selling_asset_type": "credit_alphanum4", "buying_asset_issuer": "GCWXM4BUUZCVWQHB2GGQDJG4DPNTV6WOKH2AX6ZEPXS33G6MZ72RD2UQ", "selling_asset_issuer": "GCWXM4BUUZCVWQHB2GGQDJG4DPNTV6WOKH2AX6ZEPXS33G6MZ72RD2UQ"}
21474861056	21474861056	0	3	{"price": {"d": 1, "n": 1}, "amount": 30, "offer_id": 0, "buying_asset_code": "22", "buying_asset_type": "credit_alphanum4", "selling_asset_code": "EUR", "selling_asset_type": "credit_alphanum4", "buying_asset_issuer": "GCWXM4BUUZCVWQHB2GGQDJG4DPNTV6WOKH2AX6ZEPXS33G6MZ72RD2UQ", "selling_asset_issuer": "GCWXM4BUUZCVWQHB2GGQDJG4DPNTV6WOKH2AX6ZEPXS33G6MZ72RD2UQ"}
21474865152	21474865152	0	3	{"price": {"d": 1, "n": 1}, "amount": 40, "offer_id": 0, "buying_asset_code": "USD", "buying_asset_type": "credit_alphanum4", "selling_asset_code": "31", "selling_asset_type": "credit_alphanum4", "buying_asset_issuer": "GCWXM4BUUZCVWQHB2GGQDJG4DPNTV6WOKH2AX6ZEPXS33G6MZ72RD2UQ", "selling_asset_issuer": "GCWXM4BUUZCVWQHB2GGQDJG4DPNTV6WOKH2AX6ZEPXS33G6MZ72RD2UQ"}
21474869248	21474869248	0	3	{"price": {"d": 1, "n": 1}, "amount": 40, "offer_id": 0, "buying_asset_code": "31", "buying_asset_type": "credit_alphanum4", "selling_asset_code": "32", "selling_asset_type": "credit_alphanum4", "buying_asset_issuer": "GCWXM4BUUZCVWQHB2GGQDJG4DPNTV6WOKH2AX6ZEPXS33G6MZ72RD2UQ", "selling_asset_issuer": "GCWXM4BUUZCVWQHB2GGQDJG4DPNTV6WOKH2AX6ZEPXS33G6MZ72RD2UQ"}
21474873344	21474873344	0	3	{"price": {"d": 1, "n": 1}, "amount": 40, "offer_id": 0, "buying_asset_code": "32", "buying_asset_type": "credit_alphanum4", "selling_asset_code": "33", "selling_asset_type": "credit_alphanum4", "buying_asset_issuer": "GCWXM4BUUZCVWQHB2GGQDJG4DPNTV6WOKH2AX6ZEPXS33G6MZ72RD2UQ", "selling_asset_issuer": "GCWXM4BUUZCVWQHB2GGQDJG4DPNTV6WOKH2AX6ZEPXS33G6MZ72RD2UQ"}
21474877440	21474877440	0	3	{"price": {"d": 1, "n": 1}, "amount": 40, "offer_id": 0, "buying_asset_code": "33", "buying_asset_type": "credit_alphanum4", "selling_asset_code": "EUR", "selling_asset_type": "credit_alphanum4", "buying_asset_issuer": "GCWXM4BUUZCVWQHB2GGQDJG4DPNTV6WOKH2AX6ZEPXS33G6MZ72RD2UQ", "selling_asset_issuer": "GCWXM4BUUZCVWQHB2GGQDJG4DPNTV6WOKH2AX6ZEPXS33G6MZ72RD2UQ"}
\.


--
-- Data for Name: history_transaction_participants; Type: TABLE DATA; Schema: public; Owner: -
--

COPY history_transaction_participants (id, transaction_hash, account, created_at, updated_at) FROM stdin;
97	6287906779d5bb1d24700e5674566fadb4fe727df088453e180974bcea17ca87	GCEZWKCA5VLDNRLN3RPRJMRZOX3Z6G5CHCGSNFHEYVXM3XOJMDS674JZ	2015-08-27 21:36:05.47948	2015-08-27 21:36:05.47948
98	6287906779d5bb1d24700e5674566fadb4fe727df088453e180974bcea17ca87	GCWXM4BUUZCVWQHB2GGQDJG4DPNTV6WOKH2AX6ZEPXS33G6MZ72RD2UQ	2015-08-27 21:36:05.481024	2015-08-27 21:36:05.481024
99	6151576dfa81f94ea4d18dbb38771a550db4c3e8ba6c6a09821bc5bf32d241ab	GCEZWKCA5VLDNRLN3RPRJMRZOX3Z6G5CHCGSNFHEYVXM3XOJMDS674JZ	2015-08-27 21:36:05.511473	2015-08-27 21:36:05.511473
100	6151576dfa81f94ea4d18dbb38771a550db4c3e8ba6c6a09821bc5bf32d241ab	GDE45CDWIWDHEPNN2AQKI2EXLZBDU2FCEJFRUNKRP2PSTHNL4PXN45FR	2015-08-27 21:36:05.512441	2015-08-27 21:36:05.512441
101	e55684be71babff47be43681f93b1e2fa9c2ce056afa16070794c6dcfd4243f6	GCEZWKCA5VLDNRLN3RPRJMRZOX3Z6G5CHCGSNFHEYVXM3XOJMDS674JZ	2015-08-27 21:36:05.5464	2015-08-27 21:36:05.5464
102	e55684be71babff47be43681f93b1e2fa9c2ce056afa16070794c6dcfd4243f6	GDT7UXKJAXAWIWWROZXNRPFWSLCSO5Y2E7C2KNBOMOIQ2DST3DUHWF5A	2015-08-27 21:36:05.548002	2015-08-27 21:36:05.548002
103	848a4b5b0aeddd92e0d4440feb32620577c5d04a1569d616f3bee4a8edf0ec31	GCEZWKCA5VLDNRLN3RPRJMRZOX3Z6G5CHCGSNFHEYVXM3XOJMDS674JZ	2015-08-27 21:36:05.569475	2015-08-27 21:36:05.569475
104	848a4b5b0aeddd92e0d4440feb32620577c5d04a1569d616f3bee4a8edf0ec31	GCDK57ZRPTWX4IXTKW4WPNW6ALGKT2GXKPSRSRF6AJVXP35HJQLCX2CE	2015-08-27 21:36:05.570541	2015-08-27 21:36:05.570541
105	291c6a000ebb52f5953ae7e97804dc04853b75c9a2a68a5b10a05b95aa40d050	GDT7UXKJAXAWIWWROZXNRPFWSLCSO5Y2E7C2KNBOMOIQ2DST3DUHWF5A	2015-08-27 21:36:05.603962	2015-08-27 21:36:05.603962
106	ffbe4ac872727d139c069a9de9404a5c93ef14c8517c774feac06c90476438e0	GCDK57ZRPTWX4IXTKW4WPNW6ALGKT2GXKPSRSRF6AJVXP35HJQLCX2CE	2015-08-27 21:36:05.617206	2015-08-27 21:36:05.617206
107	55b8b21a972dec287c35f09870929704eefc4a3483feab0a9b700be0b2385fe7	GDE45CDWIWDHEPNN2AQKI2EXLZBDU2FCEJFRUNKRP2PSTHNL4PXN45FR	2015-08-27 21:36:05.631037	2015-08-27 21:36:05.631037
108	ccd7eeeae8431a8dcc4fdec828e291cf473d72fb670404116ee7a9280f22efe2	GCDK57ZRPTWX4IXTKW4WPNW6ALGKT2GXKPSRSRF6AJVXP35HJQLCX2CE	2015-08-27 21:36:05.644817	2015-08-27 21:36:05.644817
109	27260829b38efcc1e7b7d34cd4623e2ca21195dddd700453bb1992ce9d209bbd	GCDK57ZRPTWX4IXTKW4WPNW6ALGKT2GXKPSRSRF6AJVXP35HJQLCX2CE	2015-08-27 21:36:05.661635	2015-08-27 21:36:05.661635
110	67a56b2dbe443bfb305adc9c28f1c1664daef4a01aaf14a0f91beb84144b1e7f	GCDK57ZRPTWX4IXTKW4WPNW6ALGKT2GXKPSRSRF6AJVXP35HJQLCX2CE	2015-08-27 21:36:05.674837	2015-08-27 21:36:05.674837
111	bb08ea2a77815705a3db069c6ed312628a224a3dcf258ea6036a5c5e61714aea	GCDK57ZRPTWX4IXTKW4WPNW6ALGKT2GXKPSRSRF6AJVXP35HJQLCX2CE	2015-08-27 21:36:05.688389	2015-08-27 21:36:05.688389
112	a18ce6b36084fd293bd164bca08cd9ae7e36621267a8f147a414d4ab0709ea66	GCDK57ZRPTWX4IXTKW4WPNW6ALGKT2GXKPSRSRF6AJVXP35HJQLCX2CE	2015-08-27 21:36:05.703363	2015-08-27 21:36:05.703363
113	10261f07482c1a913258713c1a4324ab34bcee5938e74e26eb5d91aff1995bc2	GCDK57ZRPTWX4IXTKW4WPNW6ALGKT2GXKPSRSRF6AJVXP35HJQLCX2CE	2015-08-27 21:36:05.715821	2015-08-27 21:36:05.715821
114	7d22051df4cc30617bb22c3f7a578b9fe16a82d2482b332a5e76ddd5415885e8	GCDK57ZRPTWX4IXTKW4WPNW6ALGKT2GXKPSRSRF6AJVXP35HJQLCX2CE	2015-08-27 21:36:05.727901	2015-08-27 21:36:05.727901
115	c1fac25dde00ca4c258179937a96eaaa4b72f9955249981f1663e59ff6116013	GCWXM4BUUZCVWQHB2GGQDJG4DPNTV6WOKH2AX6ZEPXS33G6MZ72RD2UQ	2015-08-27 21:36:05.75148	2015-08-27 21:36:05.75148
116	194006fa075a493add98ed152055e732a2a03fb7edbe62315281684bde0dcfc7	GCWXM4BUUZCVWQHB2GGQDJG4DPNTV6WOKH2AX6ZEPXS33G6MZ72RD2UQ	2015-08-27 21:36:05.769219	2015-08-27 21:36:05.769219
117	51d0e43d5bdbadec29e83ea8251506f05545d870e275d1b254b1bf0b9c2b18d3	GCWXM4BUUZCVWQHB2GGQDJG4DPNTV6WOKH2AX6ZEPXS33G6MZ72RD2UQ	2015-08-27 21:36:05.787709	2015-08-27 21:36:05.787709
118	8643ed1c5a34db94fb73f532836d835b30270428f0c9a4e67220840419741df3	GCWXM4BUUZCVWQHB2GGQDJG4DPNTV6WOKH2AX6ZEPXS33G6MZ72RD2UQ	2015-08-27 21:36:05.804108	2015-08-27 21:36:05.804108
119	6ebe8da2bafffe07cb51f4ed615a9d1e48326704054246661c166df5f2de1a23	GCWXM4BUUZCVWQHB2GGQDJG4DPNTV6WOKH2AX6ZEPXS33G6MZ72RD2UQ	2015-08-27 21:36:05.819884	2015-08-27 21:36:05.819884
120	ef2895f5e8151787f38c9b15ed445d4446cb51f09008b6689ea4949b58e61132	GCWXM4BUUZCVWQHB2GGQDJG4DPNTV6WOKH2AX6ZEPXS33G6MZ72RD2UQ	2015-08-27 21:36:05.8378	2015-08-27 21:36:05.8378
121	99db4635f71cccc3136754fb2fd7db608987bb37fceafd6f5f9d6255bf765c3b	GCWXM4BUUZCVWQHB2GGQDJG4DPNTV6WOKH2AX6ZEPXS33G6MZ72RD2UQ	2015-08-27 21:36:05.859949	2015-08-27 21:36:05.859949
122	e16af5c2ef11ac0c963ec7b66f6170d2722b75e1c6b8fd69a8569c1f238d6d94	GCWXM4BUUZCVWQHB2GGQDJG4DPNTV6WOKH2AX6ZEPXS33G6MZ72RD2UQ	2015-08-27 21:36:05.876835	2015-08-27 21:36:05.876835
123	93e37ec51baf84646474a81ca0c4a3a02b6609a5cc449f58617e34ce6e7c1572	GCDK57ZRPTWX4IXTKW4WPNW6ALGKT2GXKPSRSRF6AJVXP35HJQLCX2CE	2015-08-27 21:36:05.908277	2015-08-27 21:36:05.908277
124	cca93fd41c511b37398bfde92d8e22264ee62a38729755b62bef49406f70c535	GCDK57ZRPTWX4IXTKW4WPNW6ALGKT2GXKPSRSRF6AJVXP35HJQLCX2CE	2015-08-27 21:36:05.916926	2015-08-27 21:36:05.916926
125	97da5685f7a528d10c2ff918c36c13f28f670b446bc3d333ba8d9359d47030d2	GCDK57ZRPTWX4IXTKW4WPNW6ALGKT2GXKPSRSRF6AJVXP35HJQLCX2CE	2015-08-27 21:36:05.925875	2015-08-27 21:36:05.925875
126	937f1da8b3045fd0b9bdef706cb61e57f3cceb28f4a50be1f43ffce635c1e6b7	GCDK57ZRPTWX4IXTKW4WPNW6ALGKT2GXKPSRSRF6AJVXP35HJQLCX2CE	2015-08-27 21:36:05.935349	2015-08-27 21:36:05.935349
127	53598820770988d69bbd7b902ed5f3543b68eff668f25dd2941d16fb0c64401a	GCDK57ZRPTWX4IXTKW4WPNW6ALGKT2GXKPSRSRF6AJVXP35HJQLCX2CE	2015-08-27 21:36:05.950888	2015-08-27 21:36:05.950888
128	b9263e9c9758afc1fc9597d8d105da0b903df78d16687c7775c5c1d391065be8	GCDK57ZRPTWX4IXTKW4WPNW6ALGKT2GXKPSRSRF6AJVXP35HJQLCX2CE	2015-08-27 21:36:05.959932	2015-08-27 21:36:05.959932
129	fd0aca5853e072e88a408f7213e743288a8ae1c9389c2a8f3e4708a5b43dc724	GCDK57ZRPTWX4IXTKW4WPNW6ALGKT2GXKPSRSRF6AJVXP35HJQLCX2CE	2015-08-27 21:36:05.968794	2015-08-27 21:36:05.968794
130	60b15800daebdd63c9f2485f42fc1b1849498c78efc2551e310ff0255c7322f6	GCDK57ZRPTWX4IXTKW4WPNW6ALGKT2GXKPSRSRF6AJVXP35HJQLCX2CE	2015-08-27 21:36:05.977618	2015-08-27 21:36:05.977618
131	225ae686c28a1fd5375cf075ff849b428c71dca917c115e40f900507133ef5d3	GCDK57ZRPTWX4IXTKW4WPNW6ALGKT2GXKPSRSRF6AJVXP35HJQLCX2CE	2015-08-27 21:36:05.986446	2015-08-27 21:36:05.986446
132	87797e210742aa012432b60d50491a6c0e38130c1554aa97f715b07cc06b6d49	GCDK57ZRPTWX4IXTKW4WPNW6ALGKT2GXKPSRSRF6AJVXP35HJQLCX2CE	2015-08-27 21:36:05.995745	2015-08-27 21:36:05.995745
\.


--
-- Name: history_transaction_participants_id_seq; Type: SEQUENCE SET; Schema: public; Owner: -
--

SELECT pg_catalog.setval('history_transaction_participants_id_seq', 132, true);


--
-- Data for Name: history_transaction_statuses; Type: TABLE DATA; Schema: public; Owner: -
--

COPY history_transaction_statuses (id, result_code_s, result_code) FROM stdin;
\.


--
-- Name: history_transaction_statuses_id_seq; Type: SEQUENCE SET; Schema: public; Owner: -
--

SELECT pg_catalog.setval('history_transaction_statuses_id_seq', 1, false);


--
-- Data for Name: history_transactions; Type: TABLE DATA; Schema: public; Owner: -
--

COPY history_transactions (transaction_hash, ledger_sequence, application_order, account, account_sequence, max_fee, fee_paid, operation_count, transaction_status_id, created_at, updated_at, id, tx_envelope, tx_result, tx_meta) FROM stdin;
6287906779d5bb1d24700e5674566fadb4fe727df088453e180974bcea17ca87	2	1	GCEZWKCA5VLDNRLN3RPRJMRZOX3Z6G5CHCGSNFHEYVXM3XOJMDS674JZ	1	10	10	1	-1	2015-08-27 21:36:05.476399	2015-08-27 21:36:05.476399	8589938688	AAAAAImbKEDtVjbFbdxfFLI5dfefG6I4jSaU5MVuzd3JYOXvAAAACgAAAAAAAAABAAAAAAAAAAAAAAABAAAAAAAAAAAAAAAArXZwNKZFW0Dh0Y0BpNwb2zr6zlH0C/skfeW9m8zP9REAAAACVAvkAAAAAAAAAAAByWDl7wAAAEC6WPI2zsDK63VQVWAbRhGkwdQhRO9QPKK3eR6rtdVRO4K9dBusYaYs+1825h8PWXfEuWMQp4YhBcgEBo5Qd0ML	YoeQZ3nVux0kcA5WdFZvrbT+cn3wiEU+GAl0vOoXyocAAAAAAAAACgAAAAAAAAABAAAAAAAAAAAAAAAAAAAAAA==	AAAAAAAAAAEAAAABAAAAAAAAAACJmyhA7VY2xW3cXxSyOXX3nxuiOI0mlOTFbs3dyWDl7wFjRXhdif/2AAAAAAAAAAEAAAAAAAAAAAAAAAAAAAAAAQAAAAAAAAAAAAAAAAAAAQAAAAIAAAAAAAAAAAAAAACtdnA0pkVbQOHRjQGk3BvbOvrOUfQL+yR95b2bzM/1EQAAAAJUC+QAAAAAAgAAAAAAAAAAAAAAAAAAAAAAAAAAAQAAAAAAAAAAAAAAAAAAAQAAAAAAAAAAiZsoQO1WNsVt3F8Usjl1958bojiNJpTkxW7N3clg5e8BY0V2CX4b9gAAAAAAAAABAAAAAAAAAAAAAAAAAAAAAAEAAAAAAAAAAAAAAA==
6151576dfa81f94ea4d18dbb38771a550db4c3e8ba6c6a09821bc5bf32d241ab	2	2	GCEZWKCA5VLDNRLN3RPRJMRZOX3Z6G5CHCGSNFHEYVXM3XOJMDS674JZ	2	10	10	1	-1	2015-08-27 21:36:05.50948	2015-08-27 21:36:05.50948	8589942784	AAAAAImbKEDtVjbFbdxfFLI5dfefG6I4jSaU5MVuzd3JYOXvAAAACgAAAAAAAAACAAAAAAAAAAAAAAABAAAAAAAAAAAAAAAAyc6IdkWGcj2t0CCkaJdeQjpooiJLGjVRfp8pnavj7t4AAAACVAvkAAAAAAAAAAAByWDl7wAAAECUOpnrYliSArL5nuLhoYiylHe+PfubJmLOWoft+uXNyAVT9nLNxFhxRsnt0n/aNPtetQtOKSpCeUqGFzH5UDQC	YVFXbfqB+U6k0Y27OHcaVQ20w+i6bGoJghvFvzLSQasAAAAAAAAACgAAAAAAAAABAAAAAAAAAAAAAAAAAAAAAA==	AAAAAAAAAAEAAAABAAAAAAAAAACJmyhA7VY2xW3cXxSyOXX3nxuiOI0mlOTFbs3dyWDl7wFjRXYJfhvsAAAAAAAAAAIAAAAAAAAAAAAAAAAAAAAAAQAAAAAAAAAAAAAAAAAAAQAAAAIAAAAAAAAAAAAAAADJzoh2RYZyPa3QIKRol15COmiiIksaNVF+nymdq+Pu3gAAAAJUC+QAAAAAAgAAAAAAAAAAAAAAAAAAAAAAAAAAAQAAAAAAAAAAAAAAAAAAAQAAAAAAAAAAiZsoQO1WNsVt3F8Usjl1958bojiNJpTkxW7N3clg5e8BY0VztXI37AAAAAAAAAACAAAAAAAAAAAAAAAAAAAAAAEAAAAAAAAAAAAAAA==
e55684be71babff47be43681f93b1e2fa9c2ce056afa16070794c6dcfd4243f6	2	3	GCEZWKCA5VLDNRLN3RPRJMRZOX3Z6G5CHCGSNFHEYVXM3XOJMDS674JZ	3	10	10	1	-1	2015-08-27 21:36:05.543248	2015-08-27 21:36:05.543248	8589946880	AAAAAImbKEDtVjbFbdxfFLI5dfefG6I4jSaU5MVuzd3JYOXvAAAACgAAAAAAAAADAAAAAAAAAAAAAAABAAAAAAAAAAAAAAAA5/pdSQXBZFrRdm7YvLaSxSd3GifFpTQuY5ENDlPY6HsAAAACVAvkAAAAAAAAAAAByWDl7wAAAEAm5A/xyNRDnpHM4J17ftntYw95RrRAdG46WtS9A8NkZLz/uwn/zgaojcSMeKgR4l3Xpbi7+IviU04oXU8JeiUH	5VaEvnG6v/R75DaB+TseL6nCzgVq+hYHB5TG3P1CQ/YAAAAAAAAACgAAAAAAAAABAAAAAAAAAAAAAAAAAAAAAA==	AAAAAAAAAAEAAAABAAAAAAAAAACJmyhA7VY2xW3cXxSyOXX3nxuiOI0mlOTFbs3dyWDl7wFjRXO1cjfiAAAAAAAAAAMAAAAAAAAAAAAAAAAAAAAAAQAAAAAAAAAAAAAAAAAAAQAAAAIAAAAAAAAAAAAAAADn+l1JBcFkWtF2bti8tpLFJ3caJ8WlNC5jkQ0OU9joewAAAAJUC+QAAAAAAgAAAAAAAAAAAAAAAAAAAAAAAAAAAQAAAAAAAAAAAAAAAAAAAQAAAAAAAAAAiZsoQO1WNsVt3F8Usjl1958bojiNJpTkxW7N3clg5e8BY0VxYWZT4gAAAAAAAAADAAAAAAAAAAAAAAAAAAAAAAEAAAAAAAAAAAAAAA==
848a4b5b0aeddd92e0d4440feb32620577c5d04a1569d616f3bee4a8edf0ec31	2	4	GCEZWKCA5VLDNRLN3RPRJMRZOX3Z6G5CHCGSNFHEYVXM3XOJMDS674JZ	4	10	10	1	-1	2015-08-27 21:36:05.567493	2015-08-27 21:36:05.567493	8589950976	AAAAAImbKEDtVjbFbdxfFLI5dfefG6I4jSaU5MVuzd3JYOXvAAAACgAAAAAAAAAEAAAAAAAAAAAAAAABAAAAAAAAAAAAAAAAhq7/MXztfiLzVblntt4CzKno11PlGUS+Amt376dMFisAAAACVAvkAAAAAAAAAAAByWDl7wAAAEADiMdRLL4nn9b07qcnQINTL2hNa5Bg7PLtezV6Y7Io5ZanWL9dvEf54hX+xnonbtZxlfgXjkAQaEpp5uvgw0kB	hIpLWwrt3ZLg1EQP6zJiBXfF0EoVadYW877kqO3w7DEAAAAAAAAACgAAAAAAAAABAAAAAAAAAAAAAAAAAAAAAA==	AAAAAAAAAAEAAAABAAAAAAAAAACJmyhA7VY2xW3cXxSyOXX3nxuiOI0mlOTFbs3dyWDl7wFjRXFhZlPYAAAAAAAAAAQAAAAAAAAAAAAAAAAAAAAAAQAAAAAAAAAAAAAAAAAAAQAAAAIAAAAAAAAAAAAAAACGrv8xfO1+IvNVuWe23gLMqejXU+UZRL4Ca3fvp0wWKwAAAAJUC+QAAAAAAgAAAAAAAAAAAAAAAAAAAAAAAAAAAQAAAAAAAAAAAAAAAAAAAQAAAAAAAAAAiZsoQO1WNsVt3F8Usjl1958bojiNJpTkxW7N3clg5e8BY0VvDVpv2AAAAAAAAAAEAAAAAAAAAAAAAAAAAAAAAAEAAAAAAAAAAAAAAA==
291c6a000ebb52f5953ae7e97804dc04853b75c9a2a68a5b10a05b95aa40d050	3	1	GDT7UXKJAXAWIWWROZXNRPFWSLCSO5Y2E7C2KNBOMOIQ2DST3DUHWF5A	8589934593	10	10	1	-1	2015-08-27 21:36:05.602063	2015-08-27 21:36:05.602063	12884905984	AAAAAOf6XUkFwWRa0XZu2Ly2ksUndxonxaU0LmORDQ5T2Oh7AAAACgAAAAIAAAABAAAAAAAAAAAAAAABAAAAAAAAAAYAAAABRVVSAAAAAACtdnA0pkVbQOHRjQGk3BvbOvrOUfQL+yR95b2bzM/1EX//////////AAAAAAAAAAFT2Oh7AAAAQHUAjVQJTpx/xcKBbQnUCr2u7zO+wMggt585pV55bU+E3lK0bSGbjZ88Uk8QPsAoJ/EkDzcZPaxFJdC105WSWA4=	KRxqAA67UvWVOufpeATcBIU7dcmipopbEKBblapA0FAAAAAAAAAACgAAAAAAAAABAAAAAAAAAAYAAAAAAAAAAA==	AAAAAAAAAAEAAAABAAAAAAAAAADn+l1JBcFkWtF2bti8tpLFJ3caJ8WlNC5jkQ0OU9joewAAAAJUC+P2AAAAAgAAAAEAAAAAAAAAAAAAAAAAAAAAAQAAAAAAAAAAAAAAAAAAAQAAAAIAAAAAAAAAAQAAAADn+l1JBcFkWtF2bti8tpLFJ3caJ8WlNC5jkQ0OU9joewAAAAFFVVIAAAAAAK12cDSmRVtA4dGNAaTcG9s6+s5R9Av7JH3lvZvMz/URAAAAAAAAAAB//////////wAAAAEAAAAAAAAAAQAAAAAAAAAA5/pdSQXBZFrRdm7YvLaSxSd3GifFpTQuY5ENDlPY6HsAAAACVAvj9gAAAAIAAAABAAAAAQAAAAAAAAAAAAAAAAEAAAAAAAAAAAAAAA==
ffbe4ac872727d139c069a9de9404a5c93ef14c8517c774feac06c90476438e0	3	2	GCDK57ZRPTWX4IXTKW4WPNW6ALGKT2GXKPSRSRF6AJVXP35HJQLCX2CE	8589934593	10	10	1	-1	2015-08-27 21:36:05.615149	2015-08-27 21:36:05.615149	12884910080	AAAAAIau/zF87X4i81W5Z7beAsyp6NdT5RlEvgJrd++nTBYrAAAACgAAAAIAAAABAAAAAAAAAAAAAAABAAAAAAAAAAYAAAABVVNEAAAAAACtdnA0pkVbQOHRjQGk3BvbOvrOUfQL+yR95b2bzM/1EX//////////AAAAAAAAAAGnTBYrAAAAQIBr5IvOJd+SgMfno6kv9H1Aw5vF9U6SwE7t6J+sPvAod9PTQJYvEehq0p6pHCe8dc6hpc/JBOg1V7nMPQfCQQI=	/75KyHJyfROcBpqd6UBKXJPvFMhRfHdP6sBskEdkOOAAAAAAAAAACgAAAAAAAAABAAAAAAAAAAYAAAAAAAAAAA==	AAAAAAAAAAEAAAABAAAAAAAAAACGrv8xfO1+IvNVuWe23gLMqejXU+UZRL4Ca3fvp0wWKwAAAAJUC+P2AAAAAgAAAAEAAAAAAAAAAAAAAAAAAAAAAQAAAAAAAAAAAAAAAAAAAQAAAAIAAAAAAAAAAQAAAACGrv8xfO1+IvNVuWe23gLMqejXU+UZRL4Ca3fvp0wWKwAAAAFVU0QAAAAAAK12cDSmRVtA4dGNAaTcG9s6+s5R9Av7JH3lvZvMz/URAAAAAAAAAAB//////////wAAAAEAAAAAAAAAAQAAAAAAAAAAhq7/MXztfiLzVblntt4CzKno11PlGUS+Amt376dMFisAAAACVAvj9gAAAAIAAAABAAAAAQAAAAAAAAAAAAAAAAEAAAAAAAAAAAAAAA==
55b8b21a972dec287c35f09870929704eefc4a3483feab0a9b700be0b2385fe7	3	3	GDE45CDWIWDHEPNN2AQKI2EXLZBDU2FCEJFRUNKRP2PSTHNL4PXN45FR	8589934593	10	10	1	-1	2015-08-27 21:36:05.628981	2015-08-27 21:36:05.628981	12884914176	AAAAAMnOiHZFhnI9rdAgpGiXXkI6aKIiSxo1UX6fKZ2r4+7eAAAACgAAAAIAAAABAAAAAAAAAAAAAAABAAAAAAAAAAYAAAABVVNEAAAAAACtdnA0pkVbQOHRjQGk3BvbOvrOUfQL+yR95b2bzM/1EX//////////AAAAAAAAAAGr4+7eAAAAQDdVnuLcOcNtv2vuUEIZvZGpdxYck5HukabgKSu3kEmqtayZO+blKbTCfOterdg7d1cb1dubg5v6I3fKDhgWOgI=	VbiyGpct7Ch8NfCYcJKXBO78SjSD/qsKm3AL4LI4X+cAAAAAAAAACgAAAAAAAAABAAAAAAAAAAYAAAAAAAAAAA==	AAAAAAAAAAEAAAABAAAAAAAAAADJzoh2RYZyPa3QIKRol15COmiiIksaNVF+nymdq+Pu3gAAAAJUC+P2AAAAAgAAAAEAAAAAAAAAAAAAAAAAAAAAAQAAAAAAAAAAAAAAAAAAAQAAAAIAAAAAAAAAAQAAAADJzoh2RYZyPa3QIKRol15COmiiIksaNVF+nymdq+Pu3gAAAAFVU0QAAAAAAK12cDSmRVtA4dGNAaTcG9s6+s5R9Av7JH3lvZvMz/URAAAAAAAAAAB//////////wAAAAEAAAAAAAAAAQAAAAAAAAAAyc6IdkWGcj2t0CCkaJdeQjpooiJLGjVRfp8pnavj7t4AAAACVAvj9gAAAAIAAAABAAAAAQAAAAAAAAAAAAAAAAEAAAAAAAAAAAAAAA==
ccd7eeeae8431a8dcc4fdec828e291cf473d72fb670404116ee7a9280f22efe2	3	4	GCDK57ZRPTWX4IXTKW4WPNW6ALGKT2GXKPSRSRF6AJVXP35HJQLCX2CE	8589934594	10	10	1	-1	2015-08-27 21:36:05.642367	2015-08-27 21:36:05.642367	12884918272	AAAAAIau/zF87X4i81W5Z7beAsyp6NdT5RlEvgJrd++nTBYrAAAACgAAAAIAAAACAAAAAAAAAAAAAAABAAAAAAAAAAYAAAABRVVSAAAAAACtdnA0pkVbQOHRjQGk3BvbOvrOUfQL+yR95b2bzM/1EX//////////AAAAAAAAAAGnTBYrAAAAQHERl4QeUUmcV4s6WY86ZJ89D1I34nzxOXnv822T2/Gm43qVVsTMrfDludsHAwyASGgPv4hc2ccipibYrExhRA8=	zNfu6uhDGo3MT97IKOKRz0c9cvtnBAQRbuepKA8i7+IAAAAAAAAACgAAAAAAAAABAAAAAAAAAAYAAAAAAAAAAA==	AAAAAAAAAAEAAAABAAAAAAAAAACGrv8xfO1+IvNVuWe23gLMqejXU+UZRL4Ca3fvp0wWKwAAAAJUC+PsAAAAAgAAAAIAAAABAAAAAAAAAAAAAAAAAQAAAAAAAAAAAAAAAAAAAQAAAAIAAAAAAAAAAQAAAACGrv8xfO1+IvNVuWe23gLMqejXU+UZRL4Ca3fvp0wWKwAAAAFFVVIAAAAAAK12cDSmRVtA4dGNAaTcG9s6+s5R9Av7JH3lvZvMz/URAAAAAAAAAAB//////////wAAAAEAAAAAAAAAAQAAAAAAAAAAhq7/MXztfiLzVblntt4CzKno11PlGUS+Amt376dMFisAAAACVAvj7AAAAAIAAAACAAAAAgAAAAAAAAAAAAAAAAEAAAAAAAAAAAAAAA==
27260829b38efcc1e7b7d34cd4623e2ca21195dddd700453bb1992ce9d209bbd	3	5	GCDK57ZRPTWX4IXTKW4WPNW6ALGKT2GXKPSRSRF6AJVXP35HJQLCX2CE	8589934595	10	10	1	-1	2015-08-27 21:36:05.659187	2015-08-27 21:36:05.659187	12884922368	AAAAAIau/zF87X4i81W5Z7beAsyp6NdT5RlEvgJrd++nTBYrAAAACgAAAAIAAAADAAAAAAAAAAAAAAABAAAAAAAAAAYAAAABMQAAAAAAAACtdnA0pkVbQOHRjQGk3BvbOvrOUfQL+yR95b2bzM/1EX//////////AAAAAAAAAAGnTBYrAAAAQK7NdI62tHGWuKhxYWt7qgtNhGvLJK5WZHGRIA6X6/uaapj/MkYDlBTixZQJ6iNHk9BFNuvQk/R33PXr1kHXJAo=	JyYIKbOO/MHnt9NM1GI+LKIRld3dcARTuxmSzp0gm70AAAAAAAAACgAAAAAAAAABAAAAAAAAAAYAAAAAAAAAAA==	AAAAAAAAAAEAAAABAAAAAAAAAACGrv8xfO1+IvNVuWe23gLMqejXU+UZRL4Ca3fvp0wWKwAAAAJUC+PiAAAAAgAAAAMAAAACAAAAAAAAAAAAAAAAAQAAAAAAAAAAAAAAAAAAAQAAAAIAAAAAAAAAAQAAAACGrv8xfO1+IvNVuWe23gLMqejXU+UZRL4Ca3fvp0wWKwAAAAExAAAAAAAAAK12cDSmRVtA4dGNAaTcG9s6+s5R9Av7JH3lvZvMz/URAAAAAAAAAAB//////////wAAAAEAAAAAAAAAAQAAAAAAAAAAhq7/MXztfiLzVblntt4CzKno11PlGUS+Amt376dMFisAAAACVAvj4gAAAAIAAAADAAAAAwAAAAAAAAAAAAAAAAEAAAAAAAAAAAAAAA==
67a56b2dbe443bfb305adc9c28f1c1664daef4a01aaf14a0f91beb84144b1e7f	3	6	GCDK57ZRPTWX4IXTKW4WPNW6ALGKT2GXKPSRSRF6AJVXP35HJQLCX2CE	8589934596	10	10	1	-1	2015-08-27 21:36:05.672926	2015-08-27 21:36:05.672926	12884926464	AAAAAIau/zF87X4i81W5Z7beAsyp6NdT5RlEvgJrd++nTBYrAAAACgAAAAIAAAAEAAAAAAAAAAAAAAABAAAAAAAAAAYAAAABMjEAAAAAAACtdnA0pkVbQOHRjQGk3BvbOvrOUfQL+yR95b2bzM/1EX//////////AAAAAAAAAAGnTBYrAAAAQJDQhv8akMeJFUQj2IsqmDaUTo8R+0VGE4LCPsyuYka6pW5C3T7hL8VdHV3fEqrAabbguk+rZxs4/lhV1vpTBQ4=	Z6VrLb5EO/swWtycKPHBZk2u9KAarxSg+RvrhBRLHn8AAAAAAAAACgAAAAAAAAABAAAAAAAAAAYAAAAAAAAAAA==	AAAAAAAAAAEAAAABAAAAAAAAAACGrv8xfO1+IvNVuWe23gLMqejXU+UZRL4Ca3fvp0wWKwAAAAJUC+PYAAAAAgAAAAQAAAADAAAAAAAAAAAAAAAAAQAAAAAAAAAAAAAAAAAAAQAAAAIAAAAAAAAAAQAAAACGrv8xfO1+IvNVuWe23gLMqejXU+UZRL4Ca3fvp0wWKwAAAAEyMQAAAAAAAK12cDSmRVtA4dGNAaTcG9s6+s5R9Av7JH3lvZvMz/URAAAAAAAAAAB//////////wAAAAEAAAAAAAAAAQAAAAAAAAAAhq7/MXztfiLzVblntt4CzKno11PlGUS+Amt376dMFisAAAACVAvj2AAAAAIAAAAEAAAABAAAAAAAAAAAAAAAAAEAAAAAAAAAAAAAAA==
bb08ea2a77815705a3db069c6ed312628a224a3dcf258ea6036a5c5e61714aea	3	7	GCDK57ZRPTWX4IXTKW4WPNW6ALGKT2GXKPSRSRF6AJVXP35HJQLCX2CE	8589934597	10	10	1	-1	2015-08-27 21:36:05.685974	2015-08-27 21:36:05.685974	12884930560	AAAAAIau/zF87X4i81W5Z7beAsyp6NdT5RlEvgJrd++nTBYrAAAACgAAAAIAAAAFAAAAAAAAAAAAAAABAAAAAAAAAAYAAAABMjIAAAAAAACtdnA0pkVbQOHRjQGk3BvbOvrOUfQL+yR95b2bzM/1EX//////////AAAAAAAAAAGnTBYrAAAAQH9gFKAFTcyINd3l+mwYjBGBenHRvCSNtZ65WXdd8HzWCbZ7SykmP+FuVy4izUa7XzRxss7MmKlSTVTyJtdqMgk=	uwjqKneBVwWj2wacbtMSYooiSj3PJY6mA2pcXmFxSuoAAAAAAAAACgAAAAAAAAABAAAAAAAAAAYAAAAAAAAAAA==	AAAAAAAAAAEAAAABAAAAAAAAAACGrv8xfO1+IvNVuWe23gLMqejXU+UZRL4Ca3fvp0wWKwAAAAJUC+POAAAAAgAAAAUAAAAEAAAAAAAAAAAAAAAAAQAAAAAAAAAAAAAAAAAAAQAAAAIAAAAAAAAAAQAAAACGrv8xfO1+IvNVuWe23gLMqejXU+UZRL4Ca3fvp0wWKwAAAAEyMgAAAAAAAK12cDSmRVtA4dGNAaTcG9s6+s5R9Av7JH3lvZvMz/URAAAAAAAAAAB//////////wAAAAEAAAAAAAAAAQAAAAAAAAAAhq7/MXztfiLzVblntt4CzKno11PlGUS+Amt376dMFisAAAACVAvjzgAAAAIAAAAFAAAABQAAAAAAAAAAAAAAAAEAAAAAAAAAAAAAAA==
a18ce6b36084fd293bd164bca08cd9ae7e36621267a8f147a414d4ab0709ea66	3	8	GCDK57ZRPTWX4IXTKW4WPNW6ALGKT2GXKPSRSRF6AJVXP35HJQLCX2CE	8589934598	10	10	1	-1	2015-08-27 21:36:05.701096	2015-08-27 21:36:05.701096	12884934656	AAAAAIau/zF87X4i81W5Z7beAsyp6NdT5RlEvgJrd++nTBYrAAAACgAAAAIAAAAGAAAAAAAAAAAAAAABAAAAAAAAAAYAAAABMzEAAAAAAACtdnA0pkVbQOHRjQGk3BvbOvrOUfQL+yR95b2bzM/1EX//////////AAAAAAAAAAGnTBYrAAAAQH9CaDTnFlnPyEka/+H3cE4UtJY6y8QQM2EPUax/pwOnNAqn9Lgl/Mc/h7mfQFRg5T8zI6LSEXCfLtWCmWHeWQg=	oYzms2CE/Sk70WS8oIzZrn42YhJnqPFHpBTUqwcJ6mYAAAAAAAAACgAAAAAAAAABAAAAAAAAAAYAAAAAAAAAAA==	AAAAAAAAAAEAAAABAAAAAAAAAACGrv8xfO1+IvNVuWe23gLMqejXU+UZRL4Ca3fvp0wWKwAAAAJUC+PEAAAAAgAAAAYAAAAFAAAAAAAAAAAAAAAAAQAAAAAAAAAAAAAAAAAAAQAAAAIAAAAAAAAAAQAAAACGrv8xfO1+IvNVuWe23gLMqejXU+UZRL4Ca3fvp0wWKwAAAAEzMQAAAAAAAK12cDSmRVtA4dGNAaTcG9s6+s5R9Av7JH3lvZvMz/URAAAAAAAAAAB//////////wAAAAEAAAAAAAAAAQAAAAAAAAAAhq7/MXztfiLzVblntt4CzKno11PlGUS+Amt376dMFisAAAACVAvjxAAAAAIAAAAGAAAABgAAAAAAAAAAAAAAAAEAAAAAAAAAAAAAAA==
10261f07482c1a913258713c1a4324ab34bcee5938e74e26eb5d91aff1995bc2	3	9	GCDK57ZRPTWX4IXTKW4WPNW6ALGKT2GXKPSRSRF6AJVXP35HJQLCX2CE	8589934599	10	10	1	-1	2015-08-27 21:36:05.71406	2015-08-27 21:36:05.71406	12884938752	AAAAAIau/zF87X4i81W5Z7beAsyp6NdT5RlEvgJrd++nTBYrAAAACgAAAAIAAAAHAAAAAAAAAAAAAAABAAAAAAAAAAYAAAABMzIAAAAAAACtdnA0pkVbQOHRjQGk3BvbOvrOUfQL+yR95b2bzM/1EX//////////AAAAAAAAAAGnTBYrAAAAQMdMQw3A27ha47b0G18c0CCWzwZzs7qOSaflp1l2C2hwoncTLMAp0IsllvJOkn1ibDLFhtXWKngV3aSCOtzXpAs=	ECYfB0gsGpEyWHE8GkMkqzS87lk4504m612Rr/GZW8IAAAAAAAAACgAAAAAAAAABAAAAAAAAAAYAAAAAAAAAAA==	AAAAAAAAAAEAAAABAAAAAAAAAACGrv8xfO1+IvNVuWe23gLMqejXU+UZRL4Ca3fvp0wWKwAAAAJUC+O6AAAAAgAAAAcAAAAGAAAAAAAAAAAAAAAAAQAAAAAAAAAAAAAAAAAAAQAAAAIAAAAAAAAAAQAAAACGrv8xfO1+IvNVuWe23gLMqejXU+UZRL4Ca3fvp0wWKwAAAAEzMgAAAAAAAK12cDSmRVtA4dGNAaTcG9s6+s5R9Av7JH3lvZvMz/URAAAAAAAAAAB//////////wAAAAEAAAAAAAAAAQAAAAAAAAAAhq7/MXztfiLzVblntt4CzKno11PlGUS+Amt376dMFisAAAACVAvjugAAAAIAAAAHAAAABwAAAAAAAAAAAAAAAAEAAAAAAAAAAAAAAA==
7d22051df4cc30617bb22c3f7a578b9fe16a82d2482b332a5e76ddd5415885e8	3	10	GCDK57ZRPTWX4IXTKW4WPNW6ALGKT2GXKPSRSRF6AJVXP35HJQLCX2CE	8589934600	10	10	1	-1	2015-08-27 21:36:05.725871	2015-08-27 21:36:05.725871	12884942848	AAAAAIau/zF87X4i81W5Z7beAsyp6NdT5RlEvgJrd++nTBYrAAAACgAAAAIAAAAIAAAAAAAAAAAAAAABAAAAAAAAAAYAAAABMzMAAAAAAACtdnA0pkVbQOHRjQGk3BvbOvrOUfQL+yR95b2bzM/1EX//////////AAAAAAAAAAGnTBYrAAAAQNF4pvSmnS+jQkCXc4EczP80TFzp04OXjo02fwxBsX6Glx6wK/088A3nKTgOlLWzAhSOVwqhOzqjTeeLOametg4=	fSIFHfTMMGF7siw/eleLn+FqgtJIKzMqXnbd1UFYhegAAAAAAAAACgAAAAAAAAABAAAAAAAAAAYAAAAAAAAAAA==	AAAAAAAAAAEAAAABAAAAAAAAAACGrv8xfO1+IvNVuWe23gLMqejXU+UZRL4Ca3fvp0wWKwAAAAJUC+OwAAAAAgAAAAgAAAAHAAAAAAAAAAAAAAAAAQAAAAAAAAAAAAAAAAAAAQAAAAIAAAAAAAAAAQAAAACGrv8xfO1+IvNVuWe23gLMqejXU+UZRL4Ca3fvp0wWKwAAAAEzMwAAAAAAAK12cDSmRVtA4dGNAaTcG9s6+s5R9Av7JH3lvZvMz/URAAAAAAAAAAB//////////wAAAAEAAAAAAAAAAQAAAAAAAAAAhq7/MXztfiLzVblntt4CzKno11PlGUS+Amt376dMFisAAAACVAvjsAAAAAIAAAAIAAAACAAAAAAAAAAAAAAAAAEAAAAAAAAAAAAAAA==
c1fac25dde00ca4c258179937a96eaaa4b72f9955249981f1663e59ff6116013	4	1	GCWXM4BUUZCVWQHB2GGQDJG4DPNTV6WOKH2AX6ZEPXS33G6MZ72RD2UQ	8589934593	10	10	1	-1	2015-08-27 21:36:05.749672	2015-08-27 21:36:05.749672	17179873280	AAAAAK12cDSmRVtA4dGNAaTcG9s6+s5R9Av7JH3lvZvMz/URAAAACgAAAAIAAAABAAAAAAAAAAAAAAABAAAAAAAAAAEAAAAAyc6IdkWGcj2t0CCkaJdeQjpooiJLGjVRfp8pnavj7t4AAAABVVNEAAAAAACtdnA0pkVbQOHRjQGk3BvbOvrOUfQL+yR95b2bzM/1EQAAAAAAABOIAAAAAAAAAAHMz/URAAAAQARrUrXqV3bm7pWyptz8u7/0YST1qcvtbY6KsjAg2aXlmnh5+AhsVwdu4fWABJA3ROdAoGY+6RefdT/Vr+iNlQY=	wfrCXd4AykwlgXmTepbqqkty+ZVSSZgfFmPln/YRYBMAAAAAAAAACgAAAAAAAAABAAAAAAAAAAEAAAAAAAAAAA==	AAAAAAAAAAEAAAABAAAAAAAAAACtdnA0pkVbQOHRjQGk3BvbOvrOUfQL+yR95b2bzM/1EQAAAAJUC+P2AAAAAgAAAAEAAAAAAAAAAAAAAAAAAAAAAQAAAAAAAAAAAAAAAAAAAQAAAAEAAAABAAAAAQAAAADJzoh2RYZyPa3QIKRol15COmiiIksaNVF+nymdq+Pu3gAAAAFVU0QAAAAAAK12cDSmRVtA4dGNAaTcG9s6+s5R9Av7JH3lvZvMz/URAAAAAAAAE4h//////////wAAAAEAAAAA
194006fa075a493add98ed152055e732a2a03fb7edbe62315281684bde0dcfc7	4	2	GCWXM4BUUZCVWQHB2GGQDJG4DPNTV6WOKH2AX6ZEPXS33G6MZ72RD2UQ	8589934594	10	10	1	-1	2015-08-27 21:36:05.767285	2015-08-27 21:36:05.767285	17179877376	AAAAAK12cDSmRVtA4dGNAaTcG9s6+s5R9Av7JH3lvZvMz/URAAAACgAAAAIAAAACAAAAAAAAAAAAAAABAAAAAAAAAAEAAAAAhq7/MXztfiLzVblntt4CzKno11PlGUS+Amt376dMFisAAAABRVVSAAAAAACtdnA0pkVbQOHRjQGk3BvbOvrOUfQL+yR95b2bzM/1EQAAAAAAABOIAAAAAAAAAAHMz/URAAAAQCk73NROXiwDRX0lrQQjz/QSFNs4JeMNvXYhjjCOHN2MUL9IEz38WI33dgSAYol5kedrRztVS1LNtGu6MmqImgg=	GUAG+gdaSTrdmO0VIFXnMqKgP7ftvmIxUoFoS94Nz8cAAAAAAAAACgAAAAAAAAABAAAAAAAAAAEAAAAAAAAAAA==	AAAAAAAAAAEAAAABAAAAAAAAAACtdnA0pkVbQOHRjQGk3BvbOvrOUfQL+yR95b2bzM/1EQAAAAJUC+PsAAAAAgAAAAIAAAAAAAAAAAAAAAAAAAAAAQAAAAAAAAAAAAAAAAAAAQAAAAEAAAABAAAAAQAAAACGrv8xfO1+IvNVuWe23gLMqejXU+UZRL4Ca3fvp0wWKwAAAAFFVVIAAAAAAK12cDSmRVtA4dGNAaTcG9s6+s5R9Av7JH3lvZvMz/URAAAAAAAAE4h//////////wAAAAEAAAAA
51d0e43d5bdbadec29e83ea8251506f05545d870e275d1b254b1bf0b9c2b18d3	4	3	GCWXM4BUUZCVWQHB2GGQDJG4DPNTV6WOKH2AX6ZEPXS33G6MZ72RD2UQ	8589934595	10	10	1	-1	2015-08-27 21:36:05.785592	2015-08-27 21:36:05.785592	17179881472	AAAAAK12cDSmRVtA4dGNAaTcG9s6+s5R9Av7JH3lvZvMz/URAAAACgAAAAIAAAADAAAAAAAAAAAAAAABAAAAAAAAAAEAAAAAhq7/MXztfiLzVblntt4CzKno11PlGUS+Amt376dMFisAAAABMQAAAAAAAACtdnA0pkVbQOHRjQGk3BvbOvrOUfQL+yR95b2bzM/1EQAAAAAAABOIAAAAAAAAAAHMz/URAAAAQOUvaL4nd96awLx1I04UGM0B/CK2ZyBzwkto8etpNUJVN23oF71RWh0eYKGuzayhZfoU9iTdilZ6QoQ1Pf8TnAo=	UdDkPVvbrewp6D6oJRUG8FVF2HDiddGyVLG/C5wrGNMAAAAAAAAACgAAAAAAAAABAAAAAAAAAAEAAAAAAAAAAA==	AAAAAAAAAAEAAAABAAAAAAAAAACtdnA0pkVbQOHRjQGk3BvbOvrOUfQL+yR95b2bzM/1EQAAAAJUC+PiAAAAAgAAAAMAAAAAAAAAAAAAAAAAAAAAAQAAAAAAAAAAAAAAAAAAAQAAAAEAAAABAAAAAQAAAACGrv8xfO1+IvNVuWe23gLMqejXU+UZRL4Ca3fvp0wWKwAAAAExAAAAAAAAAK12cDSmRVtA4dGNAaTcG9s6+s5R9Av7JH3lvZvMz/URAAAAAAAAE4h//////////wAAAAEAAAAA
8643ed1c5a34db94fb73f532836d835b30270428f0c9a4e67220840419741df3	4	4	GCWXM4BUUZCVWQHB2GGQDJG4DPNTV6WOKH2AX6ZEPXS33G6MZ72RD2UQ	8589934596	10	10	1	-1	2015-08-27 21:36:05.802235	2015-08-27 21:36:05.802235	17179885568	AAAAAK12cDSmRVtA4dGNAaTcG9s6+s5R9Av7JH3lvZvMz/URAAAACgAAAAIAAAAEAAAAAAAAAAAAAAABAAAAAAAAAAEAAAAAhq7/MXztfiLzVblntt4CzKno11PlGUS+Amt376dMFisAAAABMjEAAAAAAACtdnA0pkVbQOHRjQGk3BvbOvrOUfQL+yR95b2bzM/1EQAAAAAAABOIAAAAAAAAAAHMz/URAAAAQOCQ6viJZ5dqDXqboGJxgQzGAx9iWsSHyRVR2bGmReeVIE2lspYNKqcTCrBhXkRhNeVi8RNxuhhWVgxUQ3n9DQM=	hkPtHFo025T7c/Uyg22DWzAnBCjwyaTmciCEBBl0HfMAAAAAAAAACgAAAAAAAAABAAAAAAAAAAEAAAAAAAAAAA==	AAAAAAAAAAEAAAABAAAAAAAAAACtdnA0pkVbQOHRjQGk3BvbOvrOUfQL+yR95b2bzM/1EQAAAAJUC+PYAAAAAgAAAAQAAAAAAAAAAAAAAAAAAAAAAQAAAAAAAAAAAAAAAAAAAQAAAAEAAAABAAAAAQAAAACGrv8xfO1+IvNVuWe23gLMqejXU+UZRL4Ca3fvp0wWKwAAAAEyMQAAAAAAAK12cDSmRVtA4dGNAaTcG9s6+s5R9Av7JH3lvZvMz/URAAAAAAAAE4h//////////wAAAAEAAAAA
6ebe8da2bafffe07cb51f4ed615a9d1e48326704054246661c166df5f2de1a23	4	5	GCWXM4BUUZCVWQHB2GGQDJG4DPNTV6WOKH2AX6ZEPXS33G6MZ72RD2UQ	8589934597	10	10	1	-1	2015-08-27 21:36:05.818063	2015-08-27 21:36:05.818063	17179889664	AAAAAK12cDSmRVtA4dGNAaTcG9s6+s5R9Av7JH3lvZvMz/URAAAACgAAAAIAAAAFAAAAAAAAAAAAAAABAAAAAAAAAAEAAAAAhq7/MXztfiLzVblntt4CzKno11PlGUS+Amt376dMFisAAAABMjIAAAAAAACtdnA0pkVbQOHRjQGk3BvbOvrOUfQL+yR95b2bzM/1EQAAAAAAABOIAAAAAAAAAAHMz/URAAAAQHwqxRSNOwomCRgUuf05NWtIjWjij0mdkOH11VpRfNeepfYeh5MWa6RugEuvXAze6xp3v1UY83qXCQMwwE86rgo=	br6Norr//gfLUfTtYVqdHkgyZwQFQkZmHBZt9fLeGiMAAAAAAAAACgAAAAAAAAABAAAAAAAAAAEAAAAAAAAAAA==	AAAAAAAAAAEAAAABAAAAAAAAAACtdnA0pkVbQOHRjQGk3BvbOvrOUfQL+yR95b2bzM/1EQAAAAJUC+POAAAAAgAAAAUAAAAAAAAAAAAAAAAAAAAAAQAAAAAAAAAAAAAAAAAAAQAAAAEAAAABAAAAAQAAAACGrv8xfO1+IvNVuWe23gLMqejXU+UZRL4Ca3fvp0wWKwAAAAEyMgAAAAAAAK12cDSmRVtA4dGNAaTcG9s6+s5R9Av7JH3lvZvMz/URAAAAAAAAE4h//////////wAAAAEAAAAA
ef2895f5e8151787f38c9b15ed445d4446cb51f09008b6689ea4949b58e61132	4	6	GCWXM4BUUZCVWQHB2GGQDJG4DPNTV6WOKH2AX6ZEPXS33G6MZ72RD2UQ	8589934598	10	10	1	-1	2015-08-27 21:36:05.835805	2015-08-27 21:36:05.835805	17179893760	AAAAAK12cDSmRVtA4dGNAaTcG9s6+s5R9Av7JH3lvZvMz/URAAAACgAAAAIAAAAGAAAAAAAAAAAAAAABAAAAAAAAAAEAAAAAhq7/MXztfiLzVblntt4CzKno11PlGUS+Amt376dMFisAAAABMzEAAAAAAACtdnA0pkVbQOHRjQGk3BvbOvrOUfQL+yR95b2bzM/1EQAAAAAAABOIAAAAAAAAAAHMz/URAAAAQGNV/h1voahk046uvx446cUTc3WbnhXN8fjOC3ps2hb2As85nqAuk487XJ/KR8VKMfzlrtEo5ZCsGDy++mAYQQk=	7yiV9egVF4fzjJsV7URdREbLUfCQCLZonqSUm1jmETIAAAAAAAAACgAAAAAAAAABAAAAAAAAAAEAAAAAAAAAAA==	AAAAAAAAAAEAAAABAAAAAAAAAACtdnA0pkVbQOHRjQGk3BvbOvrOUfQL+yR95b2bzM/1EQAAAAJUC+PEAAAAAgAAAAYAAAAAAAAAAAAAAAAAAAAAAQAAAAAAAAAAAAAAAAAAAQAAAAEAAAABAAAAAQAAAACGrv8xfO1+IvNVuWe23gLMqejXU+UZRL4Ca3fvp0wWKwAAAAEzMQAAAAAAAK12cDSmRVtA4dGNAaTcG9s6+s5R9Av7JH3lvZvMz/URAAAAAAAAE4h//////////wAAAAEAAAAA
99db4635f71cccc3136754fb2fd7db608987bb37fceafd6f5f9d6255bf765c3b	4	7	GCWXM4BUUZCVWQHB2GGQDJG4DPNTV6WOKH2AX6ZEPXS33G6MZ72RD2UQ	8589934599	10	10	1	-1	2015-08-27 21:36:05.857765	2015-08-27 21:36:05.857765	17179897856	AAAAAK12cDSmRVtA4dGNAaTcG9s6+s5R9Av7JH3lvZvMz/URAAAACgAAAAIAAAAHAAAAAAAAAAAAAAABAAAAAAAAAAEAAAAAhq7/MXztfiLzVblntt4CzKno11PlGUS+Amt376dMFisAAAABMzIAAAAAAACtdnA0pkVbQOHRjQGk3BvbOvrOUfQL+yR95b2bzM/1EQAAAAAAABOIAAAAAAAAAAHMz/URAAAAQG5Cxq0Cu0tmGhi5D9IJhTZW2TAGU+UE3MkcqpwWnBRGNsVKGLSHoKjLkSdF7A0SO+ydLgYJxjIfX38+sBB6uAM=	mdtGNfcczMMTZ1T7L9fbYImHuzf86v1vX51iVb92XDsAAAAAAAAACgAAAAAAAAABAAAAAAAAAAEAAAAAAAAAAA==	AAAAAAAAAAEAAAABAAAAAAAAAACtdnA0pkVbQOHRjQGk3BvbOvrOUfQL+yR95b2bzM/1EQAAAAJUC+O6AAAAAgAAAAcAAAAAAAAAAAAAAAAAAAAAAQAAAAAAAAAAAAAAAAAAAQAAAAEAAAABAAAAAQAAAACGrv8xfO1+IvNVuWe23gLMqejXU+UZRL4Ca3fvp0wWKwAAAAEzMgAAAAAAAK12cDSmRVtA4dGNAaTcG9s6+s5R9Av7JH3lvZvMz/URAAAAAAAAE4h//////////wAAAAEAAAAA
e16af5c2ef11ac0c963ec7b66f6170d2722b75e1c6b8fd69a8569c1f238d6d94	4	8	GCWXM4BUUZCVWQHB2GGQDJG4DPNTV6WOKH2AX6ZEPXS33G6MZ72RD2UQ	8589934600	10	10	1	-1	2015-08-27 21:36:05.874655	2015-08-27 21:36:05.874655	17179901952	AAAAAK12cDSmRVtA4dGNAaTcG9s6+s5R9Av7JH3lvZvMz/URAAAACgAAAAIAAAAIAAAAAAAAAAAAAAABAAAAAAAAAAEAAAAAhq7/MXztfiLzVblntt4CzKno11PlGUS+Amt376dMFisAAAABMzMAAAAAAACtdnA0pkVbQOHRjQGk3BvbOvrOUfQL+yR95b2bzM/1EQAAAAAAABOIAAAAAAAAAAHMz/URAAAAQHD9aYB3dcSGNvpXNWGSPXoz38vdQ8mgYF44b/PuK5gDkiY9nEnASOX8zPSciwgZYAS6zUMPmLTyjHLJpfX9igQ=	4Wr1wu8RrAyWPse2b2Fw0nIrdeHGuP1pqFacHyONbZQAAAAAAAAACgAAAAAAAAABAAAAAAAAAAEAAAAAAAAAAA==	AAAAAAAAAAEAAAABAAAAAAAAAACtdnA0pkVbQOHRjQGk3BvbOvrOUfQL+yR95b2bzM/1EQAAAAJUC+OwAAAAAgAAAAgAAAAAAAAAAAAAAAAAAAAAAQAAAAAAAAAAAAAAAAAAAQAAAAEAAAABAAAAAQAAAACGrv8xfO1+IvNVuWe23gLMqejXU+UZRL4Ca3fvp0wWKwAAAAEzMwAAAAAAAK12cDSmRVtA4dGNAaTcG9s6+s5R9Av7JH3lvZvMz/URAAAAAAAAE4h//////////wAAAAEAAAAA
93e37ec51baf84646474a81ca0c4a3a02b6609a5cc449f58617e34ce6e7c1572	5	1	GCDK57ZRPTWX4IXTKW4WPNW6ALGKT2GXKPSRSRF6AJVXP35HJQLCX2CE	8589934601	10	10	1	-1	2015-08-27 21:36:05.905726	2015-08-27 21:36:05.905726	21474840576	AAAAAIau/zF87X4i81W5Z7beAsyp6NdT5RlEvgJrd++nTBYrAAAACgAAAAIAAAAJAAAAAAAAAAAAAAABAAAAAAAAAAMAAAABRVVSAAAAAACtdnA0pkVbQOHRjQGk3BvbOvrOUfQL+yR95b2bzM/1EQAAAAFVU0QAAAAAAK12cDSmRVtA4dGNAaTcG9s6+s5R9Av7JH3lvZvMz/URAAAAAAAAAAoAAAABAAAAAQAAAAAAAAAAAAAAAAAAAAGnTBYrAAAAQDKpDw4bWJnC9yZEQCgiOC7eAOAd+Y6zi6txNSko+ep/JBnTvsOYl1Ehhi4q/kzN0GHDiKLxTuvPNe7ZNHj/VwY=	k+N+xRuvhGRkdKgcoMSjoCtmCaXMRJ9YYX40zm58FXIAAAAAAAAACgAAAAAAAAABAAAAAAAAAAMAAAAAAAAAAAAAAAAAAAAAhq7/MXztfiLzVblntt4CzKno11PlGUS+Amt376dMFisAAAAAAAAAAQAAAAFFVVIAAAAAAK12cDSmRVtA4dGNAaTcG9s6+s5R9Av7JH3lvZvMz/URAAAAAVVTRAAAAAAArXZwNKZFW0Dh0Y0BpNwb2zr6zlH0C/skfeW9m8zP9REAAAAAAAAACgAAAAEAAAABAAAAAAAAAAAAAAAA	AAAAAAAAAAEAAAABAAAAAAAAAACGrv8xfO1+IvNVuWe23gLMqejXU+UZRL4Ca3fvp0wWKwAAAAJUC+OmAAAAAgAAAAkAAAAIAAAAAAAAAAAAAAAAAQAAAAAAAAAAAAAAAAAAAQAAAAIAAAAAAAAAAgAAAACGrv8xfO1+IvNVuWe23gLMqejXU+UZRL4Ca3fvp0wWKwAAAAAAAAABAAAAAUVVUgAAAAAArXZwNKZFW0Dh0Y0BpNwb2zr6zlH0C/skfeW9m8zP9REAAAABVVNEAAAAAACtdnA0pkVbQOHRjQGk3BvbOvrOUfQL+yR95b2bzM/1EQAAAAAAAAAKAAAAAQAAAAEAAAAAAAAAAAAAAAEAAAAAAAAAAIau/zF87X4i81W5Z7beAsyp6NdT5RlEvgJrd++nTBYrAAAAAlQL46YAAAACAAAACQAAAAkAAAAAAAAAAAAAAAABAAAAAAAAAAAAAAA=
cca93fd41c511b37398bfde92d8e22264ee62a38729755b62bef49406f70c535	5	2	GCDK57ZRPTWX4IXTKW4WPNW6ALGKT2GXKPSRSRF6AJVXP35HJQLCX2CE	8589934602	10	10	1	-1	2015-08-27 21:36:05.915201	2015-08-27 21:36:05.915201	21474844672	AAAAAIau/zF87X4i81W5Z7beAsyp6NdT5RlEvgJrd++nTBYrAAAACgAAAAIAAAAKAAAAAAAAAAAAAAABAAAAAAAAAAMAAAABMQAAAAAAAACtdnA0pkVbQOHRjQGk3BvbOvrOUfQL+yR95b2bzM/1EQAAAAFVU0QAAAAAAK12cDSmRVtA4dGNAaTcG9s6+s5R9Av7JH3lvZvMz/URAAAAAAAAABQAAAABAAAAAQAAAAAAAAAAAAAAAAAAAAGnTBYrAAAAQD5vfmiLBcEFSBl9fbw4GCdLaYieI5feIl91dvGegTGErB83ilHlN4dNi1K//FwPPcBc0xgl06Ybbre3xUtm7gg=	zKk/1BxRGzc5i/3pLY4iJk7mKjhyl1W2K+9JQG9wxTUAAAAAAAAACgAAAAAAAAABAAAAAAAAAAMAAAAAAAAAAAAAAAAAAAAAhq7/MXztfiLzVblntt4CzKno11PlGUS+Amt376dMFisAAAAAAAAAAgAAAAExAAAAAAAAAK12cDSmRVtA4dGNAaTcG9s6+s5R9Av7JH3lvZvMz/URAAAAAVVTRAAAAAAArXZwNKZFW0Dh0Y0BpNwb2zr6zlH0C/skfeW9m8zP9REAAAAAAAAAFAAAAAEAAAABAAAAAAAAAAAAAAAA	AAAAAAAAAAEAAAABAAAAAAAAAACGrv8xfO1+IvNVuWe23gLMqejXU+UZRL4Ca3fvp0wWKwAAAAJUC+OcAAAAAgAAAAoAAAAJAAAAAAAAAAAAAAAAAQAAAAAAAAAAAAAAAAAAAQAAAAIAAAAAAAAAAgAAAACGrv8xfO1+IvNVuWe23gLMqejXU+UZRL4Ca3fvp0wWKwAAAAAAAAACAAAAATEAAAAAAAAArXZwNKZFW0Dh0Y0BpNwb2zr6zlH0C/skfeW9m8zP9REAAAABVVNEAAAAAACtdnA0pkVbQOHRjQGk3BvbOvrOUfQL+yR95b2bzM/1EQAAAAAAAAAUAAAAAQAAAAEAAAAAAAAAAAAAAAEAAAAAAAAAAIau/zF87X4i81W5Z7beAsyp6NdT5RlEvgJrd++nTBYrAAAAAlQL45wAAAACAAAACgAAAAoAAAAAAAAAAAAAAAABAAAAAAAAAAAAAAA=
97da5685f7a528d10c2ff918c36c13f28f670b446bc3d333ba8d9359d47030d2	5	3	GCDK57ZRPTWX4IXTKW4WPNW6ALGKT2GXKPSRSRF6AJVXP35HJQLCX2CE	8589934603	10	10	1	-1	2015-08-27 21:36:05.923952	2015-08-27 21:36:05.923952	21474848768	AAAAAIau/zF87X4i81W5Z7beAsyp6NdT5RlEvgJrd++nTBYrAAAACgAAAAIAAAALAAAAAAAAAAAAAAABAAAAAAAAAAMAAAABRVVSAAAAAACtdnA0pkVbQOHRjQGk3BvbOvrOUfQL+yR95b2bzM/1EQAAAAExAAAAAAAAAK12cDSmRVtA4dGNAaTcG9s6+s5R9Av7JH3lvZvMz/URAAAAAAAAABQAAAABAAAAAQAAAAAAAAAAAAAAAAAAAAGnTBYrAAAAQN13KMgLJ0sbqIaWSFbv7fIp4RB+JAdFWMcgYmSin9hKlQWUMMyQGpfF6v8dMQBu0qBriiuH2zOmpI6dAwDjwwQ=	l9pWhfelKNEML/kYw2wT8o9nC0Rrw9Mzuo2TWdRwMNIAAAAAAAAACgAAAAAAAAABAAAAAAAAAAMAAAAAAAAAAAAAAAAAAAAAhq7/MXztfiLzVblntt4CzKno11PlGUS+Amt376dMFisAAAAAAAAAAwAAAAFFVVIAAAAAAK12cDSmRVtA4dGNAaTcG9s6+s5R9Av7JH3lvZvMz/URAAAAATEAAAAAAAAArXZwNKZFW0Dh0Y0BpNwb2zr6zlH0C/skfeW9m8zP9REAAAAAAAAAFAAAAAEAAAABAAAAAAAAAAAAAAAA	AAAAAAAAAAEAAAABAAAAAAAAAACGrv8xfO1+IvNVuWe23gLMqejXU+UZRL4Ca3fvp0wWKwAAAAJUC+OSAAAAAgAAAAsAAAAKAAAAAAAAAAAAAAAAAQAAAAAAAAAAAAAAAAAAAQAAAAIAAAAAAAAAAgAAAACGrv8xfO1+IvNVuWe23gLMqejXU+UZRL4Ca3fvp0wWKwAAAAAAAAADAAAAAUVVUgAAAAAArXZwNKZFW0Dh0Y0BpNwb2zr6zlH0C/skfeW9m8zP9REAAAABMQAAAAAAAACtdnA0pkVbQOHRjQGk3BvbOvrOUfQL+yR95b2bzM/1EQAAAAAAAAAUAAAAAQAAAAEAAAAAAAAAAAAAAAEAAAAAAAAAAIau/zF87X4i81W5Z7beAsyp6NdT5RlEvgJrd++nTBYrAAAAAlQL45IAAAACAAAACwAAAAsAAAAAAAAAAAAAAAABAAAAAAAAAAAAAAA=
937f1da8b3045fd0b9bdef706cb61e57f3cceb28f4a50be1f43ffce635c1e6b7	5	4	GCDK57ZRPTWX4IXTKW4WPNW6ALGKT2GXKPSRSRF6AJVXP35HJQLCX2CE	8589934604	10	10	1	-1	2015-08-27 21:36:05.933418	2015-08-27 21:36:05.933418	21474852864	AAAAAIau/zF87X4i81W5Z7beAsyp6NdT5RlEvgJrd++nTBYrAAAACgAAAAIAAAAMAAAAAAAAAAAAAAABAAAAAAAAAAMAAAABMjEAAAAAAACtdnA0pkVbQOHRjQGk3BvbOvrOUfQL+yR95b2bzM/1EQAAAAFVU0QAAAAAAK12cDSmRVtA4dGNAaTcG9s6+s5R9Av7JH3lvZvMz/URAAAAAAAAAB4AAAABAAAAAQAAAAAAAAAAAAAAAAAAAAGnTBYrAAAAQDM9Lp1Io0EBNkWF6DCi7CgzKo955ZVvNARJYGpaxCedVx1xVj6GrVJZi6edOf2vXCSBbe2cn0i/igJHG1pftgc=	k38dqLMEX9C5ve9wbLYeV/PM6yj0pQvh9D/85jXB5rcAAAAAAAAACgAAAAAAAAABAAAAAAAAAAMAAAAAAAAAAAAAAAAAAAAAhq7/MXztfiLzVblntt4CzKno11PlGUS+Amt376dMFisAAAAAAAAABAAAAAEyMQAAAAAAAK12cDSmRVtA4dGNAaTcG9s6+s5R9Av7JH3lvZvMz/URAAAAAVVTRAAAAAAArXZwNKZFW0Dh0Y0BpNwb2zr6zlH0C/skfeW9m8zP9REAAAAAAAAAHgAAAAEAAAABAAAAAAAAAAAAAAAA	AAAAAAAAAAEAAAABAAAAAAAAAACGrv8xfO1+IvNVuWe23gLMqejXU+UZRL4Ca3fvp0wWKwAAAAJUC+OIAAAAAgAAAAwAAAALAAAAAAAAAAAAAAAAAQAAAAAAAAAAAAAAAAAAAQAAAAIAAAAAAAAAAgAAAACGrv8xfO1+IvNVuWe23gLMqejXU+UZRL4Ca3fvp0wWKwAAAAAAAAAEAAAAATIxAAAAAAAArXZwNKZFW0Dh0Y0BpNwb2zr6zlH0C/skfeW9m8zP9REAAAABVVNEAAAAAACtdnA0pkVbQOHRjQGk3BvbOvrOUfQL+yR95b2bzM/1EQAAAAAAAAAeAAAAAQAAAAEAAAAAAAAAAAAAAAEAAAAAAAAAAIau/zF87X4i81W5Z7beAsyp6NdT5RlEvgJrd++nTBYrAAAAAlQL44gAAAACAAAADAAAAAwAAAAAAAAAAAAAAAABAAAAAAAAAAAAAAA=
53598820770988d69bbd7b902ed5f3543b68eff668f25dd2941d16fb0c64401a	5	5	GCDK57ZRPTWX4IXTKW4WPNW6ALGKT2GXKPSRSRF6AJVXP35HJQLCX2CE	8589934605	10	10	1	-1	2015-08-27 21:36:05.948756	2015-08-27 21:36:05.948756	21474856960	AAAAAIau/zF87X4i81W5Z7beAsyp6NdT5RlEvgJrd++nTBYrAAAACgAAAAIAAAANAAAAAAAAAAAAAAABAAAAAAAAAAMAAAABMjIAAAAAAACtdnA0pkVbQOHRjQGk3BvbOvrOUfQL+yR95b2bzM/1EQAAAAEyMQAAAAAAAK12cDSmRVtA4dGNAaTcG9s6+s5R9Av7JH3lvZvMz/URAAAAAAAAAB4AAAABAAAAAQAAAAAAAAAAAAAAAAAAAAGnTBYrAAAAQL6HMZ6XDF1y+t7Frsrtjox6VtJ++PO6IEHsk+2W2JVsGc7AAln+2uM0Aey52Erze0BBW5VB8pIm/3gPj+o0EwU=	U1mIIHcJiNabvXuQLtXzVDto7/Zo8l3SlB0W+wxkQBoAAAAAAAAACgAAAAAAAAABAAAAAAAAAAMAAAAAAAAAAAAAAAAAAAAAhq7/MXztfiLzVblntt4CzKno11PlGUS+Amt376dMFisAAAAAAAAABQAAAAEyMgAAAAAAAK12cDSmRVtA4dGNAaTcG9s6+s5R9Av7JH3lvZvMz/URAAAAATIxAAAAAAAArXZwNKZFW0Dh0Y0BpNwb2zr6zlH0C/skfeW9m8zP9REAAAAAAAAAHgAAAAEAAAABAAAAAAAAAAAAAAAA	AAAAAAAAAAEAAAABAAAAAAAAAACGrv8xfO1+IvNVuWe23gLMqejXU+UZRL4Ca3fvp0wWKwAAAAJUC+N+AAAAAgAAAA0AAAAMAAAAAAAAAAAAAAAAAQAAAAAAAAAAAAAAAAAAAQAAAAIAAAAAAAAAAgAAAACGrv8xfO1+IvNVuWe23gLMqejXU+UZRL4Ca3fvp0wWKwAAAAAAAAAFAAAAATIyAAAAAAAArXZwNKZFW0Dh0Y0BpNwb2zr6zlH0C/skfeW9m8zP9REAAAABMjEAAAAAAACtdnA0pkVbQOHRjQGk3BvbOvrOUfQL+yR95b2bzM/1EQAAAAAAAAAeAAAAAQAAAAEAAAAAAAAAAAAAAAEAAAAAAAAAAIau/zF87X4i81W5Z7beAsyp6NdT5RlEvgJrd++nTBYrAAAAAlQL434AAAACAAAADQAAAA0AAAAAAAAAAAAAAAABAAAAAAAAAAAAAAA=
b9263e9c9758afc1fc9597d8d105da0b903df78d16687c7775c5c1d391065be8	5	6	GCDK57ZRPTWX4IXTKW4WPNW6ALGKT2GXKPSRSRF6AJVXP35HJQLCX2CE	8589934606	10	10	1	-1	2015-08-27 21:36:05.957983	2015-08-27 21:36:05.957983	21474861056	AAAAAIau/zF87X4i81W5Z7beAsyp6NdT5RlEvgJrd++nTBYrAAAACgAAAAIAAAAOAAAAAAAAAAAAAAABAAAAAAAAAAMAAAABRVVSAAAAAACtdnA0pkVbQOHRjQGk3BvbOvrOUfQL+yR95b2bzM/1EQAAAAEyMgAAAAAAAK12cDSmRVtA4dGNAaTcG9s6+s5R9Av7JH3lvZvMz/URAAAAAAAAAB4AAAABAAAAAQAAAAAAAAAAAAAAAAAAAAGnTBYrAAAAQCkmzRqi9ckBE8cPqBpItBqbYULRrhJYvb67WyT+pHPmr8G1CjyTReApzdwePvghEpFWxnBvO/tt/3QHtoGZZAw=	uSY+nJdYr8H8lZfY0QXaC5A9940WaHx3dcXB05EGW+gAAAAAAAAACgAAAAAAAAABAAAAAAAAAAMAAAAAAAAAAAAAAAAAAAAAhq7/MXztfiLzVblntt4CzKno11PlGUS+Amt376dMFisAAAAAAAAABgAAAAFFVVIAAAAAAK12cDSmRVtA4dGNAaTcG9s6+s5R9Av7JH3lvZvMz/URAAAAATIyAAAAAAAArXZwNKZFW0Dh0Y0BpNwb2zr6zlH0C/skfeW9m8zP9REAAAAAAAAAHgAAAAEAAAABAAAAAAAAAAAAAAAA	AAAAAAAAAAEAAAABAAAAAAAAAACGrv8xfO1+IvNVuWe23gLMqejXU+UZRL4Ca3fvp0wWKwAAAAJUC+N0AAAAAgAAAA4AAAANAAAAAAAAAAAAAAAAAQAAAAAAAAAAAAAAAAAAAQAAAAIAAAAAAAAAAgAAAACGrv8xfO1+IvNVuWe23gLMqejXU+UZRL4Ca3fvp0wWKwAAAAAAAAAGAAAAAUVVUgAAAAAArXZwNKZFW0Dh0Y0BpNwb2zr6zlH0C/skfeW9m8zP9REAAAABMjIAAAAAAACtdnA0pkVbQOHRjQGk3BvbOvrOUfQL+yR95b2bzM/1EQAAAAAAAAAeAAAAAQAAAAEAAAAAAAAAAAAAAAEAAAAAAAAAAIau/zF87X4i81W5Z7beAsyp6NdT5RlEvgJrd++nTBYrAAAAAlQL43QAAAACAAAADgAAAA4AAAAAAAAAAAAAAAABAAAAAAAAAAAAAAA=
fd0aca5853e072e88a408f7213e743288a8ae1c9389c2a8f3e4708a5b43dc724	5	7	GCDK57ZRPTWX4IXTKW4WPNW6ALGKT2GXKPSRSRF6AJVXP35HJQLCX2CE	8589934607	10	10	1	-1	2015-08-27 21:36:05.966882	2015-08-27 21:36:05.966882	21474865152	AAAAAIau/zF87X4i81W5Z7beAsyp6NdT5RlEvgJrd++nTBYrAAAACgAAAAIAAAAPAAAAAAAAAAAAAAABAAAAAAAAAAMAAAABMzEAAAAAAACtdnA0pkVbQOHRjQGk3BvbOvrOUfQL+yR95b2bzM/1EQAAAAFVU0QAAAAAAK12cDSmRVtA4dGNAaTcG9s6+s5R9Av7JH3lvZvMz/URAAAAAAAAACgAAAABAAAAAQAAAAAAAAAAAAAAAAAAAAGnTBYrAAAAQLAU2IqV3YPqXAnJSIWxFHWbVVgUEeEAPOl3mVexpTKiyrit6xCaFp2Uw2T2+IDX5xFJKK6W82sLlequEv+QMwc=	/QrKWFPgcuiKQI9yE+dDKIqK4ck4nCqPPkcIpbQ9xyQAAAAAAAAACgAAAAAAAAABAAAAAAAAAAMAAAAAAAAAAAAAAAAAAAAAhq7/MXztfiLzVblntt4CzKno11PlGUS+Amt376dMFisAAAAAAAAABwAAAAEzMQAAAAAAAK12cDSmRVtA4dGNAaTcG9s6+s5R9Av7JH3lvZvMz/URAAAAAVVTRAAAAAAArXZwNKZFW0Dh0Y0BpNwb2zr6zlH0C/skfeW9m8zP9REAAAAAAAAAKAAAAAEAAAABAAAAAAAAAAAAAAAA	AAAAAAAAAAEAAAABAAAAAAAAAACGrv8xfO1+IvNVuWe23gLMqejXU+UZRL4Ca3fvp0wWKwAAAAJUC+NqAAAAAgAAAA8AAAAOAAAAAAAAAAAAAAAAAQAAAAAAAAAAAAAAAAAAAQAAAAIAAAAAAAAAAgAAAACGrv8xfO1+IvNVuWe23gLMqejXU+UZRL4Ca3fvp0wWKwAAAAAAAAAHAAAAATMxAAAAAAAArXZwNKZFW0Dh0Y0BpNwb2zr6zlH0C/skfeW9m8zP9REAAAABVVNEAAAAAACtdnA0pkVbQOHRjQGk3BvbOvrOUfQL+yR95b2bzM/1EQAAAAAAAAAoAAAAAQAAAAEAAAAAAAAAAAAAAAEAAAAAAAAAAIau/zF87X4i81W5Z7beAsyp6NdT5RlEvgJrd++nTBYrAAAAAlQL42oAAAACAAAADwAAAA8AAAAAAAAAAAAAAAABAAAAAAAAAAAAAAA=
60b15800daebdd63c9f2485f42fc1b1849498c78efc2551e310ff0255c7322f6	5	8	GCDK57ZRPTWX4IXTKW4WPNW6ALGKT2GXKPSRSRF6AJVXP35HJQLCX2CE	8589934608	10	10	1	-1	2015-08-27 21:36:05.975699	2015-08-27 21:36:05.975699	21474869248	AAAAAIau/zF87X4i81W5Z7beAsyp6NdT5RlEvgJrd++nTBYrAAAACgAAAAIAAAAQAAAAAAAAAAAAAAABAAAAAAAAAAMAAAABMzIAAAAAAACtdnA0pkVbQOHRjQGk3BvbOvrOUfQL+yR95b2bzM/1EQAAAAEzMQAAAAAAAK12cDSmRVtA4dGNAaTcG9s6+s5R9Av7JH3lvZvMz/URAAAAAAAAACgAAAABAAAAAQAAAAAAAAAAAAAAAAAAAAGnTBYrAAAAQKNszLFb7nOn8Fw2sPMqJzfwAlIi8Rb8XeGt1Qk2Beb2RzfLywO1FSK8LDB7EtM3fIl09iS91SZHl+R074I4NA4=	YLFYANrr3WPJ8khfQvwbGElJjHjvwlUeMQ/wJVxzIvYAAAAAAAAACgAAAAAAAAABAAAAAAAAAAMAAAAAAAAAAAAAAAAAAAAAhq7/MXztfiLzVblntt4CzKno11PlGUS+Amt376dMFisAAAAAAAAACAAAAAEzMgAAAAAAAK12cDSmRVtA4dGNAaTcG9s6+s5R9Av7JH3lvZvMz/URAAAAATMxAAAAAAAArXZwNKZFW0Dh0Y0BpNwb2zr6zlH0C/skfeW9m8zP9REAAAAAAAAAKAAAAAEAAAABAAAAAAAAAAAAAAAA	AAAAAAAAAAEAAAABAAAAAAAAAACGrv8xfO1+IvNVuWe23gLMqejXU+UZRL4Ca3fvp0wWKwAAAAJUC+NgAAAAAgAAABAAAAAPAAAAAAAAAAAAAAAAAQAAAAAAAAAAAAAAAAAAAQAAAAIAAAAAAAAAAgAAAACGrv8xfO1+IvNVuWe23gLMqejXU+UZRL4Ca3fvp0wWKwAAAAAAAAAIAAAAATMyAAAAAAAArXZwNKZFW0Dh0Y0BpNwb2zr6zlH0C/skfeW9m8zP9REAAAABMzEAAAAAAACtdnA0pkVbQOHRjQGk3BvbOvrOUfQL+yR95b2bzM/1EQAAAAAAAAAoAAAAAQAAAAEAAAAAAAAAAAAAAAEAAAAAAAAAAIau/zF87X4i81W5Z7beAsyp6NdT5RlEvgJrd++nTBYrAAAAAlQL42AAAAACAAAAEAAAABAAAAAAAAAAAAAAAAABAAAAAAAAAAAAAAA=
225ae686c28a1fd5375cf075ff849b428c71dca917c115e40f900507133ef5d3	5	9	GCDK57ZRPTWX4IXTKW4WPNW6ALGKT2GXKPSRSRF6AJVXP35HJQLCX2CE	8589934609	10	10	1	-1	2015-08-27 21:36:05.984548	2015-08-27 21:36:05.984548	21474873344	AAAAAIau/zF87X4i81W5Z7beAsyp6NdT5RlEvgJrd++nTBYrAAAACgAAAAIAAAARAAAAAAAAAAAAAAABAAAAAAAAAAMAAAABMzMAAAAAAACtdnA0pkVbQOHRjQGk3BvbOvrOUfQL+yR95b2bzM/1EQAAAAEzMgAAAAAAAK12cDSmRVtA4dGNAaTcG9s6+s5R9Av7JH3lvZvMz/URAAAAAAAAACgAAAABAAAAAQAAAAAAAAAAAAAAAAAAAAGnTBYrAAAAQFZqOIYKhpTr+sE0OCHsIdmpROXlqOXtFjMa6D4zx+zMIEnSjjE7ERJe2Ku6tRdFBIfLk2+jaPkqjJoeIlIBFQ8=	IlrmhsKKH9U3XPB1/4SbQoxx3KkXwRXkD5AFBxM+9dMAAAAAAAAACgAAAAAAAAABAAAAAAAAAAMAAAAAAAAAAAAAAAAAAAAAhq7/MXztfiLzVblntt4CzKno11PlGUS+Amt376dMFisAAAAAAAAACQAAAAEzMwAAAAAAAK12cDSmRVtA4dGNAaTcG9s6+s5R9Av7JH3lvZvMz/URAAAAATMyAAAAAAAArXZwNKZFW0Dh0Y0BpNwb2zr6zlH0C/skfeW9m8zP9REAAAAAAAAAKAAAAAEAAAABAAAAAAAAAAAAAAAA	AAAAAAAAAAEAAAABAAAAAAAAAACGrv8xfO1+IvNVuWe23gLMqejXU+UZRL4Ca3fvp0wWKwAAAAJUC+NWAAAAAgAAABEAAAAQAAAAAAAAAAAAAAAAAQAAAAAAAAAAAAAAAAAAAQAAAAIAAAAAAAAAAgAAAACGrv8xfO1+IvNVuWe23gLMqejXU+UZRL4Ca3fvp0wWKwAAAAAAAAAJAAAAATMzAAAAAAAArXZwNKZFW0Dh0Y0BpNwb2zr6zlH0C/skfeW9m8zP9REAAAABMzIAAAAAAACtdnA0pkVbQOHRjQGk3BvbOvrOUfQL+yR95b2bzM/1EQAAAAAAAAAoAAAAAQAAAAEAAAAAAAAAAAAAAAEAAAAAAAAAAIau/zF87X4i81W5Z7beAsyp6NdT5RlEvgJrd++nTBYrAAAAAlQL41YAAAACAAAAEQAAABEAAAAAAAAAAAAAAAABAAAAAAAAAAAAAAA=
87797e210742aa012432b60d50491a6c0e38130c1554aa97f715b07cc06b6d49	5	10	GCDK57ZRPTWX4IXTKW4WPNW6ALGKT2GXKPSRSRF6AJVXP35HJQLCX2CE	8589934610	10	10	1	-1	2015-08-27 21:36:05.993726	2015-08-27 21:36:05.993726	21474877440	AAAAAIau/zF87X4i81W5Z7beAsyp6NdT5RlEvgJrd++nTBYrAAAACgAAAAIAAAASAAAAAAAAAAAAAAABAAAAAAAAAAMAAAABRVVSAAAAAACtdnA0pkVbQOHRjQGk3BvbOvrOUfQL+yR95b2bzM/1EQAAAAEzMwAAAAAAAK12cDSmRVtA4dGNAaTcG9s6+s5R9Av7JH3lvZvMz/URAAAAAAAAACgAAAABAAAAAQAAAAAAAAAAAAAAAAAAAAGnTBYrAAAAQO0RRk8F2o6LF0WPTOIpnr1NpZyYAGIC8M6va1FySzDmLn5dDYigBfs0g2Ja6omJgmebNM8O9LkIqmA1ENAG7gc=	h3l+IQdCqgEkMrYNUEkabA44EwwVVKqX9xWwfMBrbUkAAAAAAAAACgAAAAAAAAABAAAAAAAAAAMAAAAAAAAAAAAAAAAAAAAAhq7/MXztfiLzVblntt4CzKno11PlGUS+Amt376dMFisAAAAAAAAACgAAAAFFVVIAAAAAAK12cDSmRVtA4dGNAaTcG9s6+s5R9Av7JH3lvZvMz/URAAAAATMzAAAAAAAArXZwNKZFW0Dh0Y0BpNwb2zr6zlH0C/skfeW9m8zP9REAAAAAAAAAKAAAAAEAAAABAAAAAAAAAAAAAAAA	AAAAAAAAAAEAAAABAAAAAAAAAACGrv8xfO1+IvNVuWe23gLMqejXU+UZRL4Ca3fvp0wWKwAAAAJUC+NMAAAAAgAAABIAAAARAAAAAAAAAAAAAAAAAQAAAAAAAAAAAAAAAAAAAQAAAAIAAAAAAAAAAgAAAACGrv8xfO1+IvNVuWe23gLMqejXU+UZRL4Ca3fvp0wWKwAAAAAAAAAKAAAAAUVVUgAAAAAArXZwNKZFW0Dh0Y0BpNwb2zr6zlH0C/skfeW9m8zP9REAAAABMzMAAAAAAACtdnA0pkVbQOHRjQGk3BvbOvrOUfQL+yR95b2bzM/1EQAAAAAAAAAoAAAAAQAAAAEAAAAAAAAAAAAAAAEAAAAAAAAAAIau/zF87X4i81W5Z7beAsyp6NdT5RlEvgJrd++nTBYrAAAAAlQL40wAAAACAAAAEgAAABIAAAAAAAAAAAAAAAABAAAAAAAAAAAAAAA=
\.


--
-- Data for Name: schema_migrations; Type: TABLE DATA; Schema: public; Owner: -
--

COPY schema_migrations (version) FROM stdin;
20150508215546
20150310224849
20150313225945
20150313225955
20150501160031
20150508003829
20150508175821
20150508183542
20150609230237
20150629181921
20150825223417
20150825180131
\.


--
-- Name: history_operation_participants_pkey; Type: CONSTRAINT; Schema: public; Owner: -; Tablespace: 
--

ALTER TABLE ONLY history_operation_participants
    ADD CONSTRAINT history_operation_participants_pkey PRIMARY KEY (id);


--
-- Name: history_transaction_participants_pkey; Type: CONSTRAINT; Schema: public; Owner: -; Tablespace: 
--

ALTER TABLE ONLY history_transaction_participants
    ADD CONSTRAINT history_transaction_participants_pkey PRIMARY KEY (id);


--
-- Name: history_transaction_statuses_pkey; Type: CONSTRAINT; Schema: public; Owner: -; Tablespace: 
--

ALTER TABLE ONLY history_transaction_statuses
    ADD CONSTRAINT history_transaction_statuses_pkey PRIMARY KEY (id);


--
-- Name: by_account; Type: INDEX; Schema: public; Owner: -; Tablespace: 
--

CREATE INDEX by_account ON history_transactions USING btree (account, account_sequence);


--
-- Name: by_hash; Type: INDEX; Schema: public; Owner: -; Tablespace: 
--

CREATE INDEX by_hash ON history_transactions USING btree (transaction_hash);


--
-- Name: by_ledger; Type: INDEX; Schema: public; Owner: -; Tablespace: 
--

CREATE INDEX by_ledger ON history_transactions USING btree (ledger_sequence, application_order);


--
-- Name: by_status; Type: INDEX; Schema: public; Owner: -; Tablespace: 
--

CREATE INDEX by_status ON history_transactions USING btree (transaction_status_id);


--
-- Name: hist_e_by_order; Type: INDEX; Schema: public; Owner: -; Tablespace: 
--

CREATE UNIQUE INDEX hist_e_by_order ON history_effects USING btree (history_operation_id, "order");


--
-- Name: hist_e_id; Type: INDEX; Schema: public; Owner: -; Tablespace: 
--

CREATE UNIQUE INDEX hist_e_id ON history_effects USING btree (history_account_id, history_operation_id, "order");


--
-- Name: hist_op_p_id; Type: INDEX; Schema: public; Owner: -; Tablespace: 
--

CREATE UNIQUE INDEX hist_op_p_id ON history_operation_participants USING btree (history_account_id, history_operation_id);


--
-- Name: hs_ledger_by_id; Type: INDEX; Schema: public; Owner: -; Tablespace: 
--

CREATE UNIQUE INDEX hs_ledger_by_id ON history_ledgers USING btree (id);


--
-- Name: hs_transaction_by_id; Type: INDEX; Schema: public; Owner: -; Tablespace: 
--

CREATE UNIQUE INDEX hs_transaction_by_id ON history_transactions USING btree (id);


--
-- Name: index_history_accounts_on_id; Type: INDEX; Schema: public; Owner: -; Tablespace: 
--

CREATE UNIQUE INDEX index_history_accounts_on_id ON history_accounts USING btree (id);


--
-- Name: index_history_effects_on_type; Type: INDEX; Schema: public; Owner: -; Tablespace: 
--

CREATE INDEX index_history_effects_on_type ON history_effects USING btree (type);


--
-- Name: index_history_ledgers_on_closed_at; Type: INDEX; Schema: public; Owner: -; Tablespace: 
--

CREATE INDEX index_history_ledgers_on_closed_at ON history_ledgers USING btree (closed_at);


--
-- Name: index_history_ledgers_on_id; Type: INDEX; Schema: public; Owner: -; Tablespace: 
--

CREATE UNIQUE INDEX index_history_ledgers_on_id ON history_ledgers USING btree (id);


--
-- Name: index_history_ledgers_on_importer_version; Type: INDEX; Schema: public; Owner: -; Tablespace: 
--

CREATE INDEX index_history_ledgers_on_importer_version ON history_ledgers USING btree (importer_version);


--
-- Name: index_history_ledgers_on_ledger_hash; Type: INDEX; Schema: public; Owner: -; Tablespace: 
--

CREATE UNIQUE INDEX index_history_ledgers_on_ledger_hash ON history_ledgers USING btree (ledger_hash);


--
-- Name: index_history_ledgers_on_previous_ledger_hash; Type: INDEX; Schema: public; Owner: -; Tablespace: 
--

CREATE UNIQUE INDEX index_history_ledgers_on_previous_ledger_hash ON history_ledgers USING btree (previous_ledger_hash);


--
-- Name: index_history_ledgers_on_sequence; Type: INDEX; Schema: public; Owner: -; Tablespace: 
--

CREATE UNIQUE INDEX index_history_ledgers_on_sequence ON history_ledgers USING btree (sequence);


--
-- Name: index_history_operations_on_id; Type: INDEX; Schema: public; Owner: -; Tablespace: 
--

CREATE UNIQUE INDEX index_history_operations_on_id ON history_operations USING btree (id);


--
-- Name: index_history_operations_on_transaction_id; Type: INDEX; Schema: public; Owner: -; Tablespace: 
--

CREATE INDEX index_history_operations_on_transaction_id ON history_operations USING btree (transaction_id);


--
-- Name: index_history_operations_on_type; Type: INDEX; Schema: public; Owner: -; Tablespace: 
--

CREATE INDEX index_history_operations_on_type ON history_operations USING btree (type);


--
-- Name: index_history_transaction_participants_on_account; Type: INDEX; Schema: public; Owner: -; Tablespace: 
--

CREATE INDEX index_history_transaction_participants_on_account ON history_transaction_participants USING btree (account);


--
-- Name: index_history_transaction_participants_on_transaction_hash; Type: INDEX; Schema: public; Owner: -; Tablespace: 
--

CREATE INDEX index_history_transaction_participants_on_transaction_hash ON history_transaction_participants USING btree (transaction_hash);


--
-- Name: index_history_transaction_statuses_lc_on_all; Type: INDEX; Schema: public; Owner: -; Tablespace: 
--

CREATE UNIQUE INDEX index_history_transaction_statuses_lc_on_all ON history_transaction_statuses USING btree (id, result_code, result_code_s);


--
-- Name: index_history_transactions_on_id; Type: INDEX; Schema: public; Owner: -; Tablespace: 
--

CREATE UNIQUE INDEX index_history_transactions_on_id ON history_transactions USING btree (id);


--
-- Name: unique_schema_migrations; Type: INDEX; Schema: public; Owner: -; Tablespace: 
--

CREATE UNIQUE INDEX unique_schema_migrations ON schema_migrations USING btree (version);


--
-- Name: public; Type: ACL; Schema: -; Owner: -
--

REVOKE ALL ON SCHEMA public FROM PUBLIC;
REVOKE ALL ON SCHEMA public FROM nullstyle;
GRANT ALL ON SCHEMA public TO nullstyle;
GRANT ALL ON SCHEMA public TO PUBLIC;


--
-- PostgreSQL database dump complete
--

