--
-- PostgreSQL database dump
--

SET statement_timeout = 0;
SET lock_timeout = 0;
SET client_encoding = 'UTF8';
SET standard_conforming_strings = on;
SET check_function_bodies = false;
SET client_min_messages = warning;

SET search_path = public, pg_catalog;

DROP INDEX public.signersaccount;
DROP INDEX public.sellingissuerindex;
DROP INDEX public.priceindex;
DROP INDEX public.ledgersbyseq;
DROP INDEX public.buyingissuerindex;
DROP INDEX public.accountlines;
DROP INDEX public.accountbalances;
ALTER TABLE ONLY public.txhistory DROP CONSTRAINT txhistory_pkey;
ALTER TABLE ONLY public.txhistory DROP CONSTRAINT txhistory_ledgerseq_txindex_key;
ALTER TABLE ONLY public.trustlines DROP CONSTRAINT trustlines_pkey;
ALTER TABLE ONLY public.storestate DROP CONSTRAINT storestate_pkey;
ALTER TABLE ONLY public.signers DROP CONSTRAINT signers_pkey;
ALTER TABLE ONLY public.peers DROP CONSTRAINT peers_pkey;
ALTER TABLE ONLY public.offers DROP CONSTRAINT offers_pkey;
ALTER TABLE ONLY public.ledgerheaders DROP CONSTRAINT ledgerheaders_pkey;
ALTER TABLE ONLY public.ledgerheaders DROP CONSTRAINT ledgerheaders_ledgerseq_key;
ALTER TABLE ONLY public.accounts DROP CONSTRAINT accounts_pkey;
DROP TABLE public.txhistory;
DROP TABLE public.trustlines;
DROP TABLE public.storestate;
DROP TABLE public.signers;
DROP TABLE public.peers;
DROP TABLE public.offers;
DROP TABLE public.ledgerheaders;
DROP TABLE public.accounts;
DROP EXTENSION plpgsql;
DROP SCHEMA public;
--
-- Name: public; Type: SCHEMA; Schema: -; Owner: -
--

CREATE SCHEMA public;


--
-- Name: SCHEMA public; Type: COMMENT; Schema: -; Owner: -
--

COMMENT ON SCHEMA public IS 'standard public schema';


--
-- Name: plpgsql; Type: EXTENSION; Schema: -; Owner: -
--

CREATE EXTENSION IF NOT EXISTS plpgsql WITH SCHEMA pg_catalog;


--
-- Name: EXTENSION plpgsql; Type: COMMENT; Schema: -; Owner: -
--

COMMENT ON EXTENSION plpgsql IS 'PL/pgSQL procedural language';


SET search_path = public, pg_catalog;

SET default_tablespace = '';

SET default_with_oids = false;

--
-- Name: accounts; Type: TABLE; Schema: public; Owner: -; Tablespace: 
--

CREATE TABLE accounts (
    accountid character varying(56) NOT NULL,
    balance bigint NOT NULL,
    seqnum bigint NOT NULL,
    numsubentries integer NOT NULL,
    inflationdest character varying(56),
    homedomain character varying(32),
    thresholds text,
    flags integer NOT NULL,
    CONSTRAINT accounts_balance_check CHECK ((balance >= 0)),
    CONSTRAINT accounts_numsubentries_check CHECK ((numsubentries >= 0))
);


--
-- Name: ledgerheaders; Type: TABLE; Schema: public; Owner: -; Tablespace: 
--

CREATE TABLE ledgerheaders (
    ledgerhash character(64) NOT NULL,
    prevhash character(64) NOT NULL,
    bucketlisthash character(64) NOT NULL,
    ledgerseq integer,
    closetime bigint NOT NULL,
    data text NOT NULL,
    CONSTRAINT ledgerheaders_closetime_check CHECK ((closetime >= 0)),
    CONSTRAINT ledgerheaders_ledgerseq_check CHECK ((ledgerseq >= 0))
);


--
-- Name: offers; Type: TABLE; Schema: public; Owner: -; Tablespace: 
--

CREATE TABLE offers (
    sellerid character varying(56) NOT NULL,
    offerid bigint NOT NULL,
    sellingassettype integer,
    sellingassetcode character varying(12),
    sellingissuer character varying(56),
    buyingassettype integer,
    buyingassetcode character varying(12),
    buyingissuer character varying(56),
    amount bigint NOT NULL,
    pricen integer NOT NULL,
    priced integer NOT NULL,
    price bigint NOT NULL,
    flags integer NOT NULL,
    CONSTRAINT offers_amount_check CHECK ((amount >= 0)),
    CONSTRAINT offers_offerid_check CHECK ((offerid >= 0))
);


--
-- Name: peers; Type: TABLE; Schema: public; Owner: -; Tablespace: 
--

CREATE TABLE peers (
    ip character varying(15) NOT NULL,
    port integer DEFAULT 0 NOT NULL,
    nextattempt timestamp without time zone NOT NULL,
    numfailures integer DEFAULT 0 NOT NULL,
    rank integer DEFAULT 0 NOT NULL,
    CONSTRAINT peers_numfailures_check CHECK ((numfailures >= 0)),
    CONSTRAINT peers_port_check CHECK (((port > 0) AND (port <= 65535))),
    CONSTRAINT peers_rank_check CHECK ((rank >= 0))
);


--
-- Name: signers; Type: TABLE; Schema: public; Owner: -; Tablespace: 
--

CREATE TABLE signers (
    accountid character varying(56) NOT NULL,
    publickey character varying(56) NOT NULL,
    weight integer NOT NULL
);


--
-- Name: storestate; Type: TABLE; Schema: public; Owner: -; Tablespace: 
--

CREATE TABLE storestate (
    statename character(32) NOT NULL,
    state text
);


--
-- Name: trustlines; Type: TABLE; Schema: public; Owner: -; Tablespace: 
--

CREATE TABLE trustlines (
    accountid character varying(56) NOT NULL,
    assettype integer NOT NULL,
    issuer character varying(56) NOT NULL,
    assetcode character varying(12) NOT NULL,
    tlimit bigint DEFAULT 0 NOT NULL,
    balance bigint DEFAULT 0 NOT NULL,
    flags integer NOT NULL,
    CONSTRAINT trustlines_balance_check CHECK ((balance >= 0)),
    CONSTRAINT trustlines_tlimit_check CHECK ((tlimit >= 0))
);


--
-- Name: txhistory; Type: TABLE; Schema: public; Owner: -; Tablespace: 
--

CREATE TABLE txhistory (
    txid character(64) NOT NULL,
    ledgerseq integer NOT NULL,
    txindex integer NOT NULL,
    txbody text NOT NULL,
    txresult text NOT NULL,
    txmeta text NOT NULL,
    CONSTRAINT txhistory_ledgerseq_check CHECK ((ledgerseq >= 0))
);


--
-- Data for Name: accounts; Type: TABLE DATA; Schema: public; Owner: -
--

COPY accounts (accountid, balance, seqnum, numsubentries, inflationdest, homedomain, thresholds, flags) FROM stdin;
GCEZWKCA5VLDNRLN3RPRJMRZOX3Z6G5CHCGSNFHEYVXM3XOJMDS674JZ	99999959999999960	4	0	\N		AQAAAA==	0
GDWW5KWCMWIBUECK5SQLPHC7NHE2VFARQEYDVZLHAVYHZZH7I4COR4QB	9999999990	8589934593	1	\N		AQAAAA==	0
GCGQRLLU2OMA2MUWTEUVA3XH4NCAP6JG2PNDDTULQRB7HAJIALPSSMGC	9999999990	8589934593	1	\N		AQAAAA==	0
GCYBPVISIS7L5NEIQ7UEHETOP52EJAAKMDMKAHPC7E5C5MT4ZCPRHJ6T	9999999820	8589934610	18	\N		AQAAAA==	0
GDB5FS4BM7B7HL5RQ4DIYTAHF65FJQRNXI6IBTX6VSDDKQ7R3DMOTMN7	9999999920	8589934600	0	\N		AQAAAA==	0
\.


--
-- Data for Name: ledgerheaders; Type: TABLE DATA; Schema: public; Owner: -
--

COPY ledgerheaders (ledgerhash, prevhash, bucketlisthash, ledgerseq, closetime, data) FROM stdin;
e8e10918f9c000c73119abe54cf089f59f9015cc93c49ccf00b5e8b9afb6e6b1	0000000000000000000000000000000000000000000000000000000000000000	366ab1da319554c51293d7cbf7893a2373dbb0adb73bc8f86d4842995a948be6	1	0	AAAAAAAAAAAAAAAAAAAAAAAAAAAAAAAAAAAAAAAAAAAAAAAAAAAAAAAAAAAAAAAAAAAAAAAAAAAAAAAAAAAAAAAAAAAAAAAAAAAAAAAAAAAAAAAAAAAAAAAAAAAAAAAAAAAAAAAAAAAAAAAAAAAAAAAAAAA2arHaMZVUxRKT18v3iTojc9uwrbc7yPhtSEKZWpSL5gAAAAEBY0V4XYoAAAAAAAAAAAAAAAAAAAAAAAAAAAAAAAAACgCYloAAAAAAAAAAAAAAAAAAAAAAAAAAAAAAAAAAAAAAAAAAAAAAAAAAAAAAAAAAAAAAAAAAAAAAAAAAAAAAAAAAAAAAAAAAAAAAAAAAAAAAAAAAAAAAAAAAAAAAAAAAAAAAAAAAAAAAAAAAAAAAAAAAAAAAAAAAAAAAAAAAAAAAAAAAAAAAAAA=
fcc7401cad455a9489696b67efcdabad091e1eeb7eb6f4208af8af1e65779d0e	e8e10918f9c000c73119abe54cf089f59f9015cc93c49ccf00b5e8b9afb6e6b1	6bd6508f2c7ac6e60fa858cd5c4b9f0ffd5e7089ed3b567efd195c52fd405813	2	1438190377	AAAAAejhCRj5wADHMRmr5UzwifWfkBXMk8SczwC16LmvtuaxkHhGVFW8EgH6R8ZJXxwwcVxq/uT24UJJJVgJXTH5V2cAAAAAVbkLKQAAAAEAAAAIAAAAAQAAAAEAAAAAWtgcNGodyxfS5pV/xto+k8aNT1F/nXD6K6LFGqPJjlFr1lCPLHrG5g+oWM1cS58P/V5wie07Vn79GVxS/UBYEwAAAAIBY0V4XYoAAAAAAAAAAAAoAAAAAAAAAAAAAAAAAAAACgCYloAAAAAAAAAAAAAAAAAAAAAAAAAAAAAAAAAAAAAAAAAAAAAAAAAAAAAAAAAAAAAAAAAAAAAAAAAAAAAAAAAAAAAAAAAAAAAAAAAAAAAAAAAAAAAAAAAAAAAAAAAAAAAAAAAAAAAAAAAAAAAAAAAAAAAAAAAAAAAAAAAAAAAAAAAAAAAAAAA=
7c11cb645c21edcb8127d4bdd9dae30cb3903690b37919de0c26981b5591040a	fcc7401cad455a9489696b67efcdabad091e1eeb7eb6f4208af8af1e65779d0e	4b78001a2b8b03ea748997314510632db1b1e3603c31278fa048abddcf7956f2	3	1438190378	AAAAAfzHQBytRVqUiWlrZ+/Nq60JHh7rfrb0IIr4rx5ld50Ozgo8utM+luI+SPrjlGdIlrHlFCe+BPqL6ln13gPlF4UAAAAAVbkLKgAAAAAAAAAAaP7OsOynFkB/1JN5TkBkOYFqhgqDg+1S2TZNfyG1gfZLeAAaK4sD6nSJlzFFEGMtsbHjYDwxJ4+gSKvdz3lW8gAAAAMBY0V4XYoAAAAAAAAAAACMAAAAAAAAAAAAAAAAAAAACgCYloAAAAAAAAAAAAAAAAAAAAAAAAAAAAAAAAAAAAAAAAAAAAAAAAAAAAAAAAAAAAAAAAAAAAAAAAAAAAAAAAAAAAAAAAAAAAAAAAAAAAAAAAAAAAAAAAAAAAAAAAAAAAAAAAAAAAAAAAAAAAAAAAAAAAAAAAAAAAAAAAAAAAAAAAAAAAAAAAA=
02f70844f60046c46557930eeb6c7b69a6d081dbf9b131cda649a71079c226a5	7c11cb645c21edcb8127d4bdd9dae30cb3903690b37919de0c26981b5591040a	33478a1801377915325bd295ad8df777978c3d77c41f3c6c635f2fc9e5fe3145	4	1438190379	AAAAAXwRy2RcIe3LgSfUvdna4wyzkDaQs3kZ3gwmmBtVkQQKkgvYroVhU+wmmabPRLW6W0wJhThPurAm6QOJ9iYjxDEAAAAAVbkLKwAAAAAAAAAAhQHeEc1fF9UUm2b7SfnbNU9U4StFPYqwOYUicGfYJOszR4oYATd5FTJb0pWtjfd3l4w9d8QfPGxjXy/J5f4xRQAAAAQBY0V4XYoAAAAAAAAAAADcAAAAAAAAAAAAAAAAAAAACgCYloAAAAAAAAAAAAAAAAAAAAAAAAAAAAAAAAAAAAAAAAAAAAAAAAAAAAAAAAAAAAAAAAAAAAAAAAAAAAAAAAAAAAAAAAAAAAAAAAAAAAAAAAAAAAAAAAAAAAAAAAAAAAAAAAAAAAAAAAAAAAAAAAAAAAAAAAAAAAAAAAAAAAAAAAAAAAAAAAA=
e9426d665ec0e2909307e2a8c7884774850979eba55bc8fa9a330484d690bbd8	02f70844f60046c46557930eeb6c7b69a6d081dbf9b131cda649a71079c226a5	3f83c18691f2126913a2728a79b5489b57ad21415c5fba33e0c1a5324e460086	5	1438190380	AAAAAQL3CET2AEbEZVeTDutse2mm0IHb+bExzaZJpxB5wialkmCuOPKwCNyMYiblHGe8q1D96svQrLVzlhfVO4f29JoAAAAAVbkLLAAAAAAAAAAAsnOgPd1WbD0M0+u2N7dDcC8QYULDrQIsns9f6v2lq78/g8GGkfISaROicop5tUibV60hQVxfujPgwaUyTkYAhgAAAAUBY0V4XYoAAAAAAAAAAAFAAAAAAAAAAAAAAAAKAAAACgCYloAAAAAAAAAAAAAAAAAAAAAAAAAAAAAAAAAAAAAAAAAAAAAAAAAAAAAAAAAAAAAAAAAAAAAAAAAAAAAAAAAAAAAAAAAAAAAAAAAAAAAAAAAAAAAAAAAAAAAAAAAAAAAAAAAAAAAAAAAAAAAAAAAAAAAAAAAAAAAAAAAAAAAAAAAAAAAAAAA=
\.


--
-- Data for Name: offers; Type: TABLE DATA; Schema: public; Owner: -
--

COPY offers (sellerid, offerid, sellingassettype, sellingassetcode, sellingissuer, buyingassettype, buyingassetcode, buyingissuer, amount, pricen, priced, price, flags) FROM stdin;
GCYBPVISIS7L5NEIQ7UEHETOP52EJAAKMDMKAHPC7E5C5MT4ZCPRHJ6T	1	1	EUR	GDB5FS4BM7B7HL5RQ4DIYTAHF65FJQRNXI6IBTX6VSDDKQ7R3DMOTMN7	1	USD	GDB5FS4BM7B7HL5RQ4DIYTAHF65FJQRNXI6IBTX6VSDDKQ7R3DMOTMN7	10	1	1	10000000	0
GCYBPVISIS7L5NEIQ7UEHETOP52EJAAKMDMKAHPC7E5C5MT4ZCPRHJ6T	2	1	1	GDB5FS4BM7B7HL5RQ4DIYTAHF65FJQRNXI6IBTX6VSDDKQ7R3DMOTMN7	1	USD	GDB5FS4BM7B7HL5RQ4DIYTAHF65FJQRNXI6IBTX6VSDDKQ7R3DMOTMN7	20	1	1	10000000	0
GCYBPVISIS7L5NEIQ7UEHETOP52EJAAKMDMKAHPC7E5C5MT4ZCPRHJ6T	3	1	EUR	GDB5FS4BM7B7HL5RQ4DIYTAHF65FJQRNXI6IBTX6VSDDKQ7R3DMOTMN7	1	1	GDB5FS4BM7B7HL5RQ4DIYTAHF65FJQRNXI6IBTX6VSDDKQ7R3DMOTMN7	20	1	1	10000000	0
GCYBPVISIS7L5NEIQ7UEHETOP52EJAAKMDMKAHPC7E5C5MT4ZCPRHJ6T	4	1	21	GDB5FS4BM7B7HL5RQ4DIYTAHF65FJQRNXI6IBTX6VSDDKQ7R3DMOTMN7	1	USD	GDB5FS4BM7B7HL5RQ4DIYTAHF65FJQRNXI6IBTX6VSDDKQ7R3DMOTMN7	30	1	1	10000000	0
GCYBPVISIS7L5NEIQ7UEHETOP52EJAAKMDMKAHPC7E5C5MT4ZCPRHJ6T	5	1	22	GDB5FS4BM7B7HL5RQ4DIYTAHF65FJQRNXI6IBTX6VSDDKQ7R3DMOTMN7	1	21	GDB5FS4BM7B7HL5RQ4DIYTAHF65FJQRNXI6IBTX6VSDDKQ7R3DMOTMN7	30	1	1	10000000	0
GCYBPVISIS7L5NEIQ7UEHETOP52EJAAKMDMKAHPC7E5C5MT4ZCPRHJ6T	6	1	EUR	GDB5FS4BM7B7HL5RQ4DIYTAHF65FJQRNXI6IBTX6VSDDKQ7R3DMOTMN7	1	22	GDB5FS4BM7B7HL5RQ4DIYTAHF65FJQRNXI6IBTX6VSDDKQ7R3DMOTMN7	30	1	1	10000000	0
GCYBPVISIS7L5NEIQ7UEHETOP52EJAAKMDMKAHPC7E5C5MT4ZCPRHJ6T	7	1	31	GDB5FS4BM7B7HL5RQ4DIYTAHF65FJQRNXI6IBTX6VSDDKQ7R3DMOTMN7	1	USD	GDB5FS4BM7B7HL5RQ4DIYTAHF65FJQRNXI6IBTX6VSDDKQ7R3DMOTMN7	40	1	1	10000000	0
GCYBPVISIS7L5NEIQ7UEHETOP52EJAAKMDMKAHPC7E5C5MT4ZCPRHJ6T	8	1	32	GDB5FS4BM7B7HL5RQ4DIYTAHF65FJQRNXI6IBTX6VSDDKQ7R3DMOTMN7	1	31	GDB5FS4BM7B7HL5RQ4DIYTAHF65FJQRNXI6IBTX6VSDDKQ7R3DMOTMN7	40	1	1	10000000	0
GCYBPVISIS7L5NEIQ7UEHETOP52EJAAKMDMKAHPC7E5C5MT4ZCPRHJ6T	9	1	33	GDB5FS4BM7B7HL5RQ4DIYTAHF65FJQRNXI6IBTX6VSDDKQ7R3DMOTMN7	1	32	GDB5FS4BM7B7HL5RQ4DIYTAHF65FJQRNXI6IBTX6VSDDKQ7R3DMOTMN7	40	1	1	10000000	0
GCYBPVISIS7L5NEIQ7UEHETOP52EJAAKMDMKAHPC7E5C5MT4ZCPRHJ6T	10	1	EUR	GDB5FS4BM7B7HL5RQ4DIYTAHF65FJQRNXI6IBTX6VSDDKQ7R3DMOTMN7	1	33	GDB5FS4BM7B7HL5RQ4DIYTAHF65FJQRNXI6IBTX6VSDDKQ7R3DMOTMN7	40	1	1	10000000	0
\.


--
-- Data for Name: peers; Type: TABLE DATA; Schema: public; Owner: -
--

COPY peers (ip, port, nextattempt, numfailures, rank) FROM stdin;
\.


--
-- Data for Name: signers; Type: TABLE DATA; Schema: public; Owner: -
--

COPY signers (accountid, publickey, weight) FROM stdin;
\.


--
-- Data for Name: storestate; Type: TABLE DATA; Schema: public; Owner: -
--

COPY storestate (statename, state) FROM stdin;
databaseinitialized             	true
forcescponnextlaunch            	false
lastclosedledger                	e9426d665ec0e2909307e2a8c7884774850979eba55bc8fa9a330484d690bbd8
historyarchivestate             	{\n    "version": 0,\n    "currentLedger": 5,\n    "currentBuckets": [\n        {\n            "curr": "4eba1aa5f9939509d41ef68d27c254a71d0001fbc91b126a9d8cdeec6a02b07a",\n            "next": {\n                "state": 0\n            },\n            "snap": "e30944a1d59c4a384c98a77da3835b1b1da5b6f4cf0bd3f7c108440d00b23161"\n        },\n        {\n            "curr": "88af31f4c51afe5ea75861642359376feb623de5bec4354fa56ab752aeec8f36",\n            "next": {\n                "state": 1,\n                "output": "e30944a1d59c4a384c98a77da3835b1b1da5b6f4cf0bd3f7c108440d00b23161"\n            },\n            "snap": "0000000000000000000000000000000000000000000000000000000000000000"\n        },\n        {\n            "curr": "0000000000000000000000000000000000000000000000000000000000000000",\n            "next": {\n                "state": 0\n            },\n            "snap": "0000000000000000000000000000000000000000000000000000000000000000"\n        },\n        {\n            "curr": "0000000000000000000000000000000000000000000000000000000000000000",\n            "next": {\n                "state": 0\n            },\n            "snap": "0000000000000000000000000000000000000000000000000000000000000000"\n        },\n        {\n            "curr": "0000000000000000000000000000000000000000000000000000000000000000",\n            "next": {\n                "state": 0\n            },\n            "snap": "0000000000000000000000000000000000000000000000000000000000000000"\n        },\n        {\n            "curr": "0000000000000000000000000000000000000000000000000000000000000000",\n            "next": {\n                "state": 0\n            },\n            "snap": "0000000000000000000000000000000000000000000000000000000000000000"\n        },\n        {\n            "curr": "0000000000000000000000000000000000000000000000000000000000000000",\n            "next": {\n                "state": 0\n            },\n            "snap": "0000000000000000000000000000000000000000000000000000000000000000"\n        },\n        {\n            "curr": "0000000000000000000000000000000000000000000000000000000000000000",\n            "next": {\n                "state": 0\n            },\n            "snap": "0000000000000000000000000000000000000000000000000000000000000000"\n        },\n        {\n            "curr": "0000000000000000000000000000000000000000000000000000000000000000",\n            "next": {\n                "state": 0\n            },\n            "snap": "0000000000000000000000000000000000000000000000000000000000000000"\n        },\n        {\n            "curr": "0000000000000000000000000000000000000000000000000000000000000000",\n            "next": {\n                "state": 0\n            },\n            "snap": "0000000000000000000000000000000000000000000000000000000000000000"\n        },\n        {\n            "curr": "0000000000000000000000000000000000000000000000000000000000000000",\n            "next": {\n                "state": 0\n            },\n            "snap": "0000000000000000000000000000000000000000000000000000000000000000"\n        }\n    ]\n}
\.


--
-- Data for Name: trustlines; Type: TABLE DATA; Schema: public; Owner: -
--

COPY trustlines (accountid, assettype, issuer, assetcode, tlimit, balance, flags) FROM stdin;
GCYBPVISIS7L5NEIQ7UEHETOP52EJAAKMDMKAHPC7E5C5MT4ZCPRHJ6T	1	GDB5FS4BM7B7HL5RQ4DIYTAHF65FJQRNXI6IBTX6VSDDKQ7R3DMOTMN7	USD	9223372036854775807	0	1
GCGQRLLU2OMA2MUWTEUVA3XH4NCAP6JG2PNDDTULQRB7HAJIALPSSMGC	1	GDB5FS4BM7B7HL5RQ4DIYTAHF65FJQRNXI6IBTX6VSDDKQ7R3DMOTMN7	EUR	9223372036854775807	0	1
GDWW5KWCMWIBUECK5SQLPHC7NHE2VFARQEYDVZLHAVYHZZH7I4COR4QB	1	GDB5FS4BM7B7HL5RQ4DIYTAHF65FJQRNXI6IBTX6VSDDKQ7R3DMOTMN7	USD	9223372036854775807	5000	1
GCYBPVISIS7L5NEIQ7UEHETOP52EJAAKMDMKAHPC7E5C5MT4ZCPRHJ6T	1	GDB5FS4BM7B7HL5RQ4DIYTAHF65FJQRNXI6IBTX6VSDDKQ7R3DMOTMN7	EUR	9223372036854775807	5000	1
GCYBPVISIS7L5NEIQ7UEHETOP52EJAAKMDMKAHPC7E5C5MT4ZCPRHJ6T	1	GDB5FS4BM7B7HL5RQ4DIYTAHF65FJQRNXI6IBTX6VSDDKQ7R3DMOTMN7	1	9223372036854775807	5000	1
GCYBPVISIS7L5NEIQ7UEHETOP52EJAAKMDMKAHPC7E5C5MT4ZCPRHJ6T	1	GDB5FS4BM7B7HL5RQ4DIYTAHF65FJQRNXI6IBTX6VSDDKQ7R3DMOTMN7	21	9223372036854775807	5000	1
GCYBPVISIS7L5NEIQ7UEHETOP52EJAAKMDMKAHPC7E5C5MT4ZCPRHJ6T	1	GDB5FS4BM7B7HL5RQ4DIYTAHF65FJQRNXI6IBTX6VSDDKQ7R3DMOTMN7	22	9223372036854775807	5000	1
GCYBPVISIS7L5NEIQ7UEHETOP52EJAAKMDMKAHPC7E5C5MT4ZCPRHJ6T	1	GDB5FS4BM7B7HL5RQ4DIYTAHF65FJQRNXI6IBTX6VSDDKQ7R3DMOTMN7	31	9223372036854775807	5000	1
GCYBPVISIS7L5NEIQ7UEHETOP52EJAAKMDMKAHPC7E5C5MT4ZCPRHJ6T	1	GDB5FS4BM7B7HL5RQ4DIYTAHF65FJQRNXI6IBTX6VSDDKQ7R3DMOTMN7	32	9223372036854775807	5000	1
GCYBPVISIS7L5NEIQ7UEHETOP52EJAAKMDMKAHPC7E5C5MT4ZCPRHJ6T	1	GDB5FS4BM7B7HL5RQ4DIYTAHF65FJQRNXI6IBTX6VSDDKQ7R3DMOTMN7	33	9223372036854775807	5000	1
\.


--
-- Data for Name: txhistory; Type: TABLE DATA; Schema: public; Owner: -
--

COPY txhistory (txid, ledgerseq, txindex, txbody, txresult, txmeta) FROM stdin;
55271f751544f3e52d028c4b8da97004937cd1a36d0adedcaa0495b60a0b051c	2	1	AAAAAImbKEDtVjbFbdxfFLI5dfefG6I4jSaU5MVuzd3JYOXvAAAACgAAAAAAAAABAAAAAAAAAAAAAAABAAAAAAAAAAAAAAAAw9LLgWfD86+xhwaMTAcvulTCLbo8gM7+rIY1Q/HY2OkAAAACVAvkAAAAAAAAAAAByWDl7wAAAECrYFNlfr8n+aYE+kAbWH/Qm+BW+WeciQQ6Or/br1GzHUI6jgQ/w3HU/1saAeb7Ugv5XjoBYwfBVnYBSKphHzIM	VScfdRVE8+UtAoxLjalwBJN80aNtCt7cqgSVtgoLBRwAAAAAAAAACgAAAAAAAAABAAAAAAAAAAAAAAAAAAAAAA==	AAAAAAAAAAEAAAABAAAAAAAAAACJmyhA7VY2xW3cXxSyOXX3nxuiOI0mlOTFbs3dyWDl7wFjRXhdif/2AAAAAAAAAAEAAAAAAAAAAAAAAAAAAAAAAQAAAAAAAAAAAAAAAAAAAQAAAAIAAAAAAAAAAAAAAADD0suBZ8Pzr7GHBoxMBy+6VMItujyAzv6shjVD8djY6QAAAAJUC+QAAAAAAgAAAAAAAAAAAAAAAAAAAAAAAAAAAQAAAAAAAAAAAAAAAAAAAQAAAAAAAAAAiZsoQO1WNsVt3F8Usjl1958bojiNJpTkxW7N3clg5e8BY0V2CX4b9gAAAAAAAAABAAAAAAAAAAAAAAAAAAAAAAEAAAAAAAAAAAAAAA==
0701de233d43aaa0b9375f8abe938fb71379904c9d7d7f0bdde222e42b758a73	2	2	AAAAAImbKEDtVjbFbdxfFLI5dfefG6I4jSaU5MVuzd3JYOXvAAAACgAAAAAAAAACAAAAAAAAAAAAAAABAAAAAAAAAAAAAAAA7W6qwmWQGhBK7KC3nF9pyaqUEYEwOuVnBXB85P9HBOgAAAACVAvkAAAAAAAAAAAByWDl7wAAAECuqn117+MuMn+/ISkQP9GhN/ypn1LYJ0C9KYUJ84uyPile8QibMXbzv2QkDuhecE+frrloOP/C3arkke/S+IAN	BwHeIz1DqqC5N1+KvpOPtxN5kEydfX8L3eIi5Ct1inMAAAAAAAAACgAAAAAAAAABAAAAAAAAAAAAAAAAAAAAAA==	AAAAAAAAAAEAAAABAAAAAAAAAACJmyhA7VY2xW3cXxSyOXX3nxuiOI0mlOTFbs3dyWDl7wFjRXYJfhvsAAAAAAAAAAIAAAAAAAAAAAAAAAAAAAAAAQAAAAAAAAAAAAAAAAAAAQAAAAIAAAAAAAAAAAAAAADtbqrCZZAaEErsoLecX2nJqpQRgTA65WcFcHzk/0cE6AAAAAJUC+QAAAAAAgAAAAAAAAAAAAAAAAAAAAAAAAAAAQAAAAAAAAAAAAAAAAAAAQAAAAAAAAAAiZsoQO1WNsVt3F8Usjl1958bojiNJpTkxW7N3clg5e8BY0VztXI37AAAAAAAAAACAAAAAAAAAAAAAAAAAAAAAAEAAAAAAAAAAAAAAA==
d5a78c9d2cb9d7be696ed019876c8513a53bae6bdeb7c17bf75d80ddfe2121fc	2	3	AAAAAImbKEDtVjbFbdxfFLI5dfefG6I4jSaU5MVuzd3JYOXvAAAACgAAAAAAAAADAAAAAAAAAAAAAAABAAAAAAAAAAAAAAAAjQitdNOYDTKWmSlQbufjRAf5JtPaMc6LhEPzgSgC3ykAAAACVAvkAAAAAAAAAAAByWDl7wAAAEAl/AvSxzOCc5EN6LjO3NJ9gaw0iqboTwMokJR8jZyzdiCqBWoBMzpCiVDdfKcN1rMpixAcJ9c0psGb7yebWw4F	1aeMnSy5175pbtAZh2yFE6U7rmvet8F7912A3f4hIfwAAAAAAAAACgAAAAAAAAABAAAAAAAAAAAAAAAAAAAAAA==	AAAAAAAAAAEAAAABAAAAAAAAAACJmyhA7VY2xW3cXxSyOXX3nxuiOI0mlOTFbs3dyWDl7wFjRXO1cjfiAAAAAAAAAAMAAAAAAAAAAAAAAAAAAAAAAQAAAAAAAAAAAAAAAAAAAQAAAAIAAAAAAAAAAAAAAACNCK1005gNMpaZKVBu5+NEB/km09oxzouEQ/OBKALfKQAAAAJUC+QAAAAAAgAAAAAAAAAAAAAAAAAAAAAAAAAAAQAAAAAAAAAAAAAAAAAAAQAAAAAAAAAAiZsoQO1WNsVt3F8Usjl1958bojiNJpTkxW7N3clg5e8BY0VxYWZT4gAAAAAAAAADAAAAAAAAAAAAAAAAAAAAAAEAAAAAAAAAAAAAAA==
e362277186cffe000574cdbe8ebfbac0d158ac7a207be359dcbbb5845125a062	2	4	AAAAAImbKEDtVjbFbdxfFLI5dfefG6I4jSaU5MVuzd3JYOXvAAAACgAAAAAAAAAEAAAAAAAAAAAAAAABAAAAAAAAAAAAAAAAsBfVEkS+vrSIh+hDkm5/dESACmDYoB3i+TousnzInxMAAAACVAvkAAAAAAAAAAAByWDl7wAAAECOlfA2lOeLnr9Fk8AszXshwhCpB8jIGL+VOtDKijDw/Swt8I4vuR5czOjx+QnUkIWgsUeRZ5bUHNum85vWIjUB	42IncYbP/gAFdM2+jr+6wNFYrHoge+NZ3Lu1hFEloGIAAAAAAAAACgAAAAAAAAABAAAAAAAAAAAAAAAAAAAAAA==	AAAAAAAAAAEAAAABAAAAAAAAAACJmyhA7VY2xW3cXxSyOXX3nxuiOI0mlOTFbs3dyWDl7wFjRXFhZlPYAAAAAAAAAAQAAAAAAAAAAAAAAAAAAAAAAQAAAAAAAAAAAAAAAAAAAQAAAAIAAAAAAAAAAAAAAACwF9USRL6+tIiH6EOSbn90RIAKYNigHeL5Oi6yfMifEwAAAAJUC+QAAAAAAgAAAAAAAAAAAAAAAAAAAAAAAAAAAQAAAAAAAAAAAAAAAAAAAQAAAAAAAAAAiZsoQO1WNsVt3F8Usjl1958bojiNJpTkxW7N3clg5e8BY0VvDVpv2AAAAAAAAAAEAAAAAAAAAAAAAAAAAAAAAAEAAAAAAAAAAAAAAA==
51a2d47082fe9dce1052986ec6842a0556b0866a2c99253119845ada0b49cd12	3	1	AAAAALAX1RJEvr60iIfoQ5Juf3REgApg2KAd4vk6LrJ8yJ8TAAAACgAAAAIAAAABAAAAAAAAAAAAAAABAAAAAAAAAAYAAAABVVNEAAAAAADD0suBZ8Pzr7GHBoxMBy+6VMItujyAzv6shjVD8djY6X//////////AAAAAAAAAAF8yJ8TAAAAQHIV4JN7XmPl+1pK+E4y8Oox33AM9XiyYb6cmEMBbxwz+LA5tHDUDCYro8rIQk/bYsezkp3SxPtdiB5QNMMwhQY=	UaLUcIL+nc4QUphuxoQqBVawhmosmSUxGYRa2gtJzRIAAAAAAAAACgAAAAAAAAABAAAAAAAAAAYAAAAAAAAAAA==	AAAAAAAAAAEAAAABAAAAAAAAAACwF9USRL6+tIiH6EOSbn90RIAKYNigHeL5Oi6yfMifEwAAAAJUC+P2AAAAAgAAAAEAAAAAAAAAAAAAAAAAAAAAAQAAAAAAAAAAAAAAAAAAAQAAAAIAAAAAAAAAAQAAAACwF9USRL6+tIiH6EOSbn90RIAKYNigHeL5Oi6yfMifEwAAAAFVU0QAAAAAAMPSy4Fnw/OvsYcGjEwHL7pUwi26PIDO/qyGNUPx2NjpAAAAAAAAAAB//////////wAAAAEAAAAAAAAAAQAAAAAAAAAAsBfVEkS+vrSIh+hDkm5/dESACmDYoB3i+TousnzInxMAAAACVAvj9gAAAAIAAAABAAAAAQAAAAAAAAAAAAAAAAEAAAAAAAAAAAAAAA==
20b4a133e4e0d13b8f9e3029ca9962d896c580e56760238e04525df1df729470	3	2	AAAAAO1uqsJlkBoQSuygt5xfacmqlBGBMDrlZwVwfOT/RwToAAAACgAAAAIAAAABAAAAAAAAAAAAAAABAAAAAAAAAAYAAAABVVNEAAAAAADD0suBZ8Pzr7GHBoxMBy+6VMItujyAzv6shjVD8djY6X//////////AAAAAAAAAAH/RwToAAAAQJhM5dmdIYEY2DitcpywM+ZUd1BbuXF2pEIxgBSDpyHwjylZiURw2ie/9Ogh2flN7bbcMMgBNamtizTZvEfVsAg=	ILShM+Tg0TuPnjApypli2JbFgOVnYCOOBFJd8d9ylHAAAAAAAAAACgAAAAAAAAABAAAAAAAAAAYAAAAAAAAAAA==	AAAAAAAAAAEAAAABAAAAAAAAAADtbqrCZZAaEErsoLecX2nJqpQRgTA65WcFcHzk/0cE6AAAAAJUC+P2AAAAAgAAAAEAAAAAAAAAAAAAAAAAAAAAAQAAAAAAAAAAAAAAAAAAAQAAAAIAAAAAAAAAAQAAAADtbqrCZZAaEErsoLecX2nJqpQRgTA65WcFcHzk/0cE6AAAAAFVU0QAAAAAAMPSy4Fnw/OvsYcGjEwHL7pUwi26PIDO/qyGNUPx2NjpAAAAAAAAAAB//////////wAAAAEAAAAAAAAAAQAAAAAAAAAA7W6qwmWQGhBK7KC3nF9pyaqUEYEwOuVnBXB85P9HBOgAAAACVAvj9gAAAAIAAAABAAAAAQAAAAAAAAAAAAAAAAEAAAAAAAAAAAAAAA==
06c7a3930d19f229468904f85f46ee2d458273dfb4c71f7e5f1e34afdbf39397	3	3	AAAAAI0IrXTTmA0ylpkpUG7n40QH+SbT2jHOi4RD84EoAt8pAAAACgAAAAIAAAABAAAAAAAAAAAAAAABAAAAAAAAAAYAAAABRVVSAAAAAADD0suBZ8Pzr7GHBoxMBy+6VMItujyAzv6shjVD8djY6X//////////AAAAAAAAAAEoAt8pAAAAQNZ3oZ8cFgHm/aB4Z1qUO0gkCwMwLrxmguypSiSPfql+h5xVMW0Hg49nIyChpebPt3ccQ9ZD+K8S7m0T5Fs2Ogo=	Bsejkw0Z8ilGiQT4X0buLUWCc9+0xx9+Xx40r9vzk5cAAAAAAAAACgAAAAAAAAABAAAAAAAAAAYAAAAAAAAAAA==	AAAAAAAAAAEAAAABAAAAAAAAAACNCK1005gNMpaZKVBu5+NEB/km09oxzouEQ/OBKALfKQAAAAJUC+P2AAAAAgAAAAEAAAAAAAAAAAAAAAAAAAAAAQAAAAAAAAAAAAAAAAAAAQAAAAIAAAAAAAAAAQAAAACNCK1005gNMpaZKVBu5+NEB/km09oxzouEQ/OBKALfKQAAAAFFVVIAAAAAAMPSy4Fnw/OvsYcGjEwHL7pUwi26PIDO/qyGNUPx2NjpAAAAAAAAAAB//////////wAAAAEAAAAAAAAAAQAAAAAAAAAAjQitdNOYDTKWmSlQbufjRAf5JtPaMc6LhEPzgSgC3ykAAAACVAvj9gAAAAIAAAABAAAAAQAAAAAAAAAAAAAAAAEAAAAAAAAAAAAAAA==
58d4be05c3b7401bb86ce8f2435af69f84a0be53bf2aaf7fd867eeb18d2af7b2	3	4	AAAAALAX1RJEvr60iIfoQ5Juf3REgApg2KAd4vk6LrJ8yJ8TAAAACgAAAAIAAAACAAAAAAAAAAAAAAABAAAAAAAAAAYAAAABRVVSAAAAAADD0suBZ8Pzr7GHBoxMBy+6VMItujyAzv6shjVD8djY6X//////////AAAAAAAAAAF8yJ8TAAAAQAJKHPQjsITdL+4VZH5Qv+4u3Hebowl5/E4rvApcYwQXJHEntas8h6cGA3p/s09lCLLuLgu47qJ5hvZJfv8UGAs=	WNS+BcO3QBu4bOjyQ1r2n4SgvlO/Kq9/2GfusY0q97IAAAAAAAAACgAAAAAAAAABAAAAAAAAAAYAAAAAAAAAAA==	AAAAAAAAAAEAAAABAAAAAAAAAACwF9USRL6+tIiH6EOSbn90RIAKYNigHeL5Oi6yfMifEwAAAAJUC+PsAAAAAgAAAAIAAAABAAAAAAAAAAAAAAAAAQAAAAAAAAAAAAAAAAAAAQAAAAIAAAAAAAAAAQAAAACwF9USRL6+tIiH6EOSbn90RIAKYNigHeL5Oi6yfMifEwAAAAFFVVIAAAAAAMPSy4Fnw/OvsYcGjEwHL7pUwi26PIDO/qyGNUPx2NjpAAAAAAAAAAB//////////wAAAAEAAAAAAAAAAQAAAAAAAAAAsBfVEkS+vrSIh+hDkm5/dESACmDYoB3i+TousnzInxMAAAACVAvj7AAAAAIAAAACAAAAAgAAAAAAAAAAAAAAAAEAAAAAAAAAAAAAAA==
38604056c9a3af6a5a50efcf8372c63f6d6eed8a9b4c7406fe9e71cd78731748	3	5	AAAAALAX1RJEvr60iIfoQ5Juf3REgApg2KAd4vk6LrJ8yJ8TAAAACgAAAAIAAAADAAAAAAAAAAAAAAABAAAAAAAAAAYAAAABMQAAAAAAAADD0suBZ8Pzr7GHBoxMBy+6VMItujyAzv6shjVD8djY6X//////////AAAAAAAAAAF8yJ8TAAAAQI16uoPvpEGaAn6f4MWRwXc9XBQ6p0/4YoTGFRRkfQn44zzmjDd/1NGX4atX+n5wsUlXx5o37U6gUTwhtSF/NQg=	OGBAVsmjr2paUO/Pg3LGP21u7YqbTHQG/p5xzXhzF0gAAAAAAAAACgAAAAAAAAABAAAAAAAAAAYAAAAAAAAAAA==	AAAAAAAAAAEAAAABAAAAAAAAAACwF9USRL6+tIiH6EOSbn90RIAKYNigHeL5Oi6yfMifEwAAAAJUC+PiAAAAAgAAAAMAAAACAAAAAAAAAAAAAAAAAQAAAAAAAAAAAAAAAAAAAQAAAAIAAAAAAAAAAQAAAACwF9USRL6+tIiH6EOSbn90RIAKYNigHeL5Oi6yfMifEwAAAAExAAAAAAAAAMPSy4Fnw/OvsYcGjEwHL7pUwi26PIDO/qyGNUPx2NjpAAAAAAAAAAB//////////wAAAAEAAAAAAAAAAQAAAAAAAAAAsBfVEkS+vrSIh+hDkm5/dESACmDYoB3i+TousnzInxMAAAACVAvj4gAAAAIAAAADAAAAAwAAAAAAAAAAAAAAAAEAAAAAAAAAAAAAAA==
877adc8bb35157cffa2a4a62a1317c1b9aecf578aaad5bcdf773f3dfb19a314b	3	6	AAAAALAX1RJEvr60iIfoQ5Juf3REgApg2KAd4vk6LrJ8yJ8TAAAACgAAAAIAAAAEAAAAAAAAAAAAAAABAAAAAAAAAAYAAAABMjEAAAAAAADD0suBZ8Pzr7GHBoxMBy+6VMItujyAzv6shjVD8djY6X//////////AAAAAAAAAAF8yJ8TAAAAQGf9Hnh3csEibFIQO7D9zeSSWBxo6zN12OSGLvtUXauzBflbBMiTuaFki4nSgpcOBz54gPJp1NTDIFao9KyxhAg=	h3rci7NRV8/6KkpioTF8G5rs9XiqrVvN93Pz37GaMUsAAAAAAAAACgAAAAAAAAABAAAAAAAAAAYAAAAAAAAAAA==	AAAAAAAAAAEAAAABAAAAAAAAAACwF9USRL6+tIiH6EOSbn90RIAKYNigHeL5Oi6yfMifEwAAAAJUC+PYAAAAAgAAAAQAAAADAAAAAAAAAAAAAAAAAQAAAAAAAAAAAAAAAAAAAQAAAAIAAAAAAAAAAQAAAACwF9USRL6+tIiH6EOSbn90RIAKYNigHeL5Oi6yfMifEwAAAAEyMQAAAAAAAMPSy4Fnw/OvsYcGjEwHL7pUwi26PIDO/qyGNUPx2NjpAAAAAAAAAAB//////////wAAAAEAAAAAAAAAAQAAAAAAAAAAsBfVEkS+vrSIh+hDkm5/dESACmDYoB3i+TousnzInxMAAAACVAvj2AAAAAIAAAAEAAAABAAAAAAAAAAAAAAAAAEAAAAAAAAAAAAAAA==
ca5ce851d83f91562333094402de22bba038df800b4c74ef48c5ce5d162cdb10	3	7	AAAAALAX1RJEvr60iIfoQ5Juf3REgApg2KAd4vk6LrJ8yJ8TAAAACgAAAAIAAAAFAAAAAAAAAAAAAAABAAAAAAAAAAYAAAABMjIAAAAAAADD0suBZ8Pzr7GHBoxMBy+6VMItujyAzv6shjVD8djY6X//////////AAAAAAAAAAF8yJ8TAAAAQCstfYqwCqDimyteKwJ+jhJRAFqWgOV6WMshVFpDKIUVXew6PjgHgXrxpGjXqQxGFSE3WpfMM20gsW2/pIJguAc=	ylzoUdg/kVYjMwlEAt4iu6A434ALTHTvSMXOXRYs2xAAAAAAAAAACgAAAAAAAAABAAAAAAAAAAYAAAAAAAAAAA==	AAAAAAAAAAEAAAABAAAAAAAAAACwF9USRL6+tIiH6EOSbn90RIAKYNigHeL5Oi6yfMifEwAAAAJUC+POAAAAAgAAAAUAAAAEAAAAAAAAAAAAAAAAAQAAAAAAAAAAAAAAAAAAAQAAAAIAAAAAAAAAAQAAAACwF9USRL6+tIiH6EOSbn90RIAKYNigHeL5Oi6yfMifEwAAAAEyMgAAAAAAAMPSy4Fnw/OvsYcGjEwHL7pUwi26PIDO/qyGNUPx2NjpAAAAAAAAAAB//////////wAAAAEAAAAAAAAAAQAAAAAAAAAAsBfVEkS+vrSIh+hDkm5/dESACmDYoB3i+TousnzInxMAAAACVAvjzgAAAAIAAAAFAAAABQAAAAAAAAAAAAAAAAEAAAAAAAAAAAAAAA==
63daffb4304bcb0f6b7c1d8ba0165e71a3b8bec566b0936fa7443862d34cfeae	3	8	AAAAALAX1RJEvr60iIfoQ5Juf3REgApg2KAd4vk6LrJ8yJ8TAAAACgAAAAIAAAAGAAAAAAAAAAAAAAABAAAAAAAAAAYAAAABMzEAAAAAAADD0suBZ8Pzr7GHBoxMBy+6VMItujyAzv6shjVD8djY6X//////////AAAAAAAAAAF8yJ8TAAAAQLjroPQRukSEIdbwP2Xw6RbGcKeiGurH1FGwCUo0zd/uSNfdgZ+c1ldvQTTQcICbPMB66Lmju5+0srCBO9jZMQg=	Y9r/tDBLyw9rfB2LoBZecaO4vsVmsJNvp0Q4YtNM/q4AAAAAAAAACgAAAAAAAAABAAAAAAAAAAYAAAAAAAAAAA==	AAAAAAAAAAEAAAABAAAAAAAAAACwF9USRL6+tIiH6EOSbn90RIAKYNigHeL5Oi6yfMifEwAAAAJUC+PEAAAAAgAAAAYAAAAFAAAAAAAAAAAAAAAAAQAAAAAAAAAAAAAAAAAAAQAAAAIAAAAAAAAAAQAAAACwF9USRL6+tIiH6EOSbn90RIAKYNigHeL5Oi6yfMifEwAAAAEzMQAAAAAAAMPSy4Fnw/OvsYcGjEwHL7pUwi26PIDO/qyGNUPx2NjpAAAAAAAAAAB//////////wAAAAEAAAAAAAAAAQAAAAAAAAAAsBfVEkS+vrSIh+hDkm5/dESACmDYoB3i+TousnzInxMAAAACVAvjxAAAAAIAAAAGAAAABgAAAAAAAAAAAAAAAAEAAAAAAAAAAAAAAA==
35dd28f5819a5bc21d0c507c8eb987fb306a6dfadd33296780fe20097ff8610a	3	9	AAAAALAX1RJEvr60iIfoQ5Juf3REgApg2KAd4vk6LrJ8yJ8TAAAACgAAAAIAAAAHAAAAAAAAAAAAAAABAAAAAAAAAAYAAAABMzIAAAAAAADD0suBZ8Pzr7GHBoxMBy+6VMItujyAzv6shjVD8djY6X//////////AAAAAAAAAAF8yJ8TAAAAQNixM4JIHj1Z2Og8lM33XXm6YB/vHIAkDXHFBYkcGUf9NQjC99Vf1j0q83Oat22NeuluU6L6S5EsfzR0kMZmHQo=	Nd0o9YGaW8IdDFB8jrmH+zBqbfrdMylngP4gCX/4YQoAAAAAAAAACgAAAAAAAAABAAAAAAAAAAYAAAAAAAAAAA==	AAAAAAAAAAEAAAABAAAAAAAAAACwF9USRL6+tIiH6EOSbn90RIAKYNigHeL5Oi6yfMifEwAAAAJUC+O6AAAAAgAAAAcAAAAGAAAAAAAAAAAAAAAAAQAAAAAAAAAAAAAAAAAAAQAAAAIAAAAAAAAAAQAAAACwF9USRL6+tIiH6EOSbn90RIAKYNigHeL5Oi6yfMifEwAAAAEzMgAAAAAAAMPSy4Fnw/OvsYcGjEwHL7pUwi26PIDO/qyGNUPx2NjpAAAAAAAAAAB//////////wAAAAEAAAAAAAAAAQAAAAAAAAAAsBfVEkS+vrSIh+hDkm5/dESACmDYoB3i+TousnzInxMAAAACVAvjugAAAAIAAAAHAAAABwAAAAAAAAAAAAAAAAEAAAAAAAAAAAAAAA==
54ba6ee7eb8c68de2a2e1d978a3d09fad146133439306ebac24a353df8450eba	3	10	AAAAALAX1RJEvr60iIfoQ5Juf3REgApg2KAd4vk6LrJ8yJ8TAAAACgAAAAIAAAAIAAAAAAAAAAAAAAABAAAAAAAAAAYAAAABMzMAAAAAAADD0suBZ8Pzr7GHBoxMBy+6VMItujyAzv6shjVD8djY6X//////////AAAAAAAAAAF8yJ8TAAAAQP85abZlFkhbEmENpmQNLO+KBMcZopD5xQUUqUr9grmnsEPxWLfLN0vDsqnhi1Tf+I0vK89u2jSh/49PnQRb1AI=	VLpu5+uMaN4qLh2Xij0J+tFGEzQ5MG66wko1PfhFDroAAAAAAAAACgAAAAAAAAABAAAAAAAAAAYAAAAAAAAAAA==	AAAAAAAAAAEAAAABAAAAAAAAAACwF9USRL6+tIiH6EOSbn90RIAKYNigHeL5Oi6yfMifEwAAAAJUC+OwAAAAAgAAAAgAAAAHAAAAAAAAAAAAAAAAAQAAAAAAAAAAAAAAAAAAAQAAAAIAAAAAAAAAAQAAAACwF9USRL6+tIiH6EOSbn90RIAKYNigHeL5Oi6yfMifEwAAAAEzMwAAAAAAAMPSy4Fnw/OvsYcGjEwHL7pUwi26PIDO/qyGNUPx2NjpAAAAAAAAAAB//////////wAAAAEAAAAAAAAAAQAAAAAAAAAAsBfVEkS+vrSIh+hDkm5/dESACmDYoB3i+TousnzInxMAAAACVAvjsAAAAAIAAAAIAAAACAAAAAAAAAAAAAAAAAEAAAAAAAAAAAAAAA==
061d9e96aa0d860e67bb44a1af07f5c6dc7fe6ca213a6060aa509f1ce6ea8b0b	4	1	AAAAAMPSy4Fnw/OvsYcGjEwHL7pUwi26PIDO/qyGNUPx2NjpAAAACgAAAAIAAAABAAAAAAAAAAAAAAABAAAAAAAAAAEAAAAA7W6qwmWQGhBK7KC3nF9pyaqUEYEwOuVnBXB85P9HBOgAAAABVVNEAAAAAADD0suBZ8Pzr7GHBoxMBy+6VMItujyAzv6shjVD8djY6QAAAAAAABOIAAAAAAAAAAHx2NjpAAAAQGH7AQ5z25NPg6BjZ8IUL1RJKk5UJNSEuV+thxPfiX1ZbXfdrbjfvX581JKdmE2CTLJTID6zzRNjaP9jUnUZRQE=	Bh2elqoNhg5nu0Shrwf1xtx/5sohOmBgqlCfHObqiwsAAAAAAAAACgAAAAAAAAABAAAAAAAAAAEAAAAAAAAAAA==	AAAAAAAAAAEAAAABAAAAAAAAAADD0suBZ8Pzr7GHBoxMBy+6VMItujyAzv6shjVD8djY6QAAAAJUC+P2AAAAAgAAAAEAAAAAAAAAAAAAAAAAAAAAAQAAAAAAAAAAAAAAAAAAAQAAAAEAAAABAAAAAQAAAADtbqrCZZAaEErsoLecX2nJqpQRgTA65WcFcHzk/0cE6AAAAAFVU0QAAAAAAMPSy4Fnw/OvsYcGjEwHL7pUwi26PIDO/qyGNUPx2NjpAAAAAAAAE4h//////////wAAAAEAAAAA
64eb266c0cd710fd545ab39eafad20b3315b59f1284da670a8a0d6e9237ec3fa	4	2	AAAAAMPSy4Fnw/OvsYcGjEwHL7pUwi26PIDO/qyGNUPx2NjpAAAACgAAAAIAAAACAAAAAAAAAAAAAAABAAAAAAAAAAEAAAAAsBfVEkS+vrSIh+hDkm5/dESACmDYoB3i+TousnzInxMAAAABRVVSAAAAAADD0suBZ8Pzr7GHBoxMBy+6VMItujyAzv6shjVD8djY6QAAAAAAABOIAAAAAAAAAAHx2NjpAAAAQFupqnM5x433IgwANZsS7NnzCn/teSIWLMObc4S4WQRZoCOX1JdyodZbk5BCOFSWwabAIpG7NrZSocL25XcxUA4=	ZOsmbAzXEP1UWrOer60gszFbWfEoTaZwqKDW6SN+w/oAAAAAAAAACgAAAAAAAAABAAAAAAAAAAEAAAAAAAAAAA==	AAAAAAAAAAEAAAABAAAAAAAAAADD0suBZ8Pzr7GHBoxMBy+6VMItujyAzv6shjVD8djY6QAAAAJUC+PsAAAAAgAAAAIAAAAAAAAAAAAAAAAAAAAAAQAAAAAAAAAAAAAAAAAAAQAAAAEAAAABAAAAAQAAAACwF9USRL6+tIiH6EOSbn90RIAKYNigHeL5Oi6yfMifEwAAAAFFVVIAAAAAAMPSy4Fnw/OvsYcGjEwHL7pUwi26PIDO/qyGNUPx2NjpAAAAAAAAE4h//////////wAAAAEAAAAA
75b03d26b7ce3627186c6990551b1f08392dbb6642a2b46682a9f1a1301fc227	4	3	AAAAAMPSy4Fnw/OvsYcGjEwHL7pUwi26PIDO/qyGNUPx2NjpAAAACgAAAAIAAAADAAAAAAAAAAAAAAABAAAAAAAAAAEAAAAAsBfVEkS+vrSIh+hDkm5/dESACmDYoB3i+TousnzInxMAAAABMQAAAAAAAADD0suBZ8Pzr7GHBoxMBy+6VMItujyAzv6shjVD8djY6QAAAAAAABOIAAAAAAAAAAHx2NjpAAAAQImd5qNwOTIZP8RlQYHAp692yOdYsrpQehZkAuXtC2FJu1VjgKcsFyNMU8DXEVrxn+bqMrieMxrVFl8u7TrVBwI=	dbA9JrfONicYbGmQVRsfCDktu2ZCorRmgqnxoTAfwicAAAAAAAAACgAAAAAAAAABAAAAAAAAAAEAAAAAAAAAAA==	AAAAAAAAAAEAAAABAAAAAAAAAADD0suBZ8Pzr7GHBoxMBy+6VMItujyAzv6shjVD8djY6QAAAAJUC+PiAAAAAgAAAAMAAAAAAAAAAAAAAAAAAAAAAQAAAAAAAAAAAAAAAAAAAQAAAAEAAAABAAAAAQAAAACwF9USRL6+tIiH6EOSbn90RIAKYNigHeL5Oi6yfMifEwAAAAExAAAAAAAAAMPSy4Fnw/OvsYcGjEwHL7pUwi26PIDO/qyGNUPx2NjpAAAAAAAAE4h//////////wAAAAEAAAAA
ae580f4ea804a77992621f73093deec500b71938ebe600fc233de8bd6f66ab55	4	4	AAAAAMPSy4Fnw/OvsYcGjEwHL7pUwi26PIDO/qyGNUPx2NjpAAAACgAAAAIAAAAEAAAAAAAAAAAAAAABAAAAAAAAAAEAAAAAsBfVEkS+vrSIh+hDkm5/dESACmDYoB3i+TousnzInxMAAAABMjEAAAAAAADD0suBZ8Pzr7GHBoxMBy+6VMItujyAzv6shjVD8djY6QAAAAAAABOIAAAAAAAAAAHx2NjpAAAAQI60XsOB00vgdg7RgSM27frafALXox0L2KBzWKMFYHEzT2nXakDO+naKHX6aovwgbbUnznTnIy0W1jY1tysnMgE=	rlgPTqgEp3mSYh9zCT3uxQC3GTjr5gD8Iz3ovW9mq1UAAAAAAAAACgAAAAAAAAABAAAAAAAAAAEAAAAAAAAAAA==	AAAAAAAAAAEAAAABAAAAAAAAAADD0suBZ8Pzr7GHBoxMBy+6VMItujyAzv6shjVD8djY6QAAAAJUC+PYAAAAAgAAAAQAAAAAAAAAAAAAAAAAAAAAAQAAAAAAAAAAAAAAAAAAAQAAAAEAAAABAAAAAQAAAACwF9USRL6+tIiH6EOSbn90RIAKYNigHeL5Oi6yfMifEwAAAAEyMQAAAAAAAMPSy4Fnw/OvsYcGjEwHL7pUwi26PIDO/qyGNUPx2NjpAAAAAAAAE4h//////////wAAAAEAAAAA
3d158253fec8ce923a796f68ffc1fe0e65157b08b362ee71013ce214be3470fe	4	5	AAAAAMPSy4Fnw/OvsYcGjEwHL7pUwi26PIDO/qyGNUPx2NjpAAAACgAAAAIAAAAFAAAAAAAAAAAAAAABAAAAAAAAAAEAAAAAsBfVEkS+vrSIh+hDkm5/dESACmDYoB3i+TousnzInxMAAAABMjIAAAAAAADD0suBZ8Pzr7GHBoxMBy+6VMItujyAzv6shjVD8djY6QAAAAAAABOIAAAAAAAAAAHx2NjpAAAAQP5ZlZMl5GVd1teHVSPckFG3Vqu3UC+uTORHcFCLgEze+YIts+PbOo83BEkjDEv1KSxA+o0P+8tZGQ96FsKgfgM=	PRWCU/7IzpI6eW9o/8H+DmUVewizYu5xATziFL40cP4AAAAAAAAACgAAAAAAAAABAAAAAAAAAAEAAAAAAAAAAA==	AAAAAAAAAAEAAAABAAAAAAAAAADD0suBZ8Pzr7GHBoxMBy+6VMItujyAzv6shjVD8djY6QAAAAJUC+POAAAAAgAAAAUAAAAAAAAAAAAAAAAAAAAAAQAAAAAAAAAAAAAAAAAAAQAAAAEAAAABAAAAAQAAAACwF9USRL6+tIiH6EOSbn90RIAKYNigHeL5Oi6yfMifEwAAAAEyMgAAAAAAAMPSy4Fnw/OvsYcGjEwHL7pUwi26PIDO/qyGNUPx2NjpAAAAAAAAE4h//////////wAAAAEAAAAA
d5ec0e9d1c5ae00180a254f6430b481283f49396249e6c79cb8f8c16e2bf5dd0	4	6	AAAAAMPSy4Fnw/OvsYcGjEwHL7pUwi26PIDO/qyGNUPx2NjpAAAACgAAAAIAAAAGAAAAAAAAAAAAAAABAAAAAAAAAAEAAAAAsBfVEkS+vrSIh+hDkm5/dESACmDYoB3i+TousnzInxMAAAABMzEAAAAAAADD0suBZ8Pzr7GHBoxMBy+6VMItujyAzv6shjVD8djY6QAAAAAAABOIAAAAAAAAAAHx2NjpAAAAQAShdSmLtQJogzKtDw+a90HlZMy82pC6q1+1USdpv3O6PUugcwizrLbpd1LnSz4pf73Y32PyntZ09lVMFnlbpgI=	1ewOnRxa4AGAolT2QwtIEoP0k5Yknmx5y4+MFuK/XdAAAAAAAAAACgAAAAAAAAABAAAAAAAAAAEAAAAAAAAAAA==	AAAAAAAAAAEAAAABAAAAAAAAAADD0suBZ8Pzr7GHBoxMBy+6VMItujyAzv6shjVD8djY6QAAAAJUC+PEAAAAAgAAAAYAAAAAAAAAAAAAAAAAAAAAAQAAAAAAAAAAAAAAAAAAAQAAAAEAAAABAAAAAQAAAACwF9USRL6+tIiH6EOSbn90RIAKYNigHeL5Oi6yfMifEwAAAAEzMQAAAAAAAMPSy4Fnw/OvsYcGjEwHL7pUwi26PIDO/qyGNUPx2NjpAAAAAAAAE4h//////////wAAAAEAAAAA
09ee2e2524e6f57586441aef2b7df0ec9aeb33dea98e77675b45a71b047e607c	4	7	AAAAAMPSy4Fnw/OvsYcGjEwHL7pUwi26PIDO/qyGNUPx2NjpAAAACgAAAAIAAAAHAAAAAAAAAAAAAAABAAAAAAAAAAEAAAAAsBfVEkS+vrSIh+hDkm5/dESACmDYoB3i+TousnzInxMAAAABMzIAAAAAAADD0suBZ8Pzr7GHBoxMBy+6VMItujyAzv6shjVD8djY6QAAAAAAABOIAAAAAAAAAAHx2NjpAAAAQOHHPmuRDvcZv3UWknZV05oxry9i8kEOSa0E43df6blz8KJE6soJg+6qkJq2J3HfPQfT4Ndx3F95bS43ngDPSAQ=	Ce4uJSTm9XWGRBrvK33w7JrrM96pjndnW0WnGwR+YHwAAAAAAAAACgAAAAAAAAABAAAAAAAAAAEAAAAAAAAAAA==	AAAAAAAAAAEAAAABAAAAAAAAAADD0suBZ8Pzr7GHBoxMBy+6VMItujyAzv6shjVD8djY6QAAAAJUC+O6AAAAAgAAAAcAAAAAAAAAAAAAAAAAAAAAAQAAAAAAAAAAAAAAAAAAAQAAAAEAAAABAAAAAQAAAACwF9USRL6+tIiH6EOSbn90RIAKYNigHeL5Oi6yfMifEwAAAAEzMgAAAAAAAMPSy4Fnw/OvsYcGjEwHL7pUwi26PIDO/qyGNUPx2NjpAAAAAAAAE4h//////////wAAAAEAAAAA
d9dadbcaf3d72602eba12c822115d52a853736039fc78e7250e011e94e75d86e	4	8	AAAAAMPSy4Fnw/OvsYcGjEwHL7pUwi26PIDO/qyGNUPx2NjpAAAACgAAAAIAAAAIAAAAAAAAAAAAAAABAAAAAAAAAAEAAAAAsBfVEkS+vrSIh+hDkm5/dESACmDYoB3i+TousnzInxMAAAABMzMAAAAAAADD0suBZ8Pzr7GHBoxMBy+6VMItujyAzv6shjVD8djY6QAAAAAAABOIAAAAAAAAAAHx2NjpAAAAQGXphJ5BJHOpw1SvgQ8JsBrObAg/FxsKHCzzpvjjCQreptffJPvMiJUH6ZMNU8gPwWnJchPVA/XfEWYrxXPdzQQ=	2drbyvPXJgLroSyCIRXVKoU3NgOfx45yUOAR6U512G4AAAAAAAAACgAAAAAAAAABAAAAAAAAAAEAAAAAAAAAAA==	AAAAAAAAAAEAAAABAAAAAAAAAADD0suBZ8Pzr7GHBoxMBy+6VMItujyAzv6shjVD8djY6QAAAAJUC+OwAAAAAgAAAAgAAAAAAAAAAAAAAAAAAAAAAQAAAAAAAAAAAAAAAAAAAQAAAAEAAAABAAAAAQAAAACwF9USRL6+tIiH6EOSbn90RIAKYNigHeL5Oi6yfMifEwAAAAEzMwAAAAAAAMPSy4Fnw/OvsYcGjEwHL7pUwi26PIDO/qyGNUPx2NjpAAAAAAAAE4h//////////wAAAAEAAAAA
1200e75650e7487c8e50fef069d0387a4fa0387d857914eb12e768484878a7f6	5	1	AAAAALAX1RJEvr60iIfoQ5Juf3REgApg2KAd4vk6LrJ8yJ8TAAAACgAAAAIAAAAJAAAAAAAAAAAAAAABAAAAAAAAAAMAAAABRVVSAAAAAADD0suBZ8Pzr7GHBoxMBy+6VMItujyAzv6shjVD8djY6QAAAAFVU0QAAAAAAMPSy4Fnw/OvsYcGjEwHL7pUwi26PIDO/qyGNUPx2NjpAAAAAAAAAAoAAAABAAAAAQAAAAAAAAAAAAAAAAAAAAF8yJ8TAAAAQOiSrSDbSLCOt3oEOBahzfEBdDK2KP7BAKfdBpCdmuHFpjsX4DaSFvqOTyvBMiIbKzApYbUK8Iy/fZsgO8Z/kQk=	EgDnVlDnSHyOUP7wadA4ek+gOH2FeRTrEudoSEh4p/YAAAAAAAAACgAAAAAAAAABAAAAAAAAAAMAAAAAAAAAAAAAAAAAAAAAsBfVEkS+vrSIh+hDkm5/dESACmDYoB3i+TousnzInxMAAAAAAAAAAQAAAAFFVVIAAAAAAMPSy4Fnw/OvsYcGjEwHL7pUwi26PIDO/qyGNUPx2NjpAAAAAVVTRAAAAAAAw9LLgWfD86+xhwaMTAcvulTCLbo8gM7+rIY1Q/HY2OkAAAAAAAAACgAAAAEAAAABAAAAAAAAAAAAAAAA	AAAAAAAAAAEAAAABAAAAAAAAAACwF9USRL6+tIiH6EOSbn90RIAKYNigHeL5Oi6yfMifEwAAAAJUC+OmAAAAAgAAAAkAAAAIAAAAAAAAAAAAAAAAAQAAAAAAAAAAAAAAAAAAAQAAAAIAAAAAAAAAAgAAAACwF9USRL6+tIiH6EOSbn90RIAKYNigHeL5Oi6yfMifEwAAAAAAAAABAAAAAUVVUgAAAAAAw9LLgWfD86+xhwaMTAcvulTCLbo8gM7+rIY1Q/HY2OkAAAABVVNEAAAAAADD0suBZ8Pzr7GHBoxMBy+6VMItujyAzv6shjVD8djY6QAAAAAAAAAKAAAAAQAAAAEAAAAAAAAAAAAAAAEAAAAAAAAAALAX1RJEvr60iIfoQ5Juf3REgApg2KAd4vk6LrJ8yJ8TAAAAAlQL46YAAAACAAAACQAAAAkAAAAAAAAAAAAAAAABAAAAAAAAAAAAAAA=
b87192349456b0b006e4efb3f5c491f9bd4dd907ddca20b48177f1a861c67ee7	5	2	AAAAALAX1RJEvr60iIfoQ5Juf3REgApg2KAd4vk6LrJ8yJ8TAAAACgAAAAIAAAAKAAAAAAAAAAAAAAABAAAAAAAAAAMAAAABMQAAAAAAAADD0suBZ8Pzr7GHBoxMBy+6VMItujyAzv6shjVD8djY6QAAAAFVU0QAAAAAAMPSy4Fnw/OvsYcGjEwHL7pUwi26PIDO/qyGNUPx2NjpAAAAAAAAABQAAAABAAAAAQAAAAAAAAAAAAAAAAAAAAF8yJ8TAAAAQMaiamLtCrRLK4/XkWnPF8AOZmG9aUILn6MFJQ6/fgp79GqERNS910tbtUiJRFGVjfB9IyAddtWyOhdk4OvYxgs=	uHGSNJRWsLAG5O+z9cSR+b1N2QfdyiC0gXfxqGHGfucAAAAAAAAACgAAAAAAAAABAAAAAAAAAAMAAAAAAAAAAAAAAAAAAAAAsBfVEkS+vrSIh+hDkm5/dESACmDYoB3i+TousnzInxMAAAAAAAAAAgAAAAExAAAAAAAAAMPSy4Fnw/OvsYcGjEwHL7pUwi26PIDO/qyGNUPx2NjpAAAAAVVTRAAAAAAAw9LLgWfD86+xhwaMTAcvulTCLbo8gM7+rIY1Q/HY2OkAAAAAAAAAFAAAAAEAAAABAAAAAAAAAAAAAAAA	AAAAAAAAAAEAAAABAAAAAAAAAACwF9USRL6+tIiH6EOSbn90RIAKYNigHeL5Oi6yfMifEwAAAAJUC+OcAAAAAgAAAAoAAAAJAAAAAAAAAAAAAAAAAQAAAAAAAAAAAAAAAAAAAQAAAAIAAAAAAAAAAgAAAACwF9USRL6+tIiH6EOSbn90RIAKYNigHeL5Oi6yfMifEwAAAAAAAAACAAAAATEAAAAAAAAAw9LLgWfD86+xhwaMTAcvulTCLbo8gM7+rIY1Q/HY2OkAAAABVVNEAAAAAADD0suBZ8Pzr7GHBoxMBy+6VMItujyAzv6shjVD8djY6QAAAAAAAAAUAAAAAQAAAAEAAAAAAAAAAAAAAAEAAAAAAAAAALAX1RJEvr60iIfoQ5Juf3REgApg2KAd4vk6LrJ8yJ8TAAAAAlQL45wAAAACAAAACgAAAAoAAAAAAAAAAAAAAAABAAAAAAAAAAAAAAA=
2796444ebd7fcfb555c0b3576124b28742324b00f25f751bb6c7eb3dbac9afc0	5	3	AAAAALAX1RJEvr60iIfoQ5Juf3REgApg2KAd4vk6LrJ8yJ8TAAAACgAAAAIAAAALAAAAAAAAAAAAAAABAAAAAAAAAAMAAAABRVVSAAAAAADD0suBZ8Pzr7GHBoxMBy+6VMItujyAzv6shjVD8djY6QAAAAExAAAAAAAAAMPSy4Fnw/OvsYcGjEwHL7pUwi26PIDO/qyGNUPx2NjpAAAAAAAAABQAAAABAAAAAQAAAAAAAAAAAAAAAAAAAAF8yJ8TAAAAQMmv86TpgCB0nzfywRpnoS0rRXuXc0qtxwu+sdvxLZjPyiiHn4bv42s+23Xa5C0If0zud9H21Uhx83EoN+WSUQI=	J5ZETr1/z7VVwLNXYSSyh0IySwDyX3UbtsfrPbrJr8AAAAAAAAAACgAAAAAAAAABAAAAAAAAAAMAAAAAAAAAAAAAAAAAAAAAsBfVEkS+vrSIh+hDkm5/dESACmDYoB3i+TousnzInxMAAAAAAAAAAwAAAAFFVVIAAAAAAMPSy4Fnw/OvsYcGjEwHL7pUwi26PIDO/qyGNUPx2NjpAAAAATEAAAAAAAAAw9LLgWfD86+xhwaMTAcvulTCLbo8gM7+rIY1Q/HY2OkAAAAAAAAAFAAAAAEAAAABAAAAAAAAAAAAAAAA	AAAAAAAAAAEAAAABAAAAAAAAAACwF9USRL6+tIiH6EOSbn90RIAKYNigHeL5Oi6yfMifEwAAAAJUC+OSAAAAAgAAAAsAAAAKAAAAAAAAAAAAAAAAAQAAAAAAAAAAAAAAAAAAAQAAAAIAAAAAAAAAAgAAAACwF9USRL6+tIiH6EOSbn90RIAKYNigHeL5Oi6yfMifEwAAAAAAAAADAAAAAUVVUgAAAAAAw9LLgWfD86+xhwaMTAcvulTCLbo8gM7+rIY1Q/HY2OkAAAABMQAAAAAAAADD0suBZ8Pzr7GHBoxMBy+6VMItujyAzv6shjVD8djY6QAAAAAAAAAUAAAAAQAAAAEAAAAAAAAAAAAAAAEAAAAAAAAAALAX1RJEvr60iIfoQ5Juf3REgApg2KAd4vk6LrJ8yJ8TAAAAAlQL45IAAAACAAAACwAAAAsAAAAAAAAAAAAAAAABAAAAAAAAAAAAAAA=
1e72eae1db4db0492540dbcbc6599f297336f7d0bef1234d211a7552626f095d	5	4	AAAAALAX1RJEvr60iIfoQ5Juf3REgApg2KAd4vk6LrJ8yJ8TAAAACgAAAAIAAAAMAAAAAAAAAAAAAAABAAAAAAAAAAMAAAABMjEAAAAAAADD0suBZ8Pzr7GHBoxMBy+6VMItujyAzv6shjVD8djY6QAAAAFVU0QAAAAAAMPSy4Fnw/OvsYcGjEwHL7pUwi26PIDO/qyGNUPx2NjpAAAAAAAAAB4AAAABAAAAAQAAAAAAAAAAAAAAAAAAAAF8yJ8TAAAAQF5DV6GxafaV879AuJFnJtKKc8Eo7YLcuw/XkPe+7jH1MD0u9xbqtzXoR8VgnQ3XAJKY+eNvCHEN1lrysJMLMAw=	HnLq4dtNsEklQNvLxlmfKXM299C+8SNNIRp1UmJvCV0AAAAAAAAACgAAAAAAAAABAAAAAAAAAAMAAAAAAAAAAAAAAAAAAAAAsBfVEkS+vrSIh+hDkm5/dESACmDYoB3i+TousnzInxMAAAAAAAAABAAAAAEyMQAAAAAAAMPSy4Fnw/OvsYcGjEwHL7pUwi26PIDO/qyGNUPx2NjpAAAAAVVTRAAAAAAAw9LLgWfD86+xhwaMTAcvulTCLbo8gM7+rIY1Q/HY2OkAAAAAAAAAHgAAAAEAAAABAAAAAAAAAAAAAAAA	AAAAAAAAAAEAAAABAAAAAAAAAACwF9USRL6+tIiH6EOSbn90RIAKYNigHeL5Oi6yfMifEwAAAAJUC+OIAAAAAgAAAAwAAAALAAAAAAAAAAAAAAAAAQAAAAAAAAAAAAAAAAAAAQAAAAIAAAAAAAAAAgAAAACwF9USRL6+tIiH6EOSbn90RIAKYNigHeL5Oi6yfMifEwAAAAAAAAAEAAAAATIxAAAAAAAAw9LLgWfD86+xhwaMTAcvulTCLbo8gM7+rIY1Q/HY2OkAAAABVVNEAAAAAADD0suBZ8Pzr7GHBoxMBy+6VMItujyAzv6shjVD8djY6QAAAAAAAAAeAAAAAQAAAAEAAAAAAAAAAAAAAAEAAAAAAAAAALAX1RJEvr60iIfoQ5Juf3REgApg2KAd4vk6LrJ8yJ8TAAAAAlQL44gAAAACAAAADAAAAAwAAAAAAAAAAAAAAAABAAAAAAAAAAAAAAA=
b9fe7957d34a4bcf20572890ac6e206a4b980b33290e82192f280056db61e588	5	5	AAAAALAX1RJEvr60iIfoQ5Juf3REgApg2KAd4vk6LrJ8yJ8TAAAACgAAAAIAAAANAAAAAAAAAAAAAAABAAAAAAAAAAMAAAABMjIAAAAAAADD0suBZ8Pzr7GHBoxMBy+6VMItujyAzv6shjVD8djY6QAAAAEyMQAAAAAAAMPSy4Fnw/OvsYcGjEwHL7pUwi26PIDO/qyGNUPx2NjpAAAAAAAAAB4AAAABAAAAAQAAAAAAAAAAAAAAAAAAAAF8yJ8TAAAAQJRTV+L1lOOneRcHyH6zSaoBzKCvVqEIrTbsHmvPxovTSwC2AhQm8gPCTUoEUdv2Eg3Ir/Qp7wDNckLyX6qC6As=	uf55V9NKS88gVyiQrG4gakuYCzMpDoIZLygAVtth5YgAAAAAAAAACgAAAAAAAAABAAAAAAAAAAMAAAAAAAAAAAAAAAAAAAAAsBfVEkS+vrSIh+hDkm5/dESACmDYoB3i+TousnzInxMAAAAAAAAABQAAAAEyMgAAAAAAAMPSy4Fnw/OvsYcGjEwHL7pUwi26PIDO/qyGNUPx2NjpAAAAATIxAAAAAAAAw9LLgWfD86+xhwaMTAcvulTCLbo8gM7+rIY1Q/HY2OkAAAAAAAAAHgAAAAEAAAABAAAAAAAAAAAAAAAA	AAAAAAAAAAEAAAABAAAAAAAAAACwF9USRL6+tIiH6EOSbn90RIAKYNigHeL5Oi6yfMifEwAAAAJUC+N+AAAAAgAAAA0AAAAMAAAAAAAAAAAAAAAAAQAAAAAAAAAAAAAAAAAAAQAAAAIAAAAAAAAAAgAAAACwF9USRL6+tIiH6EOSbn90RIAKYNigHeL5Oi6yfMifEwAAAAAAAAAFAAAAATIyAAAAAAAAw9LLgWfD86+xhwaMTAcvulTCLbo8gM7+rIY1Q/HY2OkAAAABMjEAAAAAAADD0suBZ8Pzr7GHBoxMBy+6VMItujyAzv6shjVD8djY6QAAAAAAAAAeAAAAAQAAAAEAAAAAAAAAAAAAAAEAAAAAAAAAALAX1RJEvr60iIfoQ5Juf3REgApg2KAd4vk6LrJ8yJ8TAAAAAlQL434AAAACAAAADQAAAA0AAAAAAAAAAAAAAAABAAAAAAAAAAAAAAA=
14864bc92f9dcefada97ce772322678a6175bdefee85793e5abe6691c2454719	5	6	AAAAALAX1RJEvr60iIfoQ5Juf3REgApg2KAd4vk6LrJ8yJ8TAAAACgAAAAIAAAAOAAAAAAAAAAAAAAABAAAAAAAAAAMAAAABRVVSAAAAAADD0suBZ8Pzr7GHBoxMBy+6VMItujyAzv6shjVD8djY6QAAAAEyMgAAAAAAAMPSy4Fnw/OvsYcGjEwHL7pUwi26PIDO/qyGNUPx2NjpAAAAAAAAAB4AAAABAAAAAQAAAAAAAAAAAAAAAAAAAAF8yJ8TAAAAQBVrbyn2BoF8aIVpW6hot+V7R3IUuIRJZORzsyDk+/oMTD1lk3rtp4Jm6UeEVoiGgUZxWGIgIzXAjlvtq0evmgs=	FIZLyS+dzvral853IyJnimF1ve/uhXk+Wr5mkcJFRxkAAAAAAAAACgAAAAAAAAABAAAAAAAAAAMAAAAAAAAAAAAAAAAAAAAAsBfVEkS+vrSIh+hDkm5/dESACmDYoB3i+TousnzInxMAAAAAAAAABgAAAAFFVVIAAAAAAMPSy4Fnw/OvsYcGjEwHL7pUwi26PIDO/qyGNUPx2NjpAAAAATIyAAAAAAAAw9LLgWfD86+xhwaMTAcvulTCLbo8gM7+rIY1Q/HY2OkAAAAAAAAAHgAAAAEAAAABAAAAAAAAAAAAAAAA	AAAAAAAAAAEAAAABAAAAAAAAAACwF9USRL6+tIiH6EOSbn90RIAKYNigHeL5Oi6yfMifEwAAAAJUC+N0AAAAAgAAAA4AAAANAAAAAAAAAAAAAAAAAQAAAAAAAAAAAAAAAAAAAQAAAAIAAAAAAAAAAgAAAACwF9USRL6+tIiH6EOSbn90RIAKYNigHeL5Oi6yfMifEwAAAAAAAAAGAAAAAUVVUgAAAAAAw9LLgWfD86+xhwaMTAcvulTCLbo8gM7+rIY1Q/HY2OkAAAABMjIAAAAAAADD0suBZ8Pzr7GHBoxMBy+6VMItujyAzv6shjVD8djY6QAAAAAAAAAeAAAAAQAAAAEAAAAAAAAAAAAAAAEAAAAAAAAAALAX1RJEvr60iIfoQ5Juf3REgApg2KAd4vk6LrJ8yJ8TAAAAAlQL43QAAAACAAAADgAAAA4AAAAAAAAAAAAAAAABAAAAAAAAAAAAAAA=
32621ef006c96db84ef497b3c02c743a125e2db8fa2a9f4b5a07e437701dcce2	5	7	AAAAALAX1RJEvr60iIfoQ5Juf3REgApg2KAd4vk6LrJ8yJ8TAAAACgAAAAIAAAAPAAAAAAAAAAAAAAABAAAAAAAAAAMAAAABMzEAAAAAAADD0suBZ8Pzr7GHBoxMBy+6VMItujyAzv6shjVD8djY6QAAAAFVU0QAAAAAAMPSy4Fnw/OvsYcGjEwHL7pUwi26PIDO/qyGNUPx2NjpAAAAAAAAACgAAAABAAAAAQAAAAAAAAAAAAAAAAAAAAF8yJ8TAAAAQHIRtyY7gJBjF38AFoRGSj9C6NsEo4RKD/ke9bXCGPPUfAbK48W3IvxWl9HA6K6NYCDhzmqd4wz8/3JeQK9kWA4=	MmIe8AbJbbhO9JezwCx0OhJeLbj6Kp9LWgfkN3AdzOIAAAAAAAAACgAAAAAAAAABAAAAAAAAAAMAAAAAAAAAAAAAAAAAAAAAsBfVEkS+vrSIh+hDkm5/dESACmDYoB3i+TousnzInxMAAAAAAAAABwAAAAEzMQAAAAAAAMPSy4Fnw/OvsYcGjEwHL7pUwi26PIDO/qyGNUPx2NjpAAAAAVVTRAAAAAAAw9LLgWfD86+xhwaMTAcvulTCLbo8gM7+rIY1Q/HY2OkAAAAAAAAAKAAAAAEAAAABAAAAAAAAAAAAAAAA	AAAAAAAAAAEAAAABAAAAAAAAAACwF9USRL6+tIiH6EOSbn90RIAKYNigHeL5Oi6yfMifEwAAAAJUC+NqAAAAAgAAAA8AAAAOAAAAAAAAAAAAAAAAAQAAAAAAAAAAAAAAAAAAAQAAAAIAAAAAAAAAAgAAAACwF9USRL6+tIiH6EOSbn90RIAKYNigHeL5Oi6yfMifEwAAAAAAAAAHAAAAATMxAAAAAAAAw9LLgWfD86+xhwaMTAcvulTCLbo8gM7+rIY1Q/HY2OkAAAABVVNEAAAAAADD0suBZ8Pzr7GHBoxMBy+6VMItujyAzv6shjVD8djY6QAAAAAAAAAoAAAAAQAAAAEAAAAAAAAAAAAAAAEAAAAAAAAAALAX1RJEvr60iIfoQ5Juf3REgApg2KAd4vk6LrJ8yJ8TAAAAAlQL42oAAAACAAAADwAAAA8AAAAAAAAAAAAAAAABAAAAAAAAAAAAAAA=
89f09877b7ef9e205e4ac7012cb73207d68759e0d6e6193120c3bb088d88b951	5	8	AAAAALAX1RJEvr60iIfoQ5Juf3REgApg2KAd4vk6LrJ8yJ8TAAAACgAAAAIAAAAQAAAAAAAAAAAAAAABAAAAAAAAAAMAAAABMzIAAAAAAADD0suBZ8Pzr7GHBoxMBy+6VMItujyAzv6shjVD8djY6QAAAAEzMQAAAAAAAMPSy4Fnw/OvsYcGjEwHL7pUwi26PIDO/qyGNUPx2NjpAAAAAAAAACgAAAABAAAAAQAAAAAAAAAAAAAAAAAAAAF8yJ8TAAAAQDLUNXzmK810s8S55z4RiTaUX7OMflFByLxukYmDt4aYt+l1ADU+p9H369zqFrwUdSZzsxJEaBfCz8tJTXXs6Ac=	ifCYd7fvniBeSscBLLcyB9aHWeDW5hkxIMO7CI2IuVEAAAAAAAAACgAAAAAAAAABAAAAAAAAAAMAAAAAAAAAAAAAAAAAAAAAsBfVEkS+vrSIh+hDkm5/dESACmDYoB3i+TousnzInxMAAAAAAAAACAAAAAEzMgAAAAAAAMPSy4Fnw/OvsYcGjEwHL7pUwi26PIDO/qyGNUPx2NjpAAAAATMxAAAAAAAAw9LLgWfD86+xhwaMTAcvulTCLbo8gM7+rIY1Q/HY2OkAAAAAAAAAKAAAAAEAAAABAAAAAAAAAAAAAAAA	AAAAAAAAAAEAAAABAAAAAAAAAACwF9USRL6+tIiH6EOSbn90RIAKYNigHeL5Oi6yfMifEwAAAAJUC+NgAAAAAgAAABAAAAAPAAAAAAAAAAAAAAAAAQAAAAAAAAAAAAAAAAAAAQAAAAIAAAAAAAAAAgAAAACwF9USRL6+tIiH6EOSbn90RIAKYNigHeL5Oi6yfMifEwAAAAAAAAAIAAAAATMyAAAAAAAAw9LLgWfD86+xhwaMTAcvulTCLbo8gM7+rIY1Q/HY2OkAAAABMzEAAAAAAADD0suBZ8Pzr7GHBoxMBy+6VMItujyAzv6shjVD8djY6QAAAAAAAAAoAAAAAQAAAAEAAAAAAAAAAAAAAAEAAAAAAAAAALAX1RJEvr60iIfoQ5Juf3REgApg2KAd4vk6LrJ8yJ8TAAAAAlQL42AAAAACAAAAEAAAABAAAAAAAAAAAAAAAAABAAAAAAAAAAAAAAA=
7b8b68bd5710a46905f48687078388f6e0a7b6d8727cdc65d4f1ed42332669c0	5	9	AAAAALAX1RJEvr60iIfoQ5Juf3REgApg2KAd4vk6LrJ8yJ8TAAAACgAAAAIAAAARAAAAAAAAAAAAAAABAAAAAAAAAAMAAAABMzMAAAAAAADD0suBZ8Pzr7GHBoxMBy+6VMItujyAzv6shjVD8djY6QAAAAEzMgAAAAAAAMPSy4Fnw/OvsYcGjEwHL7pUwi26PIDO/qyGNUPx2NjpAAAAAAAAACgAAAABAAAAAQAAAAAAAAAAAAAAAAAAAAF8yJ8TAAAAQPpspFg5ZPqPQC9IYpT3FcVnlHiy4yVmrnr9PnCiAyhSCx2C9Dr5cC6QSjjTi92P1KOG8h9ts9iSg6OVJOjtgAE=	e4tovVcQpGkF9IaHB4OI9uCntthyfNxl1PHtQjMmacAAAAAAAAAACgAAAAAAAAABAAAAAAAAAAMAAAAAAAAAAAAAAAAAAAAAsBfVEkS+vrSIh+hDkm5/dESACmDYoB3i+TousnzInxMAAAAAAAAACQAAAAEzMwAAAAAAAMPSy4Fnw/OvsYcGjEwHL7pUwi26PIDO/qyGNUPx2NjpAAAAATMyAAAAAAAAw9LLgWfD86+xhwaMTAcvulTCLbo8gM7+rIY1Q/HY2OkAAAAAAAAAKAAAAAEAAAABAAAAAAAAAAAAAAAA	AAAAAAAAAAEAAAABAAAAAAAAAACwF9USRL6+tIiH6EOSbn90RIAKYNigHeL5Oi6yfMifEwAAAAJUC+NWAAAAAgAAABEAAAAQAAAAAAAAAAAAAAAAAQAAAAAAAAAAAAAAAAAAAQAAAAIAAAAAAAAAAgAAAACwF9USRL6+tIiH6EOSbn90RIAKYNigHeL5Oi6yfMifEwAAAAAAAAAJAAAAATMzAAAAAAAAw9LLgWfD86+xhwaMTAcvulTCLbo8gM7+rIY1Q/HY2OkAAAABMzIAAAAAAADD0suBZ8Pzr7GHBoxMBy+6VMItujyAzv6shjVD8djY6QAAAAAAAAAoAAAAAQAAAAEAAAAAAAAAAAAAAAEAAAAAAAAAALAX1RJEvr60iIfoQ5Juf3REgApg2KAd4vk6LrJ8yJ8TAAAAAlQL41YAAAACAAAAEQAAABEAAAAAAAAAAAAAAAABAAAAAAAAAAAAAAA=
cd8fe48eb7604cc83e829a5da68355c2afb24278c1f7303f05ed3df04872ffe3	5	10	AAAAALAX1RJEvr60iIfoQ5Juf3REgApg2KAd4vk6LrJ8yJ8TAAAACgAAAAIAAAASAAAAAAAAAAAAAAABAAAAAAAAAAMAAAABRVVSAAAAAADD0suBZ8Pzr7GHBoxMBy+6VMItujyAzv6shjVD8djY6QAAAAEzMwAAAAAAAMPSy4Fnw/OvsYcGjEwHL7pUwi26PIDO/qyGNUPx2NjpAAAAAAAAACgAAAABAAAAAQAAAAAAAAAAAAAAAAAAAAF8yJ8TAAAAQFc/KtzcBWwYkfluUwcWYI+fQgGvRw0bldYx8mlfMRtdTgGn2+j50xSA/03IiIWoeDYPyLyeTbTfg/4Dc2FnBAE=	zY/kjrdgTMg+gppdpoNVwq+yQnjB9zA/Be098Ehy/+MAAAAAAAAACgAAAAAAAAABAAAAAAAAAAMAAAAAAAAAAAAAAAAAAAAAsBfVEkS+vrSIh+hDkm5/dESACmDYoB3i+TousnzInxMAAAAAAAAACgAAAAFFVVIAAAAAAMPSy4Fnw/OvsYcGjEwHL7pUwi26PIDO/qyGNUPx2NjpAAAAATMzAAAAAAAAw9LLgWfD86+xhwaMTAcvulTCLbo8gM7+rIY1Q/HY2OkAAAAAAAAAKAAAAAEAAAABAAAAAAAAAAAAAAAA	AAAAAAAAAAEAAAABAAAAAAAAAACwF9USRL6+tIiH6EOSbn90RIAKYNigHeL5Oi6yfMifEwAAAAJUC+NMAAAAAgAAABIAAAARAAAAAAAAAAAAAAAAAQAAAAAAAAAAAAAAAAAAAQAAAAIAAAAAAAAAAgAAAACwF9USRL6+tIiH6EOSbn90RIAKYNigHeL5Oi6yfMifEwAAAAAAAAAKAAAAAUVVUgAAAAAAw9LLgWfD86+xhwaMTAcvulTCLbo8gM7+rIY1Q/HY2OkAAAABMzMAAAAAAADD0suBZ8Pzr7GHBoxMBy+6VMItujyAzv6shjVD8djY6QAAAAAAAAAoAAAAAQAAAAEAAAAAAAAAAAAAAAEAAAAAAAAAALAX1RJEvr60iIfoQ5Juf3REgApg2KAd4vk6LrJ8yJ8TAAAAAlQL40wAAAACAAAAEgAAABIAAAAAAAAAAAAAAAABAAAAAAAAAAAAAAA=
\.


--
-- Name: accounts_pkey; Type: CONSTRAINT; Schema: public; Owner: -; Tablespace: 
--

ALTER TABLE ONLY accounts
    ADD CONSTRAINT accounts_pkey PRIMARY KEY (accountid);


--
-- Name: ledgerheaders_ledgerseq_key; Type: CONSTRAINT; Schema: public; Owner: -; Tablespace: 
--

ALTER TABLE ONLY ledgerheaders
    ADD CONSTRAINT ledgerheaders_ledgerseq_key UNIQUE (ledgerseq);


--
-- Name: ledgerheaders_pkey; Type: CONSTRAINT; Schema: public; Owner: -; Tablespace: 
--

ALTER TABLE ONLY ledgerheaders
    ADD CONSTRAINT ledgerheaders_pkey PRIMARY KEY (ledgerhash);


--
-- Name: offers_pkey; Type: CONSTRAINT; Schema: public; Owner: -; Tablespace: 
--

ALTER TABLE ONLY offers
    ADD CONSTRAINT offers_pkey PRIMARY KEY (offerid);


--
-- Name: peers_pkey; Type: CONSTRAINT; Schema: public; Owner: -; Tablespace: 
--

ALTER TABLE ONLY peers
    ADD CONSTRAINT peers_pkey PRIMARY KEY (ip, port);


--
-- Name: signers_pkey; Type: CONSTRAINT; Schema: public; Owner: -; Tablespace: 
--

ALTER TABLE ONLY signers
    ADD CONSTRAINT signers_pkey PRIMARY KEY (accountid, publickey);


--
-- Name: storestate_pkey; Type: CONSTRAINT; Schema: public; Owner: -; Tablespace: 
--

ALTER TABLE ONLY storestate
    ADD CONSTRAINT storestate_pkey PRIMARY KEY (statename);


--
-- Name: trustlines_pkey; Type: CONSTRAINT; Schema: public; Owner: -; Tablespace: 
--

ALTER TABLE ONLY trustlines
    ADD CONSTRAINT trustlines_pkey PRIMARY KEY (accountid, issuer, assetcode);


--
-- Name: txhistory_ledgerseq_txindex_key; Type: CONSTRAINT; Schema: public; Owner: -; Tablespace: 
--

ALTER TABLE ONLY txhistory
    ADD CONSTRAINT txhistory_ledgerseq_txindex_key UNIQUE (ledgerseq, txindex);


--
-- Name: txhistory_pkey; Type: CONSTRAINT; Schema: public; Owner: -; Tablespace: 
--

ALTER TABLE ONLY txhistory
    ADD CONSTRAINT txhistory_pkey PRIMARY KEY (txid, ledgerseq);


--
-- Name: accountbalances; Type: INDEX; Schema: public; Owner: -; Tablespace: 
--

CREATE INDEX accountbalances ON accounts USING btree (balance);


--
-- Name: accountlines; Type: INDEX; Schema: public; Owner: -; Tablespace: 
--

CREATE INDEX accountlines ON trustlines USING btree (accountid);


--
-- Name: buyingissuerindex; Type: INDEX; Schema: public; Owner: -; Tablespace: 
--

CREATE INDEX buyingissuerindex ON offers USING btree (buyingissuer);


--
-- Name: ledgersbyseq; Type: INDEX; Schema: public; Owner: -; Tablespace: 
--

CREATE INDEX ledgersbyseq ON ledgerheaders USING btree (ledgerseq);


--
-- Name: priceindex; Type: INDEX; Schema: public; Owner: -; Tablespace: 
--

CREATE INDEX priceindex ON offers USING btree (price);


--
-- Name: sellingissuerindex; Type: INDEX; Schema: public; Owner: -; Tablespace: 
--

CREATE INDEX sellingissuerindex ON offers USING btree (sellingissuer);


--
-- Name: signersaccount; Type: INDEX; Schema: public; Owner: -; Tablespace: 
--

CREATE INDEX signersaccount ON signers USING btree (accountid);


--
-- PostgreSQL database dump complete
--

