--
-- PostgreSQL database dump
--

SET statement_timeout = 0;
SET lock_timeout = 0;
SET client_encoding = 'UTF8';
SET standard_conforming_strings = on;
SET check_function_bodies = false;
SET client_min_messages = warning;

SET search_path = public, pg_catalog;

DROP INDEX public.unique_schema_migrations;
DROP INDEX public.index_history_transactions_on_id;
DROP INDEX public.index_history_transaction_statuses_lc_on_all;
DROP INDEX public.index_history_transaction_participants_on_transaction_hash;
DROP INDEX public.index_history_transaction_participants_on_account;
DROP INDEX public.index_history_operations_on_type;
DROP INDEX public.index_history_operations_on_transaction_id;
DROP INDEX public.index_history_operations_on_id;
DROP INDEX public.index_history_ledgers_on_sequence;
DROP INDEX public.index_history_ledgers_on_previous_ledger_hash;
DROP INDEX public.index_history_ledgers_on_ledger_hash;
DROP INDEX public.index_history_ledgers_on_importer_version;
DROP INDEX public.index_history_ledgers_on_id;
DROP INDEX public.index_history_ledgers_on_closed_at;
DROP INDEX public.index_history_effects_on_type;
DROP INDEX public.index_history_accounts_on_id;
DROP INDEX public.hs_transaction_by_id;
DROP INDEX public.hs_ledger_by_id;
DROP INDEX public.hist_op_p_id;
DROP INDEX public.hist_e_id;
DROP INDEX public.hist_e_by_order;
DROP INDEX public.by_status;
DROP INDEX public.by_ledger;
DROP INDEX public.by_hash;
DROP INDEX public.by_account;
ALTER TABLE ONLY public.history_transaction_statuses DROP CONSTRAINT history_transaction_statuses_pkey;
ALTER TABLE ONLY public.history_transaction_participants DROP CONSTRAINT history_transaction_participants_pkey;
ALTER TABLE ONLY public.history_operation_participants DROP CONSTRAINT history_operation_participants_pkey;
ALTER TABLE public.history_transaction_statuses ALTER COLUMN id DROP DEFAULT;
ALTER TABLE public.history_transaction_participants ALTER COLUMN id DROP DEFAULT;
ALTER TABLE public.history_operation_participants ALTER COLUMN id DROP DEFAULT;
DROP TABLE public.schema_migrations;
DROP TABLE public.history_transactions;
DROP SEQUENCE public.history_transaction_statuses_id_seq;
DROP TABLE public.history_transaction_statuses;
DROP SEQUENCE public.history_transaction_participants_id_seq;
DROP TABLE public.history_transaction_participants;
DROP TABLE public.history_operations;
DROP SEQUENCE public.history_operation_participants_id_seq;
DROP TABLE public.history_operation_participants;
DROP TABLE public.history_ledgers;
DROP TABLE public.history_effects;
DROP TABLE public.history_accounts;
DROP EXTENSION hstore;
DROP EXTENSION plpgsql;
DROP SCHEMA public;
--
-- Name: public; Type: SCHEMA; Schema: -; Owner: -
--

CREATE SCHEMA public;


--
-- Name: SCHEMA public; Type: COMMENT; Schema: -; Owner: -
--

COMMENT ON SCHEMA public IS 'standard public schema';


--
-- Name: plpgsql; Type: EXTENSION; Schema: -; Owner: -
--

CREATE EXTENSION IF NOT EXISTS plpgsql WITH SCHEMA pg_catalog;


--
-- Name: EXTENSION plpgsql; Type: COMMENT; Schema: -; Owner: -
--

COMMENT ON EXTENSION plpgsql IS 'PL/pgSQL procedural language';


--
-- Name: hstore; Type: EXTENSION; Schema: -; Owner: -
--

CREATE EXTENSION IF NOT EXISTS hstore WITH SCHEMA public;


--
-- Name: EXTENSION hstore; Type: COMMENT; Schema: -; Owner: -
--

COMMENT ON EXTENSION hstore IS 'data type for storing sets of (key, value) pairs';


SET search_path = public, pg_catalog;

SET default_tablespace = '';

SET default_with_oids = false;

--
-- Name: history_accounts; Type: TABLE; Schema: public; Owner: -; Tablespace: 
--

CREATE TABLE history_accounts (
    id bigint NOT NULL,
    address character varying(64)
);


--
-- Name: history_effects; Type: TABLE; Schema: public; Owner: -; Tablespace: 
--

CREATE TABLE history_effects (
    history_account_id bigint NOT NULL,
    history_operation_id bigint NOT NULL,
    "order" integer NOT NULL,
    type integer NOT NULL,
    details jsonb
);


--
-- Name: history_ledgers; Type: TABLE; Schema: public; Owner: -; Tablespace: 
--

CREATE TABLE history_ledgers (
    sequence integer NOT NULL,
    ledger_hash character varying(64) NOT NULL,
    previous_ledger_hash character varying(64),
    transaction_count integer DEFAULT 0 NOT NULL,
    operation_count integer DEFAULT 0 NOT NULL,
    closed_at timestamp without time zone NOT NULL,
    created_at timestamp without time zone,
    updated_at timestamp without time zone,
    id bigint,
    importer_version integer DEFAULT 1 NOT NULL
);


--
-- Name: history_operation_participants; Type: TABLE; Schema: public; Owner: -; Tablespace: 
--

CREATE TABLE history_operation_participants (
    id integer NOT NULL,
    history_operation_id bigint NOT NULL,
    history_account_id bigint NOT NULL
);


--
-- Name: history_operation_participants_id_seq; Type: SEQUENCE; Schema: public; Owner: -
--

CREATE SEQUENCE history_operation_participants_id_seq
    START WITH 1
    INCREMENT BY 1
    NO MINVALUE
    NO MAXVALUE
    CACHE 1;


--
-- Name: history_operation_participants_id_seq; Type: SEQUENCE OWNED BY; Schema: public; Owner: -
--

ALTER SEQUENCE history_operation_participants_id_seq OWNED BY history_operation_participants.id;


--
-- Name: history_operations; Type: TABLE; Schema: public; Owner: -; Tablespace: 
--

CREATE TABLE history_operations (
    id bigint NOT NULL,
    transaction_id bigint NOT NULL,
    application_order integer NOT NULL,
    type integer NOT NULL,
    details jsonb
);


--
-- Name: history_transaction_participants; Type: TABLE; Schema: public; Owner: -; Tablespace: 
--

CREATE TABLE history_transaction_participants (
    id integer NOT NULL,
    transaction_hash character varying(64) NOT NULL,
    account character varying(64) NOT NULL,
    created_at timestamp without time zone,
    updated_at timestamp without time zone
);


--
-- Name: history_transaction_participants_id_seq; Type: SEQUENCE; Schema: public; Owner: -
--

CREATE SEQUENCE history_transaction_participants_id_seq
    START WITH 1
    INCREMENT BY 1
    NO MINVALUE
    NO MAXVALUE
    CACHE 1;


--
-- Name: history_transaction_participants_id_seq; Type: SEQUENCE OWNED BY; Schema: public; Owner: -
--

ALTER SEQUENCE history_transaction_participants_id_seq OWNED BY history_transaction_participants.id;


--
-- Name: history_transaction_statuses; Type: TABLE; Schema: public; Owner: -; Tablespace: 
--

CREATE TABLE history_transaction_statuses (
    id integer NOT NULL,
    result_code_s character varying NOT NULL,
    result_code integer NOT NULL
);


--
-- Name: history_transaction_statuses_id_seq; Type: SEQUENCE; Schema: public; Owner: -
--

CREATE SEQUENCE history_transaction_statuses_id_seq
    START WITH 1
    INCREMENT BY 1
    NO MINVALUE
    NO MAXVALUE
    CACHE 1;


--
-- Name: history_transaction_statuses_id_seq; Type: SEQUENCE OWNED BY; Schema: public; Owner: -
--

ALTER SEQUENCE history_transaction_statuses_id_seq OWNED BY history_transaction_statuses.id;


--
-- Name: history_transactions; Type: TABLE; Schema: public; Owner: -; Tablespace: 
--

CREATE TABLE history_transactions (
    transaction_hash character varying(64) NOT NULL,
    ledger_sequence integer NOT NULL,
    application_order integer NOT NULL,
    account character varying(64) NOT NULL,
    account_sequence bigint NOT NULL,
    max_fee integer NOT NULL,
    fee_paid integer NOT NULL,
    operation_count integer NOT NULL,
    transaction_status_id integer NOT NULL,
    created_at timestamp without time zone,
    updated_at timestamp without time zone,
    id bigint,
    tx_envelope text,
    tx_result text,
    tx_meta text
);


--
-- Name: schema_migrations; Type: TABLE; Schema: public; Owner: -; Tablespace: 
--

CREATE TABLE schema_migrations (
    version character varying(255) NOT NULL
);


--
-- Name: id; Type: DEFAULT; Schema: public; Owner: -
--

ALTER TABLE ONLY history_operation_participants ALTER COLUMN id SET DEFAULT nextval('history_operation_participants_id_seq'::regclass);


--
-- Name: id; Type: DEFAULT; Schema: public; Owner: -
--

ALTER TABLE ONLY history_transaction_participants ALTER COLUMN id SET DEFAULT nextval('history_transaction_participants_id_seq'::regclass);


--
-- Name: id; Type: DEFAULT; Schema: public; Owner: -
--

ALTER TABLE ONLY history_transaction_statuses ALTER COLUMN id SET DEFAULT nextval('history_transaction_statuses_id_seq'::regclass);


--
-- Data for Name: history_accounts; Type: TABLE DATA; Schema: public; Owner: -
--

COPY history_accounts (id, address) FROM stdin;
0	GCEZWKCA5VLDNRLN3RPRJMRZOX3Z6G5CHCGSNFHEYVXM3XOJMDS674JZ
8589938688	GC23QF2HUE52AMXUFUH3AYJAXXGXXV2VHXYYR6EYXETPKDXZSAW67XO4
8589942784	GCQPYGH4K57XBDENKKX55KDTWOTK5WDWRQOH2LHEDX3EKVIQRLMESGBG
8589946880	GBXGQJWVLWOYHFLVTKWV5FGHA3LNYY2JQKM7OAJAUEQFU6LPCSEFVXON
8589950976	GA5WBPYA5Y4WAEHXWR2UKO2UO4BUGHUQ74EUPKON2QHV4WRHOIRNKKH2
8589955072	GCXKG6RN4ONIEPCMNFB732A436Z5PNDSRLGWK7GBLCMQLIFO4S7EYWVU
\.


--
-- Data for Name: history_effects; Type: TABLE DATA; Schema: public; Owner: -
--

COPY history_effects (history_account_id, history_operation_id, "order", type, details) FROM stdin;
8589938688	8589938688	0	0	{"starting_balance": 1000000000}
0	8589938688	1	3	{"amount": 1000000000, "asset_type": "native"}
0	8589938688	2	10	{"weight": 1, "public_key": "GC23QF2HUE52AMXUFUH3AYJAXXGXXV2VHXYYR6EYXETPKDXZSAW67XO4"}
8589942784	8589942784	0	0	{"starting_balance": 1000000000}
0	8589942784	1	3	{"amount": 1000000000, "asset_type": "native"}
0	8589942784	2	10	{"weight": 1, "public_key": "GCQPYGH4K57XBDENKKX55KDTWOTK5WDWRQOH2LHEDX3EKVIQRLMESGBG"}
8589946880	8589946880	0	0	{"starting_balance": 1000000000}
0	8589946880	1	3	{"amount": 1000000000, "asset_type": "native"}
0	8589946880	2	10	{"weight": 1, "public_key": "GBXGQJWVLWOYHFLVTKWV5FGHA3LNYY2JQKM7OAJAUEQFU6LPCSEFVXON"}
8589950976	8589950976	0	0	{"starting_balance": 1000000000}
0	8589950976	1	3	{"amount": 1000000000, "asset_type": "native"}
0	8589950976	2	10	{"weight": 1, "public_key": "GA5WBPYA5Y4WAEHXWR2UKO2UO4BUGHUQ74EUPKON2QHV4WRHOIRNKKH2"}
8589955072	8589955072	0	0	{"starting_balance": 1000000000}
0	8589955072	1	3	{"amount": 1000000000, "asset_type": "native"}
0	8589955072	2	10	{"weight": 1, "public_key": "GCXKG6RN4ONIEPCMNFB732A436Z5PNDSRLGWK7GBLCMQLIFO4S7EYWVU"}
8589950976	12884905984	0	20	{"limit": 9223372036854775807, "asset_code": "EUR", "asset_type": "credit_alphanum4", "asset_issuer": "GCQPYGH4K57XBDENKKX55KDTWOTK5WDWRQOH2LHEDX3EKVIQRLMESGBG"}
8589955072	12884910080	0	20	{"limit": 9223372036854775807, "asset_code": "USD", "asset_type": "credit_alphanum4", "asset_issuer": "GC23QF2HUE52AMXUFUH3AYJAXXGXXV2VHXYYR6EYXETPKDXZSAW67XO4"}
8589946880	12884914176	0	20	{"limit": 9223372036854775807, "asset_code": "USD", "asset_type": "credit_alphanum4", "asset_issuer": "GC23QF2HUE52AMXUFUH3AYJAXXGXXV2VHXYYR6EYXETPKDXZSAW67XO4"}
8589946880	12884918272	0	20	{"limit": 9223372036854775807, "asset_code": "EUR", "asset_type": "credit_alphanum4", "asset_issuer": "GCQPYGH4K57XBDENKKX55KDTWOTK5WDWRQOH2LHEDX3EKVIQRLMESGBG"}
8589946880	17179873280	0	2	{"amount": 200000000, "asset_code": "EUR", "asset_type": "credit_alphanum4", "asset_issuer": "GCQPYGH4K57XBDENKKX55KDTWOTK5WDWRQOH2LHEDX3EKVIQRLMESGBG"}
8589942784	17179873280	1	3	{"amount": 200000000, "asset_code": "EUR", "asset_type": "credit_alphanum4", "asset_issuer": "GCQPYGH4K57XBDENKKX55KDTWOTK5WDWRQOH2LHEDX3EKVIQRLMESGBG"}
8589955072	17179877376	0	2	{"amount": 1000000000, "asset_code": "USD", "asset_type": "credit_alphanum4", "asset_issuer": "GC23QF2HUE52AMXUFUH3AYJAXXGXXV2VHXYYR6EYXETPKDXZSAW67XO4"}
8589938688	17179877376	1	3	{"amount": 1000000000, "asset_code": "USD", "asset_type": "credit_alphanum4", "asset_issuer": "GC23QF2HUE52AMXUFUH3AYJAXXGXXV2VHXYYR6EYXETPKDXZSAW67XO4"}
8589950976	17179881472	0	2	{"amount": 1000000000, "asset_code": "EUR", "asset_type": "credit_alphanum4", "asset_issuer": "GCQPYGH4K57XBDENKKX55KDTWOTK5WDWRQOH2LHEDX3EKVIQRLMESGBG"}
8589942784	17179881472	1	3	{"amount": 1000000000, "asset_code": "EUR", "asset_type": "credit_alphanum4", "asset_issuer": "GCQPYGH4K57XBDENKKX55KDTWOTK5WDWRQOH2LHEDX3EKVIQRLMESGBG"}
8589946880	17179885568	0	2	{"amount": 200000000, "asset_code": "USD", "asset_type": "credit_alphanum4", "asset_issuer": "GC23QF2HUE52AMXUFUH3AYJAXXGXXV2VHXYYR6EYXETPKDXZSAW67XO4"}
8589938688	17179885568	1	3	{"amount": 200000000, "asset_code": "USD", "asset_type": "credit_alphanum4", "asset_issuer": "GC23QF2HUE52AMXUFUH3AYJAXXGXXV2VHXYYR6EYXETPKDXZSAW67XO4"}
8589950976	25769807872	0	2	{"amount": 10, "asset_code": "EUR", "asset_type": "credit_alphanum4", "asset_issuer": "GCQPYGH4K57XBDENKKX55KDTWOTK5WDWRQOH2LHEDX3EKVIQRLMESGBG"}
8589950976	25769807872	1	2	{"amount": 10, "asset_code": "EUR", "asset_type": "credit_alphanum4", "asset_issuer": "GCQPYGH4K57XBDENKKX55KDTWOTK5WDWRQOH2LHEDX3EKVIQRLMESGBG"}
8589955072	25769807872	2	3	{"amount": 10, "asset_code": "USD", "asset_type": "credit_alphanum4", "asset_issuer": "GC23QF2HUE52AMXUFUH3AYJAXXGXXV2VHXYYR6EYXETPKDXZSAW67XO4"}
8589955072	25769807872	3	33	{"seller": "GBXGQJWVLWOYHFLVTKWV5FGHA3LNYY2JQKM7OAJAUEQFU6LPCSEFVXON", "offer_id": 1, "sold_amount": 10, "bought_amount": 10, "sold_asset_code": "USD", "sold_asset_type": "credit_alphanum4", "bought_asset_code": "EUR", "bought_asset_type": "credit_alphanum4", "sold_asset_issuer": "GC23QF2HUE52AMXUFUH3AYJAXXGXXV2VHXYYR6EYXETPKDXZSAW67XO4", "bought_asset_issuer": "GCQPYGH4K57XBDENKKX55KDTWOTK5WDWRQOH2LHEDX3EKVIQRLMESGBG"}
8589946880	25769807872	4	33	{"seller": "GCXKG6RN4ONIEPCMNFB732A436Z5PNDSRLGWK7GBLCMQLIFO4S7EYWVU", "offer_id": 1, "sold_amount": 10, "bought_amount": 10, "sold_asset_code": "EUR", "sold_asset_type": "credit_alphanum4", "bought_asset_code": "USD", "bought_asset_type": "credit_alphanum4", "sold_asset_issuer": "GCQPYGH4K57XBDENKKX55KDTWOTK5WDWRQOH2LHEDX3EKVIQRLMESGBG", "bought_asset_issuer": "GC23QF2HUE52AMXUFUH3AYJAXXGXXV2VHXYYR6EYXETPKDXZSAW67XO4"}
\.


--
-- Data for Name: history_ledgers; Type: TABLE DATA; Schema: public; Owner: -
--

COPY history_ledgers (sequence, ledger_hash, previous_ledger_hash, transaction_count, operation_count, closed_at, created_at, updated_at, id, importer_version) FROM stdin;
1	e8e10918f9c000c73119abe54cf089f59f9015cc93c49ccf00b5e8b9afb6e6b1	\N	0	0	1970-01-01 00:00:00	2015-08-27 21:36:00.119624	2015-08-27 21:36:00.119624	4294967296	1
2	592b2c6a774ca9260d61b7c66d108c590c2673d9555e1ec848c984c9ca7ce5e1	e8e10918f9c000c73119abe54cf089f59f9015cc93c49ccf00b5e8b9afb6e6b1	5	5	2015-08-27 21:35:58	2015-08-27 21:36:00.130597	2015-08-27 21:36:00.130597	8589934592	1
3	80aa940c3929aa799c32122d304d4f693e2fb761d027293aca805c8aeb8df29d	592b2c6a774ca9260d61b7c66d108c590c2673d9555e1ec848c984c9ca7ce5e1	4	4	2015-08-27 21:35:59	2015-08-27 21:36:00.260256	2015-08-27 21:36:00.260256	12884901888	1
4	00e63b7746af579571086ee2baf96a862a9cc78fd4aec721bad856026e18bfa0	80aa940c3929aa799c32122d304d4f693e2fb761d027293aca805c8aeb8df29d	4	4	2015-08-27 21:36:00	2015-08-27 21:36:00.321589	2015-08-27 21:36:00.321589	17179869184	1
5	b2ed8b6f8b35a1b0acb19335d75b6c143664f2a808e09280a8862c1a6ad44176	00e63b7746af579571086ee2baf96a862a9cc78fd4aec721bad856026e18bfa0	1	1	2015-08-27 21:36:01	2015-08-27 21:36:00.406247	2015-08-27 21:36:00.406247	21474836480	1
6	4e71adbeb795eb51a7ad6f2866a89035adefdb7f921bcbc54f391b28e5056f6c	b2ed8b6f8b35a1b0acb19335d75b6c143664f2a808e09280a8862c1a6ad44176	1	1	2015-08-27 21:36:02	2015-08-27 21:36:00.433733	2015-08-27 21:36:00.433733	25769803776	1
\.


--
-- Data for Name: history_operation_participants; Type: TABLE DATA; Schema: public; Owner: -
--

COPY history_operation_participants (id, history_operation_id, history_account_id) FROM stdin;
82	8589938688	0
83	8589938688	8589938688
84	8589942784	0
85	8589942784	8589942784
86	8589946880	0
87	8589946880	8589946880
88	8589950976	0
89	8589950976	8589950976
90	8589955072	0
91	8589955072	8589955072
92	12884905984	8589950976
93	12884910080	8589955072
94	12884914176	8589946880
95	12884918272	8589946880
96	17179873280	8589942784
97	17179873280	8589946880
98	17179877376	8589938688
99	17179877376	8589955072
100	17179881472	8589942784
101	17179881472	8589950976
102	17179885568	8589938688
103	17179885568	8589946880
104	21474840576	8589946880
105	25769807872	8589950976
106	25769807872	8589955072
\.


--
-- Name: history_operation_participants_id_seq; Type: SEQUENCE SET; Schema: public; Owner: -
--

SELECT pg_catalog.setval('history_operation_participants_id_seq', 106, true);


--
-- Data for Name: history_operations; Type: TABLE DATA; Schema: public; Owner: -
--

COPY history_operations (id, transaction_id, application_order, type, details) FROM stdin;
8589938688	8589938688	0	0	{"funder": "GCEZWKCA5VLDNRLN3RPRJMRZOX3Z6G5CHCGSNFHEYVXM3XOJMDS674JZ", "account": "GC23QF2HUE52AMXUFUH3AYJAXXGXXV2VHXYYR6EYXETPKDXZSAW67XO4", "starting_balance": 1000000000}
8589942784	8589942784	0	0	{"funder": "GCEZWKCA5VLDNRLN3RPRJMRZOX3Z6G5CHCGSNFHEYVXM3XOJMDS674JZ", "account": "GCQPYGH4K57XBDENKKX55KDTWOTK5WDWRQOH2LHEDX3EKVIQRLMESGBG", "starting_balance": 1000000000}
8589946880	8589946880	0	0	{"funder": "GCEZWKCA5VLDNRLN3RPRJMRZOX3Z6G5CHCGSNFHEYVXM3XOJMDS674JZ", "account": "GBXGQJWVLWOYHFLVTKWV5FGHA3LNYY2JQKM7OAJAUEQFU6LPCSEFVXON", "starting_balance": 1000000000}
8589950976	8589950976	0	0	{"funder": "GCEZWKCA5VLDNRLN3RPRJMRZOX3Z6G5CHCGSNFHEYVXM3XOJMDS674JZ", "account": "GA5WBPYA5Y4WAEHXWR2UKO2UO4BUGHUQ74EUPKON2QHV4WRHOIRNKKH2", "starting_balance": 1000000000}
8589955072	8589955072	0	0	{"funder": "GCEZWKCA5VLDNRLN3RPRJMRZOX3Z6G5CHCGSNFHEYVXM3XOJMDS674JZ", "account": "GCXKG6RN4ONIEPCMNFB732A436Z5PNDSRLGWK7GBLCMQLIFO4S7EYWVU", "starting_balance": 1000000000}
12884905984	12884905984	0	6	{"limit": 9223372036854775807, "trustee": "GCQPYGH4K57XBDENKKX55KDTWOTK5WDWRQOH2LHEDX3EKVIQRLMESGBG", "trustor": "GA5WBPYA5Y4WAEHXWR2UKO2UO4BUGHUQ74EUPKON2QHV4WRHOIRNKKH2", "asset_code": "EUR", "asset_type": "credit_alphanum4", "asset_issuer": "GCQPYGH4K57XBDENKKX55KDTWOTK5WDWRQOH2LHEDX3EKVIQRLMESGBG"}
12884910080	12884910080	0	6	{"limit": 9223372036854775807, "trustee": "GC23QF2HUE52AMXUFUH3AYJAXXGXXV2VHXYYR6EYXETPKDXZSAW67XO4", "trustor": "GCXKG6RN4ONIEPCMNFB732A436Z5PNDSRLGWK7GBLCMQLIFO4S7EYWVU", "asset_code": "USD", "asset_type": "credit_alphanum4", "asset_issuer": "GC23QF2HUE52AMXUFUH3AYJAXXGXXV2VHXYYR6EYXETPKDXZSAW67XO4"}
12884914176	12884914176	0	6	{"limit": 9223372036854775807, "trustee": "GC23QF2HUE52AMXUFUH3AYJAXXGXXV2VHXYYR6EYXETPKDXZSAW67XO4", "trustor": "GBXGQJWVLWOYHFLVTKWV5FGHA3LNYY2JQKM7OAJAUEQFU6LPCSEFVXON", "asset_code": "USD", "asset_type": "credit_alphanum4", "asset_issuer": "GC23QF2HUE52AMXUFUH3AYJAXXGXXV2VHXYYR6EYXETPKDXZSAW67XO4"}
12884918272	12884918272	0	6	{"limit": 9223372036854775807, "trustee": "GCQPYGH4K57XBDENKKX55KDTWOTK5WDWRQOH2LHEDX3EKVIQRLMESGBG", "trustor": "GBXGQJWVLWOYHFLVTKWV5FGHA3LNYY2JQKM7OAJAUEQFU6LPCSEFVXON", "asset_code": "EUR", "asset_type": "credit_alphanum4", "asset_issuer": "GCQPYGH4K57XBDENKKX55KDTWOTK5WDWRQOH2LHEDX3EKVIQRLMESGBG"}
17179873280	17179873280	0	1	{"to": "GBXGQJWVLWOYHFLVTKWV5FGHA3LNYY2JQKM7OAJAUEQFU6LPCSEFVXON", "from": "GCQPYGH4K57XBDENKKX55KDTWOTK5WDWRQOH2LHEDX3EKVIQRLMESGBG", "amount": 200000000, "asset_code": "EUR", "asset_type": "credit_alphanum4", "asset_issuer": "GCQPYGH4K57XBDENKKX55KDTWOTK5WDWRQOH2LHEDX3EKVIQRLMESGBG"}
17179877376	17179877376	0	1	{"to": "GCXKG6RN4ONIEPCMNFB732A436Z5PNDSRLGWK7GBLCMQLIFO4S7EYWVU", "from": "GC23QF2HUE52AMXUFUH3AYJAXXGXXV2VHXYYR6EYXETPKDXZSAW67XO4", "amount": 1000000000, "asset_code": "USD", "asset_type": "credit_alphanum4", "asset_issuer": "GC23QF2HUE52AMXUFUH3AYJAXXGXXV2VHXYYR6EYXETPKDXZSAW67XO4"}
17179881472	17179881472	0	1	{"to": "GA5WBPYA5Y4WAEHXWR2UKO2UO4BUGHUQ74EUPKON2QHV4WRHOIRNKKH2", "from": "GCQPYGH4K57XBDENKKX55KDTWOTK5WDWRQOH2LHEDX3EKVIQRLMESGBG", "amount": 1000000000, "asset_code": "EUR", "asset_type": "credit_alphanum4", "asset_issuer": "GCQPYGH4K57XBDENKKX55KDTWOTK5WDWRQOH2LHEDX3EKVIQRLMESGBG"}
17179885568	17179885568	0	1	{"to": "GBXGQJWVLWOYHFLVTKWV5FGHA3LNYY2JQKM7OAJAUEQFU6LPCSEFVXON", "from": "GC23QF2HUE52AMXUFUH3AYJAXXGXXV2VHXYYR6EYXETPKDXZSAW67XO4", "amount": 200000000, "asset_code": "USD", "asset_type": "credit_alphanum4", "asset_issuer": "GC23QF2HUE52AMXUFUH3AYJAXXGXXV2VHXYYR6EYXETPKDXZSAW67XO4"}
21474840576	21474840576	0	3	{"price": {"d": 1, "n": 1}, "amount": 200000000, "offer_id": 0, "buying_asset_code": "USD", "buying_asset_type": "credit_alphanum4", "selling_asset_code": "EUR", "selling_asset_type": "credit_alphanum4", "buying_asset_issuer": "GC23QF2HUE52AMXUFUH3AYJAXXGXXV2VHXYYR6EYXETPKDXZSAW67XO4", "selling_asset_issuer": "GCQPYGH4K57XBDENKKX55KDTWOTK5WDWRQOH2LHEDX3EKVIQRLMESGBG"}
25769807872	25769807872	0	2	{"to": "GA5WBPYA5Y4WAEHXWR2UKO2UO4BUGHUQ74EUPKON2QHV4WRHOIRNKKH2", "from": "GCXKG6RN4ONIEPCMNFB732A436Z5PNDSRLGWK7GBLCMQLIFO4S7EYWVU", "amount": 10, "asset_code": "EUR", "asset_type": "credit_alphanum4", "asset_issuer": "GCQPYGH4K57XBDENKKX55KDTWOTK5WDWRQOH2LHEDX3EKVIQRLMESGBG", "source_amount": 10, "send_asset_code": "USD", "send_asset_type": "credit_alphanum4", "send_asset_issuer": "GC23QF2HUE52AMXUFUH3AYJAXXGXXV2VHXYYR6EYXETPKDXZSAW67XO4"}
\.


--
-- Data for Name: history_transaction_participants; Type: TABLE DATA; Schema: public; Owner: -
--

COPY history_transaction_participants (id, transaction_hash, account, created_at, updated_at) FROM stdin;
77	2433f90e42d2bc8a8047b1561dfd2e4919452ccca845b34fb4a791fdf54ef697	GCEZWKCA5VLDNRLN3RPRJMRZOX3Z6G5CHCGSNFHEYVXM3XOJMDS674JZ	2015-08-27 21:36:00.136609	2015-08-27 21:36:00.136609
78	2433f90e42d2bc8a8047b1561dfd2e4919452ccca845b34fb4a791fdf54ef697	GC23QF2HUE52AMXUFUH3AYJAXXGXXV2VHXYYR6EYXETPKDXZSAW67XO4	2015-08-27 21:36:00.137732	2015-08-27 21:36:00.137732
79	78549d521218d33b16bf87ba3684f62959ef8fdf592101591893537c69f14ec4	GCEZWKCA5VLDNRLN3RPRJMRZOX3Z6G5CHCGSNFHEYVXM3XOJMDS674JZ	2015-08-27 21:36:00.160956	2015-08-27 21:36:00.160956
80	78549d521218d33b16bf87ba3684f62959ef8fdf592101591893537c69f14ec4	GCQPYGH4K57XBDENKKX55KDTWOTK5WDWRQOH2LHEDX3EKVIQRLMESGBG	2015-08-27 21:36:00.162056	2015-08-27 21:36:00.162056
81	aa810ffa52e4574337d24b34950fa0d1970ae42aded04f684d551d82cef3b4db	GCEZWKCA5VLDNRLN3RPRJMRZOX3Z6G5CHCGSNFHEYVXM3XOJMDS674JZ	2015-08-27 21:36:00.184203	2015-08-27 21:36:00.184203
82	aa810ffa52e4574337d24b34950fa0d1970ae42aded04f684d551d82cef3b4db	GBXGQJWVLWOYHFLVTKWV5FGHA3LNYY2JQKM7OAJAUEQFU6LPCSEFVXON	2015-08-27 21:36:00.185512	2015-08-27 21:36:00.185512
83	f79c0d169c2c7ade7ff7f53348c5b807bbc1bff6206a93b0bc1c78da044cd78d	GCEZWKCA5VLDNRLN3RPRJMRZOX3Z6G5CHCGSNFHEYVXM3XOJMDS674JZ	2015-08-27 21:36:00.206464	2015-08-27 21:36:00.206464
84	f79c0d169c2c7ade7ff7f53348c5b807bbc1bff6206a93b0bc1c78da044cd78d	GA5WBPYA5Y4WAEHXWR2UKO2UO4BUGHUQ74EUPKON2QHV4WRHOIRNKKH2	2015-08-27 21:36:00.207589	2015-08-27 21:36:00.207589
85	b6b08e996d1951aa25cb57529d1c28a16dfe41a63d88ee1be4594e30f63eb85a	GCEZWKCA5VLDNRLN3RPRJMRZOX3Z6G5CHCGSNFHEYVXM3XOJMDS674JZ	2015-08-27 21:36:00.228905	2015-08-27 21:36:00.228905
86	b6b08e996d1951aa25cb57529d1c28a16dfe41a63d88ee1be4594e30f63eb85a	GCXKG6RN4ONIEPCMNFB732A436Z5PNDSRLGWK7GBLCMQLIFO4S7EYWVU	2015-08-27 21:36:00.229907	2015-08-27 21:36:00.229907
87	0bd570cda972719d99e8d262fa9ad5cc3efb1e729114c0dc11b65f74b5976b59	GA5WBPYA5Y4WAEHXWR2UKO2UO4BUGHUQ74EUPKON2QHV4WRHOIRNKKH2	2015-08-27 21:36:00.265234	2015-08-27 21:36:00.265234
88	7ade60aaf8cae0e43d615389eddcf8ccb35c0a2cc80916f3153431af728dda4b	GCXKG6RN4ONIEPCMNFB732A436Z5PNDSRLGWK7GBLCMQLIFO4S7EYWVU	2015-08-27 21:36:00.277019	2015-08-27 21:36:00.277019
89	df4c6ac90b1676dbd14700ce39baac52c8d9a0cac8b084b845e4ad1ec7f2c061	GBXGQJWVLWOYHFLVTKWV5FGHA3LNYY2JQKM7OAJAUEQFU6LPCSEFVXON	2015-08-27 21:36:00.289597	2015-08-27 21:36:00.289597
90	0dc24f5f641ece05450c8e91417974b87c1fc36d4c9998e8aebdea8e13b394eb	GBXGQJWVLWOYHFLVTKWV5FGHA3LNYY2JQKM7OAJAUEQFU6LPCSEFVXON	2015-08-27 21:36:00.301112	2015-08-27 21:36:00.301112
91	840aa82e8945222305d0fc44610942da755330caed102d5d463b7b9615cf5090	GCQPYGH4K57XBDENKKX55KDTWOTK5WDWRQOH2LHEDX3EKVIQRLMESGBG	2015-08-27 21:36:00.326249	2015-08-27 21:36:00.326249
92	327b065a438361fa1173861683eee57c88fc190aa8ea1dd19faee93aaed2a618	GC23QF2HUE52AMXUFUH3AYJAXXGXXV2VHXYYR6EYXETPKDXZSAW67XO4	2015-08-27 21:36:00.343664	2015-08-27 21:36:00.343664
93	344ca8641e64636001eda48e407c4ffb2fd7471411ac89511db5384834ec6a59	GCQPYGH4K57XBDENKKX55KDTWOTK5WDWRQOH2LHEDX3EKVIQRLMESGBG	2015-08-27 21:36:00.362364	2015-08-27 21:36:00.362364
94	6cc420ebc8b5c0dd5b8444a4564627cf172b673bacc8df8ce558e064c99344ee	GC23QF2HUE52AMXUFUH3AYJAXXGXXV2VHXYYR6EYXETPKDXZSAW67XO4	2015-08-27 21:36:00.378756	2015-08-27 21:36:00.378756
95	b90cc19c414426269ce9c245d7b079c34735a6d8a7afca594ce7cc362673269a	GBXGQJWVLWOYHFLVTKWV5FGHA3LNYY2JQKM7OAJAUEQFU6LPCSEFVXON	2015-08-27 21:36:00.412018	2015-08-27 21:36:00.412018
96	c3399f16ed7edb2327fb8b44fe6af021eab1ab1f3d48bcca3ca4eb0fb4d47773	GCXKG6RN4ONIEPCMNFB732A436Z5PNDSRLGWK7GBLCMQLIFO4S7EYWVU	2015-08-27 21:36:00.439483	2015-08-27 21:36:00.439483
\.


--
-- Name: history_transaction_participants_id_seq; Type: SEQUENCE SET; Schema: public; Owner: -
--

SELECT pg_catalog.setval('history_transaction_participants_id_seq', 96, true);


--
-- Data for Name: history_transaction_statuses; Type: TABLE DATA; Schema: public; Owner: -
--

COPY history_transaction_statuses (id, result_code_s, result_code) FROM stdin;
\.


--
-- Name: history_transaction_statuses_id_seq; Type: SEQUENCE SET; Schema: public; Owner: -
--

SELECT pg_catalog.setval('history_transaction_statuses_id_seq', 1, false);


--
-- Data for Name: history_transactions; Type: TABLE DATA; Schema: public; Owner: -
--

COPY history_transactions (transaction_hash, ledger_sequence, application_order, account, account_sequence, max_fee, fee_paid, operation_count, transaction_status_id, created_at, updated_at, id, tx_envelope, tx_result, tx_meta) FROM stdin;
2433f90e42d2bc8a8047b1561dfd2e4919452ccca845b34fb4a791fdf54ef697	2	1	GCEZWKCA5VLDNRLN3RPRJMRZOX3Z6G5CHCGSNFHEYVXM3XOJMDS674JZ	1	10	10	1	-1	2015-08-27 21:36:00.134096	2015-08-27 21:36:00.134096	8589938688	AAAAAImbKEDtVjbFbdxfFLI5dfefG6I4jSaU5MVuzd3JYOXvAAAACgAAAAAAAAABAAAAAAAAAAAAAAABAAAAAAAAAAAAAAAAtbgXR6E7oDL0LQ+wYSC9zXvXVT3xiPiYuSb1DvmQLe8AAAAAO5rKAAAAAAAAAAAByWDl7wAAAEAeFujN9NgorgCnC8a0GTdC9NNILYXq/YCuv8MGsjo+VWcoKuhZMP33t37nwKepk7g5UEzfUas156A6Xpk5veQO	JDP5DkLSvIqAR7FWHf0uSRlFLMyoRbNPtKeR/fVO9pcAAAAAAAAACgAAAAAAAAABAAAAAAAAAAAAAAAAAAAAAA==	AAAAAAAAAAEAAAABAAAAAAAAAACJmyhA7VY2xW3cXxSyOXX3nxuiOI0mlOTFbs3dyWDl7wFjRXhdif/2AAAAAAAAAAEAAAAAAAAAAAAAAAAAAAAAAQAAAAAAAAAAAAAAAAAAAQAAAAIAAAAAAAAAAAAAAAC1uBdHoTugMvQtD7BhIL3Ne9dVPfGI+Ji5JvUO+ZAt7wAAAAA7msoAAAAAAgAAAAAAAAAAAAAAAAAAAAAAAAAAAQAAAAAAAAAAAAAAAAAAAQAAAAAAAAAAiZsoQO1WNsVt3F8Usjl1958bojiNJpTkxW7N3clg5e8BY0V4Ie819gAAAAAAAAABAAAAAAAAAAAAAAAAAAAAAAEAAAAAAAAAAAAAAA==
78549d521218d33b16bf87ba3684f62959ef8fdf592101591893537c69f14ec4	2	2	GCEZWKCA5VLDNRLN3RPRJMRZOX3Z6G5CHCGSNFHEYVXM3XOJMDS674JZ	2	10	10	1	-1	2015-08-27 21:36:00.158608	2015-08-27 21:36:00.158608	8589942784	AAAAAImbKEDtVjbFbdxfFLI5dfefG6I4jSaU5MVuzd3JYOXvAAAACgAAAAAAAAACAAAAAAAAAAAAAAABAAAAAAAAAAAAAAAAoPwY/Fd/cIyNUq/eqHOzpq7YdowcfSzkHfZFVRCK2EkAAAAAO5rKAAAAAAAAAAAByWDl7wAAAEAnolXv7zSWxhAnk8Ni5dTgqDhnVPntFKUak5Ou5Qb4chkM/Eg8Xvx9lMuRR0v7PyU/rl4DYPhGcdP5F/uTGE8O	eFSdUhIY0zsWv4e6NoT2KVnvj99ZIQFZGJNTfGnxTsQAAAAAAAAACgAAAAAAAAABAAAAAAAAAAAAAAAAAAAAAA==	AAAAAAAAAAEAAAABAAAAAAAAAACJmyhA7VY2xW3cXxSyOXX3nxuiOI0mlOTFbs3dyWDl7wFjRXgh7zXsAAAAAAAAAAIAAAAAAAAAAAAAAAAAAAAAAQAAAAAAAAAAAAAAAAAAAQAAAAIAAAAAAAAAAAAAAACg/Bj8V39wjI1Sr96oc7Omrth2jBx9LOQd9kVVEIrYSQAAAAA7msoAAAAAAgAAAAAAAAAAAAAAAAAAAAAAAAAAAQAAAAAAAAAAAAAAAAAAAQAAAAAAAAAAiZsoQO1WNsVt3F8Usjl1958bojiNJpTkxW7N3clg5e8BY0V35lRr7AAAAAAAAAACAAAAAAAAAAAAAAAAAAAAAAEAAAAAAAAAAAAAAA==
aa810ffa52e4574337d24b34950fa0d1970ae42aded04f684d551d82cef3b4db	2	3	GCEZWKCA5VLDNRLN3RPRJMRZOX3Z6G5CHCGSNFHEYVXM3XOJMDS674JZ	3	10	10	1	-1	2015-08-27 21:36:00.181743	2015-08-27 21:36:00.181743	8589946880	AAAAAImbKEDtVjbFbdxfFLI5dfefG6I4jSaU5MVuzd3JYOXvAAAACgAAAAAAAAADAAAAAAAAAAAAAAABAAAAAAAAAAAAAAAAbmgm1V2dg5V1mq1elMcG1txjSYKZ9wEgoSBaeW8UiFoAAAAAO5rKAAAAAAAAAAAByWDl7wAAAECEDyjgoW1PJ+GPLiTUPyTNk/gmGWU+B1RFlK4lrBWoHvayKjjsHslsuiB4hk6r/Xk0mwtDHNmWry0fOrqMwTML	qoEP+lLkV0M30ks0lQ+g0ZcK5Cre0E9oTVUdgs7ztNsAAAAAAAAACgAAAAAAAAABAAAAAAAAAAAAAAAAAAAAAA==	AAAAAAAAAAEAAAABAAAAAAAAAACJmyhA7VY2xW3cXxSyOXX3nxuiOI0mlOTFbs3dyWDl7wFjRXfmVGviAAAAAAAAAAMAAAAAAAAAAAAAAAAAAAAAAQAAAAAAAAAAAAAAAAAAAQAAAAIAAAAAAAAAAAAAAABuaCbVXZ2DlXWarV6UxwbW3GNJgpn3ASChIFp5bxSIWgAAAAA7msoAAAAAAgAAAAAAAAAAAAAAAAAAAAAAAAAAAQAAAAAAAAAAAAAAAAAAAQAAAAAAAAAAiZsoQO1WNsVt3F8Usjl1958bojiNJpTkxW7N3clg5e8BY0V3qrmh4gAAAAAAAAADAAAAAAAAAAAAAAAAAAAAAAEAAAAAAAAAAAAAAA==
f79c0d169c2c7ade7ff7f53348c5b807bbc1bff6206a93b0bc1c78da044cd78d	2	4	GCEZWKCA5VLDNRLN3RPRJMRZOX3Z6G5CHCGSNFHEYVXM3XOJMDS674JZ	4	10	10	1	-1	2015-08-27 21:36:00.204275	2015-08-27 21:36:00.204275	8589950976	AAAAAImbKEDtVjbFbdxfFLI5dfefG6I4jSaU5MVuzd3JYOXvAAAACgAAAAAAAAAEAAAAAAAAAAAAAAABAAAAAAAAAAAAAAAAO2C/AO45YBD3tHVFO1R3A0MekP8JR6nN1A9eWidyItUAAAAAO5rKAAAAAAAAAAAByWDl7wAAAEBgWd8S/h7srgA6Q49txqMZ/M5A+PcORzI5SUbW3D2Kzy9HbXMA4Q+4+rDqXh0euRvayOCY7ZPegObpdDvlTxYC	95wNFpwset5/9/UzSMW4B7vBv/YgapOwvBx42gRM140AAAAAAAAACgAAAAAAAAABAAAAAAAAAAAAAAAAAAAAAA==	AAAAAAAAAAEAAAABAAAAAAAAAACJmyhA7VY2xW3cXxSyOXX3nxuiOI0mlOTFbs3dyWDl7wFjRXequaHYAAAAAAAAAAQAAAAAAAAAAAAAAAAAAAAAAQAAAAAAAAAAAAAAAAAAAQAAAAIAAAAAAAAAAAAAAAA7YL8A7jlgEPe0dUU7VHcDQx6Q/wlHqc3UD15aJ3Ii1QAAAAA7msoAAAAAAgAAAAAAAAAAAAAAAAAAAAAAAAAAAQAAAAAAAAAAAAAAAAAAAQAAAAAAAAAAiZsoQO1WNsVt3F8Usjl1958bojiNJpTkxW7N3clg5e8BY0V3bx7X2AAAAAAAAAAEAAAAAAAAAAAAAAAAAAAAAAEAAAAAAAAAAAAAAA==
b6b08e996d1951aa25cb57529d1c28a16dfe41a63d88ee1be4594e30f63eb85a	2	5	GCEZWKCA5VLDNRLN3RPRJMRZOX3Z6G5CHCGSNFHEYVXM3XOJMDS674JZ	5	10	10	1	-1	2015-08-27 21:36:00.22683	2015-08-27 21:36:00.22683	8589955072	AAAAAImbKEDtVjbFbdxfFLI5dfefG6I4jSaU5MVuzd3JYOXvAAAACgAAAAAAAAAFAAAAAAAAAAAAAAABAAAAAAAAAAAAAAAArqN6LeOagjxMaUP96Bzfs9e0corNZXzBWJkFoK7kvkwAAAAAO5rKAAAAAAAAAAAByWDl7wAAAEAVCgwfT1knqw6RcXt5TclTi/n3gq1gSAGrx80CNkamF5t58aegdBWbxGL5P9vhnmBPwwy/uFBjzBGu06Bgau0G	trCOmW0ZUaoly1dSnRwooW3+QaY9iO4b5FlOMPY+uFoAAAAAAAAACgAAAAAAAAABAAAAAAAAAAAAAAAAAAAAAA==	AAAAAAAAAAEAAAABAAAAAAAAAACJmyhA7VY2xW3cXxSyOXX3nxuiOI0mlOTFbs3dyWDl7wFjRXdvHtfOAAAAAAAAAAUAAAAAAAAAAAAAAAAAAAAAAQAAAAAAAAAAAAAAAAAAAQAAAAIAAAAAAAAAAAAAAACuo3ot45qCPExpQ/3oHN+z17Ryis1lfMFYmQWgruS+TAAAAAA7msoAAAAAAgAAAAAAAAAAAAAAAAAAAAAAAAAAAQAAAAAAAAAAAAAAAAAAAQAAAAAAAAAAiZsoQO1WNsVt3F8Usjl1958bojiNJpTkxW7N3clg5e8BY0V3M4QNzgAAAAAAAAAFAAAAAAAAAAAAAAAAAAAAAAEAAAAAAAAAAAAAAA==
0bd570cda972719d99e8d262fa9ad5cc3efb1e729114c0dc11b65f74b5976b59	3	1	GA5WBPYA5Y4WAEHXWR2UKO2UO4BUGHUQ74EUPKON2QHV4WRHOIRNKKH2	8589934593	10	10	1	-1	2015-08-27 21:36:00.263135	2015-08-27 21:36:00.263135	12884905984	AAAAADtgvwDuOWAQ97R1RTtUdwNDHpD/CUepzdQPXlonciLVAAAACgAAAAIAAAABAAAAAAAAAAAAAAABAAAAAAAAAAYAAAABRVVSAAAAAACg/Bj8V39wjI1Sr96oc7Omrth2jBx9LOQd9kVVEIrYSX//////////AAAAAAAAAAEnciLVAAAAQNdRY0yxdzG+YR/lHP40lJJTIK0MVUuKAFtBtYMl23DoHu/lPvj+aSGNi+KsxtjXpVVA5dmbIPeS+k61j/gx9Qw=	C9VwzalycZ2Z6NJi+prVzD77HnKRFMDcEbZfdLWXa1kAAAAAAAAACgAAAAAAAAABAAAAAAAAAAYAAAAAAAAAAA==	AAAAAAAAAAEAAAABAAAAAAAAAAA7YL8A7jlgEPe0dUU7VHcDQx6Q/wlHqc3UD15aJ3Ii1QAAAAA7msn2AAAAAgAAAAEAAAAAAAAAAAAAAAAAAAAAAQAAAAAAAAAAAAAAAAAAAQAAAAIAAAAAAAAAAQAAAAA7YL8A7jlgEPe0dUU7VHcDQx6Q/wlHqc3UD15aJ3Ii1QAAAAFFVVIAAAAAAKD8GPxXf3CMjVKv3qhzs6au2HaMHH0s5B32RVUQithJAAAAAAAAAAB//////////wAAAAEAAAAAAAAAAQAAAAAAAAAAO2C/AO45YBD3tHVFO1R3A0MekP8JR6nN1A9eWidyItUAAAAAO5rJ9gAAAAIAAAABAAAAAQAAAAAAAAAAAAAAAAEAAAAAAAAAAAAAAA==
7ade60aaf8cae0e43d615389eddcf8ccb35c0a2cc80916f3153431af728dda4b	3	2	GCXKG6RN4ONIEPCMNFB732A436Z5PNDSRLGWK7GBLCMQLIFO4S7EYWVU	8589934593	10	10	1	-1	2015-08-27 21:36:00.275018	2015-08-27 21:36:00.275018	12884910080	AAAAAK6jei3jmoI8TGlD/egc37PXtHKKzWV8wViZBaCu5L5MAAAACgAAAAIAAAABAAAAAAAAAAAAAAABAAAAAAAAAAYAAAABVVNEAAAAAAC1uBdHoTugMvQtD7BhIL3Ne9dVPfGI+Ji5JvUO+ZAt73//////////AAAAAAAAAAGu5L5MAAAAQBNNf5QVwgCyQ6ApWHwbYIv5F3TG676ur37yue2kTY8pojx9X0T6LzGntDy6npPyrL7rtvYm3jTdHMLRrYG9awI=	et5gqvjK4OQ9YVOJ7dz4zLNcCizICRbzFTQxr3KN2ksAAAAAAAAACgAAAAAAAAABAAAAAAAAAAYAAAAAAAAAAA==	AAAAAAAAAAEAAAABAAAAAAAAAACuo3ot45qCPExpQ/3oHN+z17Ryis1lfMFYmQWgruS+TAAAAAA7msn2AAAAAgAAAAEAAAAAAAAAAAAAAAAAAAAAAQAAAAAAAAAAAAAAAAAAAQAAAAIAAAAAAAAAAQAAAACuo3ot45qCPExpQ/3oHN+z17Ryis1lfMFYmQWgruS+TAAAAAFVU0QAAAAAALW4F0ehO6Ay9C0PsGEgvc1711U98Yj4mLkm9Q75kC3vAAAAAAAAAAB//////////wAAAAEAAAAAAAAAAQAAAAAAAAAArqN6LeOagjxMaUP96Bzfs9e0corNZXzBWJkFoK7kvkwAAAAAO5rJ9gAAAAIAAAABAAAAAQAAAAAAAAAAAAAAAAEAAAAAAAAAAAAAAA==
df4c6ac90b1676dbd14700ce39baac52c8d9a0cac8b084b845e4ad1ec7f2c061	3	3	GBXGQJWVLWOYHFLVTKWV5FGHA3LNYY2JQKM7OAJAUEQFU6LPCSEFVXON	8589934593	10	10	1	-1	2015-08-27 21:36:00.287706	2015-08-27 21:36:00.287706	12884914176	AAAAAG5oJtVdnYOVdZqtXpTHBtbcY0mCmfcBIKEgWnlvFIhaAAAACgAAAAIAAAABAAAAAAAAAAAAAAABAAAAAAAAAAYAAAABVVNEAAAAAAC1uBdHoTugMvQtD7BhIL3Ne9dVPfGI+Ji5JvUO+ZAt73//////////AAAAAAAAAAFvFIhaAAAAQHY8b1kz0Jac+HvyPDvSIh1YgZ98ujV9QhcDT5IGnCkSxpSitLayuYAuv3hGT14NzT2apINyd80WICYOnDJE1AM=	30xqyQsWdtvRRwDOObqsUsjZoMrIsIS4ReStHsfywGEAAAAAAAAACgAAAAAAAAABAAAAAAAAAAYAAAAAAAAAAA==	AAAAAAAAAAEAAAABAAAAAAAAAABuaCbVXZ2DlXWarV6UxwbW3GNJgpn3ASChIFp5bxSIWgAAAAA7msn2AAAAAgAAAAEAAAAAAAAAAAAAAAAAAAAAAQAAAAAAAAAAAAAAAAAAAQAAAAIAAAAAAAAAAQAAAABuaCbVXZ2DlXWarV6UxwbW3GNJgpn3ASChIFp5bxSIWgAAAAFVU0QAAAAAALW4F0ehO6Ay9C0PsGEgvc1711U98Yj4mLkm9Q75kC3vAAAAAAAAAAB//////////wAAAAEAAAAAAAAAAQAAAAAAAAAAbmgm1V2dg5V1mq1elMcG1txjSYKZ9wEgoSBaeW8UiFoAAAAAO5rJ9gAAAAIAAAABAAAAAQAAAAAAAAAAAAAAAAEAAAAAAAAAAAAAAA==
0dc24f5f641ece05450c8e91417974b87c1fc36d4c9998e8aebdea8e13b394eb	3	4	GBXGQJWVLWOYHFLVTKWV5FGHA3LNYY2JQKM7OAJAUEQFU6LPCSEFVXON	8589934594	10	10	1	-1	2015-08-27 21:36:00.299142	2015-08-27 21:36:00.299142	12884918272	AAAAAG5oJtVdnYOVdZqtXpTHBtbcY0mCmfcBIKEgWnlvFIhaAAAACgAAAAIAAAACAAAAAAAAAAAAAAABAAAAAAAAAAYAAAABRVVSAAAAAACg/Bj8V39wjI1Sr96oc7Omrth2jBx9LOQd9kVVEIrYSX//////////AAAAAAAAAAFvFIhaAAAAQG5zniZ/TsQ4WMhJ26JI2jYdXogxWjyRFOU11l3S4orBguYJGhov1PCtYI6S8uj5wMS29LCvSDGK2GOQ0xAe9QI=	DcJPX2QezgVFDI6RQXl0uHwfw21MmZjorr3qjhOzlOsAAAAAAAAACgAAAAAAAAABAAAAAAAAAAYAAAAAAAAAAA==	AAAAAAAAAAEAAAABAAAAAAAAAABuaCbVXZ2DlXWarV6UxwbW3GNJgpn3ASChIFp5bxSIWgAAAAA7msnsAAAAAgAAAAIAAAABAAAAAAAAAAAAAAAAAQAAAAAAAAAAAAAAAAAAAQAAAAIAAAAAAAAAAQAAAABuaCbVXZ2DlXWarV6UxwbW3GNJgpn3ASChIFp5bxSIWgAAAAFFVVIAAAAAAKD8GPxXf3CMjVKv3qhzs6au2HaMHH0s5B32RVUQithJAAAAAAAAAAB//////////wAAAAEAAAAAAAAAAQAAAAAAAAAAbmgm1V2dg5V1mq1elMcG1txjSYKZ9wEgoSBaeW8UiFoAAAAAO5rJ7AAAAAIAAAACAAAAAgAAAAAAAAAAAAAAAAEAAAAAAAAAAAAAAA==
840aa82e8945222305d0fc44610942da755330caed102d5d463b7b9615cf5090	4	1	GCQPYGH4K57XBDENKKX55KDTWOTK5WDWRQOH2LHEDX3EKVIQRLMESGBG	8589934593	10	10	1	-1	2015-08-27 21:36:00.324308	2015-08-27 21:36:00.324308	17179873280	AAAAAKD8GPxXf3CMjVKv3qhzs6au2HaMHH0s5B32RVUQithJAAAACgAAAAIAAAABAAAAAAAAAAAAAAABAAAAAAAAAAEAAAAAbmgm1V2dg5V1mq1elMcG1txjSYKZ9wEgoSBaeW8UiFoAAAABRVVSAAAAAACg/Bj8V39wjI1Sr96oc7Omrth2jBx9LOQd9kVVEIrYSQAAAAAL68IAAAAAAAAAAAEQithJAAAAQB3DZaHIWx2apcqTEt2thFswHIcE05XtM8L3RhJS+AcHi+oFPH7WpX4SzJiUry+FHDOaDxn3CiYTz5D5cuMtSwM=	hAqoLolFIiMF0PxEYQlC2nVTMMrtEC1dRjt7lhXPUJAAAAAAAAAACgAAAAAAAAABAAAAAAAAAAEAAAAAAAAAAA==	AAAAAAAAAAEAAAABAAAAAAAAAACg/Bj8V39wjI1Sr96oc7Omrth2jBx9LOQd9kVVEIrYSQAAAAA7msn2AAAAAgAAAAEAAAAAAAAAAAAAAAAAAAAAAQAAAAAAAAAAAAAAAAAAAQAAAAEAAAABAAAAAQAAAABuaCbVXZ2DlXWarV6UxwbW3GNJgpn3ASChIFp5bxSIWgAAAAFFVVIAAAAAAKD8GPxXf3CMjVKv3qhzs6au2HaMHH0s5B32RVUQithJAAAAAAvrwgB//////////wAAAAEAAAAA
327b065a438361fa1173861683eee57c88fc190aa8ea1dd19faee93aaed2a618	4	2	GC23QF2HUE52AMXUFUH3AYJAXXGXXV2VHXYYR6EYXETPKDXZSAW67XO4	8589934593	10	10	1	-1	2015-08-27 21:36:00.34115	2015-08-27 21:36:00.34115	17179877376	AAAAALW4F0ehO6Ay9C0PsGEgvc1711U98Yj4mLkm9Q75kC3vAAAACgAAAAIAAAABAAAAAAAAAAAAAAABAAAAAAAAAAEAAAAArqN6LeOagjxMaUP96Bzfs9e0corNZXzBWJkFoK7kvkwAAAABVVNEAAAAAAC1uBdHoTugMvQtD7BhIL3Ne9dVPfGI+Ji5JvUO+ZAt7wAAAAA7msoAAAAAAAAAAAH5kC3vAAAAQE5EwoCjWyd7TOSdK+uAjzOZZoggSSMFpvHIEgjtnaVMkJijG2RME6KauvHwxJw/nnaJxlsP+0cs7YWOhPmvOAA=	MnsGWkODYfoRc4YWg+7lfIj8GQqo6h3Rn67pOq7SphgAAAAAAAAACgAAAAAAAAABAAAAAAAAAAEAAAAAAAAAAA==	AAAAAAAAAAEAAAABAAAAAAAAAAC1uBdHoTugMvQtD7BhIL3Ne9dVPfGI+Ji5JvUO+ZAt7wAAAAA7msn2AAAAAgAAAAEAAAAAAAAAAAAAAAAAAAAAAQAAAAAAAAAAAAAAAAAAAQAAAAEAAAABAAAAAQAAAACuo3ot45qCPExpQ/3oHN+z17Ryis1lfMFYmQWgruS+TAAAAAFVU0QAAAAAALW4F0ehO6Ay9C0PsGEgvc1711U98Yj4mLkm9Q75kC3vAAAAADuaygB//////////wAAAAEAAAAA
344ca8641e64636001eda48e407c4ffb2fd7471411ac89511db5384834ec6a59	4	3	GCQPYGH4K57XBDENKKX55KDTWOTK5WDWRQOH2LHEDX3EKVIQRLMESGBG	8589934594	10	10	1	-1	2015-08-27 21:36:00.360286	2015-08-27 21:36:00.360286	17179881472	AAAAAKD8GPxXf3CMjVKv3qhzs6au2HaMHH0s5B32RVUQithJAAAACgAAAAIAAAACAAAAAAAAAAAAAAABAAAAAAAAAAEAAAAAO2C/AO45YBD3tHVFO1R3A0MekP8JR6nN1A9eWidyItUAAAABRVVSAAAAAACg/Bj8V39wjI1Sr96oc7Omrth2jBx9LOQd9kVVEIrYSQAAAAA7msoAAAAAAAAAAAEQithJAAAAQH53Jwj18+VuQKwjm8A5fjGC5WGIoa2Pvaw+x5QsEaN39iBN20bEQaamtwFtkmHQ6Dk3JjHq6H230UpMQ0AFKgg=	NEyoZB5kY2AB7aSOQHxP+y/XRxQRrIlRHbU4SDTsalkAAAAAAAAACgAAAAAAAAABAAAAAAAAAAEAAAAAAAAAAA==	AAAAAAAAAAEAAAABAAAAAAAAAACg/Bj8V39wjI1Sr96oc7Omrth2jBx9LOQd9kVVEIrYSQAAAAA7msnsAAAAAgAAAAIAAAAAAAAAAAAAAAAAAAAAAQAAAAAAAAAAAAAAAAAAAQAAAAEAAAABAAAAAQAAAAA7YL8A7jlgEPe0dUU7VHcDQx6Q/wlHqc3UD15aJ3Ii1QAAAAFFVVIAAAAAAKD8GPxXf3CMjVKv3qhzs6au2HaMHH0s5B32RVUQithJAAAAADuaygB//////////wAAAAEAAAAA
6cc420ebc8b5c0dd5b8444a4564627cf172b673bacc8df8ce558e064c99344ee	4	4	GC23QF2HUE52AMXUFUH3AYJAXXGXXV2VHXYYR6EYXETPKDXZSAW67XO4	8589934594	10	10	1	-1	2015-08-27 21:36:00.376921	2015-08-27 21:36:00.376921	17179885568	AAAAALW4F0ehO6Ay9C0PsGEgvc1711U98Yj4mLkm9Q75kC3vAAAACgAAAAIAAAACAAAAAAAAAAAAAAABAAAAAAAAAAEAAAAAbmgm1V2dg5V1mq1elMcG1txjSYKZ9wEgoSBaeW8UiFoAAAABVVNEAAAAAAC1uBdHoTugMvQtD7BhIL3Ne9dVPfGI+Ji5JvUO+ZAt7wAAAAAL68IAAAAAAAAAAAH5kC3vAAAAQO46YkHBj5GbTahhiyCPfvDZNqkPw89uTFOh0o+fF9/xDeG1W3ahbQXRZdCzYH2TTXF3rEXG3S0VJiUy04JzRgM=	bMQg68i1wN1bhESkVkYnzxcrZzusyN+M5VjgZMmTRO4AAAAAAAAACgAAAAAAAAABAAAAAAAAAAEAAAAAAAAAAA==	AAAAAAAAAAEAAAABAAAAAAAAAAC1uBdHoTugMvQtD7BhIL3Ne9dVPfGI+Ji5JvUO+ZAt7wAAAAA7msnsAAAAAgAAAAIAAAAAAAAAAAAAAAAAAAAAAQAAAAAAAAAAAAAAAAAAAQAAAAEAAAABAAAAAQAAAABuaCbVXZ2DlXWarV6UxwbW3GNJgpn3ASChIFp5bxSIWgAAAAFVU0QAAAAAALW4F0ehO6Ay9C0PsGEgvc1711U98Yj4mLkm9Q75kC3vAAAAAAvrwgB//////////wAAAAEAAAAA
b90cc19c414426269ce9c245d7b079c34735a6d8a7afca594ce7cc362673269a	5	1	GBXGQJWVLWOYHFLVTKWV5FGHA3LNYY2JQKM7OAJAUEQFU6LPCSEFVXON	8589934595	10	10	1	-1	2015-08-27 21:36:00.409734	2015-08-27 21:36:00.409734	21474840576	AAAAAG5oJtVdnYOVdZqtXpTHBtbcY0mCmfcBIKEgWnlvFIhaAAAACgAAAAIAAAADAAAAAAAAAAAAAAABAAAAAAAAAAMAAAABRVVSAAAAAACg/Bj8V39wjI1Sr96oc7Omrth2jBx9LOQd9kVVEIrYSQAAAAFVU0QAAAAAALW4F0ehO6Ay9C0PsGEgvc1711U98Yj4mLkm9Q75kC3vAAAAAAvrwgAAAAABAAAAAQAAAAAAAAAAAAAAAAAAAAFvFIhaAAAAQMJ2m2fskI+kjti432WHm6Hgk23TbTCwDXFaMi3lHGMmo5FraAOAe89dB6MKDG1XWyReIOmlzcaajzR7v6iu7Qk=	uQzBnEFEJiac6cJF17B5w0c1ptinr8pZTOfMNiZzJpoAAAAAAAAACgAAAAAAAAABAAAAAAAAAAMAAAAAAAAAAAAAAAAAAAAAbmgm1V2dg5V1mq1elMcG1txjSYKZ9wEgoSBaeW8UiFoAAAAAAAAAAQAAAAFFVVIAAAAAAKD8GPxXf3CMjVKv3qhzs6au2HaMHH0s5B32RVUQithJAAAAAVVTRAAAAAAAtbgXR6E7oDL0LQ+wYSC9zXvXVT3xiPiYuSb1DvmQLe8AAAAAC+vCAAAAAAEAAAABAAAAAAAAAAAAAAAA	AAAAAAAAAAEAAAABAAAAAAAAAABuaCbVXZ2DlXWarV6UxwbW3GNJgpn3ASChIFp5bxSIWgAAAAA7msniAAAAAgAAAAMAAAACAAAAAAAAAAAAAAAAAQAAAAAAAAAAAAAAAAAAAQAAAAIAAAAAAAAAAgAAAABuaCbVXZ2DlXWarV6UxwbW3GNJgpn3ASChIFp5bxSIWgAAAAAAAAABAAAAAUVVUgAAAAAAoPwY/Fd/cIyNUq/eqHOzpq7YdowcfSzkHfZFVRCK2EkAAAABVVNEAAAAAAC1uBdHoTugMvQtD7BhIL3Ne9dVPfGI+Ji5JvUO+ZAt7wAAAAAL68IAAAAAAQAAAAEAAAAAAAAAAAAAAAEAAAAAAAAAAG5oJtVdnYOVdZqtXpTHBtbcY0mCmfcBIKEgWnlvFIhaAAAAADuayeIAAAACAAAAAwAAAAMAAAAAAAAAAAAAAAABAAAAAAAAAAAAAAA=
c3399f16ed7edb2327fb8b44fe6af021eab1ab1f3d48bcca3ca4eb0fb4d47773	6	1	GCXKG6RN4ONIEPCMNFB732A436Z5PNDSRLGWK7GBLCMQLIFO4S7EYWVU	8589934594	10	10	1	-1	2015-08-27 21:36:00.436732	2015-08-27 21:36:00.436732	25769807872	AAAAAK6jei3jmoI8TGlD/egc37PXtHKKzWV8wViZBaCu5L5MAAAACgAAAAIAAAACAAAAAAAAAAAAAAABAAAAAAAAAAIAAAABVVNEAAAAAAC1uBdHoTugMvQtD7BhIL3Ne9dVPfGI+Ji5JvUO+ZAt7wAAAAAAAAAKAAAAADtgvwDuOWAQ97R1RTtUdwNDHpD/CUepzdQPXlonciLVAAAAAUVVUgAAAAAAoPwY/Fd/cIyNUq/eqHOzpq7YdowcfSzkHfZFVRCK2EkAAAAAAAAACgAAAAAAAAAAAAAAAa7kvkwAAABAl1QPJRy/y4QtRPRw0JUmmGMDLObmli+ztvAINPA6eTccXlOqJIMwGktULqGyGUOzf0WdF+7Rqkqg+qNlv9JfDw==	wzmfFu1+2yMn+4tE/mrwIeqxqx89SLzKPKTrD7TUd3MAAAAAAAAACgAAAAAAAAABAAAAAAAAAAIAAAAAAAAAAQAAAABuaCbVXZ2DlXWarV6UxwbW3GNJgpn3ASChIFp5bxSIWgAAAAAAAAABAAAAAUVVUgAAAAAAoPwY/Fd/cIyNUq/eqHOzpq7YdowcfSzkHfZFVRCK2EkAAAAAAAAACgAAAAFVU0QAAAAAALW4F0ehO6Ay9C0PsGEgvc1711U98Yj4mLkm9Q75kC3vAAAAAAAAAAoAAAAAO2C/AO45YBD3tHVFO1R3A0MekP8JR6nN1A9eWidyItUAAAABRVVSAAAAAACg/Bj8V39wjI1Sr96oc7Omrth2jBx9LOQd9kVVEIrYSQAAAAAAAAAKAAAAAA==	AAAAAAAAAAEAAAABAAAAAAAAAACuo3ot45qCPExpQ/3oHN+z17Ryis1lfMFYmQWgruS+TAAAAAA7msnsAAAAAgAAAAIAAAABAAAAAAAAAAAAAAAAAQAAAAAAAAAAAAAAAAAAAQAAAAUAAAABAAAAAQAAAAA7YL8A7jlgEPe0dUU7VHcDQx6Q/wlHqc3UD15aJ3Ii1QAAAAFFVVIAAAAAAKD8GPxXf3CMjVKv3qhzs6au2HaMHH0s5B32RVUQithJAAAAADuaygp//////////wAAAAEAAAAAAAAAAQAAAAEAAAAAbmgm1V2dg5V1mq1elMcG1txjSYKZ9wEgoSBaeW8UiFoAAAABRVVSAAAAAACg/Bj8V39wjI1Sr96oc7Omrth2jBx9LOQd9kVVEIrYSQAAAAAL68H2f/////////8AAAABAAAAAAAAAAEAAAABAAAAAG5oJtVdnYOVdZqtXpTHBtbcY0mCmfcBIKEgWnlvFIhaAAAAAVVTRAAAAAAAtbgXR6E7oDL0LQ+wYSC9zXvXVT3xiPiYuSb1DvmQLe8AAAAAC+vCCn//////////AAAAAQAAAAAAAAABAAAAAQAAAACuo3ot45qCPExpQ/3oHN+z17Ryis1lfMFYmQWgruS+TAAAAAFVU0QAAAAAALW4F0ehO6Ay9C0PsGEgvc1711U98Yj4mLkm9Q75kC3vAAAAADuayfZ//////////wAAAAEAAAAAAAAAAQAAAAIAAAAAbmgm1V2dg5V1mq1elMcG1txjSYKZ9wEgoSBaeW8UiFoAAAAAAAAAAQAAAAFFVVIAAAAAAKD8GPxXf3CMjVKv3qhzs6au2HaMHH0s5B32RVUQithJAAAAAVVTRAAAAAAAtbgXR6E7oDL0LQ+wYSC9zXvXVT3xiPiYuSb1DvmQLe8AAAAAC+vB9gAAAAEAAAABAAAAAAAAAAA=
\.


--
-- Data for Name: schema_migrations; Type: TABLE DATA; Schema: public; Owner: -
--

COPY schema_migrations (version) FROM stdin;
20150508215546
20150310224849
20150313225945
20150313225955
20150501160031
20150508003829
20150508175821
20150508183542
20150609230237
20150629181921
20150825223417
20150825180131
\.


--
-- Name: history_operation_participants_pkey; Type: CONSTRAINT; Schema: public; Owner: -; Tablespace: 
--

ALTER TABLE ONLY history_operation_participants
    ADD CONSTRAINT history_operation_participants_pkey PRIMARY KEY (id);


--
-- Name: history_transaction_participants_pkey; Type: CONSTRAINT; Schema: public; Owner: -; Tablespace: 
--

ALTER TABLE ONLY history_transaction_participants
    ADD CONSTRAINT history_transaction_participants_pkey PRIMARY KEY (id);


--
-- Name: history_transaction_statuses_pkey; Type: CONSTRAINT; Schema: public; Owner: -; Tablespace: 
--

ALTER TABLE ONLY history_transaction_statuses
    ADD CONSTRAINT history_transaction_statuses_pkey PRIMARY KEY (id);


--
-- Name: by_account; Type: INDEX; Schema: public; Owner: -; Tablespace: 
--

CREATE INDEX by_account ON history_transactions USING btree (account, account_sequence);


--
-- Name: by_hash; Type: INDEX; Schema: public; Owner: -; Tablespace: 
--

CREATE INDEX by_hash ON history_transactions USING btree (transaction_hash);


--
-- Name: by_ledger; Type: INDEX; Schema: public; Owner: -; Tablespace: 
--

CREATE INDEX by_ledger ON history_transactions USING btree (ledger_sequence, application_order);


--
-- Name: by_status; Type: INDEX; Schema: public; Owner: -; Tablespace: 
--

CREATE INDEX by_status ON history_transactions USING btree (transaction_status_id);


--
-- Name: hist_e_by_order; Type: INDEX; Schema: public; Owner: -; Tablespace: 
--

CREATE UNIQUE INDEX hist_e_by_order ON history_effects USING btree (history_operation_id, "order");


--
-- Name: hist_e_id; Type: INDEX; Schema: public; Owner: -; Tablespace: 
--

CREATE UNIQUE INDEX hist_e_id ON history_effects USING btree (history_account_id, history_operation_id, "order");


--
-- Name: hist_op_p_id; Type: INDEX; Schema: public; Owner: -; Tablespace: 
--

CREATE UNIQUE INDEX hist_op_p_id ON history_operation_participants USING btree (history_account_id, history_operation_id);


--
-- Name: hs_ledger_by_id; Type: INDEX; Schema: public; Owner: -; Tablespace: 
--

CREATE UNIQUE INDEX hs_ledger_by_id ON history_ledgers USING btree (id);


--
-- Name: hs_transaction_by_id; Type: INDEX; Schema: public; Owner: -; Tablespace: 
--

CREATE UNIQUE INDEX hs_transaction_by_id ON history_transactions USING btree (id);


--
-- Name: index_history_accounts_on_id; Type: INDEX; Schema: public; Owner: -; Tablespace: 
--

CREATE UNIQUE INDEX index_history_accounts_on_id ON history_accounts USING btree (id);


--
-- Name: index_history_effects_on_type; Type: INDEX; Schema: public; Owner: -; Tablespace: 
--

CREATE INDEX index_history_effects_on_type ON history_effects USING btree (type);


--
-- Name: index_history_ledgers_on_closed_at; Type: INDEX; Schema: public; Owner: -; Tablespace: 
--

CREATE INDEX index_history_ledgers_on_closed_at ON history_ledgers USING btree (closed_at);


--
-- Name: index_history_ledgers_on_id; Type: INDEX; Schema: public; Owner: -; Tablespace: 
--

CREATE UNIQUE INDEX index_history_ledgers_on_id ON history_ledgers USING btree (id);


--
-- Name: index_history_ledgers_on_importer_version; Type: INDEX; Schema: public; Owner: -; Tablespace: 
--

CREATE INDEX index_history_ledgers_on_importer_version ON history_ledgers USING btree (importer_version);


--
-- Name: index_history_ledgers_on_ledger_hash; Type: INDEX; Schema: public; Owner: -; Tablespace: 
--

CREATE UNIQUE INDEX index_history_ledgers_on_ledger_hash ON history_ledgers USING btree (ledger_hash);


--
-- Name: index_history_ledgers_on_previous_ledger_hash; Type: INDEX; Schema: public; Owner: -; Tablespace: 
--

CREATE UNIQUE INDEX index_history_ledgers_on_previous_ledger_hash ON history_ledgers USING btree (previous_ledger_hash);


--
-- Name: index_history_ledgers_on_sequence; Type: INDEX; Schema: public; Owner: -; Tablespace: 
--

CREATE UNIQUE INDEX index_history_ledgers_on_sequence ON history_ledgers USING btree (sequence);


--
-- Name: index_history_operations_on_id; Type: INDEX; Schema: public; Owner: -; Tablespace: 
--

CREATE UNIQUE INDEX index_history_operations_on_id ON history_operations USING btree (id);


--
-- Name: index_history_operations_on_transaction_id; Type: INDEX; Schema: public; Owner: -; Tablespace: 
--

CREATE INDEX index_history_operations_on_transaction_id ON history_operations USING btree (transaction_id);


--
-- Name: index_history_operations_on_type; Type: INDEX; Schema: public; Owner: -; Tablespace: 
--

CREATE INDEX index_history_operations_on_type ON history_operations USING btree (type);


--
-- Name: index_history_transaction_participants_on_account; Type: INDEX; Schema: public; Owner: -; Tablespace: 
--

CREATE INDEX index_history_transaction_participants_on_account ON history_transaction_participants USING btree (account);


--
-- Name: index_history_transaction_participants_on_transaction_hash; Type: INDEX; Schema: public; Owner: -; Tablespace: 
--

CREATE INDEX index_history_transaction_participants_on_transaction_hash ON history_transaction_participants USING btree (transaction_hash);


--
-- Name: index_history_transaction_statuses_lc_on_all; Type: INDEX; Schema: public; Owner: -; Tablespace: 
--

CREATE UNIQUE INDEX index_history_transaction_statuses_lc_on_all ON history_transaction_statuses USING btree (id, result_code, result_code_s);


--
-- Name: index_history_transactions_on_id; Type: INDEX; Schema: public; Owner: -; Tablespace: 
--

CREATE UNIQUE INDEX index_history_transactions_on_id ON history_transactions USING btree (id);


--
-- Name: unique_schema_migrations; Type: INDEX; Schema: public; Owner: -; Tablespace: 
--

CREATE UNIQUE INDEX unique_schema_migrations ON schema_migrations USING btree (version);


--
-- Name: public; Type: ACL; Schema: -; Owner: -
--

REVOKE ALL ON SCHEMA public FROM PUBLIC;
REVOKE ALL ON SCHEMA public FROM nullstyle;
GRANT ALL ON SCHEMA public TO nullstyle;
GRANT ALL ON SCHEMA public TO PUBLIC;


--
-- PostgreSQL database dump complete
--

