--
-- PostgreSQL database dump
--

SET statement_timeout = 0;
SET lock_timeout = 0;
SET client_encoding = 'UTF8';
SET standard_conforming_strings = on;
SET check_function_bodies = false;
SET client_min_messages = warning;

SET search_path = public, pg_catalog;

DROP INDEX public.signersaccount;
DROP INDEX public.sellingissuerindex;
DROP INDEX public.priceindex;
DROP INDEX public.ledgersbyseq;
DROP INDEX public.buyingissuerindex;
DROP INDEX public.accountlines;
DROP INDEX public.accountbalances;
ALTER TABLE ONLY public.txhistory DROP CONSTRAINT txhistory_pkey;
ALTER TABLE ONLY public.txhistory DROP CONSTRAINT txhistory_ledgerseq_txindex_key;
ALTER TABLE ONLY public.trustlines DROP CONSTRAINT trustlines_pkey;
ALTER TABLE ONLY public.storestate DROP CONSTRAINT storestate_pkey;
ALTER TABLE ONLY public.signers DROP CONSTRAINT signers_pkey;
ALTER TABLE ONLY public.peers DROP CONSTRAINT peers_pkey;
ALTER TABLE ONLY public.offers DROP CONSTRAINT offers_pkey;
ALTER TABLE ONLY public.ledgerheaders DROP CONSTRAINT ledgerheaders_pkey;
ALTER TABLE ONLY public.ledgerheaders DROP CONSTRAINT ledgerheaders_ledgerseq_key;
ALTER TABLE ONLY public.accounts DROP CONSTRAINT accounts_pkey;
DROP TABLE public.txhistory;
DROP TABLE public.trustlines;
DROP TABLE public.storestate;
DROP TABLE public.signers;
DROP TABLE public.peers;
DROP TABLE public.offers;
DROP TABLE public.ledgerheaders;
DROP TABLE public.accounts;
DROP EXTENSION plpgsql;
DROP SCHEMA public;
--
-- Name: public; Type: SCHEMA; Schema: -; Owner: -
--

CREATE SCHEMA public;


--
-- Name: SCHEMA public; Type: COMMENT; Schema: -; Owner: -
--

COMMENT ON SCHEMA public IS 'standard public schema';


--
-- Name: plpgsql; Type: EXTENSION; Schema: -; Owner: -
--

CREATE EXTENSION IF NOT EXISTS plpgsql WITH SCHEMA pg_catalog;


--
-- Name: EXTENSION plpgsql; Type: COMMENT; Schema: -; Owner: -
--

COMMENT ON EXTENSION plpgsql IS 'PL/pgSQL procedural language';


SET search_path = public, pg_catalog;

SET default_tablespace = '';

SET default_with_oids = false;

--
-- Name: accounts; Type: TABLE; Schema: public; Owner: -; Tablespace: 
--

CREATE TABLE accounts (
    accountid character varying(56) NOT NULL,
    balance bigint NOT NULL,
    seqnum bigint NOT NULL,
    numsubentries integer NOT NULL,
    inflationdest character varying(56),
    homedomain character varying(32),
    thresholds text,
    flags integer NOT NULL,
    CONSTRAINT accounts_balance_check CHECK ((balance >= 0)),
    CONSTRAINT accounts_numsubentries_check CHECK ((numsubentries >= 0))
);


--
-- Name: ledgerheaders; Type: TABLE; Schema: public; Owner: -; Tablespace: 
--

CREATE TABLE ledgerheaders (
    ledgerhash character(64) NOT NULL,
    prevhash character(64) NOT NULL,
    bucketlisthash character(64) NOT NULL,
    ledgerseq integer,
    closetime bigint NOT NULL,
    data text NOT NULL,
    CONSTRAINT ledgerheaders_closetime_check CHECK ((closetime >= 0)),
    CONSTRAINT ledgerheaders_ledgerseq_check CHECK ((ledgerseq >= 0))
);


--
-- Name: offers; Type: TABLE; Schema: public; Owner: -; Tablespace: 
--

CREATE TABLE offers (
    sellerid character varying(56) NOT NULL,
    offerid bigint NOT NULL,
    sellingassettype integer,
    sellingassetcode character varying(12),
    sellingissuer character varying(56),
    buyingassettype integer,
    buyingassetcode character varying(12),
    buyingissuer character varying(56),
    amount bigint NOT NULL,
    pricen integer NOT NULL,
    priced integer NOT NULL,
    price bigint NOT NULL,
    flags integer NOT NULL,
    CONSTRAINT offers_amount_check CHECK ((amount >= 0)),
    CONSTRAINT offers_offerid_check CHECK ((offerid >= 0))
);


--
-- Name: peers; Type: TABLE; Schema: public; Owner: -; Tablespace: 
--

CREATE TABLE peers (
    ip character varying(15) NOT NULL,
    port integer DEFAULT 0 NOT NULL,
    nextattempt timestamp without time zone NOT NULL,
    numfailures integer DEFAULT 0 NOT NULL,
    rank integer DEFAULT 0 NOT NULL,
    CONSTRAINT peers_numfailures_check CHECK ((numfailures >= 0)),
    CONSTRAINT peers_port_check CHECK (((port > 0) AND (port <= 65535))),
    CONSTRAINT peers_rank_check CHECK ((rank >= 0))
);


--
-- Name: signers; Type: TABLE; Schema: public; Owner: -; Tablespace: 
--

CREATE TABLE signers (
    accountid character varying(56) NOT NULL,
    publickey character varying(56) NOT NULL,
    weight integer NOT NULL
);


--
-- Name: storestate; Type: TABLE; Schema: public; Owner: -; Tablespace: 
--

CREATE TABLE storestate (
    statename character(32) NOT NULL,
    state text
);


--
-- Name: trustlines; Type: TABLE; Schema: public; Owner: -; Tablespace: 
--

CREATE TABLE trustlines (
    accountid character varying(56) NOT NULL,
    assettype integer NOT NULL,
    issuer character varying(56) NOT NULL,
    assetcode character varying(12) NOT NULL,
    tlimit bigint DEFAULT 0 NOT NULL,
    balance bigint DEFAULT 0 NOT NULL,
    flags integer NOT NULL,
    CONSTRAINT trustlines_balance_check CHECK ((balance >= 0)),
    CONSTRAINT trustlines_tlimit_check CHECK ((tlimit >= 0))
);


--
-- Name: txhistory; Type: TABLE; Schema: public; Owner: -; Tablespace: 
--

CREATE TABLE txhistory (
    txid character(64) NOT NULL,
    ledgerseq integer NOT NULL,
    txindex integer NOT NULL,
    txbody text NOT NULL,
    txresult text NOT NULL,
    txmeta text NOT NULL,
    CONSTRAINT txhistory_ledgerseq_check CHECK ((ledgerseq >= 0))
);


--
-- Data for Name: accounts; Type: TABLE DATA; Schema: public; Owner: -
--

COPY accounts (accountid, balance, seqnum, numsubentries, inflationdest, homedomain, thresholds, flags) FROM stdin;
GCEZWKCA5VLDNRLN3RPRJMRZOX3Z6G5CHCGSNFHEYVXM3XOJMDS674JZ	99999959999999960	4	0	\N		AQAAAA==	0
GDT7UXKJAXAWIWWROZXNRPFWSLCSO5Y2E7C2KNBOMOIQ2DST3DUHWF5A	9999999990	8589934593	1	\N		AQAAAA==	0
GDE45CDWIWDHEPNN2AQKI2EXLZBDU2FCEJFRUNKRP2PSTHNL4PXN45FR	9999999990	8589934593	1	\N		AQAAAA==	0
GCDK57ZRPTWX4IXTKW4WPNW6ALGKT2GXKPSRSRF6AJVXP35HJQLCX2CE	9999999820	8589934610	18	\N		AQAAAA==	0
GCWXM4BUUZCVWQHB2GGQDJG4DPNTV6WOKH2AX6ZEPXS33G6MZ72RD2UQ	9999999920	8589934600	0	\N		AQAAAA==	0
\.


--
-- Data for Name: ledgerheaders; Type: TABLE DATA; Schema: public; Owner: -
--

COPY ledgerheaders (ledgerhash, prevhash, bucketlisthash, ledgerseq, closetime, data) FROM stdin;
e8e10918f9c000c73119abe54cf089f59f9015cc93c49ccf00b5e8b9afb6e6b1	0000000000000000000000000000000000000000000000000000000000000000	366ab1da319554c51293d7cbf7893a2373dbb0adb73bc8f86d4842995a948be6	1	0	AAAAAAAAAAAAAAAAAAAAAAAAAAAAAAAAAAAAAAAAAAAAAAAAAAAAAAAAAAAAAAAAAAAAAAAAAAAAAAAAAAAAAAAAAAAAAAAAAAAAAAAAAAAAAAAAAAAAAAAAAAAAAAAAAAAAAAAAAAAAAAAAAAAAAAAAAAA2arHaMZVUxRKT18v3iTojc9uwrbc7yPhtSEKZWpSL5gAAAAEBY0V4XYoAAAAAAAAAAAAAAAAAAAAAAAAAAAAAAAAACgCYloAAAAAAAAAAAAAAAAAAAAAAAAAAAAAAAAAAAAAAAAAAAAAAAAAAAAAAAAAAAAAAAAAAAAAAAAAAAAAAAAAAAAAAAAAAAAAAAAAAAAAAAAAAAAAAAAAAAAAAAAAAAAAAAAAAAAAAAAAAAAAAAAAAAAAAAAAAAAAAAAAAAAAAAAAAAAAAAAA=
ac8315fec0af52dc6307d82dff9dc5d9f68881acc3f3294f3c78d06dfa620002	e8e10918f9c000c73119abe54cf089f59f9015cc93c49ccf00b5e8b9afb6e6b1	008b6133fa3def6644d696cd7c38f3bf1eec049f8cbe6f1819068732b0fdb82e	2	1440711363	AAAAAejhCRj5wADHMRmr5UzwifWfkBXMk8SczwC16Lmvtuax/C9laZKZvOA0cQKt+BA1Ek9PkWBcCBHhfrRK5122lpwAAAAAVd+CwwAAAAEAAAAIAAAAAQAAAAEAAAAAezzrNRnA7oIoFGaknfegy0ZHVRh43KHP67tDPtagD/0Ai2Ez+j3vZkTWls18OPO/HuwEn4y+bxgZBocysP24LgAAAAIBY0V4XYoAAAAAAAAAAAAoAAAAAAAAAAAAAAAAAAAACgCYloAAAAAAAAAAAAAAAAAAAAAAAAAAAAAAAAAAAAAAAAAAAAAAAAAAAAAAAAAAAAAAAAAAAAAAAAAAAAAAAAAAAAAAAAAAAAAAAAAAAAAAAAAAAAAAAAAAAAAAAAAAAAAAAAAAAAAAAAAAAAAAAAAAAAAAAAAAAAAAAAAAAAAAAAAAAAAAAAA=
578a23f25586ab2b7a19259d6d2818e170d16cd8104b58db9f1e287a3fdfdd9d	ac8315fec0af52dc6307d82dff9dc5d9f68881acc3f3294f3c78d06dfa620002	47c18151bf677ff94948e424d15c0233aa86f5e029629d5dd1257239745b1dea	3	1440711364	AAAAAayDFf7Ar1LcYwfYLf+dxdn2iIGsw/MpTzx40G36YgAC/eWi5NAmTlfrKDcsZrF1p+sE7oqJ7Ct+mlau9ofE7w8AAAAAVd+CxAAAAAAAAAAA8SJ1xU9etHlZCadw08xLSbRhFbsBaYIT/c0AT9W5MS9HwYFRv2d/+UlI5CTRXAIzqob14ClinV3RJXI5dFsd6gAAAAMBY0V4XYoAAAAAAAAAAACMAAAAAAAAAAAAAAAAAAAACgCYloAAAAAAAAAAAAAAAAAAAAAAAAAAAAAAAAAAAAAAAAAAAAAAAAAAAAAAAAAAAAAAAAAAAAAAAAAAAAAAAAAAAAAAAAAAAAAAAAAAAAAAAAAAAAAAAAAAAAAAAAAAAAAAAAAAAAAAAAAAAAAAAAAAAAAAAAAAAAAAAAAAAAAAAAAAAAAAAAA=
29a15496f0d41858cc31180038b19b2b4453824c82596c65e781222a3fa189e2	578a23f25586ab2b7a19259d6d2818e170d16cd8104b58db9f1e287a3fdfdd9d	afcca5106ce30aa3c64d105b3f22e351622d7875dfd5820a26494e144622afa4	4	1440711365	AAAAAVeKI/JVhqsrehklnW0oGOFw0WzYEEtY258eKHo/392ddd7GZbYh0B4/ekFPsgDEmfsSvpZA1VqNdIj5CJHCyPsAAAAAVd+CxQAAAAAAAAAAdq1GgcCH3G8lbwoXIMuOVNCVCivb7DLn01LVZ4Sd89KvzKUQbOMKo8ZNEFs/IuNRYi14dd/VggomSU4URiKvpAAAAAQBY0V4XYoAAAAAAAAAAADcAAAAAAAAAAAAAAAAAAAACgCYloAAAAAAAAAAAAAAAAAAAAAAAAAAAAAAAAAAAAAAAAAAAAAAAAAAAAAAAAAAAAAAAAAAAAAAAAAAAAAAAAAAAAAAAAAAAAAAAAAAAAAAAAAAAAAAAAAAAAAAAAAAAAAAAAAAAAAAAAAAAAAAAAAAAAAAAAAAAAAAAAAAAAAAAAAAAAAAAAA=
5df29ed435ce209b191ce647af86c4494ce0134d49e0d01167ccd766fc3cd171	29a15496f0d41858cc31180038b19b2b4453824c82596c65e781222a3fa189e2	f0728d7570a016dfa79dd9a96cd6e8ceeea7b1d3ec501c5f63dcbf426a09bbb1	5	1440711366	AAAAASmhVJbw1BhYzDEYADixmytEU4JMgllsZeeBIio/oYniqssUhIcIaiqFubGkdwbHxy4Wf7rc5ix5Umy7rAIX2woAAAAAVd+CxgAAAAAAAAAASJRZKMt++KiTSf8M6p2mldZd3eStnZbMwKXYlDsL4RDwco11cKAW36ed2als1ujO7qex0+xQHF9j3L9Cagm7sQAAAAUBY0V4XYoAAAAAAAAAAAFAAAAAAAAAAAAAAAAKAAAACgCYloAAAAAAAAAAAAAAAAAAAAAAAAAAAAAAAAAAAAAAAAAAAAAAAAAAAAAAAAAAAAAAAAAAAAAAAAAAAAAAAAAAAAAAAAAAAAAAAAAAAAAAAAAAAAAAAAAAAAAAAAAAAAAAAAAAAAAAAAAAAAAAAAAAAAAAAAAAAAAAAAAAAAAAAAAAAAAAAAA=
\.


--
-- Data for Name: offers; Type: TABLE DATA; Schema: public; Owner: -
--

COPY offers (sellerid, offerid, sellingassettype, sellingassetcode, sellingissuer, buyingassettype, buyingassetcode, buyingissuer, amount, pricen, priced, price, flags) FROM stdin;
GCDK57ZRPTWX4IXTKW4WPNW6ALGKT2GXKPSRSRF6AJVXP35HJQLCX2CE	1	1	EUR	GCWXM4BUUZCVWQHB2GGQDJG4DPNTV6WOKH2AX6ZEPXS33G6MZ72RD2UQ	1	USD	GCWXM4BUUZCVWQHB2GGQDJG4DPNTV6WOKH2AX6ZEPXS33G6MZ72RD2UQ	10	1	1	10000000	0
GCDK57ZRPTWX4IXTKW4WPNW6ALGKT2GXKPSRSRF6AJVXP35HJQLCX2CE	2	1	1	GCWXM4BUUZCVWQHB2GGQDJG4DPNTV6WOKH2AX6ZEPXS33G6MZ72RD2UQ	1	USD	GCWXM4BUUZCVWQHB2GGQDJG4DPNTV6WOKH2AX6ZEPXS33G6MZ72RD2UQ	20	1	1	10000000	0
GCDK57ZRPTWX4IXTKW4WPNW6ALGKT2GXKPSRSRF6AJVXP35HJQLCX2CE	3	1	EUR	GCWXM4BUUZCVWQHB2GGQDJG4DPNTV6WOKH2AX6ZEPXS33G6MZ72RD2UQ	1	1	GCWXM4BUUZCVWQHB2GGQDJG4DPNTV6WOKH2AX6ZEPXS33G6MZ72RD2UQ	20	1	1	10000000	0
GCDK57ZRPTWX4IXTKW4WPNW6ALGKT2GXKPSRSRF6AJVXP35HJQLCX2CE	4	1	21	GCWXM4BUUZCVWQHB2GGQDJG4DPNTV6WOKH2AX6ZEPXS33G6MZ72RD2UQ	1	USD	GCWXM4BUUZCVWQHB2GGQDJG4DPNTV6WOKH2AX6ZEPXS33G6MZ72RD2UQ	30	1	1	10000000	0
GCDK57ZRPTWX4IXTKW4WPNW6ALGKT2GXKPSRSRF6AJVXP35HJQLCX2CE	5	1	22	GCWXM4BUUZCVWQHB2GGQDJG4DPNTV6WOKH2AX6ZEPXS33G6MZ72RD2UQ	1	21	GCWXM4BUUZCVWQHB2GGQDJG4DPNTV6WOKH2AX6ZEPXS33G6MZ72RD2UQ	30	1	1	10000000	0
GCDK57ZRPTWX4IXTKW4WPNW6ALGKT2GXKPSRSRF6AJVXP35HJQLCX2CE	6	1	EUR	GCWXM4BUUZCVWQHB2GGQDJG4DPNTV6WOKH2AX6ZEPXS33G6MZ72RD2UQ	1	22	GCWXM4BUUZCVWQHB2GGQDJG4DPNTV6WOKH2AX6ZEPXS33G6MZ72RD2UQ	30	1	1	10000000	0
GCDK57ZRPTWX4IXTKW4WPNW6ALGKT2GXKPSRSRF6AJVXP35HJQLCX2CE	7	1	31	GCWXM4BUUZCVWQHB2GGQDJG4DPNTV6WOKH2AX6ZEPXS33G6MZ72RD2UQ	1	USD	GCWXM4BUUZCVWQHB2GGQDJG4DPNTV6WOKH2AX6ZEPXS33G6MZ72RD2UQ	40	1	1	10000000	0
GCDK57ZRPTWX4IXTKW4WPNW6ALGKT2GXKPSRSRF6AJVXP35HJQLCX2CE	8	1	32	GCWXM4BUUZCVWQHB2GGQDJG4DPNTV6WOKH2AX6ZEPXS33G6MZ72RD2UQ	1	31	GCWXM4BUUZCVWQHB2GGQDJG4DPNTV6WOKH2AX6ZEPXS33G6MZ72RD2UQ	40	1	1	10000000	0
GCDK57ZRPTWX4IXTKW4WPNW6ALGKT2GXKPSRSRF6AJVXP35HJQLCX2CE	9	1	33	GCWXM4BUUZCVWQHB2GGQDJG4DPNTV6WOKH2AX6ZEPXS33G6MZ72RD2UQ	1	32	GCWXM4BUUZCVWQHB2GGQDJG4DPNTV6WOKH2AX6ZEPXS33G6MZ72RD2UQ	40	1	1	10000000	0
GCDK57ZRPTWX4IXTKW4WPNW6ALGKT2GXKPSRSRF6AJVXP35HJQLCX2CE	10	1	EUR	GCWXM4BUUZCVWQHB2GGQDJG4DPNTV6WOKH2AX6ZEPXS33G6MZ72RD2UQ	1	33	GCWXM4BUUZCVWQHB2GGQDJG4DPNTV6WOKH2AX6ZEPXS33G6MZ72RD2UQ	40	1	1	10000000	0
\.


--
-- Data for Name: peers; Type: TABLE DATA; Schema: public; Owner: -
--

COPY peers (ip, port, nextattempt, numfailures, rank) FROM stdin;
\.


--
-- Data for Name: signers; Type: TABLE DATA; Schema: public; Owner: -
--

COPY signers (accountid, publickey, weight) FROM stdin;
\.


--
-- Data for Name: storestate; Type: TABLE DATA; Schema: public; Owner: -
--

COPY storestate (statename, state) FROM stdin;
databaseinitialized             	true
forcescponnextlaunch            	false
lastclosedledger                	5df29ed435ce209b191ce647af86c4494ce0134d49e0d01167ccd766fc3cd171
historyarchivestate             	{\n    "version": 1,\n    "server": "72b501f-dirty",\n    "currentLedger": 5,\n    "currentBuckets": [\n        {\n            "curr": "f4af39c93447108ac2083d6f77b85a4108a1ef1b8202c37da42e0298d27867e5",\n            "next": {\n                "state": 0\n            },\n            "snap": "6e2f1f6ef2d63a73516a34d07d915125c9cd6c1e5f4af78bb62659f333dc47f9"\n        },\n        {\n            "curr": "88af31f4c51afe5ea75861642359376feb623de5bec4354fa56ab752aeec8f36",\n            "next": {\n                "state": 1,\n                "output": "6e2f1f6ef2d63a73516a34d07d915125c9cd6c1e5f4af78bb62659f333dc47f9"\n            },\n            "snap": "0000000000000000000000000000000000000000000000000000000000000000"\n        },\n        {\n            "curr": "0000000000000000000000000000000000000000000000000000000000000000",\n            "next": {\n                "state": 0\n            },\n            "snap": "0000000000000000000000000000000000000000000000000000000000000000"\n        },\n        {\n            "curr": "0000000000000000000000000000000000000000000000000000000000000000",\n            "next": {\n                "state": 0\n            },\n            "snap": "0000000000000000000000000000000000000000000000000000000000000000"\n        },\n        {\n            "curr": "0000000000000000000000000000000000000000000000000000000000000000",\n            "next": {\n                "state": 0\n            },\n            "snap": "0000000000000000000000000000000000000000000000000000000000000000"\n        },\n        {\n            "curr": "0000000000000000000000000000000000000000000000000000000000000000",\n            "next": {\n                "state": 0\n            },\n            "snap": "0000000000000000000000000000000000000000000000000000000000000000"\n        },\n        {\n            "curr": "0000000000000000000000000000000000000000000000000000000000000000",\n            "next": {\n                "state": 0\n            },\n            "snap": "0000000000000000000000000000000000000000000000000000000000000000"\n        },\n        {\n            "curr": "0000000000000000000000000000000000000000000000000000000000000000",\n            "next": {\n                "state": 0\n            },\n            "snap": "0000000000000000000000000000000000000000000000000000000000000000"\n        },\n        {\n            "curr": "0000000000000000000000000000000000000000000000000000000000000000",\n            "next": {\n                "state": 0\n            },\n            "snap": "0000000000000000000000000000000000000000000000000000000000000000"\n        },\n        {\n            "curr": "0000000000000000000000000000000000000000000000000000000000000000",\n            "next": {\n                "state": 0\n            },\n            "snap": "0000000000000000000000000000000000000000000000000000000000000000"\n        },\n        {\n            "curr": "0000000000000000000000000000000000000000000000000000000000000000",\n            "next": {\n                "state": 0\n            },\n            "snap": "0000000000000000000000000000000000000000000000000000000000000000"\n        }\n    ]\n}
\.


--
-- Data for Name: trustlines; Type: TABLE DATA; Schema: public; Owner: -
--

COPY trustlines (accountid, assettype, issuer, assetcode, tlimit, balance, flags) FROM stdin;
GDT7UXKJAXAWIWWROZXNRPFWSLCSO5Y2E7C2KNBOMOIQ2DST3DUHWF5A	1	GCWXM4BUUZCVWQHB2GGQDJG4DPNTV6WOKH2AX6ZEPXS33G6MZ72RD2UQ	EUR	9223372036854775807	0	1
GCDK57ZRPTWX4IXTKW4WPNW6ALGKT2GXKPSRSRF6AJVXP35HJQLCX2CE	1	GCWXM4BUUZCVWQHB2GGQDJG4DPNTV6WOKH2AX6ZEPXS33G6MZ72RD2UQ	USD	9223372036854775807	0	1
GDE45CDWIWDHEPNN2AQKI2EXLZBDU2FCEJFRUNKRP2PSTHNL4PXN45FR	1	GCWXM4BUUZCVWQHB2GGQDJG4DPNTV6WOKH2AX6ZEPXS33G6MZ72RD2UQ	USD	9223372036854775807	5000	1
GCDK57ZRPTWX4IXTKW4WPNW6ALGKT2GXKPSRSRF6AJVXP35HJQLCX2CE	1	GCWXM4BUUZCVWQHB2GGQDJG4DPNTV6WOKH2AX6ZEPXS33G6MZ72RD2UQ	EUR	9223372036854775807	5000	1
GCDK57ZRPTWX4IXTKW4WPNW6ALGKT2GXKPSRSRF6AJVXP35HJQLCX2CE	1	GCWXM4BUUZCVWQHB2GGQDJG4DPNTV6WOKH2AX6ZEPXS33G6MZ72RD2UQ	1	9223372036854775807	5000	1
GCDK57ZRPTWX4IXTKW4WPNW6ALGKT2GXKPSRSRF6AJVXP35HJQLCX2CE	1	GCWXM4BUUZCVWQHB2GGQDJG4DPNTV6WOKH2AX6ZEPXS33G6MZ72RD2UQ	21	9223372036854775807	5000	1
GCDK57ZRPTWX4IXTKW4WPNW6ALGKT2GXKPSRSRF6AJVXP35HJQLCX2CE	1	GCWXM4BUUZCVWQHB2GGQDJG4DPNTV6WOKH2AX6ZEPXS33G6MZ72RD2UQ	22	9223372036854775807	5000	1
GCDK57ZRPTWX4IXTKW4WPNW6ALGKT2GXKPSRSRF6AJVXP35HJQLCX2CE	1	GCWXM4BUUZCVWQHB2GGQDJG4DPNTV6WOKH2AX6ZEPXS33G6MZ72RD2UQ	31	9223372036854775807	5000	1
GCDK57ZRPTWX4IXTKW4WPNW6ALGKT2GXKPSRSRF6AJVXP35HJQLCX2CE	1	GCWXM4BUUZCVWQHB2GGQDJG4DPNTV6WOKH2AX6ZEPXS33G6MZ72RD2UQ	32	9223372036854775807	5000	1
GCDK57ZRPTWX4IXTKW4WPNW6ALGKT2GXKPSRSRF6AJVXP35HJQLCX2CE	1	GCWXM4BUUZCVWQHB2GGQDJG4DPNTV6WOKH2AX6ZEPXS33G6MZ72RD2UQ	33	9223372036854775807	5000	1
\.


--
-- Data for Name: txhistory; Type: TABLE DATA; Schema: public; Owner: -
--

COPY txhistory (txid, ledgerseq, txindex, txbody, txresult, txmeta) FROM stdin;
6287906779d5bb1d24700e5674566fadb4fe727df088453e180974bcea17ca87	2	1	AAAAAImbKEDtVjbFbdxfFLI5dfefG6I4jSaU5MVuzd3JYOXvAAAACgAAAAAAAAABAAAAAAAAAAAAAAABAAAAAAAAAAAAAAAArXZwNKZFW0Dh0Y0BpNwb2zr6zlH0C/skfeW9m8zP9REAAAACVAvkAAAAAAAAAAAByWDl7wAAAEC6WPI2zsDK63VQVWAbRhGkwdQhRO9QPKK3eR6rtdVRO4K9dBusYaYs+1825h8PWXfEuWMQp4YhBcgEBo5Qd0ML	YoeQZ3nVux0kcA5WdFZvrbT+cn3wiEU+GAl0vOoXyocAAAAAAAAACgAAAAAAAAABAAAAAAAAAAAAAAAAAAAAAA==	AAAAAAAAAAEAAAABAAAAAAAAAACJmyhA7VY2xW3cXxSyOXX3nxuiOI0mlOTFbs3dyWDl7wFjRXhdif/2AAAAAAAAAAEAAAAAAAAAAAAAAAAAAAAAAQAAAAAAAAAAAAAAAAAAAQAAAAIAAAAAAAAAAAAAAACtdnA0pkVbQOHRjQGk3BvbOvrOUfQL+yR95b2bzM/1EQAAAAJUC+QAAAAAAgAAAAAAAAAAAAAAAAAAAAAAAAAAAQAAAAAAAAAAAAAAAAAAAQAAAAAAAAAAiZsoQO1WNsVt3F8Usjl1958bojiNJpTkxW7N3clg5e8BY0V2CX4b9gAAAAAAAAABAAAAAAAAAAAAAAAAAAAAAAEAAAAAAAAAAAAAAA==
6151576dfa81f94ea4d18dbb38771a550db4c3e8ba6c6a09821bc5bf32d241ab	2	2	AAAAAImbKEDtVjbFbdxfFLI5dfefG6I4jSaU5MVuzd3JYOXvAAAACgAAAAAAAAACAAAAAAAAAAAAAAABAAAAAAAAAAAAAAAAyc6IdkWGcj2t0CCkaJdeQjpooiJLGjVRfp8pnavj7t4AAAACVAvkAAAAAAAAAAAByWDl7wAAAECUOpnrYliSArL5nuLhoYiylHe+PfubJmLOWoft+uXNyAVT9nLNxFhxRsnt0n/aNPtetQtOKSpCeUqGFzH5UDQC	YVFXbfqB+U6k0Y27OHcaVQ20w+i6bGoJghvFvzLSQasAAAAAAAAACgAAAAAAAAABAAAAAAAAAAAAAAAAAAAAAA==	AAAAAAAAAAEAAAABAAAAAAAAAACJmyhA7VY2xW3cXxSyOXX3nxuiOI0mlOTFbs3dyWDl7wFjRXYJfhvsAAAAAAAAAAIAAAAAAAAAAAAAAAAAAAAAAQAAAAAAAAAAAAAAAAAAAQAAAAIAAAAAAAAAAAAAAADJzoh2RYZyPa3QIKRol15COmiiIksaNVF+nymdq+Pu3gAAAAJUC+QAAAAAAgAAAAAAAAAAAAAAAAAAAAAAAAAAAQAAAAAAAAAAAAAAAAAAAQAAAAAAAAAAiZsoQO1WNsVt3F8Usjl1958bojiNJpTkxW7N3clg5e8BY0VztXI37AAAAAAAAAACAAAAAAAAAAAAAAAAAAAAAAEAAAAAAAAAAAAAAA==
e55684be71babff47be43681f93b1e2fa9c2ce056afa16070794c6dcfd4243f6	2	3	AAAAAImbKEDtVjbFbdxfFLI5dfefG6I4jSaU5MVuzd3JYOXvAAAACgAAAAAAAAADAAAAAAAAAAAAAAABAAAAAAAAAAAAAAAA5/pdSQXBZFrRdm7YvLaSxSd3GifFpTQuY5ENDlPY6HsAAAACVAvkAAAAAAAAAAAByWDl7wAAAEAm5A/xyNRDnpHM4J17ftntYw95RrRAdG46WtS9A8NkZLz/uwn/zgaojcSMeKgR4l3Xpbi7+IviU04oXU8JeiUH	5VaEvnG6v/R75DaB+TseL6nCzgVq+hYHB5TG3P1CQ/YAAAAAAAAACgAAAAAAAAABAAAAAAAAAAAAAAAAAAAAAA==	AAAAAAAAAAEAAAABAAAAAAAAAACJmyhA7VY2xW3cXxSyOXX3nxuiOI0mlOTFbs3dyWDl7wFjRXO1cjfiAAAAAAAAAAMAAAAAAAAAAAAAAAAAAAAAAQAAAAAAAAAAAAAAAAAAAQAAAAIAAAAAAAAAAAAAAADn+l1JBcFkWtF2bti8tpLFJ3caJ8WlNC5jkQ0OU9joewAAAAJUC+QAAAAAAgAAAAAAAAAAAAAAAAAAAAAAAAAAAQAAAAAAAAAAAAAAAAAAAQAAAAAAAAAAiZsoQO1WNsVt3F8Usjl1958bojiNJpTkxW7N3clg5e8BY0VxYWZT4gAAAAAAAAADAAAAAAAAAAAAAAAAAAAAAAEAAAAAAAAAAAAAAA==
848a4b5b0aeddd92e0d4440feb32620577c5d04a1569d616f3bee4a8edf0ec31	2	4	AAAAAImbKEDtVjbFbdxfFLI5dfefG6I4jSaU5MVuzd3JYOXvAAAACgAAAAAAAAAEAAAAAAAAAAAAAAABAAAAAAAAAAAAAAAAhq7/MXztfiLzVblntt4CzKno11PlGUS+Amt376dMFisAAAACVAvkAAAAAAAAAAAByWDl7wAAAEADiMdRLL4nn9b07qcnQINTL2hNa5Bg7PLtezV6Y7Io5ZanWL9dvEf54hX+xnonbtZxlfgXjkAQaEpp5uvgw0kB	hIpLWwrt3ZLg1EQP6zJiBXfF0EoVadYW877kqO3w7DEAAAAAAAAACgAAAAAAAAABAAAAAAAAAAAAAAAAAAAAAA==	AAAAAAAAAAEAAAABAAAAAAAAAACJmyhA7VY2xW3cXxSyOXX3nxuiOI0mlOTFbs3dyWDl7wFjRXFhZlPYAAAAAAAAAAQAAAAAAAAAAAAAAAAAAAAAAQAAAAAAAAAAAAAAAAAAAQAAAAIAAAAAAAAAAAAAAACGrv8xfO1+IvNVuWe23gLMqejXU+UZRL4Ca3fvp0wWKwAAAAJUC+QAAAAAAgAAAAAAAAAAAAAAAAAAAAAAAAAAAQAAAAAAAAAAAAAAAAAAAQAAAAAAAAAAiZsoQO1WNsVt3F8Usjl1958bojiNJpTkxW7N3clg5e8BY0VvDVpv2AAAAAAAAAAEAAAAAAAAAAAAAAAAAAAAAAEAAAAAAAAAAAAAAA==
291c6a000ebb52f5953ae7e97804dc04853b75c9a2a68a5b10a05b95aa40d050	3	1	AAAAAOf6XUkFwWRa0XZu2Ly2ksUndxonxaU0LmORDQ5T2Oh7AAAACgAAAAIAAAABAAAAAAAAAAAAAAABAAAAAAAAAAYAAAABRVVSAAAAAACtdnA0pkVbQOHRjQGk3BvbOvrOUfQL+yR95b2bzM/1EX//////////AAAAAAAAAAFT2Oh7AAAAQHUAjVQJTpx/xcKBbQnUCr2u7zO+wMggt585pV55bU+E3lK0bSGbjZ88Uk8QPsAoJ/EkDzcZPaxFJdC105WSWA4=	KRxqAA67UvWVOufpeATcBIU7dcmipopbEKBblapA0FAAAAAAAAAACgAAAAAAAAABAAAAAAAAAAYAAAAAAAAAAA==	AAAAAAAAAAEAAAABAAAAAAAAAADn+l1JBcFkWtF2bti8tpLFJ3caJ8WlNC5jkQ0OU9joewAAAAJUC+P2AAAAAgAAAAEAAAAAAAAAAAAAAAAAAAAAAQAAAAAAAAAAAAAAAAAAAQAAAAIAAAAAAAAAAQAAAADn+l1JBcFkWtF2bti8tpLFJ3caJ8WlNC5jkQ0OU9joewAAAAFFVVIAAAAAAK12cDSmRVtA4dGNAaTcG9s6+s5R9Av7JH3lvZvMz/URAAAAAAAAAAB//////////wAAAAEAAAAAAAAAAQAAAAAAAAAA5/pdSQXBZFrRdm7YvLaSxSd3GifFpTQuY5ENDlPY6HsAAAACVAvj9gAAAAIAAAABAAAAAQAAAAAAAAAAAAAAAAEAAAAAAAAAAAAAAA==
ffbe4ac872727d139c069a9de9404a5c93ef14c8517c774feac06c90476438e0	3	2	AAAAAIau/zF87X4i81W5Z7beAsyp6NdT5RlEvgJrd++nTBYrAAAACgAAAAIAAAABAAAAAAAAAAAAAAABAAAAAAAAAAYAAAABVVNEAAAAAACtdnA0pkVbQOHRjQGk3BvbOvrOUfQL+yR95b2bzM/1EX//////////AAAAAAAAAAGnTBYrAAAAQIBr5IvOJd+SgMfno6kv9H1Aw5vF9U6SwE7t6J+sPvAod9PTQJYvEehq0p6pHCe8dc6hpc/JBOg1V7nMPQfCQQI=	/75KyHJyfROcBpqd6UBKXJPvFMhRfHdP6sBskEdkOOAAAAAAAAAACgAAAAAAAAABAAAAAAAAAAYAAAAAAAAAAA==	AAAAAAAAAAEAAAABAAAAAAAAAACGrv8xfO1+IvNVuWe23gLMqejXU+UZRL4Ca3fvp0wWKwAAAAJUC+P2AAAAAgAAAAEAAAAAAAAAAAAAAAAAAAAAAQAAAAAAAAAAAAAAAAAAAQAAAAIAAAAAAAAAAQAAAACGrv8xfO1+IvNVuWe23gLMqejXU+UZRL4Ca3fvp0wWKwAAAAFVU0QAAAAAAK12cDSmRVtA4dGNAaTcG9s6+s5R9Av7JH3lvZvMz/URAAAAAAAAAAB//////////wAAAAEAAAAAAAAAAQAAAAAAAAAAhq7/MXztfiLzVblntt4CzKno11PlGUS+Amt376dMFisAAAACVAvj9gAAAAIAAAABAAAAAQAAAAAAAAAAAAAAAAEAAAAAAAAAAAAAAA==
55b8b21a972dec287c35f09870929704eefc4a3483feab0a9b700be0b2385fe7	3	3	AAAAAMnOiHZFhnI9rdAgpGiXXkI6aKIiSxo1UX6fKZ2r4+7eAAAACgAAAAIAAAABAAAAAAAAAAAAAAABAAAAAAAAAAYAAAABVVNEAAAAAACtdnA0pkVbQOHRjQGk3BvbOvrOUfQL+yR95b2bzM/1EX//////////AAAAAAAAAAGr4+7eAAAAQDdVnuLcOcNtv2vuUEIZvZGpdxYck5HukabgKSu3kEmqtayZO+blKbTCfOterdg7d1cb1dubg5v6I3fKDhgWOgI=	VbiyGpct7Ch8NfCYcJKXBO78SjSD/qsKm3AL4LI4X+cAAAAAAAAACgAAAAAAAAABAAAAAAAAAAYAAAAAAAAAAA==	AAAAAAAAAAEAAAABAAAAAAAAAADJzoh2RYZyPa3QIKRol15COmiiIksaNVF+nymdq+Pu3gAAAAJUC+P2AAAAAgAAAAEAAAAAAAAAAAAAAAAAAAAAAQAAAAAAAAAAAAAAAAAAAQAAAAIAAAAAAAAAAQAAAADJzoh2RYZyPa3QIKRol15COmiiIksaNVF+nymdq+Pu3gAAAAFVU0QAAAAAAK12cDSmRVtA4dGNAaTcG9s6+s5R9Av7JH3lvZvMz/URAAAAAAAAAAB//////////wAAAAEAAAAAAAAAAQAAAAAAAAAAyc6IdkWGcj2t0CCkaJdeQjpooiJLGjVRfp8pnavj7t4AAAACVAvj9gAAAAIAAAABAAAAAQAAAAAAAAAAAAAAAAEAAAAAAAAAAAAAAA==
ccd7eeeae8431a8dcc4fdec828e291cf473d72fb670404116ee7a9280f22efe2	3	4	AAAAAIau/zF87X4i81W5Z7beAsyp6NdT5RlEvgJrd++nTBYrAAAACgAAAAIAAAACAAAAAAAAAAAAAAABAAAAAAAAAAYAAAABRVVSAAAAAACtdnA0pkVbQOHRjQGk3BvbOvrOUfQL+yR95b2bzM/1EX//////////AAAAAAAAAAGnTBYrAAAAQHERl4QeUUmcV4s6WY86ZJ89D1I34nzxOXnv822T2/Gm43qVVsTMrfDludsHAwyASGgPv4hc2ccipibYrExhRA8=	zNfu6uhDGo3MT97IKOKRz0c9cvtnBAQRbuepKA8i7+IAAAAAAAAACgAAAAAAAAABAAAAAAAAAAYAAAAAAAAAAA==	AAAAAAAAAAEAAAABAAAAAAAAAACGrv8xfO1+IvNVuWe23gLMqejXU+UZRL4Ca3fvp0wWKwAAAAJUC+PsAAAAAgAAAAIAAAABAAAAAAAAAAAAAAAAAQAAAAAAAAAAAAAAAAAAAQAAAAIAAAAAAAAAAQAAAACGrv8xfO1+IvNVuWe23gLMqejXU+UZRL4Ca3fvp0wWKwAAAAFFVVIAAAAAAK12cDSmRVtA4dGNAaTcG9s6+s5R9Av7JH3lvZvMz/URAAAAAAAAAAB//////////wAAAAEAAAAAAAAAAQAAAAAAAAAAhq7/MXztfiLzVblntt4CzKno11PlGUS+Amt376dMFisAAAACVAvj7AAAAAIAAAACAAAAAgAAAAAAAAAAAAAAAAEAAAAAAAAAAAAAAA==
27260829b38efcc1e7b7d34cd4623e2ca21195dddd700453bb1992ce9d209bbd	3	5	AAAAAIau/zF87X4i81W5Z7beAsyp6NdT5RlEvgJrd++nTBYrAAAACgAAAAIAAAADAAAAAAAAAAAAAAABAAAAAAAAAAYAAAABMQAAAAAAAACtdnA0pkVbQOHRjQGk3BvbOvrOUfQL+yR95b2bzM/1EX//////////AAAAAAAAAAGnTBYrAAAAQK7NdI62tHGWuKhxYWt7qgtNhGvLJK5WZHGRIA6X6/uaapj/MkYDlBTixZQJ6iNHk9BFNuvQk/R33PXr1kHXJAo=	JyYIKbOO/MHnt9NM1GI+LKIRld3dcARTuxmSzp0gm70AAAAAAAAACgAAAAAAAAABAAAAAAAAAAYAAAAAAAAAAA==	AAAAAAAAAAEAAAABAAAAAAAAAACGrv8xfO1+IvNVuWe23gLMqejXU+UZRL4Ca3fvp0wWKwAAAAJUC+PiAAAAAgAAAAMAAAACAAAAAAAAAAAAAAAAAQAAAAAAAAAAAAAAAAAAAQAAAAIAAAAAAAAAAQAAAACGrv8xfO1+IvNVuWe23gLMqejXU+UZRL4Ca3fvp0wWKwAAAAExAAAAAAAAAK12cDSmRVtA4dGNAaTcG9s6+s5R9Av7JH3lvZvMz/URAAAAAAAAAAB//////////wAAAAEAAAAAAAAAAQAAAAAAAAAAhq7/MXztfiLzVblntt4CzKno11PlGUS+Amt376dMFisAAAACVAvj4gAAAAIAAAADAAAAAwAAAAAAAAAAAAAAAAEAAAAAAAAAAAAAAA==
67a56b2dbe443bfb305adc9c28f1c1664daef4a01aaf14a0f91beb84144b1e7f	3	6	AAAAAIau/zF87X4i81W5Z7beAsyp6NdT5RlEvgJrd++nTBYrAAAACgAAAAIAAAAEAAAAAAAAAAAAAAABAAAAAAAAAAYAAAABMjEAAAAAAACtdnA0pkVbQOHRjQGk3BvbOvrOUfQL+yR95b2bzM/1EX//////////AAAAAAAAAAGnTBYrAAAAQJDQhv8akMeJFUQj2IsqmDaUTo8R+0VGE4LCPsyuYka6pW5C3T7hL8VdHV3fEqrAabbguk+rZxs4/lhV1vpTBQ4=	Z6VrLb5EO/swWtycKPHBZk2u9KAarxSg+RvrhBRLHn8AAAAAAAAACgAAAAAAAAABAAAAAAAAAAYAAAAAAAAAAA==	AAAAAAAAAAEAAAABAAAAAAAAAACGrv8xfO1+IvNVuWe23gLMqejXU+UZRL4Ca3fvp0wWKwAAAAJUC+PYAAAAAgAAAAQAAAADAAAAAAAAAAAAAAAAAQAAAAAAAAAAAAAAAAAAAQAAAAIAAAAAAAAAAQAAAACGrv8xfO1+IvNVuWe23gLMqejXU+UZRL4Ca3fvp0wWKwAAAAEyMQAAAAAAAK12cDSmRVtA4dGNAaTcG9s6+s5R9Av7JH3lvZvMz/URAAAAAAAAAAB//////////wAAAAEAAAAAAAAAAQAAAAAAAAAAhq7/MXztfiLzVblntt4CzKno11PlGUS+Amt376dMFisAAAACVAvj2AAAAAIAAAAEAAAABAAAAAAAAAAAAAAAAAEAAAAAAAAAAAAAAA==
bb08ea2a77815705a3db069c6ed312628a224a3dcf258ea6036a5c5e61714aea	3	7	AAAAAIau/zF87X4i81W5Z7beAsyp6NdT5RlEvgJrd++nTBYrAAAACgAAAAIAAAAFAAAAAAAAAAAAAAABAAAAAAAAAAYAAAABMjIAAAAAAACtdnA0pkVbQOHRjQGk3BvbOvrOUfQL+yR95b2bzM/1EX//////////AAAAAAAAAAGnTBYrAAAAQH9gFKAFTcyINd3l+mwYjBGBenHRvCSNtZ65WXdd8HzWCbZ7SykmP+FuVy4izUa7XzRxss7MmKlSTVTyJtdqMgk=	uwjqKneBVwWj2wacbtMSYooiSj3PJY6mA2pcXmFxSuoAAAAAAAAACgAAAAAAAAABAAAAAAAAAAYAAAAAAAAAAA==	AAAAAAAAAAEAAAABAAAAAAAAAACGrv8xfO1+IvNVuWe23gLMqejXU+UZRL4Ca3fvp0wWKwAAAAJUC+POAAAAAgAAAAUAAAAEAAAAAAAAAAAAAAAAAQAAAAAAAAAAAAAAAAAAAQAAAAIAAAAAAAAAAQAAAACGrv8xfO1+IvNVuWe23gLMqejXU+UZRL4Ca3fvp0wWKwAAAAEyMgAAAAAAAK12cDSmRVtA4dGNAaTcG9s6+s5R9Av7JH3lvZvMz/URAAAAAAAAAAB//////////wAAAAEAAAAAAAAAAQAAAAAAAAAAhq7/MXztfiLzVblntt4CzKno11PlGUS+Amt376dMFisAAAACVAvjzgAAAAIAAAAFAAAABQAAAAAAAAAAAAAAAAEAAAAAAAAAAAAAAA==
a18ce6b36084fd293bd164bca08cd9ae7e36621267a8f147a414d4ab0709ea66	3	8	AAAAAIau/zF87X4i81W5Z7beAsyp6NdT5RlEvgJrd++nTBYrAAAACgAAAAIAAAAGAAAAAAAAAAAAAAABAAAAAAAAAAYAAAABMzEAAAAAAACtdnA0pkVbQOHRjQGk3BvbOvrOUfQL+yR95b2bzM/1EX//////////AAAAAAAAAAGnTBYrAAAAQH9CaDTnFlnPyEka/+H3cE4UtJY6y8QQM2EPUax/pwOnNAqn9Lgl/Mc/h7mfQFRg5T8zI6LSEXCfLtWCmWHeWQg=	oYzms2CE/Sk70WS8oIzZrn42YhJnqPFHpBTUqwcJ6mYAAAAAAAAACgAAAAAAAAABAAAAAAAAAAYAAAAAAAAAAA==	AAAAAAAAAAEAAAABAAAAAAAAAACGrv8xfO1+IvNVuWe23gLMqejXU+UZRL4Ca3fvp0wWKwAAAAJUC+PEAAAAAgAAAAYAAAAFAAAAAAAAAAAAAAAAAQAAAAAAAAAAAAAAAAAAAQAAAAIAAAAAAAAAAQAAAACGrv8xfO1+IvNVuWe23gLMqejXU+UZRL4Ca3fvp0wWKwAAAAEzMQAAAAAAAK12cDSmRVtA4dGNAaTcG9s6+s5R9Av7JH3lvZvMz/URAAAAAAAAAAB//////////wAAAAEAAAAAAAAAAQAAAAAAAAAAhq7/MXztfiLzVblntt4CzKno11PlGUS+Amt376dMFisAAAACVAvjxAAAAAIAAAAGAAAABgAAAAAAAAAAAAAAAAEAAAAAAAAAAAAAAA==
10261f07482c1a913258713c1a4324ab34bcee5938e74e26eb5d91aff1995bc2	3	9	AAAAAIau/zF87X4i81W5Z7beAsyp6NdT5RlEvgJrd++nTBYrAAAACgAAAAIAAAAHAAAAAAAAAAAAAAABAAAAAAAAAAYAAAABMzIAAAAAAACtdnA0pkVbQOHRjQGk3BvbOvrOUfQL+yR95b2bzM/1EX//////////AAAAAAAAAAGnTBYrAAAAQMdMQw3A27ha47b0G18c0CCWzwZzs7qOSaflp1l2C2hwoncTLMAp0IsllvJOkn1ibDLFhtXWKngV3aSCOtzXpAs=	ECYfB0gsGpEyWHE8GkMkqzS87lk4504m612Rr/GZW8IAAAAAAAAACgAAAAAAAAABAAAAAAAAAAYAAAAAAAAAAA==	AAAAAAAAAAEAAAABAAAAAAAAAACGrv8xfO1+IvNVuWe23gLMqejXU+UZRL4Ca3fvp0wWKwAAAAJUC+O6AAAAAgAAAAcAAAAGAAAAAAAAAAAAAAAAAQAAAAAAAAAAAAAAAAAAAQAAAAIAAAAAAAAAAQAAAACGrv8xfO1+IvNVuWe23gLMqejXU+UZRL4Ca3fvp0wWKwAAAAEzMgAAAAAAAK12cDSmRVtA4dGNAaTcG9s6+s5R9Av7JH3lvZvMz/URAAAAAAAAAAB//////////wAAAAEAAAAAAAAAAQAAAAAAAAAAhq7/MXztfiLzVblntt4CzKno11PlGUS+Amt376dMFisAAAACVAvjugAAAAIAAAAHAAAABwAAAAAAAAAAAAAAAAEAAAAAAAAAAAAAAA==
7d22051df4cc30617bb22c3f7a578b9fe16a82d2482b332a5e76ddd5415885e8	3	10	AAAAAIau/zF87X4i81W5Z7beAsyp6NdT5RlEvgJrd++nTBYrAAAACgAAAAIAAAAIAAAAAAAAAAAAAAABAAAAAAAAAAYAAAABMzMAAAAAAACtdnA0pkVbQOHRjQGk3BvbOvrOUfQL+yR95b2bzM/1EX//////////AAAAAAAAAAGnTBYrAAAAQNF4pvSmnS+jQkCXc4EczP80TFzp04OXjo02fwxBsX6Glx6wK/088A3nKTgOlLWzAhSOVwqhOzqjTeeLOametg4=	fSIFHfTMMGF7siw/eleLn+FqgtJIKzMqXnbd1UFYhegAAAAAAAAACgAAAAAAAAABAAAAAAAAAAYAAAAAAAAAAA==	AAAAAAAAAAEAAAABAAAAAAAAAACGrv8xfO1+IvNVuWe23gLMqejXU+UZRL4Ca3fvp0wWKwAAAAJUC+OwAAAAAgAAAAgAAAAHAAAAAAAAAAAAAAAAAQAAAAAAAAAAAAAAAAAAAQAAAAIAAAAAAAAAAQAAAACGrv8xfO1+IvNVuWe23gLMqejXU+UZRL4Ca3fvp0wWKwAAAAEzMwAAAAAAAK12cDSmRVtA4dGNAaTcG9s6+s5R9Av7JH3lvZvMz/URAAAAAAAAAAB//////////wAAAAEAAAAAAAAAAQAAAAAAAAAAhq7/MXztfiLzVblntt4CzKno11PlGUS+Amt376dMFisAAAACVAvjsAAAAAIAAAAIAAAACAAAAAAAAAAAAAAAAAEAAAAAAAAAAAAAAA==
c1fac25dde00ca4c258179937a96eaaa4b72f9955249981f1663e59ff6116013	4	1	AAAAAK12cDSmRVtA4dGNAaTcG9s6+s5R9Av7JH3lvZvMz/URAAAACgAAAAIAAAABAAAAAAAAAAAAAAABAAAAAAAAAAEAAAAAyc6IdkWGcj2t0CCkaJdeQjpooiJLGjVRfp8pnavj7t4AAAABVVNEAAAAAACtdnA0pkVbQOHRjQGk3BvbOvrOUfQL+yR95b2bzM/1EQAAAAAAABOIAAAAAAAAAAHMz/URAAAAQARrUrXqV3bm7pWyptz8u7/0YST1qcvtbY6KsjAg2aXlmnh5+AhsVwdu4fWABJA3ROdAoGY+6RefdT/Vr+iNlQY=	wfrCXd4AykwlgXmTepbqqkty+ZVSSZgfFmPln/YRYBMAAAAAAAAACgAAAAAAAAABAAAAAAAAAAEAAAAAAAAAAA==	AAAAAAAAAAEAAAABAAAAAAAAAACtdnA0pkVbQOHRjQGk3BvbOvrOUfQL+yR95b2bzM/1EQAAAAJUC+P2AAAAAgAAAAEAAAAAAAAAAAAAAAAAAAAAAQAAAAAAAAAAAAAAAAAAAQAAAAEAAAABAAAAAQAAAADJzoh2RYZyPa3QIKRol15COmiiIksaNVF+nymdq+Pu3gAAAAFVU0QAAAAAAK12cDSmRVtA4dGNAaTcG9s6+s5R9Av7JH3lvZvMz/URAAAAAAAAE4h//////////wAAAAEAAAAA
194006fa075a493add98ed152055e732a2a03fb7edbe62315281684bde0dcfc7	4	2	AAAAAK12cDSmRVtA4dGNAaTcG9s6+s5R9Av7JH3lvZvMz/URAAAACgAAAAIAAAACAAAAAAAAAAAAAAABAAAAAAAAAAEAAAAAhq7/MXztfiLzVblntt4CzKno11PlGUS+Amt376dMFisAAAABRVVSAAAAAACtdnA0pkVbQOHRjQGk3BvbOvrOUfQL+yR95b2bzM/1EQAAAAAAABOIAAAAAAAAAAHMz/URAAAAQCk73NROXiwDRX0lrQQjz/QSFNs4JeMNvXYhjjCOHN2MUL9IEz38WI33dgSAYol5kedrRztVS1LNtGu6MmqImgg=	GUAG+gdaSTrdmO0VIFXnMqKgP7ftvmIxUoFoS94Nz8cAAAAAAAAACgAAAAAAAAABAAAAAAAAAAEAAAAAAAAAAA==	AAAAAAAAAAEAAAABAAAAAAAAAACtdnA0pkVbQOHRjQGk3BvbOvrOUfQL+yR95b2bzM/1EQAAAAJUC+PsAAAAAgAAAAIAAAAAAAAAAAAAAAAAAAAAAQAAAAAAAAAAAAAAAAAAAQAAAAEAAAABAAAAAQAAAACGrv8xfO1+IvNVuWe23gLMqejXU+UZRL4Ca3fvp0wWKwAAAAFFVVIAAAAAAK12cDSmRVtA4dGNAaTcG9s6+s5R9Av7JH3lvZvMz/URAAAAAAAAE4h//////////wAAAAEAAAAA
51d0e43d5bdbadec29e83ea8251506f05545d870e275d1b254b1bf0b9c2b18d3	4	3	AAAAAK12cDSmRVtA4dGNAaTcG9s6+s5R9Av7JH3lvZvMz/URAAAACgAAAAIAAAADAAAAAAAAAAAAAAABAAAAAAAAAAEAAAAAhq7/MXztfiLzVblntt4CzKno11PlGUS+Amt376dMFisAAAABMQAAAAAAAACtdnA0pkVbQOHRjQGk3BvbOvrOUfQL+yR95b2bzM/1EQAAAAAAABOIAAAAAAAAAAHMz/URAAAAQOUvaL4nd96awLx1I04UGM0B/CK2ZyBzwkto8etpNUJVN23oF71RWh0eYKGuzayhZfoU9iTdilZ6QoQ1Pf8TnAo=	UdDkPVvbrewp6D6oJRUG8FVF2HDiddGyVLG/C5wrGNMAAAAAAAAACgAAAAAAAAABAAAAAAAAAAEAAAAAAAAAAA==	AAAAAAAAAAEAAAABAAAAAAAAAACtdnA0pkVbQOHRjQGk3BvbOvrOUfQL+yR95b2bzM/1EQAAAAJUC+PiAAAAAgAAAAMAAAAAAAAAAAAAAAAAAAAAAQAAAAAAAAAAAAAAAAAAAQAAAAEAAAABAAAAAQAAAACGrv8xfO1+IvNVuWe23gLMqejXU+UZRL4Ca3fvp0wWKwAAAAExAAAAAAAAAK12cDSmRVtA4dGNAaTcG9s6+s5R9Av7JH3lvZvMz/URAAAAAAAAE4h//////////wAAAAEAAAAA
8643ed1c5a34db94fb73f532836d835b30270428f0c9a4e67220840419741df3	4	4	AAAAAK12cDSmRVtA4dGNAaTcG9s6+s5R9Av7JH3lvZvMz/URAAAACgAAAAIAAAAEAAAAAAAAAAAAAAABAAAAAAAAAAEAAAAAhq7/MXztfiLzVblntt4CzKno11PlGUS+Amt376dMFisAAAABMjEAAAAAAACtdnA0pkVbQOHRjQGk3BvbOvrOUfQL+yR95b2bzM/1EQAAAAAAABOIAAAAAAAAAAHMz/URAAAAQOCQ6viJZ5dqDXqboGJxgQzGAx9iWsSHyRVR2bGmReeVIE2lspYNKqcTCrBhXkRhNeVi8RNxuhhWVgxUQ3n9DQM=	hkPtHFo025T7c/Uyg22DWzAnBCjwyaTmciCEBBl0HfMAAAAAAAAACgAAAAAAAAABAAAAAAAAAAEAAAAAAAAAAA==	AAAAAAAAAAEAAAABAAAAAAAAAACtdnA0pkVbQOHRjQGk3BvbOvrOUfQL+yR95b2bzM/1EQAAAAJUC+PYAAAAAgAAAAQAAAAAAAAAAAAAAAAAAAAAAQAAAAAAAAAAAAAAAAAAAQAAAAEAAAABAAAAAQAAAACGrv8xfO1+IvNVuWe23gLMqejXU+UZRL4Ca3fvp0wWKwAAAAEyMQAAAAAAAK12cDSmRVtA4dGNAaTcG9s6+s5R9Av7JH3lvZvMz/URAAAAAAAAE4h//////////wAAAAEAAAAA
6ebe8da2bafffe07cb51f4ed615a9d1e48326704054246661c166df5f2de1a23	4	5	AAAAAK12cDSmRVtA4dGNAaTcG9s6+s5R9Av7JH3lvZvMz/URAAAACgAAAAIAAAAFAAAAAAAAAAAAAAABAAAAAAAAAAEAAAAAhq7/MXztfiLzVblntt4CzKno11PlGUS+Amt376dMFisAAAABMjIAAAAAAACtdnA0pkVbQOHRjQGk3BvbOvrOUfQL+yR95b2bzM/1EQAAAAAAABOIAAAAAAAAAAHMz/URAAAAQHwqxRSNOwomCRgUuf05NWtIjWjij0mdkOH11VpRfNeepfYeh5MWa6RugEuvXAze6xp3v1UY83qXCQMwwE86rgo=	br6Norr//gfLUfTtYVqdHkgyZwQFQkZmHBZt9fLeGiMAAAAAAAAACgAAAAAAAAABAAAAAAAAAAEAAAAAAAAAAA==	AAAAAAAAAAEAAAABAAAAAAAAAACtdnA0pkVbQOHRjQGk3BvbOvrOUfQL+yR95b2bzM/1EQAAAAJUC+POAAAAAgAAAAUAAAAAAAAAAAAAAAAAAAAAAQAAAAAAAAAAAAAAAAAAAQAAAAEAAAABAAAAAQAAAACGrv8xfO1+IvNVuWe23gLMqejXU+UZRL4Ca3fvp0wWKwAAAAEyMgAAAAAAAK12cDSmRVtA4dGNAaTcG9s6+s5R9Av7JH3lvZvMz/URAAAAAAAAE4h//////////wAAAAEAAAAA
ef2895f5e8151787f38c9b15ed445d4446cb51f09008b6689ea4949b58e61132	4	6	AAAAAK12cDSmRVtA4dGNAaTcG9s6+s5R9Av7JH3lvZvMz/URAAAACgAAAAIAAAAGAAAAAAAAAAAAAAABAAAAAAAAAAEAAAAAhq7/MXztfiLzVblntt4CzKno11PlGUS+Amt376dMFisAAAABMzEAAAAAAACtdnA0pkVbQOHRjQGk3BvbOvrOUfQL+yR95b2bzM/1EQAAAAAAABOIAAAAAAAAAAHMz/URAAAAQGNV/h1voahk046uvx446cUTc3WbnhXN8fjOC3ps2hb2As85nqAuk487XJ/KR8VKMfzlrtEo5ZCsGDy++mAYQQk=	7yiV9egVF4fzjJsV7URdREbLUfCQCLZonqSUm1jmETIAAAAAAAAACgAAAAAAAAABAAAAAAAAAAEAAAAAAAAAAA==	AAAAAAAAAAEAAAABAAAAAAAAAACtdnA0pkVbQOHRjQGk3BvbOvrOUfQL+yR95b2bzM/1EQAAAAJUC+PEAAAAAgAAAAYAAAAAAAAAAAAAAAAAAAAAAQAAAAAAAAAAAAAAAAAAAQAAAAEAAAABAAAAAQAAAACGrv8xfO1+IvNVuWe23gLMqejXU+UZRL4Ca3fvp0wWKwAAAAEzMQAAAAAAAK12cDSmRVtA4dGNAaTcG9s6+s5R9Av7JH3lvZvMz/URAAAAAAAAE4h//////////wAAAAEAAAAA
99db4635f71cccc3136754fb2fd7db608987bb37fceafd6f5f9d6255bf765c3b	4	7	AAAAAK12cDSmRVtA4dGNAaTcG9s6+s5R9Av7JH3lvZvMz/URAAAACgAAAAIAAAAHAAAAAAAAAAAAAAABAAAAAAAAAAEAAAAAhq7/MXztfiLzVblntt4CzKno11PlGUS+Amt376dMFisAAAABMzIAAAAAAACtdnA0pkVbQOHRjQGk3BvbOvrOUfQL+yR95b2bzM/1EQAAAAAAABOIAAAAAAAAAAHMz/URAAAAQG5Cxq0Cu0tmGhi5D9IJhTZW2TAGU+UE3MkcqpwWnBRGNsVKGLSHoKjLkSdF7A0SO+ydLgYJxjIfX38+sBB6uAM=	mdtGNfcczMMTZ1T7L9fbYImHuzf86v1vX51iVb92XDsAAAAAAAAACgAAAAAAAAABAAAAAAAAAAEAAAAAAAAAAA==	AAAAAAAAAAEAAAABAAAAAAAAAACtdnA0pkVbQOHRjQGk3BvbOvrOUfQL+yR95b2bzM/1EQAAAAJUC+O6AAAAAgAAAAcAAAAAAAAAAAAAAAAAAAAAAQAAAAAAAAAAAAAAAAAAAQAAAAEAAAABAAAAAQAAAACGrv8xfO1+IvNVuWe23gLMqejXU+UZRL4Ca3fvp0wWKwAAAAEzMgAAAAAAAK12cDSmRVtA4dGNAaTcG9s6+s5R9Av7JH3lvZvMz/URAAAAAAAAE4h//////////wAAAAEAAAAA
e16af5c2ef11ac0c963ec7b66f6170d2722b75e1c6b8fd69a8569c1f238d6d94	4	8	AAAAAK12cDSmRVtA4dGNAaTcG9s6+s5R9Av7JH3lvZvMz/URAAAACgAAAAIAAAAIAAAAAAAAAAAAAAABAAAAAAAAAAEAAAAAhq7/MXztfiLzVblntt4CzKno11PlGUS+Amt376dMFisAAAABMzMAAAAAAACtdnA0pkVbQOHRjQGk3BvbOvrOUfQL+yR95b2bzM/1EQAAAAAAABOIAAAAAAAAAAHMz/URAAAAQHD9aYB3dcSGNvpXNWGSPXoz38vdQ8mgYF44b/PuK5gDkiY9nEnASOX8zPSciwgZYAS6zUMPmLTyjHLJpfX9igQ=	4Wr1wu8RrAyWPse2b2Fw0nIrdeHGuP1pqFacHyONbZQAAAAAAAAACgAAAAAAAAABAAAAAAAAAAEAAAAAAAAAAA==	AAAAAAAAAAEAAAABAAAAAAAAAACtdnA0pkVbQOHRjQGk3BvbOvrOUfQL+yR95b2bzM/1EQAAAAJUC+OwAAAAAgAAAAgAAAAAAAAAAAAAAAAAAAAAAQAAAAAAAAAAAAAAAAAAAQAAAAEAAAABAAAAAQAAAACGrv8xfO1+IvNVuWe23gLMqejXU+UZRL4Ca3fvp0wWKwAAAAEzMwAAAAAAAK12cDSmRVtA4dGNAaTcG9s6+s5R9Av7JH3lvZvMz/URAAAAAAAAE4h//////////wAAAAEAAAAA
93e37ec51baf84646474a81ca0c4a3a02b6609a5cc449f58617e34ce6e7c1572	5	1	AAAAAIau/zF87X4i81W5Z7beAsyp6NdT5RlEvgJrd++nTBYrAAAACgAAAAIAAAAJAAAAAAAAAAAAAAABAAAAAAAAAAMAAAABRVVSAAAAAACtdnA0pkVbQOHRjQGk3BvbOvrOUfQL+yR95b2bzM/1EQAAAAFVU0QAAAAAAK12cDSmRVtA4dGNAaTcG9s6+s5R9Av7JH3lvZvMz/URAAAAAAAAAAoAAAABAAAAAQAAAAAAAAAAAAAAAAAAAAGnTBYrAAAAQDKpDw4bWJnC9yZEQCgiOC7eAOAd+Y6zi6txNSko+ep/JBnTvsOYl1Ehhi4q/kzN0GHDiKLxTuvPNe7ZNHj/VwY=	k+N+xRuvhGRkdKgcoMSjoCtmCaXMRJ9YYX40zm58FXIAAAAAAAAACgAAAAAAAAABAAAAAAAAAAMAAAAAAAAAAAAAAAAAAAAAhq7/MXztfiLzVblntt4CzKno11PlGUS+Amt376dMFisAAAAAAAAAAQAAAAFFVVIAAAAAAK12cDSmRVtA4dGNAaTcG9s6+s5R9Av7JH3lvZvMz/URAAAAAVVTRAAAAAAArXZwNKZFW0Dh0Y0BpNwb2zr6zlH0C/skfeW9m8zP9REAAAAAAAAACgAAAAEAAAABAAAAAAAAAAAAAAAA	AAAAAAAAAAEAAAABAAAAAAAAAACGrv8xfO1+IvNVuWe23gLMqejXU+UZRL4Ca3fvp0wWKwAAAAJUC+OmAAAAAgAAAAkAAAAIAAAAAAAAAAAAAAAAAQAAAAAAAAAAAAAAAAAAAQAAAAIAAAAAAAAAAgAAAACGrv8xfO1+IvNVuWe23gLMqejXU+UZRL4Ca3fvp0wWKwAAAAAAAAABAAAAAUVVUgAAAAAArXZwNKZFW0Dh0Y0BpNwb2zr6zlH0C/skfeW9m8zP9REAAAABVVNEAAAAAACtdnA0pkVbQOHRjQGk3BvbOvrOUfQL+yR95b2bzM/1EQAAAAAAAAAKAAAAAQAAAAEAAAAAAAAAAAAAAAEAAAAAAAAAAIau/zF87X4i81W5Z7beAsyp6NdT5RlEvgJrd++nTBYrAAAAAlQL46YAAAACAAAACQAAAAkAAAAAAAAAAAAAAAABAAAAAAAAAAAAAAA=
cca93fd41c511b37398bfde92d8e22264ee62a38729755b62bef49406f70c535	5	2	AAAAAIau/zF87X4i81W5Z7beAsyp6NdT5RlEvgJrd++nTBYrAAAACgAAAAIAAAAKAAAAAAAAAAAAAAABAAAAAAAAAAMAAAABMQAAAAAAAACtdnA0pkVbQOHRjQGk3BvbOvrOUfQL+yR95b2bzM/1EQAAAAFVU0QAAAAAAK12cDSmRVtA4dGNAaTcG9s6+s5R9Av7JH3lvZvMz/URAAAAAAAAABQAAAABAAAAAQAAAAAAAAAAAAAAAAAAAAGnTBYrAAAAQD5vfmiLBcEFSBl9fbw4GCdLaYieI5feIl91dvGegTGErB83ilHlN4dNi1K//FwPPcBc0xgl06Ybbre3xUtm7gg=	zKk/1BxRGzc5i/3pLY4iJk7mKjhyl1W2K+9JQG9wxTUAAAAAAAAACgAAAAAAAAABAAAAAAAAAAMAAAAAAAAAAAAAAAAAAAAAhq7/MXztfiLzVblntt4CzKno11PlGUS+Amt376dMFisAAAAAAAAAAgAAAAExAAAAAAAAAK12cDSmRVtA4dGNAaTcG9s6+s5R9Av7JH3lvZvMz/URAAAAAVVTRAAAAAAArXZwNKZFW0Dh0Y0BpNwb2zr6zlH0C/skfeW9m8zP9REAAAAAAAAAFAAAAAEAAAABAAAAAAAAAAAAAAAA	AAAAAAAAAAEAAAABAAAAAAAAAACGrv8xfO1+IvNVuWe23gLMqejXU+UZRL4Ca3fvp0wWKwAAAAJUC+OcAAAAAgAAAAoAAAAJAAAAAAAAAAAAAAAAAQAAAAAAAAAAAAAAAAAAAQAAAAIAAAAAAAAAAgAAAACGrv8xfO1+IvNVuWe23gLMqejXU+UZRL4Ca3fvp0wWKwAAAAAAAAACAAAAATEAAAAAAAAArXZwNKZFW0Dh0Y0BpNwb2zr6zlH0C/skfeW9m8zP9REAAAABVVNEAAAAAACtdnA0pkVbQOHRjQGk3BvbOvrOUfQL+yR95b2bzM/1EQAAAAAAAAAUAAAAAQAAAAEAAAAAAAAAAAAAAAEAAAAAAAAAAIau/zF87X4i81W5Z7beAsyp6NdT5RlEvgJrd++nTBYrAAAAAlQL45wAAAACAAAACgAAAAoAAAAAAAAAAAAAAAABAAAAAAAAAAAAAAA=
97da5685f7a528d10c2ff918c36c13f28f670b446bc3d333ba8d9359d47030d2	5	3	AAAAAIau/zF87X4i81W5Z7beAsyp6NdT5RlEvgJrd++nTBYrAAAACgAAAAIAAAALAAAAAAAAAAAAAAABAAAAAAAAAAMAAAABRVVSAAAAAACtdnA0pkVbQOHRjQGk3BvbOvrOUfQL+yR95b2bzM/1EQAAAAExAAAAAAAAAK12cDSmRVtA4dGNAaTcG9s6+s5R9Av7JH3lvZvMz/URAAAAAAAAABQAAAABAAAAAQAAAAAAAAAAAAAAAAAAAAGnTBYrAAAAQN13KMgLJ0sbqIaWSFbv7fIp4RB+JAdFWMcgYmSin9hKlQWUMMyQGpfF6v8dMQBu0qBriiuH2zOmpI6dAwDjwwQ=	l9pWhfelKNEML/kYw2wT8o9nC0Rrw9Mzuo2TWdRwMNIAAAAAAAAACgAAAAAAAAABAAAAAAAAAAMAAAAAAAAAAAAAAAAAAAAAhq7/MXztfiLzVblntt4CzKno11PlGUS+Amt376dMFisAAAAAAAAAAwAAAAFFVVIAAAAAAK12cDSmRVtA4dGNAaTcG9s6+s5R9Av7JH3lvZvMz/URAAAAATEAAAAAAAAArXZwNKZFW0Dh0Y0BpNwb2zr6zlH0C/skfeW9m8zP9REAAAAAAAAAFAAAAAEAAAABAAAAAAAAAAAAAAAA	AAAAAAAAAAEAAAABAAAAAAAAAACGrv8xfO1+IvNVuWe23gLMqejXU+UZRL4Ca3fvp0wWKwAAAAJUC+OSAAAAAgAAAAsAAAAKAAAAAAAAAAAAAAAAAQAAAAAAAAAAAAAAAAAAAQAAAAIAAAAAAAAAAgAAAACGrv8xfO1+IvNVuWe23gLMqejXU+UZRL4Ca3fvp0wWKwAAAAAAAAADAAAAAUVVUgAAAAAArXZwNKZFW0Dh0Y0BpNwb2zr6zlH0C/skfeW9m8zP9REAAAABMQAAAAAAAACtdnA0pkVbQOHRjQGk3BvbOvrOUfQL+yR95b2bzM/1EQAAAAAAAAAUAAAAAQAAAAEAAAAAAAAAAAAAAAEAAAAAAAAAAIau/zF87X4i81W5Z7beAsyp6NdT5RlEvgJrd++nTBYrAAAAAlQL45IAAAACAAAACwAAAAsAAAAAAAAAAAAAAAABAAAAAAAAAAAAAAA=
937f1da8b3045fd0b9bdef706cb61e57f3cceb28f4a50be1f43ffce635c1e6b7	5	4	AAAAAIau/zF87X4i81W5Z7beAsyp6NdT5RlEvgJrd++nTBYrAAAACgAAAAIAAAAMAAAAAAAAAAAAAAABAAAAAAAAAAMAAAABMjEAAAAAAACtdnA0pkVbQOHRjQGk3BvbOvrOUfQL+yR95b2bzM/1EQAAAAFVU0QAAAAAAK12cDSmRVtA4dGNAaTcG9s6+s5R9Av7JH3lvZvMz/URAAAAAAAAAB4AAAABAAAAAQAAAAAAAAAAAAAAAAAAAAGnTBYrAAAAQDM9Lp1Io0EBNkWF6DCi7CgzKo955ZVvNARJYGpaxCedVx1xVj6GrVJZi6edOf2vXCSBbe2cn0i/igJHG1pftgc=	k38dqLMEX9C5ve9wbLYeV/PM6yj0pQvh9D/85jXB5rcAAAAAAAAACgAAAAAAAAABAAAAAAAAAAMAAAAAAAAAAAAAAAAAAAAAhq7/MXztfiLzVblntt4CzKno11PlGUS+Amt376dMFisAAAAAAAAABAAAAAEyMQAAAAAAAK12cDSmRVtA4dGNAaTcG9s6+s5R9Av7JH3lvZvMz/URAAAAAVVTRAAAAAAArXZwNKZFW0Dh0Y0BpNwb2zr6zlH0C/skfeW9m8zP9REAAAAAAAAAHgAAAAEAAAABAAAAAAAAAAAAAAAA	AAAAAAAAAAEAAAABAAAAAAAAAACGrv8xfO1+IvNVuWe23gLMqejXU+UZRL4Ca3fvp0wWKwAAAAJUC+OIAAAAAgAAAAwAAAALAAAAAAAAAAAAAAAAAQAAAAAAAAAAAAAAAAAAAQAAAAIAAAAAAAAAAgAAAACGrv8xfO1+IvNVuWe23gLMqejXU+UZRL4Ca3fvp0wWKwAAAAAAAAAEAAAAATIxAAAAAAAArXZwNKZFW0Dh0Y0BpNwb2zr6zlH0C/skfeW9m8zP9REAAAABVVNEAAAAAACtdnA0pkVbQOHRjQGk3BvbOvrOUfQL+yR95b2bzM/1EQAAAAAAAAAeAAAAAQAAAAEAAAAAAAAAAAAAAAEAAAAAAAAAAIau/zF87X4i81W5Z7beAsyp6NdT5RlEvgJrd++nTBYrAAAAAlQL44gAAAACAAAADAAAAAwAAAAAAAAAAAAAAAABAAAAAAAAAAAAAAA=
53598820770988d69bbd7b902ed5f3543b68eff668f25dd2941d16fb0c64401a	5	5	AAAAAIau/zF87X4i81W5Z7beAsyp6NdT5RlEvgJrd++nTBYrAAAACgAAAAIAAAANAAAAAAAAAAAAAAABAAAAAAAAAAMAAAABMjIAAAAAAACtdnA0pkVbQOHRjQGk3BvbOvrOUfQL+yR95b2bzM/1EQAAAAEyMQAAAAAAAK12cDSmRVtA4dGNAaTcG9s6+s5R9Av7JH3lvZvMz/URAAAAAAAAAB4AAAABAAAAAQAAAAAAAAAAAAAAAAAAAAGnTBYrAAAAQL6HMZ6XDF1y+t7Frsrtjox6VtJ++PO6IEHsk+2W2JVsGc7AAln+2uM0Aey52Erze0BBW5VB8pIm/3gPj+o0EwU=	U1mIIHcJiNabvXuQLtXzVDto7/Zo8l3SlB0W+wxkQBoAAAAAAAAACgAAAAAAAAABAAAAAAAAAAMAAAAAAAAAAAAAAAAAAAAAhq7/MXztfiLzVblntt4CzKno11PlGUS+Amt376dMFisAAAAAAAAABQAAAAEyMgAAAAAAAK12cDSmRVtA4dGNAaTcG9s6+s5R9Av7JH3lvZvMz/URAAAAATIxAAAAAAAArXZwNKZFW0Dh0Y0BpNwb2zr6zlH0C/skfeW9m8zP9REAAAAAAAAAHgAAAAEAAAABAAAAAAAAAAAAAAAA	AAAAAAAAAAEAAAABAAAAAAAAAACGrv8xfO1+IvNVuWe23gLMqejXU+UZRL4Ca3fvp0wWKwAAAAJUC+N+AAAAAgAAAA0AAAAMAAAAAAAAAAAAAAAAAQAAAAAAAAAAAAAAAAAAAQAAAAIAAAAAAAAAAgAAAACGrv8xfO1+IvNVuWe23gLMqejXU+UZRL4Ca3fvp0wWKwAAAAAAAAAFAAAAATIyAAAAAAAArXZwNKZFW0Dh0Y0BpNwb2zr6zlH0C/skfeW9m8zP9REAAAABMjEAAAAAAACtdnA0pkVbQOHRjQGk3BvbOvrOUfQL+yR95b2bzM/1EQAAAAAAAAAeAAAAAQAAAAEAAAAAAAAAAAAAAAEAAAAAAAAAAIau/zF87X4i81W5Z7beAsyp6NdT5RlEvgJrd++nTBYrAAAAAlQL434AAAACAAAADQAAAA0AAAAAAAAAAAAAAAABAAAAAAAAAAAAAAA=
b9263e9c9758afc1fc9597d8d105da0b903df78d16687c7775c5c1d391065be8	5	6	AAAAAIau/zF87X4i81W5Z7beAsyp6NdT5RlEvgJrd++nTBYrAAAACgAAAAIAAAAOAAAAAAAAAAAAAAABAAAAAAAAAAMAAAABRVVSAAAAAACtdnA0pkVbQOHRjQGk3BvbOvrOUfQL+yR95b2bzM/1EQAAAAEyMgAAAAAAAK12cDSmRVtA4dGNAaTcG9s6+s5R9Av7JH3lvZvMz/URAAAAAAAAAB4AAAABAAAAAQAAAAAAAAAAAAAAAAAAAAGnTBYrAAAAQCkmzRqi9ckBE8cPqBpItBqbYULRrhJYvb67WyT+pHPmr8G1CjyTReApzdwePvghEpFWxnBvO/tt/3QHtoGZZAw=	uSY+nJdYr8H8lZfY0QXaC5A9940WaHx3dcXB05EGW+gAAAAAAAAACgAAAAAAAAABAAAAAAAAAAMAAAAAAAAAAAAAAAAAAAAAhq7/MXztfiLzVblntt4CzKno11PlGUS+Amt376dMFisAAAAAAAAABgAAAAFFVVIAAAAAAK12cDSmRVtA4dGNAaTcG9s6+s5R9Av7JH3lvZvMz/URAAAAATIyAAAAAAAArXZwNKZFW0Dh0Y0BpNwb2zr6zlH0C/skfeW9m8zP9REAAAAAAAAAHgAAAAEAAAABAAAAAAAAAAAAAAAA	AAAAAAAAAAEAAAABAAAAAAAAAACGrv8xfO1+IvNVuWe23gLMqejXU+UZRL4Ca3fvp0wWKwAAAAJUC+N0AAAAAgAAAA4AAAANAAAAAAAAAAAAAAAAAQAAAAAAAAAAAAAAAAAAAQAAAAIAAAAAAAAAAgAAAACGrv8xfO1+IvNVuWe23gLMqejXU+UZRL4Ca3fvp0wWKwAAAAAAAAAGAAAAAUVVUgAAAAAArXZwNKZFW0Dh0Y0BpNwb2zr6zlH0C/skfeW9m8zP9REAAAABMjIAAAAAAACtdnA0pkVbQOHRjQGk3BvbOvrOUfQL+yR95b2bzM/1EQAAAAAAAAAeAAAAAQAAAAEAAAAAAAAAAAAAAAEAAAAAAAAAAIau/zF87X4i81W5Z7beAsyp6NdT5RlEvgJrd++nTBYrAAAAAlQL43QAAAACAAAADgAAAA4AAAAAAAAAAAAAAAABAAAAAAAAAAAAAAA=
fd0aca5853e072e88a408f7213e743288a8ae1c9389c2a8f3e4708a5b43dc724	5	7	AAAAAIau/zF87X4i81W5Z7beAsyp6NdT5RlEvgJrd++nTBYrAAAACgAAAAIAAAAPAAAAAAAAAAAAAAABAAAAAAAAAAMAAAABMzEAAAAAAACtdnA0pkVbQOHRjQGk3BvbOvrOUfQL+yR95b2bzM/1EQAAAAFVU0QAAAAAAK12cDSmRVtA4dGNAaTcG9s6+s5R9Av7JH3lvZvMz/URAAAAAAAAACgAAAABAAAAAQAAAAAAAAAAAAAAAAAAAAGnTBYrAAAAQLAU2IqV3YPqXAnJSIWxFHWbVVgUEeEAPOl3mVexpTKiyrit6xCaFp2Uw2T2+IDX5xFJKK6W82sLlequEv+QMwc=	/QrKWFPgcuiKQI9yE+dDKIqK4ck4nCqPPkcIpbQ9xyQAAAAAAAAACgAAAAAAAAABAAAAAAAAAAMAAAAAAAAAAAAAAAAAAAAAhq7/MXztfiLzVblntt4CzKno11PlGUS+Amt376dMFisAAAAAAAAABwAAAAEzMQAAAAAAAK12cDSmRVtA4dGNAaTcG9s6+s5R9Av7JH3lvZvMz/URAAAAAVVTRAAAAAAArXZwNKZFW0Dh0Y0BpNwb2zr6zlH0C/skfeW9m8zP9REAAAAAAAAAKAAAAAEAAAABAAAAAAAAAAAAAAAA	AAAAAAAAAAEAAAABAAAAAAAAAACGrv8xfO1+IvNVuWe23gLMqejXU+UZRL4Ca3fvp0wWKwAAAAJUC+NqAAAAAgAAAA8AAAAOAAAAAAAAAAAAAAAAAQAAAAAAAAAAAAAAAAAAAQAAAAIAAAAAAAAAAgAAAACGrv8xfO1+IvNVuWe23gLMqejXU+UZRL4Ca3fvp0wWKwAAAAAAAAAHAAAAATMxAAAAAAAArXZwNKZFW0Dh0Y0BpNwb2zr6zlH0C/skfeW9m8zP9REAAAABVVNEAAAAAACtdnA0pkVbQOHRjQGk3BvbOvrOUfQL+yR95b2bzM/1EQAAAAAAAAAoAAAAAQAAAAEAAAAAAAAAAAAAAAEAAAAAAAAAAIau/zF87X4i81W5Z7beAsyp6NdT5RlEvgJrd++nTBYrAAAAAlQL42oAAAACAAAADwAAAA8AAAAAAAAAAAAAAAABAAAAAAAAAAAAAAA=
60b15800daebdd63c9f2485f42fc1b1849498c78efc2551e310ff0255c7322f6	5	8	AAAAAIau/zF87X4i81W5Z7beAsyp6NdT5RlEvgJrd++nTBYrAAAACgAAAAIAAAAQAAAAAAAAAAAAAAABAAAAAAAAAAMAAAABMzIAAAAAAACtdnA0pkVbQOHRjQGk3BvbOvrOUfQL+yR95b2bzM/1EQAAAAEzMQAAAAAAAK12cDSmRVtA4dGNAaTcG9s6+s5R9Av7JH3lvZvMz/URAAAAAAAAACgAAAABAAAAAQAAAAAAAAAAAAAAAAAAAAGnTBYrAAAAQKNszLFb7nOn8Fw2sPMqJzfwAlIi8Rb8XeGt1Qk2Beb2RzfLywO1FSK8LDB7EtM3fIl09iS91SZHl+R074I4NA4=	YLFYANrr3WPJ8khfQvwbGElJjHjvwlUeMQ/wJVxzIvYAAAAAAAAACgAAAAAAAAABAAAAAAAAAAMAAAAAAAAAAAAAAAAAAAAAhq7/MXztfiLzVblntt4CzKno11PlGUS+Amt376dMFisAAAAAAAAACAAAAAEzMgAAAAAAAK12cDSmRVtA4dGNAaTcG9s6+s5R9Av7JH3lvZvMz/URAAAAATMxAAAAAAAArXZwNKZFW0Dh0Y0BpNwb2zr6zlH0C/skfeW9m8zP9REAAAAAAAAAKAAAAAEAAAABAAAAAAAAAAAAAAAA	AAAAAAAAAAEAAAABAAAAAAAAAACGrv8xfO1+IvNVuWe23gLMqejXU+UZRL4Ca3fvp0wWKwAAAAJUC+NgAAAAAgAAABAAAAAPAAAAAAAAAAAAAAAAAQAAAAAAAAAAAAAAAAAAAQAAAAIAAAAAAAAAAgAAAACGrv8xfO1+IvNVuWe23gLMqejXU+UZRL4Ca3fvp0wWKwAAAAAAAAAIAAAAATMyAAAAAAAArXZwNKZFW0Dh0Y0BpNwb2zr6zlH0C/skfeW9m8zP9REAAAABMzEAAAAAAACtdnA0pkVbQOHRjQGk3BvbOvrOUfQL+yR95b2bzM/1EQAAAAAAAAAoAAAAAQAAAAEAAAAAAAAAAAAAAAEAAAAAAAAAAIau/zF87X4i81W5Z7beAsyp6NdT5RlEvgJrd++nTBYrAAAAAlQL42AAAAACAAAAEAAAABAAAAAAAAAAAAAAAAABAAAAAAAAAAAAAAA=
225ae686c28a1fd5375cf075ff849b428c71dca917c115e40f900507133ef5d3	5	9	AAAAAIau/zF87X4i81W5Z7beAsyp6NdT5RlEvgJrd++nTBYrAAAACgAAAAIAAAARAAAAAAAAAAAAAAABAAAAAAAAAAMAAAABMzMAAAAAAACtdnA0pkVbQOHRjQGk3BvbOvrOUfQL+yR95b2bzM/1EQAAAAEzMgAAAAAAAK12cDSmRVtA4dGNAaTcG9s6+s5R9Av7JH3lvZvMz/URAAAAAAAAACgAAAABAAAAAQAAAAAAAAAAAAAAAAAAAAGnTBYrAAAAQFZqOIYKhpTr+sE0OCHsIdmpROXlqOXtFjMa6D4zx+zMIEnSjjE7ERJe2Ku6tRdFBIfLk2+jaPkqjJoeIlIBFQ8=	IlrmhsKKH9U3XPB1/4SbQoxx3KkXwRXkD5AFBxM+9dMAAAAAAAAACgAAAAAAAAABAAAAAAAAAAMAAAAAAAAAAAAAAAAAAAAAhq7/MXztfiLzVblntt4CzKno11PlGUS+Amt376dMFisAAAAAAAAACQAAAAEzMwAAAAAAAK12cDSmRVtA4dGNAaTcG9s6+s5R9Av7JH3lvZvMz/URAAAAATMyAAAAAAAArXZwNKZFW0Dh0Y0BpNwb2zr6zlH0C/skfeW9m8zP9REAAAAAAAAAKAAAAAEAAAABAAAAAAAAAAAAAAAA	AAAAAAAAAAEAAAABAAAAAAAAAACGrv8xfO1+IvNVuWe23gLMqejXU+UZRL4Ca3fvp0wWKwAAAAJUC+NWAAAAAgAAABEAAAAQAAAAAAAAAAAAAAAAAQAAAAAAAAAAAAAAAAAAAQAAAAIAAAAAAAAAAgAAAACGrv8xfO1+IvNVuWe23gLMqejXU+UZRL4Ca3fvp0wWKwAAAAAAAAAJAAAAATMzAAAAAAAArXZwNKZFW0Dh0Y0BpNwb2zr6zlH0C/skfeW9m8zP9REAAAABMzIAAAAAAACtdnA0pkVbQOHRjQGk3BvbOvrOUfQL+yR95b2bzM/1EQAAAAAAAAAoAAAAAQAAAAEAAAAAAAAAAAAAAAEAAAAAAAAAAIau/zF87X4i81W5Z7beAsyp6NdT5RlEvgJrd++nTBYrAAAAAlQL41YAAAACAAAAEQAAABEAAAAAAAAAAAAAAAABAAAAAAAAAAAAAAA=
87797e210742aa012432b60d50491a6c0e38130c1554aa97f715b07cc06b6d49	5	10	AAAAAIau/zF87X4i81W5Z7beAsyp6NdT5RlEvgJrd++nTBYrAAAACgAAAAIAAAASAAAAAAAAAAAAAAABAAAAAAAAAAMAAAABRVVSAAAAAACtdnA0pkVbQOHRjQGk3BvbOvrOUfQL+yR95b2bzM/1EQAAAAEzMwAAAAAAAK12cDSmRVtA4dGNAaTcG9s6+s5R9Av7JH3lvZvMz/URAAAAAAAAACgAAAABAAAAAQAAAAAAAAAAAAAAAAAAAAGnTBYrAAAAQO0RRk8F2o6LF0WPTOIpnr1NpZyYAGIC8M6va1FySzDmLn5dDYigBfs0g2Ja6omJgmebNM8O9LkIqmA1ENAG7gc=	h3l+IQdCqgEkMrYNUEkabA44EwwVVKqX9xWwfMBrbUkAAAAAAAAACgAAAAAAAAABAAAAAAAAAAMAAAAAAAAAAAAAAAAAAAAAhq7/MXztfiLzVblntt4CzKno11PlGUS+Amt376dMFisAAAAAAAAACgAAAAFFVVIAAAAAAK12cDSmRVtA4dGNAaTcG9s6+s5R9Av7JH3lvZvMz/URAAAAATMzAAAAAAAArXZwNKZFW0Dh0Y0BpNwb2zr6zlH0C/skfeW9m8zP9REAAAAAAAAAKAAAAAEAAAABAAAAAAAAAAAAAAAA	AAAAAAAAAAEAAAABAAAAAAAAAACGrv8xfO1+IvNVuWe23gLMqejXU+UZRL4Ca3fvp0wWKwAAAAJUC+NMAAAAAgAAABIAAAARAAAAAAAAAAAAAAAAAQAAAAAAAAAAAAAAAAAAAQAAAAIAAAAAAAAAAgAAAACGrv8xfO1+IvNVuWe23gLMqejXU+UZRL4Ca3fvp0wWKwAAAAAAAAAKAAAAAUVVUgAAAAAArXZwNKZFW0Dh0Y0BpNwb2zr6zlH0C/skfeW9m8zP9REAAAABMzMAAAAAAACtdnA0pkVbQOHRjQGk3BvbOvrOUfQL+yR95b2bzM/1EQAAAAAAAAAoAAAAAQAAAAEAAAAAAAAAAAAAAAEAAAAAAAAAAIau/zF87X4i81W5Z7beAsyp6NdT5RlEvgJrd++nTBYrAAAAAlQL40wAAAACAAAAEgAAABIAAAAAAAAAAAAAAAABAAAAAAAAAAAAAAA=
\.


--
-- Name: accounts_pkey; Type: CONSTRAINT; Schema: public; Owner: -; Tablespace: 
--

ALTER TABLE ONLY accounts
    ADD CONSTRAINT accounts_pkey PRIMARY KEY (accountid);


--
-- Name: ledgerheaders_ledgerseq_key; Type: CONSTRAINT; Schema: public; Owner: -; Tablespace: 
--

ALTER TABLE ONLY ledgerheaders
    ADD CONSTRAINT ledgerheaders_ledgerseq_key UNIQUE (ledgerseq);


--
-- Name: ledgerheaders_pkey; Type: CONSTRAINT; Schema: public; Owner: -; Tablespace: 
--

ALTER TABLE ONLY ledgerheaders
    ADD CONSTRAINT ledgerheaders_pkey PRIMARY KEY (ledgerhash);


--
-- Name: offers_pkey; Type: CONSTRAINT; Schema: public; Owner: -; Tablespace: 
--

ALTER TABLE ONLY offers
    ADD CONSTRAINT offers_pkey PRIMARY KEY (offerid);


--
-- Name: peers_pkey; Type: CONSTRAINT; Schema: public; Owner: -; Tablespace: 
--

ALTER TABLE ONLY peers
    ADD CONSTRAINT peers_pkey PRIMARY KEY (ip, port);


--
-- Name: signers_pkey; Type: CONSTRAINT; Schema: public; Owner: -; Tablespace: 
--

ALTER TABLE ONLY signers
    ADD CONSTRAINT signers_pkey PRIMARY KEY (accountid, publickey);


--
-- Name: storestate_pkey; Type: CONSTRAINT; Schema: public; Owner: -; Tablespace: 
--

ALTER TABLE ONLY storestate
    ADD CONSTRAINT storestate_pkey PRIMARY KEY (statename);


--
-- Name: trustlines_pkey; Type: CONSTRAINT; Schema: public; Owner: -; Tablespace: 
--

ALTER TABLE ONLY trustlines
    ADD CONSTRAINT trustlines_pkey PRIMARY KEY (accountid, issuer, assetcode);


--
-- Name: txhistory_ledgerseq_txindex_key; Type: CONSTRAINT; Schema: public; Owner: -; Tablespace: 
--

ALTER TABLE ONLY txhistory
    ADD CONSTRAINT txhistory_ledgerseq_txindex_key UNIQUE (ledgerseq, txindex);


--
-- Name: txhistory_pkey; Type: CONSTRAINT; Schema: public; Owner: -; Tablespace: 
--

ALTER TABLE ONLY txhistory
    ADD CONSTRAINT txhistory_pkey PRIMARY KEY (txid, ledgerseq);


--
-- Name: accountbalances; Type: INDEX; Schema: public; Owner: -; Tablespace: 
--

CREATE INDEX accountbalances ON accounts USING btree (balance) WHERE (balance >= 1000000000);


--
-- Name: accountlines; Type: INDEX; Schema: public; Owner: -; Tablespace: 
--

CREATE INDEX accountlines ON trustlines USING btree (accountid);


--
-- Name: buyingissuerindex; Type: INDEX; Schema: public; Owner: -; Tablespace: 
--

CREATE INDEX buyingissuerindex ON offers USING btree (buyingissuer);


--
-- Name: ledgersbyseq; Type: INDEX; Schema: public; Owner: -; Tablespace: 
--

CREATE INDEX ledgersbyseq ON ledgerheaders USING btree (ledgerseq);


--
-- Name: priceindex; Type: INDEX; Schema: public; Owner: -; Tablespace: 
--

CREATE INDEX priceindex ON offers USING btree (price);


--
-- Name: sellingissuerindex; Type: INDEX; Schema: public; Owner: -; Tablespace: 
--

CREATE INDEX sellingissuerindex ON offers USING btree (sellingissuer);


--
-- Name: signersaccount; Type: INDEX; Schema: public; Owner: -; Tablespace: 
--

CREATE INDEX signersaccount ON signers USING btree (accountid);


--
-- PostgreSQL database dump complete
--

