--
-- PostgreSQL database dump
--

SET statement_timeout = 0;
SET lock_timeout = 0;
SET client_encoding = 'UTF8';
SET standard_conforming_strings = on;
SET check_function_bodies = false;
SET client_min_messages = warning;

SET search_path = public, pg_catalog;

DROP INDEX public.unique_schema_migrations;
DROP INDEX public.index_history_transactions_on_id;
DROP INDEX public.index_history_transaction_statuses_lc_on_all;
DROP INDEX public.index_history_transaction_participants_on_transaction_hash;
DROP INDEX public.index_history_transaction_participants_on_account;
DROP INDEX public.index_history_operations_on_type;
DROP INDEX public.index_history_operations_on_transaction_id;
DROP INDEX public.index_history_operations_on_id;
DROP INDEX public.index_history_ledgers_on_sequence;
DROP INDEX public.index_history_ledgers_on_previous_ledger_hash;
DROP INDEX public.index_history_ledgers_on_ledger_hash;
DROP INDEX public.index_history_ledgers_on_importer_version;
DROP INDEX public.index_history_ledgers_on_id;
DROP INDEX public.index_history_ledgers_on_closed_at;
DROP INDEX public.index_history_effects_on_type;
DROP INDEX public.index_history_accounts_on_id;
DROP INDEX public.hs_transaction_by_id;
DROP INDEX public.hs_ledger_by_id;
DROP INDEX public.hist_op_p_id;
DROP INDEX public.hist_e_id;
DROP INDEX public.hist_e_by_order;
DROP INDEX public.by_status;
DROP INDEX public.by_ledger;
DROP INDEX public.by_hash;
DROP INDEX public.by_account;
ALTER TABLE ONLY public.history_transaction_statuses DROP CONSTRAINT history_transaction_statuses_pkey;
ALTER TABLE ONLY public.history_transaction_participants DROP CONSTRAINT history_transaction_participants_pkey;
ALTER TABLE ONLY public.history_operation_participants DROP CONSTRAINT history_operation_participants_pkey;
ALTER TABLE public.history_transaction_statuses ALTER COLUMN id DROP DEFAULT;
ALTER TABLE public.history_transaction_participants ALTER COLUMN id DROP DEFAULT;
ALTER TABLE public.history_operation_participants ALTER COLUMN id DROP DEFAULT;
DROP TABLE public.schema_migrations;
DROP TABLE public.history_transactions;
DROP SEQUENCE public.history_transaction_statuses_id_seq;
DROP TABLE public.history_transaction_statuses;
DROP SEQUENCE public.history_transaction_participants_id_seq;
DROP TABLE public.history_transaction_participants;
DROP TABLE public.history_operations;
DROP SEQUENCE public.history_operation_participants_id_seq;
DROP TABLE public.history_operation_participants;
DROP TABLE public.history_ledgers;
DROP TABLE public.history_effects;
DROP TABLE public.history_accounts;
DROP EXTENSION hstore;
DROP EXTENSION plpgsql;
DROP SCHEMA public;
--
-- Name: public; Type: SCHEMA; Schema: -; Owner: -
--

CREATE SCHEMA public;


--
-- Name: SCHEMA public; Type: COMMENT; Schema: -; Owner: -
--

COMMENT ON SCHEMA public IS 'standard public schema';


--
-- Name: plpgsql; Type: EXTENSION; Schema: -; Owner: -
--

CREATE EXTENSION IF NOT EXISTS plpgsql WITH SCHEMA pg_catalog;


--
-- Name: EXTENSION plpgsql; Type: COMMENT; Schema: -; Owner: -
--

COMMENT ON EXTENSION plpgsql IS 'PL/pgSQL procedural language';


--
-- Name: hstore; Type: EXTENSION; Schema: -; Owner: -
--

CREATE EXTENSION IF NOT EXISTS hstore WITH SCHEMA public;


--
-- Name: EXTENSION hstore; Type: COMMENT; Schema: -; Owner: -
--

COMMENT ON EXTENSION hstore IS 'data type for storing sets of (key, value) pairs';


SET search_path = public, pg_catalog;

SET default_tablespace = '';

SET default_with_oids = false;

--
-- Name: history_accounts; Type: TABLE; Schema: public; Owner: -; Tablespace: 
--

CREATE TABLE history_accounts (
    id bigint NOT NULL,
    address character varying(64)
);


--
-- Name: history_effects; Type: TABLE; Schema: public; Owner: -; Tablespace: 
--

CREATE TABLE history_effects (
    history_account_id bigint NOT NULL,
    history_operation_id bigint NOT NULL,
    "order" integer NOT NULL,
    type integer NOT NULL,
    details jsonb
);


--
-- Name: history_ledgers; Type: TABLE; Schema: public; Owner: -; Tablespace: 
--

CREATE TABLE history_ledgers (
    sequence integer NOT NULL,
    ledger_hash character varying(64) NOT NULL,
    previous_ledger_hash character varying(64),
    transaction_count integer DEFAULT 0 NOT NULL,
    operation_count integer DEFAULT 0 NOT NULL,
    closed_at timestamp without time zone NOT NULL,
    created_at timestamp without time zone,
    updated_at timestamp without time zone,
    id bigint,
    importer_version integer DEFAULT 1 NOT NULL
);


--
-- Name: history_operation_participants; Type: TABLE; Schema: public; Owner: -; Tablespace: 
--

CREATE TABLE history_operation_participants (
    id integer NOT NULL,
    history_operation_id bigint NOT NULL,
    history_account_id bigint NOT NULL
);


--
-- Name: history_operation_participants_id_seq; Type: SEQUENCE; Schema: public; Owner: -
--

CREATE SEQUENCE history_operation_participants_id_seq
    START WITH 1
    INCREMENT BY 1
    NO MINVALUE
    NO MAXVALUE
    CACHE 1;


--
-- Name: history_operation_participants_id_seq; Type: SEQUENCE OWNED BY; Schema: public; Owner: -
--

ALTER SEQUENCE history_operation_participants_id_seq OWNED BY history_operation_participants.id;


--
-- Name: history_operations; Type: TABLE; Schema: public; Owner: -; Tablespace: 
--

CREATE TABLE history_operations (
    id bigint NOT NULL,
    transaction_id bigint NOT NULL,
    application_order integer NOT NULL,
    type integer NOT NULL,
    details jsonb
);


--
-- Name: history_transaction_participants; Type: TABLE; Schema: public; Owner: -; Tablespace: 
--

CREATE TABLE history_transaction_participants (
    id integer NOT NULL,
    transaction_hash character varying(64) NOT NULL,
    account character varying(64) NOT NULL,
    created_at timestamp without time zone,
    updated_at timestamp without time zone
);


--
-- Name: history_transaction_participants_id_seq; Type: SEQUENCE; Schema: public; Owner: -
--

CREATE SEQUENCE history_transaction_participants_id_seq
    START WITH 1
    INCREMENT BY 1
    NO MINVALUE
    NO MAXVALUE
    CACHE 1;


--
-- Name: history_transaction_participants_id_seq; Type: SEQUENCE OWNED BY; Schema: public; Owner: -
--

ALTER SEQUENCE history_transaction_participants_id_seq OWNED BY history_transaction_participants.id;


--
-- Name: history_transaction_statuses; Type: TABLE; Schema: public; Owner: -; Tablespace: 
--

CREATE TABLE history_transaction_statuses (
    id integer NOT NULL,
    result_code_s character varying NOT NULL,
    result_code integer NOT NULL
);


--
-- Name: history_transaction_statuses_id_seq; Type: SEQUENCE; Schema: public; Owner: -
--

CREATE SEQUENCE history_transaction_statuses_id_seq
    START WITH 1
    INCREMENT BY 1
    NO MINVALUE
    NO MAXVALUE
    CACHE 1;


--
-- Name: history_transaction_statuses_id_seq; Type: SEQUENCE OWNED BY; Schema: public; Owner: -
--

ALTER SEQUENCE history_transaction_statuses_id_seq OWNED BY history_transaction_statuses.id;


--
-- Name: history_transactions; Type: TABLE; Schema: public; Owner: -; Tablespace: 
--

CREATE TABLE history_transactions (
    transaction_hash character varying(64) NOT NULL,
    ledger_sequence integer NOT NULL,
    application_order integer NOT NULL,
    account character varying(64) NOT NULL,
    account_sequence bigint NOT NULL,
    max_fee integer NOT NULL,
    fee_paid integer NOT NULL,
    operation_count integer NOT NULL,
    transaction_status_id integer NOT NULL,
    created_at timestamp without time zone,
    updated_at timestamp without time zone,
    id bigint,
    tx_envelope text,
    tx_result text,
    tx_meta text
);


--
-- Name: schema_migrations; Type: TABLE; Schema: public; Owner: -; Tablespace: 
--

CREATE TABLE schema_migrations (
    version character varying(255) NOT NULL
);


--
-- Name: id; Type: DEFAULT; Schema: public; Owner: -
--

ALTER TABLE ONLY history_operation_participants ALTER COLUMN id SET DEFAULT nextval('history_operation_participants_id_seq'::regclass);


--
-- Name: id; Type: DEFAULT; Schema: public; Owner: -
--

ALTER TABLE ONLY history_transaction_participants ALTER COLUMN id SET DEFAULT nextval('history_transaction_participants_id_seq'::regclass);


--
-- Name: id; Type: DEFAULT; Schema: public; Owner: -
--

ALTER TABLE ONLY history_transaction_statuses ALTER COLUMN id SET DEFAULT nextval('history_transaction_statuses_id_seq'::regclass);


--
-- Data for Name: history_accounts; Type: TABLE DATA; Schema: public; Owner: -
--

COPY history_accounts (id, address) FROM stdin;
0	GCEZWKCA5VLDNRLN3RPRJMRZOX3Z6G5CHCGSNFHEYVXM3XOJMDS674JZ
8589938688	GCXKG6RN4ONIEPCMNFB732A436Z5PNDSRLGWK7GBLCMQLIFO4S7EYWVU
8589942784	GA5WBPYA5Y4WAEHXWR2UKO2UO4BUGHUQ74EUPKON2QHV4WRHOIRNKKH2
8589946880	GC23QF2HUE52AMXUFUH3AYJAXXGXXV2VHXYYR6EYXETPKDXZSAW67XO4
8589950976	GCQPYGH4K57XBDENKKX55KDTWOTK5WDWRQOH2LHEDX3EKVIQRLMESGBG
\.


--
-- Data for Name: history_effects; Type: TABLE DATA; Schema: public; Owner: -
--

COPY history_effects (history_account_id, history_operation_id, "order", type, details) FROM stdin;
8589938688	8589938688	0	0	{"starting_balance": 1000000000}
0	8589938688	1	3	{"amount": 1000000000, "asset_type": "native"}
0	8589938688	2	10	{"weight": 1, "public_key": "GCXKG6RN4ONIEPCMNFB732A436Z5PNDSRLGWK7GBLCMQLIFO4S7EYWVU"}
8589942784	8589942784	0	0	{"starting_balance": 1000000000}
0	8589942784	1	3	{"amount": 1000000000, "asset_type": "native"}
0	8589942784	2	10	{"weight": 1, "public_key": "GA5WBPYA5Y4WAEHXWR2UKO2UO4BUGHUQ74EUPKON2QHV4WRHOIRNKKH2"}
8589946880	8589946880	0	0	{"starting_balance": 1000000000}
0	8589946880	1	3	{"amount": 1000000000, "asset_type": "native"}
0	8589946880	2	10	{"weight": 1, "public_key": "GC23QF2HUE52AMXUFUH3AYJAXXGXXV2VHXYYR6EYXETPKDXZSAW67XO4"}
8589950976	8589950976	0	0	{"starting_balance": 1000000000}
0	8589950976	1	3	{"amount": 1000000000, "asset_type": "native"}
0	8589950976	2	10	{"weight": 1, "public_key": "GCQPYGH4K57XBDENKKX55KDTWOTK5WDWRQOH2LHEDX3EKVIQRLMESGBG"}
8589942784	12884905984	0	20	{"limit": 9223372036854775807, "asset_code": "USD", "asset_type": "credit_alphanum4", "asset_issuer": "GC23QF2HUE52AMXUFUH3AYJAXXGXXV2VHXYYR6EYXETPKDXZSAW67XO4"}
8589938688	12884910080	0	20	{"limit": 9223372036854775807, "asset_code": "USD", "asset_type": "credit_alphanum4", "asset_issuer": "GC23QF2HUE52AMXUFUH3AYJAXXGXXV2VHXYYR6EYXETPKDXZSAW67XO4"}
8589942784	12884914176	0	20	{"limit": 9223372036854775807, "asset_code": "EUR", "asset_type": "credit_alphanum4", "asset_issuer": "GCQPYGH4K57XBDENKKX55KDTWOTK5WDWRQOH2LHEDX3EKVIQRLMESGBG"}
8589938688	12884918272	0	20	{"limit": 9223372036854775807, "asset_code": "EUR", "asset_type": "credit_alphanum4", "asset_issuer": "GCQPYGH4K57XBDENKKX55KDTWOTK5WDWRQOH2LHEDX3EKVIQRLMESGBG"}
8589938688	17179873280	0	2	{"amount": 5000000000, "asset_code": "USD", "asset_type": "credit_alphanum4", "asset_issuer": "GC23QF2HUE52AMXUFUH3AYJAXXGXXV2VHXYYR6EYXETPKDXZSAW67XO4"}
8589946880	17179873280	1	3	{"amount": 5000000000, "asset_code": "USD", "asset_type": "credit_alphanum4", "asset_issuer": "GC23QF2HUE52AMXUFUH3AYJAXXGXXV2VHXYYR6EYXETPKDXZSAW67XO4"}
8589942784	17179877376	0	2	{"amount": 5000000000, "asset_code": "EUR", "asset_type": "credit_alphanum4", "asset_issuer": "GCQPYGH4K57XBDENKKX55KDTWOTK5WDWRQOH2LHEDX3EKVIQRLMESGBG"}
8589950976	17179877376	1	3	{"amount": 5000000000, "asset_code": "EUR", "asset_type": "credit_alphanum4", "asset_issuer": "GCQPYGH4K57XBDENKKX55KDTWOTK5WDWRQOH2LHEDX3EKVIQRLMESGBG"}
8589938688	25769807872	0	33	{"seller": "GA5WBPYA5Y4WAEHXWR2UKO2UO4BUGHUQ74EUPKON2QHV4WRHOIRNKKH2", "offer_id": 1, "sold_amount": 500000000, "bought_amount": 500000000, "sold_asset_code": "USD", "sold_asset_type": "credit_alphanum4", "bought_asset_code": "EUR", "bought_asset_type": "credit_alphanum4", "sold_asset_issuer": "GC23QF2HUE52AMXUFUH3AYJAXXGXXV2VHXYYR6EYXETPKDXZSAW67XO4", "bought_asset_issuer": "GCQPYGH4K57XBDENKKX55KDTWOTK5WDWRQOH2LHEDX3EKVIQRLMESGBG"}
8589942784	25769807872	1	33	{"seller": "GCXKG6RN4ONIEPCMNFB732A436Z5PNDSRLGWK7GBLCMQLIFO4S7EYWVU", "offer_id": 1, "sold_amount": 500000000, "bought_amount": 500000000, "sold_asset_code": "EUR", "sold_asset_type": "credit_alphanum4", "bought_asset_code": "USD", "bought_asset_type": "credit_alphanum4", "sold_asset_issuer": "GCQPYGH4K57XBDENKKX55KDTWOTK5WDWRQOH2LHEDX3EKVIQRLMESGBG", "bought_asset_issuer": "GC23QF2HUE52AMXUFUH3AYJAXXGXXV2VHXYYR6EYXETPKDXZSAW67XO4"}
\.


--
-- Data for Name: history_ledgers; Type: TABLE DATA; Schema: public; Owner: -
--

COPY history_ledgers (sequence, ledger_hash, previous_ledger_hash, transaction_count, operation_count, closed_at, created_at, updated_at, id, importer_version) FROM stdin;
1	e8e10918f9c000c73119abe54cf089f59f9015cc93c49ccf00b5e8b9afb6e6b1	\N	0	0	1970-01-01 00:00:00	2015-08-27 21:36:15.762502	2015-08-27 21:36:15.762502	4294967296	1
2	b565543a546a276fd459966c12f5f4ac53773cd4a11b17bb872e2d42d2fbe419	e8e10918f9c000c73119abe54cf089f59f9015cc93c49ccf00b5e8b9afb6e6b1	4	4	2015-08-27 21:36:14	2015-08-27 21:36:15.77307	2015-08-27 21:36:15.77307	8589934592	1
3	6e90472b8ffa04c11cf183ef7d9fad9caf0c9845217c1d4ba4eaafb5d87fc65e	b565543a546a276fd459966c12f5f4ac53773cd4a11b17bb872e2d42d2fbe419	4	4	2015-08-27 21:36:15	2015-08-27 21:36:15.882963	2015-08-27 21:36:15.882963	12884901888	1
4	a03ae36b086789780adfb79ef1be11b339df288607ad6e22c0ba52d704d3f325	6e90472b8ffa04c11cf183ef7d9fad9caf0c9845217c1d4ba4eaafb5d87fc65e	2	2	2015-08-27 21:36:16	2015-08-27 21:36:15.940511	2015-08-27 21:36:15.940511	17179869184	1
5	079c1b5aea06eea5bea327344b95f38ccdd8918ae4b4812fe61ac5a897e5eae2	a03ae36b086789780adfb79ef1be11b339df288607ad6e22c0ba52d704d3f325	3	3	2015-08-27 21:36:17	2015-08-27 21:36:15.980933	2015-08-27 21:36:15.980933	21474836480	1
6	1e5467399e6ff20dbe6edc9ed6b238faa0fd1a118e53784e2fca187daeb75f7a	079c1b5aea06eea5bea327344b95f38ccdd8918ae4b4812fe61ac5a897e5eae2	2	2	2015-08-27 21:36:18	2015-08-27 21:36:16.021686	2015-08-27 21:36:16.021686	25769803776	1
\.


--
-- Data for Name: history_operation_participants; Type: TABLE DATA; Schema: public; Owner: -
--

COPY history_operation_participants (id, history_operation_id, history_account_id) FROM stdin;
164	8589938688	0
165	8589938688	8589938688
166	8589942784	0
167	8589942784	8589942784
168	8589946880	0
169	8589946880	8589946880
170	8589950976	0
171	8589950976	8589950976
172	12884905984	8589942784
173	12884910080	8589938688
174	12884914176	8589942784
175	12884918272	8589938688
176	17179873280	8589938688
177	17179873280	8589946880
178	17179877376	8589942784
179	17179877376	8589950976
180	21474840576	8589942784
181	21474844672	8589942784
182	21474848768	8589942784
183	25769807872	8589938688
184	25769811968	8589938688
\.


--
-- Name: history_operation_participants_id_seq; Type: SEQUENCE SET; Schema: public; Owner: -
--

SELECT pg_catalog.setval('history_operation_participants_id_seq', 184, true);


--
-- Data for Name: history_operations; Type: TABLE DATA; Schema: public; Owner: -
--

COPY history_operations (id, transaction_id, application_order, type, details) FROM stdin;
8589938688	8589938688	0	0	{"funder": "GCEZWKCA5VLDNRLN3RPRJMRZOX3Z6G5CHCGSNFHEYVXM3XOJMDS674JZ", "account": "GCXKG6RN4ONIEPCMNFB732A436Z5PNDSRLGWK7GBLCMQLIFO4S7EYWVU", "starting_balance": 1000000000}
8589942784	8589942784	0	0	{"funder": "GCEZWKCA5VLDNRLN3RPRJMRZOX3Z6G5CHCGSNFHEYVXM3XOJMDS674JZ", "account": "GA5WBPYA5Y4WAEHXWR2UKO2UO4BUGHUQ74EUPKON2QHV4WRHOIRNKKH2", "starting_balance": 1000000000}
8589946880	8589946880	0	0	{"funder": "GCEZWKCA5VLDNRLN3RPRJMRZOX3Z6G5CHCGSNFHEYVXM3XOJMDS674JZ", "account": "GC23QF2HUE52AMXUFUH3AYJAXXGXXV2VHXYYR6EYXETPKDXZSAW67XO4", "starting_balance": 1000000000}
8589950976	8589950976	0	0	{"funder": "GCEZWKCA5VLDNRLN3RPRJMRZOX3Z6G5CHCGSNFHEYVXM3XOJMDS674JZ", "account": "GCQPYGH4K57XBDENKKX55KDTWOTK5WDWRQOH2LHEDX3EKVIQRLMESGBG", "starting_balance": 1000000000}
12884905984	12884905984	0	6	{"limit": 9223372036854775807, "trustee": "GC23QF2HUE52AMXUFUH3AYJAXXGXXV2VHXYYR6EYXETPKDXZSAW67XO4", "trustor": "GA5WBPYA5Y4WAEHXWR2UKO2UO4BUGHUQ74EUPKON2QHV4WRHOIRNKKH2", "asset_code": "USD", "asset_type": "credit_alphanum4", "asset_issuer": "GC23QF2HUE52AMXUFUH3AYJAXXGXXV2VHXYYR6EYXETPKDXZSAW67XO4"}
12884910080	12884910080	0	6	{"limit": 9223372036854775807, "trustee": "GC23QF2HUE52AMXUFUH3AYJAXXGXXV2VHXYYR6EYXETPKDXZSAW67XO4", "trustor": "GCXKG6RN4ONIEPCMNFB732A436Z5PNDSRLGWK7GBLCMQLIFO4S7EYWVU", "asset_code": "USD", "asset_type": "credit_alphanum4", "asset_issuer": "GC23QF2HUE52AMXUFUH3AYJAXXGXXV2VHXYYR6EYXETPKDXZSAW67XO4"}
12884914176	12884914176	0	6	{"limit": 9223372036854775807, "trustee": "GCQPYGH4K57XBDENKKX55KDTWOTK5WDWRQOH2LHEDX3EKVIQRLMESGBG", "trustor": "GA5WBPYA5Y4WAEHXWR2UKO2UO4BUGHUQ74EUPKON2QHV4WRHOIRNKKH2", "asset_code": "EUR", "asset_type": "credit_alphanum4", "asset_issuer": "GCQPYGH4K57XBDENKKX55KDTWOTK5WDWRQOH2LHEDX3EKVIQRLMESGBG"}
12884918272	12884918272	0	6	{"limit": 9223372036854775807, "trustee": "GCQPYGH4K57XBDENKKX55KDTWOTK5WDWRQOH2LHEDX3EKVIQRLMESGBG", "trustor": "GCXKG6RN4ONIEPCMNFB732A436Z5PNDSRLGWK7GBLCMQLIFO4S7EYWVU", "asset_code": "EUR", "asset_type": "credit_alphanum4", "asset_issuer": "GCQPYGH4K57XBDENKKX55KDTWOTK5WDWRQOH2LHEDX3EKVIQRLMESGBG"}
17179873280	17179873280	0	1	{"to": "GCXKG6RN4ONIEPCMNFB732A436Z5PNDSRLGWK7GBLCMQLIFO4S7EYWVU", "from": "GC23QF2HUE52AMXUFUH3AYJAXXGXXV2VHXYYR6EYXETPKDXZSAW67XO4", "amount": 5000000000, "asset_code": "USD", "asset_type": "credit_alphanum4", "asset_issuer": "GC23QF2HUE52AMXUFUH3AYJAXXGXXV2VHXYYR6EYXETPKDXZSAW67XO4"}
17179877376	17179877376	0	1	{"to": "GA5WBPYA5Y4WAEHXWR2UKO2UO4BUGHUQ74EUPKON2QHV4WRHOIRNKKH2", "from": "GCQPYGH4K57XBDENKKX55KDTWOTK5WDWRQOH2LHEDX3EKVIQRLMESGBG", "amount": 5000000000, "asset_code": "EUR", "asset_type": "credit_alphanum4", "asset_issuer": "GCQPYGH4K57XBDENKKX55KDTWOTK5WDWRQOH2LHEDX3EKVIQRLMESGBG"}
21474840576	21474840576	0	3	{"price": {"d": 1, "n": 1}, "amount": 1000000000, "offer_id": 0, "buying_asset_code": "USD", "buying_asset_type": "credit_alphanum4", "selling_asset_code": "EUR", "selling_asset_type": "credit_alphanum4", "buying_asset_issuer": "GC23QF2HUE52AMXUFUH3AYJAXXGXXV2VHXYYR6EYXETPKDXZSAW67XO4", "selling_asset_issuer": "GCQPYGH4K57XBDENKKX55KDTWOTK5WDWRQOH2LHEDX3EKVIQRLMESGBG"}
21474844672	21474844672	0	3	{"price": {"d": 9, "n": 10}, "amount": 1111111111, "offer_id": 0, "buying_asset_code": "USD", "buying_asset_type": "credit_alphanum4", "selling_asset_code": "EUR", "selling_asset_type": "credit_alphanum4", "buying_asset_issuer": "GC23QF2HUE52AMXUFUH3AYJAXXGXXV2VHXYYR6EYXETPKDXZSAW67XO4", "selling_asset_issuer": "GCQPYGH4K57XBDENKKX55KDTWOTK5WDWRQOH2LHEDX3EKVIQRLMESGBG"}
21474848768	21474848768	0	3	{"price": {"d": 4, "n": 5}, "amount": 1250000000, "offer_id": 0, "buying_asset_code": "USD", "buying_asset_type": "credit_alphanum4", "selling_asset_code": "EUR", "selling_asset_type": "credit_alphanum4", "buying_asset_issuer": "GC23QF2HUE52AMXUFUH3AYJAXXGXXV2VHXYYR6EYXETPKDXZSAW67XO4", "selling_asset_issuer": "GCQPYGH4K57XBDENKKX55KDTWOTK5WDWRQOH2LHEDX3EKVIQRLMESGBG"}
25769807872	25769807872	0	3	{"price": {"d": 1, "n": 1}, "amount": 500000000, "offer_id": 0, "buying_asset_code": "EUR", "buying_asset_type": "credit_alphanum4", "selling_asset_code": "USD", "selling_asset_type": "credit_alphanum4", "buying_asset_issuer": "GCQPYGH4K57XBDENKKX55KDTWOTK5WDWRQOH2LHEDX3EKVIQRLMESGBG", "selling_asset_issuer": "GC23QF2HUE52AMXUFUH3AYJAXXGXXV2VHXYYR6EYXETPKDXZSAW67XO4"}
25769811968	25769811968	0	3	{"price": {"d": 1, "n": 1}, "amount": 500000000, "offer_id": 0, "buying_asset_type": "native", "selling_asset_code": "USD", "selling_asset_type": "credit_alphanum4", "selling_asset_issuer": "GC23QF2HUE52AMXUFUH3AYJAXXGXXV2VHXYYR6EYXETPKDXZSAW67XO4"}
\.


--
-- Data for Name: history_transaction_participants; Type: TABLE DATA; Schema: public; Owner: -
--

COPY history_transaction_participants (id, transaction_hash, account, created_at, updated_at) FROM stdin;
146	99fd775e6eed3e331c7df84b540d955db4ece9f57d22980715918acb7ce5bbf4	GCEZWKCA5VLDNRLN3RPRJMRZOX3Z6G5CHCGSNFHEYVXM3XOJMDS674JZ	2015-08-27 21:36:15.778321	2015-08-27 21:36:15.778321
147	99fd775e6eed3e331c7df84b540d955db4ece9f57d22980715918acb7ce5bbf4	GCXKG6RN4ONIEPCMNFB732A436Z5PNDSRLGWK7GBLCMQLIFO4S7EYWVU	2015-08-27 21:36:15.779568	2015-08-27 21:36:15.779568
148	eb9da38f9630df62576c2725fc4efe6bc0ce03c749c7a1f1e050db5fe84e41be	GCEZWKCA5VLDNRLN3RPRJMRZOX3Z6G5CHCGSNFHEYVXM3XOJMDS674JZ	2015-08-27 21:36:15.803078	2015-08-27 21:36:15.803078
149	eb9da38f9630df62576c2725fc4efe6bc0ce03c749c7a1f1e050db5fe84e41be	GA5WBPYA5Y4WAEHXWR2UKO2UO4BUGHUQ74EUPKON2QHV4WRHOIRNKKH2	2015-08-27 21:36:15.804106	2015-08-27 21:36:15.804106
150	0b67c97d8feb2bffc79a0d1d6800fb47fd647cb35966edaa2ec4e3343996a786	GCEZWKCA5VLDNRLN3RPRJMRZOX3Z6G5CHCGSNFHEYVXM3XOJMDS674JZ	2015-08-27 21:36:15.824503	2015-08-27 21:36:15.824503
151	0b67c97d8feb2bffc79a0d1d6800fb47fd647cb35966edaa2ec4e3343996a786	GC23QF2HUE52AMXUFUH3AYJAXXGXXV2VHXYYR6EYXETPKDXZSAW67XO4	2015-08-27 21:36:15.825619	2015-08-27 21:36:15.825619
152	d4e7f13887b64c88f92f10f7c30fbab0d9885b72549690ef47989fe3b2000272	GCEZWKCA5VLDNRLN3RPRJMRZOX3Z6G5CHCGSNFHEYVXM3XOJMDS674JZ	2015-08-27 21:36:15.84734	2015-08-27 21:36:15.84734
153	d4e7f13887b64c88f92f10f7c30fbab0d9885b72549690ef47989fe3b2000272	GCQPYGH4K57XBDENKKX55KDTWOTK5WDWRQOH2LHEDX3EKVIQRLMESGBG	2015-08-27 21:36:15.848558	2015-08-27 21:36:15.848558
154	dfea980f5a466992f135c7a9ad28a20e88b9a31ddfdb9d794e164579495d4d99	GA5WBPYA5Y4WAEHXWR2UKO2UO4BUGHUQ74EUPKON2QHV4WRHOIRNKKH2	2015-08-27 21:36:15.887293	2015-08-27 21:36:15.887293
155	7ade60aaf8cae0e43d615389eddcf8ccb35c0a2cc80916f3153431af728dda4b	GCXKG6RN4ONIEPCMNFB732A436Z5PNDSRLGWK7GBLCMQLIFO4S7EYWVU	2015-08-27 21:36:15.901105	2015-08-27 21:36:15.901105
156	f0f3fac690f0673451de00405dfdd23b7ea6fa1b6d567eb27785f10e62295e23	GA5WBPYA5Y4WAEHXWR2UKO2UO4BUGHUQ74EUPKON2QHV4WRHOIRNKKH2	2015-08-27 21:36:15.912277	2015-08-27 21:36:15.912277
157	b87c99c75443f5dfbaa045fd8f0ceb61519465bb5b18bd7d45188d6f4c337ce3	GCXKG6RN4ONIEPCMNFB732A436Z5PNDSRLGWK7GBLCMQLIFO4S7EYWVU	2015-08-27 21:36:15.923726	2015-08-27 21:36:15.923726
158	0e6df700421b3077db99704b2d28145273d66a2aa5f5ce046070a84c544b7c05	GC23QF2HUE52AMXUFUH3AYJAXXGXXV2VHXYYR6EYXETPKDXZSAW67XO4	2015-08-27 21:36:15.944802	2015-08-27 21:36:15.944802
159	ff8155f6d1e91f681305d45571dfaa35e757098e564b3816d7867d2c225ac3f3	GCQPYGH4K57XBDENKKX55KDTWOTK5WDWRQOH2LHEDX3EKVIQRLMESGBG	2015-08-27 21:36:15.960462	2015-08-27 21:36:15.960462
160	8f03fd3360e419ee9cc957026fd969b1fc223487818dda340e2336e3e032e404	GA5WBPYA5Y4WAEHXWR2UKO2UO4BUGHUQ74EUPKON2QHV4WRHOIRNKKH2	2015-08-27 21:36:15.985456	2015-08-27 21:36:15.985456
161	afe0bba9757e08a5180d2a7552ac39d0d4b7e2cabc84d5c972f3d03435e77bee	GA5WBPYA5Y4WAEHXWR2UKO2UO4BUGHUQ74EUPKON2QHV4WRHOIRNKKH2	2015-08-27 21:36:15.997334	2015-08-27 21:36:15.997334
162	eadd0c35bec2fb4e035f9e1d7e244a2b2cdba280099a14f3b4f4129056639715	GA5WBPYA5Y4WAEHXWR2UKO2UO4BUGHUQ74EUPKON2QHV4WRHOIRNKKH2	2015-08-27 21:36:16.007584	2015-08-27 21:36:16.007584
163	f51f7c3b9c894c827ff536a6b58316fc4e78464613c18f1655eda259ada3024d	GCXKG6RN4ONIEPCMNFB732A436Z5PNDSRLGWK7GBLCMQLIFO4S7EYWVU	2015-08-27 21:36:16.026343	2015-08-27 21:36:16.026343
164	a4ab3304f7e3e173a16b61c5e667216a799b98f28953c93c420de05a6bb796f7	GCXKG6RN4ONIEPCMNFB732A436Z5PNDSRLGWK7GBLCMQLIFO4S7EYWVU	2015-08-27 21:36:16.044425	2015-08-27 21:36:16.044425
\.


--
-- Name: history_transaction_participants_id_seq; Type: SEQUENCE SET; Schema: public; Owner: -
--

SELECT pg_catalog.setval('history_transaction_participants_id_seq', 164, true);


--
-- Data for Name: history_transaction_statuses; Type: TABLE DATA; Schema: public; Owner: -
--

COPY history_transaction_statuses (id, result_code_s, result_code) FROM stdin;
\.


--
-- Name: history_transaction_statuses_id_seq; Type: SEQUENCE SET; Schema: public; Owner: -
--

SELECT pg_catalog.setval('history_transaction_statuses_id_seq', 1, false);


--
-- Data for Name: history_transactions; Type: TABLE DATA; Schema: public; Owner: -
--

COPY history_transactions (transaction_hash, ledger_sequence, application_order, account, account_sequence, max_fee, fee_paid, operation_count, transaction_status_id, created_at, updated_at, id, tx_envelope, tx_result, tx_meta) FROM stdin;
99fd775e6eed3e331c7df84b540d955db4ece9f57d22980715918acb7ce5bbf4	2	1	GCEZWKCA5VLDNRLN3RPRJMRZOX3Z6G5CHCGSNFHEYVXM3XOJMDS674JZ	1	10	10	1	-1	2015-08-27 21:36:15.775787	2015-08-27 21:36:15.775787	8589938688	AAAAAImbKEDtVjbFbdxfFLI5dfefG6I4jSaU5MVuzd3JYOXvAAAACgAAAAAAAAABAAAAAAAAAAAAAAABAAAAAAAAAAAAAAAArqN6LeOagjxMaUP96Bzfs9e0corNZXzBWJkFoK7kvkwAAAAAO5rKAAAAAAAAAAAByWDl7wAAAEAza1ouO/OTJDMMwUDewoqooFqHDulZ/nWFekNycPVCRtw70wZIN0UURhx8lYh1e911oahT3nBjAFZgwAwijY0O	mf13Xm7tPjMcffhLVA2VXbTs6fV9IpgHFZGKy3zlu/QAAAAAAAAACgAAAAAAAAABAAAAAAAAAAAAAAAAAAAAAA==	AAAAAAAAAAEAAAABAAAAAAAAAACJmyhA7VY2xW3cXxSyOXX3nxuiOI0mlOTFbs3dyWDl7wFjRXhdif/2AAAAAAAAAAEAAAAAAAAAAAAAAAAAAAAAAQAAAAAAAAAAAAAAAAAAAQAAAAIAAAAAAAAAAAAAAACuo3ot45qCPExpQ/3oHN+z17Ryis1lfMFYmQWgruS+TAAAAAA7msoAAAAAAgAAAAAAAAAAAAAAAAAAAAAAAAAAAQAAAAAAAAAAAAAAAAAAAQAAAAAAAAAAiZsoQO1WNsVt3F8Usjl1958bojiNJpTkxW7N3clg5e8BY0V4Ie819gAAAAAAAAABAAAAAAAAAAAAAAAAAAAAAAEAAAAAAAAAAAAAAA==
eb9da38f9630df62576c2725fc4efe6bc0ce03c749c7a1f1e050db5fe84e41be	2	2	GCEZWKCA5VLDNRLN3RPRJMRZOX3Z6G5CHCGSNFHEYVXM3XOJMDS674JZ	2	10	10	1	-1	2015-08-27 21:36:15.801033	2015-08-27 21:36:15.801033	8589942784	AAAAAImbKEDtVjbFbdxfFLI5dfefG6I4jSaU5MVuzd3JYOXvAAAACgAAAAAAAAACAAAAAAAAAAAAAAABAAAAAAAAAAAAAAAAO2C/AO45YBD3tHVFO1R3A0MekP8JR6nN1A9eWidyItUAAAAAO5rKAAAAAAAAAAAByWDl7wAAAEBYnmjY4CjY/spA2/R9mtm2BmBoj03Le+8NZoozCNwHZ+E8BqYcxJD37Ji1kGKsKxVIICIDU1jsxqlr3XQ+KkkJ	652jj5Yw32JXbCcl/E7+a8DOA8dJx6Hx4FDbX+hOQb4AAAAAAAAACgAAAAAAAAABAAAAAAAAAAAAAAAAAAAAAA==	AAAAAAAAAAEAAAABAAAAAAAAAACJmyhA7VY2xW3cXxSyOXX3nxuiOI0mlOTFbs3dyWDl7wFjRXgh7zXsAAAAAAAAAAIAAAAAAAAAAAAAAAAAAAAAAQAAAAAAAAAAAAAAAAAAAQAAAAIAAAAAAAAAAAAAAAA7YL8A7jlgEPe0dUU7VHcDQx6Q/wlHqc3UD15aJ3Ii1QAAAAA7msoAAAAAAgAAAAAAAAAAAAAAAAAAAAAAAAAAAQAAAAAAAAAAAAAAAAAAAQAAAAAAAAAAiZsoQO1WNsVt3F8Usjl1958bojiNJpTkxW7N3clg5e8BY0V35lRr7AAAAAAAAAACAAAAAAAAAAAAAAAAAAAAAAEAAAAAAAAAAAAAAA==
0b67c97d8feb2bffc79a0d1d6800fb47fd647cb35966edaa2ec4e3343996a786	2	3	GCEZWKCA5VLDNRLN3RPRJMRZOX3Z6G5CHCGSNFHEYVXM3XOJMDS674JZ	3	10	10	1	-1	2015-08-27 21:36:15.82243	2015-08-27 21:36:15.82243	8589946880	AAAAAImbKEDtVjbFbdxfFLI5dfefG6I4jSaU5MVuzd3JYOXvAAAACgAAAAAAAAADAAAAAAAAAAAAAAABAAAAAAAAAAAAAAAAtbgXR6E7oDL0LQ+wYSC9zXvXVT3xiPiYuSb1DvmQLe8AAAAAO5rKAAAAAAAAAAAByWDl7wAAAEAbMWlTR/myUcoUBTtB2fCdhYL/t8JInwV1Uq/cOfTmw0BXx+stuku6q1DbVL0LUadAA9YfGDT7KRXdh0Ni7mYH	C2fJfY/rK//Hmg0daAD7R/1kfLNZZu2qLsTjNDmWp4YAAAAAAAAACgAAAAAAAAABAAAAAAAAAAAAAAAAAAAAAA==	AAAAAAAAAAEAAAABAAAAAAAAAACJmyhA7VY2xW3cXxSyOXX3nxuiOI0mlOTFbs3dyWDl7wFjRXfmVGviAAAAAAAAAAMAAAAAAAAAAAAAAAAAAAAAAQAAAAAAAAAAAAAAAAAAAQAAAAIAAAAAAAAAAAAAAAC1uBdHoTugMvQtD7BhIL3Ne9dVPfGI+Ji5JvUO+ZAt7wAAAAA7msoAAAAAAgAAAAAAAAAAAAAAAAAAAAAAAAAAAQAAAAAAAAAAAAAAAAAAAQAAAAAAAAAAiZsoQO1WNsVt3F8Usjl1958bojiNJpTkxW7N3clg5e8BY0V3qrmh4gAAAAAAAAADAAAAAAAAAAAAAAAAAAAAAAEAAAAAAAAAAAAAAA==
d4e7f13887b64c88f92f10f7c30fbab0d9885b72549690ef47989fe3b2000272	2	4	GCEZWKCA5VLDNRLN3RPRJMRZOX3Z6G5CHCGSNFHEYVXM3XOJMDS674JZ	4	10	10	1	-1	2015-08-27 21:36:15.84501	2015-08-27 21:36:15.84501	8589950976	AAAAAImbKEDtVjbFbdxfFLI5dfefG6I4jSaU5MVuzd3JYOXvAAAACgAAAAAAAAAEAAAAAAAAAAAAAAABAAAAAAAAAAAAAAAAoPwY/Fd/cIyNUq/eqHOzpq7YdowcfSzkHfZFVRCK2EkAAAAAO5rKAAAAAAAAAAAByWDl7wAAAEA2XNZgji4KzFCmwDFaED8j60p6QMSZaRKHfLiC2CPvIt2d1jsS8T3dErcBj8NYaSiHHNdYGtE5YJMsr8ddwRAD	1OfxOIe2TIj5LxD3ww+6sNmIW3JUlpDvR5if47IAAnIAAAAAAAAACgAAAAAAAAABAAAAAAAAAAAAAAAAAAAAAA==	AAAAAAAAAAEAAAABAAAAAAAAAACJmyhA7VY2xW3cXxSyOXX3nxuiOI0mlOTFbs3dyWDl7wFjRXequaHYAAAAAAAAAAQAAAAAAAAAAAAAAAAAAAAAAQAAAAAAAAAAAAAAAAAAAQAAAAIAAAAAAAAAAAAAAACg/Bj8V39wjI1Sr96oc7Omrth2jBx9LOQd9kVVEIrYSQAAAAA7msoAAAAAAgAAAAAAAAAAAAAAAAAAAAAAAAAAAQAAAAAAAAAAAAAAAAAAAQAAAAAAAAAAiZsoQO1WNsVt3F8Usjl1958bojiNJpTkxW7N3clg5e8BY0V3bx7X2AAAAAAAAAAEAAAAAAAAAAAAAAAAAAAAAAEAAAAAAAAAAAAAAA==
dfea980f5a466992f135c7a9ad28a20e88b9a31ddfdb9d794e164579495d4d99	3	1	GA5WBPYA5Y4WAEHXWR2UKO2UO4BUGHUQ74EUPKON2QHV4WRHOIRNKKH2	8589934593	10	10	1	-1	2015-08-27 21:36:15.885421	2015-08-27 21:36:15.885421	12884905984	AAAAADtgvwDuOWAQ97R1RTtUdwNDHpD/CUepzdQPXlonciLVAAAACgAAAAIAAAABAAAAAAAAAAAAAAABAAAAAAAAAAYAAAABVVNEAAAAAAC1uBdHoTugMvQtD7BhIL3Ne9dVPfGI+Ji5JvUO+ZAt73//////////AAAAAAAAAAEnciLVAAAAQJqRrir9TE7rtrQ7FV2J4XXCngGuNxjjapw5FlaQA0fX25e2CJCLK6hl6zalGd22SL0vdh7j50FhENUZqCNPuQY=	3+qYD1pGaZLxNceprSiiDoi5ox3f2515ThZFeUldTZkAAAAAAAAACgAAAAAAAAABAAAAAAAAAAYAAAAAAAAAAA==	AAAAAAAAAAEAAAABAAAAAAAAAAA7YL8A7jlgEPe0dUU7VHcDQx6Q/wlHqc3UD15aJ3Ii1QAAAAA7msn2AAAAAgAAAAEAAAAAAAAAAAAAAAAAAAAAAQAAAAAAAAAAAAAAAAAAAQAAAAIAAAAAAAAAAQAAAAA7YL8A7jlgEPe0dUU7VHcDQx6Q/wlHqc3UD15aJ3Ii1QAAAAFVU0QAAAAAALW4F0ehO6Ay9C0PsGEgvc1711U98Yj4mLkm9Q75kC3vAAAAAAAAAAB//////////wAAAAEAAAAAAAAAAQAAAAAAAAAAO2C/AO45YBD3tHVFO1R3A0MekP8JR6nN1A9eWidyItUAAAAAO5rJ9gAAAAIAAAABAAAAAQAAAAAAAAAAAAAAAAEAAAAAAAAAAAAAAA==
7ade60aaf8cae0e43d615389eddcf8ccb35c0a2cc80916f3153431af728dda4b	3	2	GCXKG6RN4ONIEPCMNFB732A436Z5PNDSRLGWK7GBLCMQLIFO4S7EYWVU	8589934593	10	10	1	-1	2015-08-27 21:36:15.899198	2015-08-27 21:36:15.899198	12884910080	AAAAAK6jei3jmoI8TGlD/egc37PXtHKKzWV8wViZBaCu5L5MAAAACgAAAAIAAAABAAAAAAAAAAAAAAABAAAAAAAAAAYAAAABVVNEAAAAAAC1uBdHoTugMvQtD7BhIL3Ne9dVPfGI+Ji5JvUO+ZAt73//////////AAAAAAAAAAGu5L5MAAAAQBNNf5QVwgCyQ6ApWHwbYIv5F3TG676ur37yue2kTY8pojx9X0T6LzGntDy6npPyrL7rtvYm3jTdHMLRrYG9awI=	et5gqvjK4OQ9YVOJ7dz4zLNcCizICRbzFTQxr3KN2ksAAAAAAAAACgAAAAAAAAABAAAAAAAAAAYAAAAAAAAAAA==	AAAAAAAAAAEAAAABAAAAAAAAAACuo3ot45qCPExpQ/3oHN+z17Ryis1lfMFYmQWgruS+TAAAAAA7msn2AAAAAgAAAAEAAAAAAAAAAAAAAAAAAAAAAQAAAAAAAAAAAAAAAAAAAQAAAAIAAAAAAAAAAQAAAACuo3ot45qCPExpQ/3oHN+z17Ryis1lfMFYmQWgruS+TAAAAAFVU0QAAAAAALW4F0ehO6Ay9C0PsGEgvc1711U98Yj4mLkm9Q75kC3vAAAAAAAAAAB//////////wAAAAEAAAAAAAAAAQAAAAAAAAAArqN6LeOagjxMaUP96Bzfs9e0corNZXzBWJkFoK7kvkwAAAAAO5rJ9gAAAAIAAAABAAAAAQAAAAAAAAAAAAAAAAEAAAAAAAAAAAAAAA==
f0f3fac690f0673451de00405dfdd23b7ea6fa1b6d567eb27785f10e62295e23	3	3	GA5WBPYA5Y4WAEHXWR2UKO2UO4BUGHUQ74EUPKON2QHV4WRHOIRNKKH2	8589934594	10	10	1	-1	2015-08-27 21:36:15.910499	2015-08-27 21:36:15.910499	12884914176	AAAAADtgvwDuOWAQ97R1RTtUdwNDHpD/CUepzdQPXlonciLVAAAACgAAAAIAAAACAAAAAAAAAAAAAAABAAAAAAAAAAYAAAABRVVSAAAAAACg/Bj8V39wjI1Sr96oc7Omrth2jBx9LOQd9kVVEIrYSX//////////AAAAAAAAAAEnciLVAAAAQBFJzkuHdnZhpFeiP86+B/KJRCQ06er8d4Gdch0fWc23B9odMQK7oanxCQC019UjSxjYjTPoQdrUQsgFwVvNhAQ=	8PP6xpDwZzRR3gBAXf3SO36m+httVn6yd4XxDmIpXiMAAAAAAAAACgAAAAAAAAABAAAAAAAAAAYAAAAAAAAAAA==	AAAAAAAAAAEAAAABAAAAAAAAAAA7YL8A7jlgEPe0dUU7VHcDQx6Q/wlHqc3UD15aJ3Ii1QAAAAA7msnsAAAAAgAAAAIAAAABAAAAAAAAAAAAAAAAAQAAAAAAAAAAAAAAAAAAAQAAAAIAAAAAAAAAAQAAAAA7YL8A7jlgEPe0dUU7VHcDQx6Q/wlHqc3UD15aJ3Ii1QAAAAFFVVIAAAAAAKD8GPxXf3CMjVKv3qhzs6au2HaMHH0s5B32RVUQithJAAAAAAAAAAB//////////wAAAAEAAAAAAAAAAQAAAAAAAAAAO2C/AO45YBD3tHVFO1R3A0MekP8JR6nN1A9eWidyItUAAAAAO5rJ7AAAAAIAAAACAAAAAgAAAAAAAAAAAAAAAAEAAAAAAAAAAAAAAA==
b87c99c75443f5dfbaa045fd8f0ceb61519465bb5b18bd7d45188d6f4c337ce3	3	4	GCXKG6RN4ONIEPCMNFB732A436Z5PNDSRLGWK7GBLCMQLIFO4S7EYWVU	8589934594	10	10	1	-1	2015-08-27 21:36:15.921879	2015-08-27 21:36:15.921879	12884918272	AAAAAK6jei3jmoI8TGlD/egc37PXtHKKzWV8wViZBaCu5L5MAAAACgAAAAIAAAACAAAAAAAAAAAAAAABAAAAAAAAAAYAAAABRVVSAAAAAACg/Bj8V39wjI1Sr96oc7Omrth2jBx9LOQd9kVVEIrYSX//////////AAAAAAAAAAGu5L5MAAAAQJ0cCN65SPp0qHyPB0Tn69fTWID0Xw+orSLqCrJ9gL34a3nKwEBkaAA2hyv4ZksIxcuCxfV7ocXkygNKulGZjwM=	uHyZx1RD9d+6oEX9jwzrYVGUZbtbGL19RRiNb0wzfOMAAAAAAAAACgAAAAAAAAABAAAAAAAAAAYAAAAAAAAAAA==	AAAAAAAAAAEAAAABAAAAAAAAAACuo3ot45qCPExpQ/3oHN+z17Ryis1lfMFYmQWgruS+TAAAAAA7msnsAAAAAgAAAAIAAAABAAAAAAAAAAAAAAAAAQAAAAAAAAAAAAAAAAAAAQAAAAIAAAAAAAAAAQAAAACuo3ot45qCPExpQ/3oHN+z17Ryis1lfMFYmQWgruS+TAAAAAFFVVIAAAAAAKD8GPxXf3CMjVKv3qhzs6au2HaMHH0s5B32RVUQithJAAAAAAAAAAB//////////wAAAAEAAAAAAAAAAQAAAAAAAAAArqN6LeOagjxMaUP96Bzfs9e0corNZXzBWJkFoK7kvkwAAAAAO5rJ7AAAAAIAAAACAAAAAgAAAAAAAAAAAAAAAAEAAAAAAAAAAAAAAA==
0e6df700421b3077db99704b2d28145273d66a2aa5f5ce046070a84c544b7c05	4	1	GC23QF2HUE52AMXUFUH3AYJAXXGXXV2VHXYYR6EYXETPKDXZSAW67XO4	8589934593	10	10	1	-1	2015-08-27 21:36:15.942926	2015-08-27 21:36:15.942926	17179873280	AAAAALW4F0ehO6Ay9C0PsGEgvc1711U98Yj4mLkm9Q75kC3vAAAACgAAAAIAAAABAAAAAAAAAAAAAAABAAAAAAAAAAEAAAAArqN6LeOagjxMaUP96Bzfs9e0corNZXzBWJkFoK7kvkwAAAABVVNEAAAAAAC1uBdHoTugMvQtD7BhIL3Ne9dVPfGI+Ji5JvUO+ZAt7wAAAAEqBfIAAAAAAAAAAAH5kC3vAAAAQKjxCNfBgz3jnIDe1p1vGK9EqQRNh0awvguIpyKmdOT+mRGnZ24pz7XaT0/bSwergDYxtw5GarbCqhqVBArjMA0=	Dm33AEIbMHfbmXBLLSgUUnPWaiql9c4EYHCoTFRLfAUAAAAAAAAACgAAAAAAAAABAAAAAAAAAAEAAAAAAAAAAA==	AAAAAAAAAAEAAAABAAAAAAAAAAC1uBdHoTugMvQtD7BhIL3Ne9dVPfGI+Ji5JvUO+ZAt7wAAAAA7msn2AAAAAgAAAAEAAAAAAAAAAAAAAAAAAAAAAQAAAAAAAAAAAAAAAAAAAQAAAAEAAAABAAAAAQAAAACuo3ot45qCPExpQ/3oHN+z17Ryis1lfMFYmQWgruS+TAAAAAFVU0QAAAAAALW4F0ehO6Ay9C0PsGEgvc1711U98Yj4mLkm9Q75kC3vAAAAASoF8gB//////////wAAAAEAAAAA
ff8155f6d1e91f681305d45571dfaa35e757098e564b3816d7867d2c225ac3f3	4	2	GCQPYGH4K57XBDENKKX55KDTWOTK5WDWRQOH2LHEDX3EKVIQRLMESGBG	8589934593	10	10	1	-1	2015-08-27 21:36:15.958686	2015-08-27 21:36:15.958686	17179877376	AAAAAKD8GPxXf3CMjVKv3qhzs6au2HaMHH0s5B32RVUQithJAAAACgAAAAIAAAABAAAAAAAAAAAAAAABAAAAAAAAAAEAAAAAO2C/AO45YBD3tHVFO1R3A0MekP8JR6nN1A9eWidyItUAAAABRVVSAAAAAACg/Bj8V39wjI1Sr96oc7Omrth2jBx9LOQd9kVVEIrYSQAAAAEqBfIAAAAAAAAAAAEQithJAAAAQK2FlDCpK/ihScGX05oWVHvJvnB0srvUPTB//jJW/zEZCfMU52G3KortPR2vpqoi3lijvVBmXBjXAzHAUWtizQ0=	/4FV9tHpH2gTBdRVcd+qNedXCY5WSzgW14Z9LCJaw/MAAAAAAAAACgAAAAAAAAABAAAAAAAAAAEAAAAAAAAAAA==	AAAAAAAAAAEAAAABAAAAAAAAAACg/Bj8V39wjI1Sr96oc7Omrth2jBx9LOQd9kVVEIrYSQAAAAA7msn2AAAAAgAAAAEAAAAAAAAAAAAAAAAAAAAAAQAAAAAAAAAAAAAAAAAAAQAAAAEAAAABAAAAAQAAAAA7YL8A7jlgEPe0dUU7VHcDQx6Q/wlHqc3UD15aJ3Ii1QAAAAFFVVIAAAAAAKD8GPxXf3CMjVKv3qhzs6au2HaMHH0s5B32RVUQithJAAAAASoF8gB//////////wAAAAEAAAAA
8f03fd3360e419ee9cc957026fd969b1fc223487818dda340e2336e3e032e404	5	1	GA5WBPYA5Y4WAEHXWR2UKO2UO4BUGHUQ74EUPKON2QHV4WRHOIRNKKH2	8589934595	10	10	1	-1	2015-08-27 21:36:15.983503	2015-08-27 21:36:15.983503	21474840576	AAAAADtgvwDuOWAQ97R1RTtUdwNDHpD/CUepzdQPXlonciLVAAAACgAAAAIAAAADAAAAAAAAAAAAAAABAAAAAAAAAAMAAAABRVVSAAAAAACg/Bj8V39wjI1Sr96oc7Omrth2jBx9LOQd9kVVEIrYSQAAAAFVU0QAAAAAALW4F0ehO6Ay9C0PsGEgvc1711U98Yj4mLkm9Q75kC3vAAAAADuaygAAAAABAAAAAQAAAAAAAAAAAAAAAAAAAAEnciLVAAAAQFgiJc1Pyn8xgxPTya/xnMEZMHb9vyktjPzTDWxhF/xQ9M8BcHfksc68k2+1RUYNwJJQW205Qe+dbWG/BHIeuw4=	jwP9M2DkGe6cyVcCb9lpsfwiNIeBjdo0DiM24+Ay5AQAAAAAAAAACgAAAAAAAAABAAAAAAAAAAMAAAAAAAAAAAAAAAAAAAAAO2C/AO45YBD3tHVFO1R3A0MekP8JR6nN1A9eWidyItUAAAAAAAAAAQAAAAFFVVIAAAAAAKD8GPxXf3CMjVKv3qhzs6au2HaMHH0s5B32RVUQithJAAAAAVVTRAAAAAAAtbgXR6E7oDL0LQ+wYSC9zXvXVT3xiPiYuSb1DvmQLe8AAAAAO5rKAAAAAAEAAAABAAAAAAAAAAAAAAAA	AAAAAAAAAAEAAAABAAAAAAAAAAA7YL8A7jlgEPe0dUU7VHcDQx6Q/wlHqc3UD15aJ3Ii1QAAAAA7msniAAAAAgAAAAMAAAACAAAAAAAAAAAAAAAAAQAAAAAAAAAAAAAAAAAAAQAAAAIAAAAAAAAAAgAAAAA7YL8A7jlgEPe0dUU7VHcDQx6Q/wlHqc3UD15aJ3Ii1QAAAAAAAAABAAAAAUVVUgAAAAAAoPwY/Fd/cIyNUq/eqHOzpq7YdowcfSzkHfZFVRCK2EkAAAABVVNEAAAAAAC1uBdHoTugMvQtD7BhIL3Ne9dVPfGI+Ji5JvUO+ZAt7wAAAAA7msoAAAAAAQAAAAEAAAAAAAAAAAAAAAEAAAAAAAAAADtgvwDuOWAQ97R1RTtUdwNDHpD/CUepzdQPXlonciLVAAAAADuayeIAAAACAAAAAwAAAAMAAAAAAAAAAAAAAAABAAAAAAAAAAAAAAA=
afe0bba9757e08a5180d2a7552ac39d0d4b7e2cabc84d5c972f3d03435e77bee	5	2	GA5WBPYA5Y4WAEHXWR2UKO2UO4BUGHUQ74EUPKON2QHV4WRHOIRNKKH2	8589934596	10	10	1	-1	2015-08-27 21:36:15.994389	2015-08-27 21:36:15.994389	21474844672	AAAAADtgvwDuOWAQ97R1RTtUdwNDHpD/CUepzdQPXlonciLVAAAACgAAAAIAAAAEAAAAAAAAAAAAAAABAAAAAAAAAAMAAAABRVVSAAAAAACg/Bj8V39wjI1Sr96oc7Omrth2jBx9LOQd9kVVEIrYSQAAAAFVU0QAAAAAALW4F0ehO6Ay9C0PsGEgvc1711U98Yj4mLkm9Q75kC3vAAAAAEI6NccAAAAKAAAACQAAAAAAAAAAAAAAAAAAAAEnciLVAAAAQE4JuwEW/PVByS/KzoOPioTJ6vsVnSObakcJMD8zHpIUO45qnXEoRN16+l8SpfoDBB39CzuBuJCoygrN+CFLGgA=	r+C7qXV+CKUYDSp1Uqw50NS34sq8hNXJcvPQNDXne+4AAAAAAAAACgAAAAAAAAABAAAAAAAAAAMAAAAAAAAAAAAAAAAAAAAAO2C/AO45YBD3tHVFO1R3A0MekP8JR6nN1A9eWidyItUAAAAAAAAAAgAAAAFFVVIAAAAAAKD8GPxXf3CMjVKv3qhzs6au2HaMHH0s5B32RVUQithJAAAAAVVTRAAAAAAAtbgXR6E7oDL0LQ+wYSC9zXvXVT3xiPiYuSb1DvmQLe8AAAAAQjo1xwAAAAoAAAAJAAAAAAAAAAAAAAAA	AAAAAAAAAAEAAAABAAAAAAAAAAA7YL8A7jlgEPe0dUU7VHcDQx6Q/wlHqc3UD15aJ3Ii1QAAAAA7msnYAAAAAgAAAAQAAAADAAAAAAAAAAAAAAAAAQAAAAAAAAAAAAAAAAAAAQAAAAIAAAAAAAAAAgAAAAA7YL8A7jlgEPe0dUU7VHcDQx6Q/wlHqc3UD15aJ3Ii1QAAAAAAAAACAAAAAUVVUgAAAAAAoPwY/Fd/cIyNUq/eqHOzpq7YdowcfSzkHfZFVRCK2EkAAAABVVNEAAAAAAC1uBdHoTugMvQtD7BhIL3Ne9dVPfGI+Ji5JvUO+ZAt7wAAAABCOjXHAAAACgAAAAkAAAAAAAAAAAAAAAEAAAAAAAAAADtgvwDuOWAQ97R1RTtUdwNDHpD/CUepzdQPXlonciLVAAAAADuaydgAAAACAAAABAAAAAQAAAAAAAAAAAAAAAABAAAAAAAAAAAAAAA=
eadd0c35bec2fb4e035f9e1d7e244a2b2cdba280099a14f3b4f4129056639715	5	3	GA5WBPYA5Y4WAEHXWR2UKO2UO4BUGHUQ74EUPKON2QHV4WRHOIRNKKH2	8589934597	10	10	1	-1	2015-08-27 21:36:16.005714	2015-08-27 21:36:16.005714	21474848768	AAAAADtgvwDuOWAQ97R1RTtUdwNDHpD/CUepzdQPXlonciLVAAAACgAAAAIAAAAFAAAAAAAAAAAAAAABAAAAAAAAAAMAAAABRVVSAAAAAACg/Bj8V39wjI1Sr96oc7Omrth2jBx9LOQd9kVVEIrYSQAAAAFVU0QAAAAAALW4F0ehO6Ay9C0PsGEgvc1711U98Yj4mLkm9Q75kC3vAAAAAEqBfIAAAAAFAAAABAAAAAAAAAAAAAAAAAAAAAEnciLVAAAAQEnH+UgXerst7LmeVofxrf56z/NGUToA4O89L3xGBPEvLiXjeKXw5Vp0uf7X2RfARiMQnOgJAMFb3sOkNXdYSAs=	6t0MNb7C+04DX54dfiRKKyzbooAJmhTztPQSkFZjlxUAAAAAAAAACgAAAAAAAAABAAAAAAAAAAMAAAAAAAAAAAAAAAAAAAAAO2C/AO45YBD3tHVFO1R3A0MekP8JR6nN1A9eWidyItUAAAAAAAAAAwAAAAFFVVIAAAAAAKD8GPxXf3CMjVKv3qhzs6au2HaMHH0s5B32RVUQithJAAAAAVVTRAAAAAAAtbgXR6E7oDL0LQ+wYSC9zXvXVT3xiPiYuSb1DvmQLe8AAAAASoF8gAAAAAUAAAAEAAAAAAAAAAAAAAAA	AAAAAAAAAAEAAAABAAAAAAAAAAA7YL8A7jlgEPe0dUU7VHcDQx6Q/wlHqc3UD15aJ3Ii1QAAAAA7msnOAAAAAgAAAAUAAAAEAAAAAAAAAAAAAAAAAQAAAAAAAAAAAAAAAAAAAQAAAAIAAAAAAAAAAgAAAAA7YL8A7jlgEPe0dUU7VHcDQx6Q/wlHqc3UD15aJ3Ii1QAAAAAAAAADAAAAAUVVUgAAAAAAoPwY/Fd/cIyNUq/eqHOzpq7YdowcfSzkHfZFVRCK2EkAAAABVVNEAAAAAAC1uBdHoTugMvQtD7BhIL3Ne9dVPfGI+Ji5JvUO+ZAt7wAAAABKgXyAAAAABQAAAAQAAAAAAAAAAAAAAAEAAAAAAAAAADtgvwDuOWAQ97R1RTtUdwNDHpD/CUepzdQPXlonciLVAAAAADuayc4AAAACAAAABQAAAAUAAAAAAAAAAAAAAAABAAAAAAAAAAAAAAA=
f51f7c3b9c894c827ff536a6b58316fc4e78464613c18f1655eda259ada3024d	6	1	GCXKG6RN4ONIEPCMNFB732A436Z5PNDSRLGWK7GBLCMQLIFO4S7EYWVU	8589934595	10	10	1	-1	2015-08-27 21:36:16.024257	2015-08-27 21:36:16.024257	25769807872	AAAAAK6jei3jmoI8TGlD/egc37PXtHKKzWV8wViZBaCu5L5MAAAACgAAAAIAAAADAAAAAAAAAAAAAAABAAAAAAAAAAMAAAABVVNEAAAAAAC1uBdHoTugMvQtD7BhIL3Ne9dVPfGI+Ji5JvUO+ZAt7wAAAAFFVVIAAAAAAKD8GPxXf3CMjVKv3qhzs6au2HaMHH0s5B32RVUQithJAAAAAB3NZQAAAAABAAAAAQAAAAAAAAAAAAAAAAAAAAGu5L5MAAAAQJI0oD3nWXQ35zhDaiTf6V5BlftrhCAcQS6cRaY0yKaFl8lsGmHAMOAqRJPrH1QLKhnA09u8ev7/Fn7bp5QxeQ8=	9R98O5yJTIJ/9TamtYMW/E54RkYTwY8WVe2iWa2jAk0AAAAAAAAACgAAAAAAAAABAAAAAAAAAAMAAAAAAAAAAQAAAAA7YL8A7jlgEPe0dUU7VHcDQx6Q/wlHqc3UD15aJ3Ii1QAAAAAAAAABAAAAAUVVUgAAAAAAoPwY/Fd/cIyNUq/eqHOzpq7YdowcfSzkHfZFVRCK2EkAAAAAHc1lAAAAAAFVU0QAAAAAALW4F0ehO6Ay9C0PsGEgvc1711U98Yj4mLkm9Q75kC3vAAAAAB3NZQAAAAACAAAAAA==	AAAAAAAAAAEAAAABAAAAAAAAAACuo3ot45qCPExpQ/3oHN+z17Ryis1lfMFYmQWgruS+TAAAAAA7msniAAAAAgAAAAMAAAACAAAAAAAAAAAAAAAAAQAAAAAAAAAAAAAAAAAAAQAAAAUAAAABAAAAAQAAAAA7YL8A7jlgEPe0dUU7VHcDQx6Q/wlHqc3UD15aJ3Ii1QAAAAFFVVIAAAAAAKD8GPxXf3CMjVKv3qhzs6au2HaMHH0s5B32RVUQithJAAAAAQw4jQB//////////wAAAAEAAAAAAAAAAQAAAAEAAAAAO2C/AO45YBD3tHVFO1R3A0MekP8JR6nN1A9eWidyItUAAAABVVNEAAAAAAC1uBdHoTugMvQtD7BhIL3Ne9dVPfGI+Ji5JvUO+ZAt7wAAAAAdzWUAf/////////8AAAABAAAAAAAAAAEAAAABAAAAAK6jei3jmoI8TGlD/egc37PXtHKKzWV8wViZBaCu5L5MAAAAAUVVUgAAAAAAoPwY/Fd/cIyNUq/eqHOzpq7YdowcfSzkHfZFVRCK2EkAAAAAHc1lAH//////////AAAAAQAAAAAAAAABAAAAAQAAAACuo3ot45qCPExpQ/3oHN+z17Ryis1lfMFYmQWgruS+TAAAAAFVU0QAAAAAALW4F0ehO6Ay9C0PsGEgvc1711U98Yj4mLkm9Q75kC3vAAAAAQw4jQB//////////wAAAAEAAAAAAAAAAQAAAAIAAAAAO2C/AO45YBD3tHVFO1R3A0MekP8JR6nN1A9eWidyItUAAAAAAAAAAQAAAAFFVVIAAAAAAKD8GPxXf3CMjVKv3qhzs6au2HaMHH0s5B32RVUQithJAAAAAVVTRAAAAAAAtbgXR6E7oDL0LQ+wYSC9zXvXVT3xiPiYuSb1DvmQLe8AAAAAHc1lAAAAAAEAAAABAAAAAAAAAAA=
a4ab3304f7e3e173a16b61c5e667216a799b98f28953c93c420de05a6bb796f7	6	2	GCXKG6RN4ONIEPCMNFB732A436Z5PNDSRLGWK7GBLCMQLIFO4S7EYWVU	8589934596	10	10	1	-1	2015-08-27 21:36:16.042052	2015-08-27 21:36:16.042052	25769811968	AAAAAK6jei3jmoI8TGlD/egc37PXtHKKzWV8wViZBaCu5L5MAAAACgAAAAIAAAAEAAAAAAAAAAAAAAABAAAAAAAAAAMAAAABVVNEAAAAAAC1uBdHoTugMvQtD7BhIL3Ne9dVPfGI+Ji5JvUO+ZAt7wAAAAAAAAAAHc1lAAAAAAEAAAABAAAAAAAAAAAAAAAAAAAAAa7kvkwAAABAFzM5zBYlJ6m/6oFh7/3MJyb0IN6lsAXu+W88SKEAFW01lwCYGaJz6hf4Vky7C9sxbtM7APNYdRP4448qInUaAw==	pKszBPfj4XOha2HF5mchanmbmPKJU8k8Qg3gWmu3lvcAAAAAAAAACgAAAAAAAAABAAAAAAAAAAMAAAAAAAAAAAAAAAAAAAAArqN6LeOagjxMaUP96Bzfs9e0corNZXzBWJkFoK7kvkwAAAAAAAAABAAAAAFVU0QAAAAAALW4F0ehO6Ay9C0PsGEgvc1711U98Yj4mLkm9Q75kC3vAAAAAAAAAAAdzWUAAAAAAQAAAAEAAAAAAAAAAAAAAAA=	AAAAAAAAAAEAAAABAAAAAAAAAACuo3ot45qCPExpQ/3oHN+z17Ryis1lfMFYmQWgruS+TAAAAAA7msnYAAAAAgAAAAQAAAACAAAAAAAAAAAAAAAAAQAAAAAAAAAAAAAAAAAAAQAAAAIAAAAAAAAAAgAAAACuo3ot45qCPExpQ/3oHN+z17Ryis1lfMFYmQWgruS+TAAAAAAAAAAEAAAAAVVTRAAAAAAAtbgXR6E7oDL0LQ+wYSC9zXvXVT3xiPiYuSb1DvmQLe8AAAAAAAAAAB3NZQAAAAABAAAAAQAAAAAAAAAAAAAAAQAAAAAAAAAArqN6LeOagjxMaUP96Bzfs9e0corNZXzBWJkFoK7kvkwAAAAAO5rJ2AAAAAIAAAAEAAAAAwAAAAAAAAAAAAAAAAEAAAAAAAAAAAAAAA==
\.


--
-- Data for Name: schema_migrations; Type: TABLE DATA; Schema: public; Owner: -
--

COPY schema_migrations (version) FROM stdin;
20150508215546
20150310224849
20150313225945
20150313225955
20150501160031
20150508003829
20150508175821
20150508183542
20150609230237
20150629181921
20150825223417
20150825180131
\.


--
-- Name: history_operation_participants_pkey; Type: CONSTRAINT; Schema: public; Owner: -; Tablespace: 
--

ALTER TABLE ONLY history_operation_participants
    ADD CONSTRAINT history_operation_participants_pkey PRIMARY KEY (id);


--
-- Name: history_transaction_participants_pkey; Type: CONSTRAINT; Schema: public; Owner: -; Tablespace: 
--

ALTER TABLE ONLY history_transaction_participants
    ADD CONSTRAINT history_transaction_participants_pkey PRIMARY KEY (id);


--
-- Name: history_transaction_statuses_pkey; Type: CONSTRAINT; Schema: public; Owner: -; Tablespace: 
--

ALTER TABLE ONLY history_transaction_statuses
    ADD CONSTRAINT history_transaction_statuses_pkey PRIMARY KEY (id);


--
-- Name: by_account; Type: INDEX; Schema: public; Owner: -; Tablespace: 
--

CREATE INDEX by_account ON history_transactions USING btree (account, account_sequence);


--
-- Name: by_hash; Type: INDEX; Schema: public; Owner: -; Tablespace: 
--

CREATE INDEX by_hash ON history_transactions USING btree (transaction_hash);


--
-- Name: by_ledger; Type: INDEX; Schema: public; Owner: -; Tablespace: 
--

CREATE INDEX by_ledger ON history_transactions USING btree (ledger_sequence, application_order);


--
-- Name: by_status; Type: INDEX; Schema: public; Owner: -; Tablespace: 
--

CREATE INDEX by_status ON history_transactions USING btree (transaction_status_id);


--
-- Name: hist_e_by_order; Type: INDEX; Schema: public; Owner: -; Tablespace: 
--

CREATE UNIQUE INDEX hist_e_by_order ON history_effects USING btree (history_operation_id, "order");


--
-- Name: hist_e_id; Type: INDEX; Schema: public; Owner: -; Tablespace: 
--

CREATE UNIQUE INDEX hist_e_id ON history_effects USING btree (history_account_id, history_operation_id, "order");


--
-- Name: hist_op_p_id; Type: INDEX; Schema: public; Owner: -; Tablespace: 
--

CREATE UNIQUE INDEX hist_op_p_id ON history_operation_participants USING btree (history_account_id, history_operation_id);


--
-- Name: hs_ledger_by_id; Type: INDEX; Schema: public; Owner: -; Tablespace: 
--

CREATE UNIQUE INDEX hs_ledger_by_id ON history_ledgers USING btree (id);


--
-- Name: hs_transaction_by_id; Type: INDEX; Schema: public; Owner: -; Tablespace: 
--

CREATE UNIQUE INDEX hs_transaction_by_id ON history_transactions USING btree (id);


--
-- Name: index_history_accounts_on_id; Type: INDEX; Schema: public; Owner: -; Tablespace: 
--

CREATE UNIQUE INDEX index_history_accounts_on_id ON history_accounts USING btree (id);


--
-- Name: index_history_effects_on_type; Type: INDEX; Schema: public; Owner: -; Tablespace: 
--

CREATE INDEX index_history_effects_on_type ON history_effects USING btree (type);


--
-- Name: index_history_ledgers_on_closed_at; Type: INDEX; Schema: public; Owner: -; Tablespace: 
--

CREATE INDEX index_history_ledgers_on_closed_at ON history_ledgers USING btree (closed_at);


--
-- Name: index_history_ledgers_on_id; Type: INDEX; Schema: public; Owner: -; Tablespace: 
--

CREATE UNIQUE INDEX index_history_ledgers_on_id ON history_ledgers USING btree (id);


--
-- Name: index_history_ledgers_on_importer_version; Type: INDEX; Schema: public; Owner: -; Tablespace: 
--

CREATE INDEX index_history_ledgers_on_importer_version ON history_ledgers USING btree (importer_version);


--
-- Name: index_history_ledgers_on_ledger_hash; Type: INDEX; Schema: public; Owner: -; Tablespace: 
--

CREATE UNIQUE INDEX index_history_ledgers_on_ledger_hash ON history_ledgers USING btree (ledger_hash);


--
-- Name: index_history_ledgers_on_previous_ledger_hash; Type: INDEX; Schema: public; Owner: -; Tablespace: 
--

CREATE UNIQUE INDEX index_history_ledgers_on_previous_ledger_hash ON history_ledgers USING btree (previous_ledger_hash);


--
-- Name: index_history_ledgers_on_sequence; Type: INDEX; Schema: public; Owner: -; Tablespace: 
--

CREATE UNIQUE INDEX index_history_ledgers_on_sequence ON history_ledgers USING btree (sequence);


--
-- Name: index_history_operations_on_id; Type: INDEX; Schema: public; Owner: -; Tablespace: 
--

CREATE UNIQUE INDEX index_history_operations_on_id ON history_operations USING btree (id);


--
-- Name: index_history_operations_on_transaction_id; Type: INDEX; Schema: public; Owner: -; Tablespace: 
--

CREATE INDEX index_history_operations_on_transaction_id ON history_operations USING btree (transaction_id);


--
-- Name: index_history_operations_on_type; Type: INDEX; Schema: public; Owner: -; Tablespace: 
--

CREATE INDEX index_history_operations_on_type ON history_operations USING btree (type);


--
-- Name: index_history_transaction_participants_on_account; Type: INDEX; Schema: public; Owner: -; Tablespace: 
--

CREATE INDEX index_history_transaction_participants_on_account ON history_transaction_participants USING btree (account);


--
-- Name: index_history_transaction_participants_on_transaction_hash; Type: INDEX; Schema: public; Owner: -; Tablespace: 
--

CREATE INDEX index_history_transaction_participants_on_transaction_hash ON history_transaction_participants USING btree (transaction_hash);


--
-- Name: index_history_transaction_statuses_lc_on_all; Type: INDEX; Schema: public; Owner: -; Tablespace: 
--

CREATE UNIQUE INDEX index_history_transaction_statuses_lc_on_all ON history_transaction_statuses USING btree (id, result_code, result_code_s);


--
-- Name: index_history_transactions_on_id; Type: INDEX; Schema: public; Owner: -; Tablespace: 
--

CREATE UNIQUE INDEX index_history_transactions_on_id ON history_transactions USING btree (id);


--
-- Name: unique_schema_migrations; Type: INDEX; Schema: public; Owner: -; Tablespace: 
--

CREATE UNIQUE INDEX unique_schema_migrations ON schema_migrations USING btree (version);


--
-- Name: public; Type: ACL; Schema: -; Owner: -
--

REVOKE ALL ON SCHEMA public FROM PUBLIC;
REVOKE ALL ON SCHEMA public FROM nullstyle;
GRANT ALL ON SCHEMA public TO nullstyle;
GRANT ALL ON SCHEMA public TO PUBLIC;


--
-- PostgreSQL database dump complete
--

