--
-- PostgreSQL database dump
--

SET statement_timeout = 0;
SET lock_timeout = 0;
SET client_encoding = 'UTF8';
SET standard_conforming_strings = on;
SET check_function_bodies = false;
SET client_min_messages = warning;

SET search_path = public, pg_catalog;

DROP INDEX public.unique_schema_migrations;
DROP INDEX public.index_history_transaction_statuses_lc_on_all;
DROP INDEX public.index_history_transaction_participants_on_transaction_hash;
DROP INDEX public.index_history_transaction_participants_on_account;
DROP INDEX public.index_history_operations_on_type;
DROP INDEX public.index_history_operations_on_transaction_id;
DROP INDEX public.index_history_operations_on_id;
DROP INDEX public.index_history_ledgers_on_sequence;
DROP INDEX public.index_history_ledgers_on_previous_ledger_hash;
DROP INDEX public.index_history_ledgers_on_ledger_hash;
DROP INDEX public.index_history_ledgers_on_closed_at;
DROP INDEX public.index_history_accounts_on_id;
DROP INDEX public.hs_transaction_by_id;
DROP INDEX public.hs_ledger_by_id;
DROP INDEX public.hist_op_p_id;
DROP INDEX public.by_status;
DROP INDEX public.by_ledger;
DROP INDEX public.by_hash;
DROP INDEX public.by_account;
ALTER TABLE ONLY public.history_transaction_statuses DROP CONSTRAINT history_transaction_statuses_pkey;
ALTER TABLE ONLY public.history_transaction_participants DROP CONSTRAINT history_transaction_participants_pkey;
ALTER TABLE ONLY public.history_operation_participants DROP CONSTRAINT history_operation_participants_pkey;
ALTER TABLE public.history_transaction_statuses ALTER COLUMN id DROP DEFAULT;
ALTER TABLE public.history_transaction_participants ALTER COLUMN id DROP DEFAULT;
ALTER TABLE public.history_operation_participants ALTER COLUMN id DROP DEFAULT;
DROP TABLE public.schema_migrations;
DROP TABLE public.history_transactions;
DROP SEQUENCE public.history_transaction_statuses_id_seq;
DROP TABLE public.history_transaction_statuses;
DROP SEQUENCE public.history_transaction_participants_id_seq;
DROP TABLE public.history_transaction_participants;
DROP TABLE public.history_operations;
DROP SEQUENCE public.history_operation_participants_id_seq;
DROP TABLE public.history_operation_participants;
DROP TABLE public.history_ledgers;
DROP TABLE public.history_accounts;
DROP EXTENSION hstore;
DROP EXTENSION plpgsql;
DROP SCHEMA public;
--
-- Name: public; Type: SCHEMA; Schema: -; Owner: -
--

CREATE SCHEMA public;


--
-- Name: SCHEMA public; Type: COMMENT; Schema: -; Owner: -
--

COMMENT ON SCHEMA public IS 'standard public schema';


--
-- Name: plpgsql; Type: EXTENSION; Schema: -; Owner: -
--

CREATE EXTENSION IF NOT EXISTS plpgsql WITH SCHEMA pg_catalog;


--
-- Name: EXTENSION plpgsql; Type: COMMENT; Schema: -; Owner: -
--

COMMENT ON EXTENSION plpgsql IS 'PL/pgSQL procedural language';


--
-- Name: hstore; Type: EXTENSION; Schema: -; Owner: -
--

CREATE EXTENSION IF NOT EXISTS hstore WITH SCHEMA public;


--
-- Name: EXTENSION hstore; Type: COMMENT; Schema: -; Owner: -
--

COMMENT ON EXTENSION hstore IS 'data type for storing sets of (key, value) pairs';


SET search_path = public, pg_catalog;

SET default_tablespace = '';

SET default_with_oids = false;

--
-- Name: history_accounts; Type: TABLE; Schema: public; Owner: -; Tablespace: 
--

CREATE TABLE history_accounts (
    id bigint NOT NULL,
    address character varying(64)
);


--
-- Name: history_ledgers; Type: TABLE; Schema: public; Owner: -; Tablespace: 
--

CREATE TABLE history_ledgers (
    sequence integer NOT NULL,
    ledger_hash character varying(64) NOT NULL,
    previous_ledger_hash character varying(64),
    transaction_count integer DEFAULT 0 NOT NULL,
    operation_count integer DEFAULT 0 NOT NULL,
    closed_at timestamp without time zone NOT NULL,
    created_at timestamp without time zone,
    updated_at timestamp without time zone,
    id bigint
);


--
-- Name: history_operation_participants; Type: TABLE; Schema: public; Owner: -; Tablespace: 
--

CREATE TABLE history_operation_participants (
    id integer NOT NULL,
    history_operation_id bigint NOT NULL,
    history_account_id bigint NOT NULL
);


--
-- Name: history_operation_participants_id_seq; Type: SEQUENCE; Schema: public; Owner: -
--

CREATE SEQUENCE history_operation_participants_id_seq
    START WITH 1
    INCREMENT BY 1
    NO MINVALUE
    NO MAXVALUE
    CACHE 1;


--
-- Name: history_operation_participants_id_seq; Type: SEQUENCE OWNED BY; Schema: public; Owner: -
--

ALTER SEQUENCE history_operation_participants_id_seq OWNED BY history_operation_participants.id;


--
-- Name: history_operations; Type: TABLE; Schema: public; Owner: -; Tablespace: 
--

CREATE TABLE history_operations (
    id bigint NOT NULL,
    transaction_id bigint NOT NULL,
    application_order integer NOT NULL,
    type integer NOT NULL,
    details hstore
);


--
-- Name: history_transaction_participants; Type: TABLE; Schema: public; Owner: -; Tablespace: 
--

CREATE TABLE history_transaction_participants (
    id integer NOT NULL,
    transaction_hash character varying(64) NOT NULL,
    account character varying(64) NOT NULL,
    created_at timestamp without time zone,
    updated_at timestamp without time zone
);


--
-- Name: history_transaction_participants_id_seq; Type: SEQUENCE; Schema: public; Owner: -
--

CREATE SEQUENCE history_transaction_participants_id_seq
    START WITH 1
    INCREMENT BY 1
    NO MINVALUE
    NO MAXVALUE
    CACHE 1;


--
-- Name: history_transaction_participants_id_seq; Type: SEQUENCE OWNED BY; Schema: public; Owner: -
--

ALTER SEQUENCE history_transaction_participants_id_seq OWNED BY history_transaction_participants.id;


--
-- Name: history_transaction_statuses; Type: TABLE; Schema: public; Owner: -; Tablespace: 
--

CREATE TABLE history_transaction_statuses (
    id integer NOT NULL,
    result_code_s character varying(255) NOT NULL,
    result_code integer NOT NULL
);


--
-- Name: history_transaction_statuses_id_seq; Type: SEQUENCE; Schema: public; Owner: -
--

CREATE SEQUENCE history_transaction_statuses_id_seq
    START WITH 1
    INCREMENT BY 1
    NO MINVALUE
    NO MAXVALUE
    CACHE 1;


--
-- Name: history_transaction_statuses_id_seq; Type: SEQUENCE OWNED BY; Schema: public; Owner: -
--

ALTER SEQUENCE history_transaction_statuses_id_seq OWNED BY history_transaction_statuses.id;


--
-- Name: history_transactions; Type: TABLE; Schema: public; Owner: -; Tablespace: 
--

CREATE TABLE history_transactions (
    transaction_hash character varying(64) NOT NULL,
    ledger_sequence integer NOT NULL,
    application_order integer NOT NULL,
    account character varying(64) NOT NULL,
    account_sequence bigint NOT NULL,
    max_fee integer NOT NULL,
    fee_paid integer NOT NULL,
    operation_count integer NOT NULL,
    transaction_status_id integer NOT NULL,
    created_at timestamp without time zone,
    updated_at timestamp without time zone,
    id bigint
);


--
-- Name: schema_migrations; Type: TABLE; Schema: public; Owner: -; Tablespace: 
--

CREATE TABLE schema_migrations (
    version character varying(255) NOT NULL
);


--
-- Name: id; Type: DEFAULT; Schema: public; Owner: -
--

ALTER TABLE ONLY history_operation_participants ALTER COLUMN id SET DEFAULT nextval('history_operation_participants_id_seq'::regclass);


--
-- Name: id; Type: DEFAULT; Schema: public; Owner: -
--

ALTER TABLE ONLY history_transaction_participants ALTER COLUMN id SET DEFAULT nextval('history_transaction_participants_id_seq'::regclass);


--
-- Name: id; Type: DEFAULT; Schema: public; Owner: -
--

ALTER TABLE ONLY history_transaction_statuses ALTER COLUMN id SET DEFAULT nextval('history_transaction_statuses_id_seq'::regclass);


--
-- Data for Name: history_accounts; Type: TABLE DATA; Schema: public; Owner: -
--

COPY history_accounts (id, address) FROM stdin;
0	gspbxqXqEUZkiCCEFFCN9Vu4FLucdjLLdLcsV6E82Qc1T7ehsTC
12884905984	gsKuurNYgtBhTSFfsCaWqNb3Ze5Je9csKTSLfjo8Ko2b1f66ayZ
12884910080	gsPsm67nNK8HtwMedJZFki3jAEKgg1s4nRKrHREFqTzT6ErzBiq
12884914176	gqdUHrgHUp8uMb74HiQvYztze2ffLhVXpPwj7gEZiJRa4jhCXQ
\.


--
-- Data for Name: history_ledgers; Type: TABLE DATA; Schema: public; Owner: -
--

COPY history_ledgers (sequence, ledger_hash, previous_ledger_hash, transaction_count, operation_count, closed_at, created_at, updated_at, id) FROM stdin;
1	41310a0181a3a82ff13c049369504e978734cf17da1baf02f7e4d881e8608371	\N	0	0	1970-01-01 00:00:00	2015-05-14 16:41:11.127697	2015-05-14 16:41:11.127697	4294967296
2	ec8133618f42a377ffbe4cc1414bf35aaf3027874a29b7b20f722cbc75e3f873	41310a0181a3a82ff13c049369504e978734cf17da1baf02f7e4d881e8608371	0	0	2015-05-14 16:41:09	2015-05-14 16:41:11.137304	2015-05-14 16:41:11.137304	8589934592
3	2539b7935d8bee446e1e8aabc3356d7115320034a9247274051fb2c7152e9648	ec8133618f42a377ffbe4cc1414bf35aaf3027874a29b7b20f722cbc75e3f873	0	0	2015-05-14 16:41:10	2015-05-14 16:41:11.146435	2015-05-14 16:41:11.146435	12884901888
4	6d751d2b0b04a939e2018a5e378a52e6f39d114b3c717e5f1c007ec65655bde4	2539b7935d8bee446e1e8aabc3356d7115320034a9247274051fb2c7152e9648	0	0	2015-05-14 16:41:11	2015-05-14 16:41:11.201864	2015-05-14 16:41:11.201864	17179869184
5	9b7eff70b2e87847ffa795665c314a4d5d39a4f31ce19d0c3687a6a9c6b28b2d	6d751d2b0b04a939e2018a5e378a52e6f39d114b3c717e5f1c007ec65655bde4	0	0	2015-05-14 16:41:12	2015-05-14 16:41:11.22499	2015-05-14 16:41:11.22499	21474836480
6	9bf9729a7b81bbd74f58f4f49c48830f5f2e38ba50ea8d6a61b519e6f2ef9fd7	9b7eff70b2e87847ffa795665c314a4d5d39a4f31ce19d0c3687a6a9c6b28b2d	0	0	2015-05-14 16:41:13	2015-05-14 16:41:11.241208	2015-05-14 16:41:11.241208	25769803776
\.


--
-- Data for Name: history_operation_participants; Type: TABLE DATA; Schema: public; Owner: -
--

COPY history_operation_participants (id, history_operation_id, history_account_id) FROM stdin;
28	12884905984	0
29	12884905984	12884905984
30	12884910080	0
31	12884910080	12884910080
32	12884914176	0
33	12884914176	12884914176
34	17179873280	12884914176
35	17179877376	12884905984
36	21474840576	12884905984
37	21474840576	12884910080
38	25769807872	12884905984
39	25769807872	12884914176
\.


--
-- Name: history_operation_participants_id_seq; Type: SEQUENCE SET; Schema: public; Owner: -
--

SELECT pg_catalog.setval('history_operation_participants_id_seq', 39, true);


--
-- Data for Name: history_operations; Type: TABLE DATA; Schema: public; Owner: -
--

COPY history_operations (id, transaction_id, application_order, type, details) FROM stdin;
12884905984	12884905984	0	0	"funder"=>"gspbxqXqEUZkiCCEFFCN9Vu4FLucdjLLdLcsV6E82Qc1T7ehsTC", "account"=>"gsKuurNYgtBhTSFfsCaWqNb3Ze5Je9csKTSLfjo8Ko2b1f66ayZ", "starting_balance"=>"1000000000"
12884910080	12884910080	0	0	"funder"=>"gspbxqXqEUZkiCCEFFCN9Vu4FLucdjLLdLcsV6E82Qc1T7ehsTC", "account"=>"gsPsm67nNK8HtwMedJZFki3jAEKgg1s4nRKrHREFqTzT6ErzBiq", "starting_balance"=>"1000000000"
12884914176	12884914176	0	0	"funder"=>"gspbxqXqEUZkiCCEFFCN9Vu4FLucdjLLdLcsV6E82Qc1T7ehsTC", "account"=>"gqdUHrgHUp8uMb74HiQvYztze2ffLhVXpPwj7gEZiJRa4jhCXQ", "starting_balance"=>"1000000000"
17179873280	17179873280	0	5	\N
17179877376	17179877376	0	5	\N
21474840576	21474840576	0	1	"to"=>"gsKuurNYgtBhTSFfsCaWqNb3Ze5Je9csKTSLfjo8Ko2b1f66ayZ", "from"=>"gsPsm67nNK8HtwMedJZFki3jAEKgg1s4nRKrHREFqTzT6ErzBiq", "amount"=>"1000000000", "currency_code"=>"USD", "currency_issuer"=>"gsPsm67nNK8HtwMedJZFki3jAEKgg1s4nRKrHREFqTzT6ErzBiq"
25769807872	25769807872	0	1	"to"=>"gqdUHrgHUp8uMb74HiQvYztze2ffLhVXpPwj7gEZiJRa4jhCXQ", "from"=>"gsKuurNYgtBhTSFfsCaWqNb3Ze5Je9csKTSLfjo8Ko2b1f66ayZ", "amount"=>"500000000", "currency_code"=>"USD", "currency_issuer"=>"gsPsm67nNK8HtwMedJZFki3jAEKgg1s4nRKrHREFqTzT6ErzBiq"
\.


--
-- Data for Name: history_transaction_participants; Type: TABLE DATA; Schema: public; Owner: -
--

COPY history_transaction_participants (id, transaction_hash, account, created_at, updated_at) FROM stdin;
37	da3dae3d6baef2f56d53ff9fa4ddbc6cbda1ac798f0faa7de8edac9597c1dc0c	gsKuurNYgtBhTSFfsCaWqNb3Ze5Je9csKTSLfjo8Ko2b1f66ayZ	2015-05-14 16:41:11.151796	2015-05-14 16:41:11.151796
38	da3dae3d6baef2f56d53ff9fa4ddbc6cbda1ac798f0faa7de8edac9597c1dc0c	gspbxqXqEUZkiCCEFFCN9Vu4FLucdjLLdLcsV6E82Qc1T7ehsTC	2015-05-14 16:41:11.153284	2015-05-14 16:41:11.153284
39	0c4dd3666ec5e7ab0a9d1134aecb83a0187a7e6ab6b54a8bbe35c3673f5bbe6e	gsPsm67nNK8HtwMedJZFki3jAEKgg1s4nRKrHREFqTzT6ErzBiq	2015-05-14 16:41:11.166203	2015-05-14 16:41:11.166203
40	0c4dd3666ec5e7ab0a9d1134aecb83a0187a7e6ab6b54a8bbe35c3673f5bbe6e	gspbxqXqEUZkiCCEFFCN9Vu4FLucdjLLdLcsV6E82Qc1T7ehsTC	2015-05-14 16:41:11.167195	2015-05-14 16:41:11.167195
41	0971ddff00734a3b5741023c6200502e887419d57032c76cacb89d9d9860e54a	gqdUHrgHUp8uMb74HiQvYztze2ffLhVXpPwj7gEZiJRa4jhCXQ	2015-05-14 16:41:11.177738	2015-05-14 16:41:11.177738
42	0971ddff00734a3b5741023c6200502e887419d57032c76cacb89d9d9860e54a	gspbxqXqEUZkiCCEFFCN9Vu4FLucdjLLdLcsV6E82Qc1T7ehsTC	2015-05-14 16:41:11.178713	2015-05-14 16:41:11.178713
43	dcaf1b8d58bd76167154c04ad0c310b3d919a255f4b476c8bb7ee762c5d3e3c2	gqdUHrgHUp8uMb74HiQvYztze2ffLhVXpPwj7gEZiJRa4jhCXQ	2015-05-14 16:41:11.206299	2015-05-14 16:41:11.206299
44	87a445ed06c79066dbb7bc3590271091008a859f1a89ac16df336f8a3695922f	gsKuurNYgtBhTSFfsCaWqNb3Ze5Je9csKTSLfjo8Ko2b1f66ayZ	2015-05-14 16:41:11.21336	2015-05-14 16:41:11.21336
45	dc94538a35e5b30387324ce287fc96946c1a010c4ae252dad5ed1c7bec88916f	gsPsm67nNK8HtwMedJZFki3jAEKgg1s4nRKrHREFqTzT6ErzBiq	2015-05-14 16:41:11.229002	2015-05-14 16:41:11.229002
46	e98e01a48170dfcd29a7f17c7021dd3fcbdbff2f15dbc89196a07798bec8e833	gsKuurNYgtBhTSFfsCaWqNb3Ze5Je9csKTSLfjo8Ko2b1f66ayZ	2015-05-14 16:41:11.245281	2015-05-14 16:41:11.245281
\.


--
-- Name: history_transaction_participants_id_seq; Type: SEQUENCE SET; Schema: public; Owner: -
--

SELECT pg_catalog.setval('history_transaction_participants_id_seq', 46, true);


--
-- Data for Name: history_transaction_statuses; Type: TABLE DATA; Schema: public; Owner: -
--

COPY history_transaction_statuses (id, result_code_s, result_code) FROM stdin;
\.


--
-- Name: history_transaction_statuses_id_seq; Type: SEQUENCE SET; Schema: public; Owner: -
--

SELECT pg_catalog.setval('history_transaction_statuses_id_seq', 1, false);


--
-- Data for Name: history_transactions; Type: TABLE DATA; Schema: public; Owner: -
--

COPY history_transactions (transaction_hash, ledger_sequence, application_order, account, account_sequence, max_fee, fee_paid, operation_count, transaction_status_id, created_at, updated_at, id) FROM stdin;
da3dae3d6baef2f56d53ff9fa4ddbc6cbda1ac798f0faa7de8edac9597c1dc0c	3	1	gspbxqXqEUZkiCCEFFCN9Vu4FLucdjLLdLcsV6E82Qc1T7ehsTC	1	10	10	1	-1	2015-05-14 16:41:11.149684	2015-05-14 16:41:11.149684	12884905984
0c4dd3666ec5e7ab0a9d1134aecb83a0187a7e6ab6b54a8bbe35c3673f5bbe6e	3	2	gspbxqXqEUZkiCCEFFCN9Vu4FLucdjLLdLcsV6E82Qc1T7ehsTC	2	10	10	1	-1	2015-05-14 16:41:11.164153	2015-05-14 16:41:11.164153	12884910080
0971ddff00734a3b5741023c6200502e887419d57032c76cacb89d9d9860e54a	3	3	gspbxqXqEUZkiCCEFFCN9Vu4FLucdjLLdLcsV6E82Qc1T7ehsTC	3	10	10	1	-1	2015-05-14 16:41:11.176059	2015-05-14 16:41:11.176059	12884914176
dcaf1b8d58bd76167154c04ad0c310b3d919a255f4b476c8bb7ee762c5d3e3c2	4	1	gqdUHrgHUp8uMb74HiQvYztze2ffLhVXpPwj7gEZiJRa4jhCXQ	12884901889	10	10	1	-1	2015-05-14 16:41:11.204835	2015-05-14 16:41:11.204835	17179873280
87a445ed06c79066dbb7bc3590271091008a859f1a89ac16df336f8a3695922f	4	2	gsKuurNYgtBhTSFfsCaWqNb3Ze5Je9csKTSLfjo8Ko2b1f66ayZ	12884901889	10	10	1	-1	2015-05-14 16:41:11.211925	2015-05-14 16:41:11.211925	17179877376
dc94538a35e5b30387324ce287fc96946c1a010c4ae252dad5ed1c7bec88916f	5	1	gsPsm67nNK8HtwMedJZFki3jAEKgg1s4nRKrHREFqTzT6ErzBiq	12884901889	10	10	1	-1	2015-05-14 16:41:11.227623	2015-05-14 16:41:11.227623	21474840576
e98e01a48170dfcd29a7f17c7021dd3fcbdbff2f15dbc89196a07798bec8e833	6	1	gsKuurNYgtBhTSFfsCaWqNb3Ze5Je9csKTSLfjo8Ko2b1f66ayZ	12884901890	10	10	1	-1	2015-05-14 16:41:11.243864	2015-05-14 16:41:11.243864	25769807872
\.


--
-- Data for Name: schema_migrations; Type: TABLE DATA; Schema: public; Owner: -
--

COPY schema_migrations (version) FROM stdin;
20150508215546
20150310224849
20150313225945
20150313225955
20150501160031
20150508003829
20150508175821
20150508183542
\.


--
-- Name: history_operation_participants_pkey; Type: CONSTRAINT; Schema: public; Owner: -; Tablespace: 
--

ALTER TABLE ONLY history_operation_participants
    ADD CONSTRAINT history_operation_participants_pkey PRIMARY KEY (id);


--
-- Name: history_transaction_participants_pkey; Type: CONSTRAINT; Schema: public; Owner: -; Tablespace: 
--

ALTER TABLE ONLY history_transaction_participants
    ADD CONSTRAINT history_transaction_participants_pkey PRIMARY KEY (id);


--
-- Name: history_transaction_statuses_pkey; Type: CONSTRAINT; Schema: public; Owner: -; Tablespace: 
--

ALTER TABLE ONLY history_transaction_statuses
    ADD CONSTRAINT history_transaction_statuses_pkey PRIMARY KEY (id);


--
-- Name: by_account; Type: INDEX; Schema: public; Owner: -; Tablespace: 
--

CREATE INDEX by_account ON history_transactions USING btree (account, account_sequence);


--
-- Name: by_hash; Type: INDEX; Schema: public; Owner: -; Tablespace: 
--

CREATE INDEX by_hash ON history_transactions USING btree (transaction_hash);


--
-- Name: by_ledger; Type: INDEX; Schema: public; Owner: -; Tablespace: 
--

CREATE INDEX by_ledger ON history_transactions USING btree (ledger_sequence, application_order);


--
-- Name: by_status; Type: INDEX; Schema: public; Owner: -; Tablespace: 
--

CREATE INDEX by_status ON history_transactions USING btree (transaction_status_id);


--
-- Name: hist_op_p_id; Type: INDEX; Schema: public; Owner: -; Tablespace: 
--

CREATE UNIQUE INDEX hist_op_p_id ON history_operation_participants USING btree (history_account_id, history_operation_id);


--
-- Name: hs_ledger_by_id; Type: INDEX; Schema: public; Owner: -; Tablespace: 
--

CREATE UNIQUE INDEX hs_ledger_by_id ON history_ledgers USING btree (id);


--
-- Name: hs_transaction_by_id; Type: INDEX; Schema: public; Owner: -; Tablespace: 
--

CREATE UNIQUE INDEX hs_transaction_by_id ON history_transactions USING btree (id);


--
-- Name: index_history_accounts_on_id; Type: INDEX; Schema: public; Owner: -; Tablespace: 
--

CREATE UNIQUE INDEX index_history_accounts_on_id ON history_accounts USING btree (id);


--
-- Name: index_history_ledgers_on_closed_at; Type: INDEX; Schema: public; Owner: -; Tablespace: 
--

CREATE INDEX index_history_ledgers_on_closed_at ON history_ledgers USING btree (closed_at);


--
-- Name: index_history_ledgers_on_ledger_hash; Type: INDEX; Schema: public; Owner: -; Tablespace: 
--

CREATE UNIQUE INDEX index_history_ledgers_on_ledger_hash ON history_ledgers USING btree (ledger_hash);


--
-- Name: index_history_ledgers_on_previous_ledger_hash; Type: INDEX; Schema: public; Owner: -; Tablespace: 
--

CREATE UNIQUE INDEX index_history_ledgers_on_previous_ledger_hash ON history_ledgers USING btree (previous_ledger_hash);


--
-- Name: index_history_ledgers_on_sequence; Type: INDEX; Schema: public; Owner: -; Tablespace: 
--

CREATE UNIQUE INDEX index_history_ledgers_on_sequence ON history_ledgers USING btree (sequence);


--
-- Name: index_history_operations_on_id; Type: INDEX; Schema: public; Owner: -; Tablespace: 
--

CREATE UNIQUE INDEX index_history_operations_on_id ON history_operations USING btree (id);


--
-- Name: index_history_operations_on_transaction_id; Type: INDEX; Schema: public; Owner: -; Tablespace: 
--

CREATE INDEX index_history_operations_on_transaction_id ON history_operations USING btree (transaction_id);


--
-- Name: index_history_operations_on_type; Type: INDEX; Schema: public; Owner: -; Tablespace: 
--

CREATE INDEX index_history_operations_on_type ON history_operations USING btree (type);


--
-- Name: index_history_transaction_participants_on_account; Type: INDEX; Schema: public; Owner: -; Tablespace: 
--

CREATE INDEX index_history_transaction_participants_on_account ON history_transaction_participants USING btree (account);


--
-- Name: index_history_transaction_participants_on_transaction_hash; Type: INDEX; Schema: public; Owner: -; Tablespace: 
--

CREATE INDEX index_history_transaction_participants_on_transaction_hash ON history_transaction_participants USING btree (transaction_hash);


--
-- Name: index_history_transaction_statuses_lc_on_all; Type: INDEX; Schema: public; Owner: -; Tablespace: 
--

CREATE UNIQUE INDEX index_history_transaction_statuses_lc_on_all ON history_transaction_statuses USING btree (id, result_code, result_code_s);


--
-- Name: unique_schema_migrations; Type: INDEX; Schema: public; Owner: -; Tablespace: 
--

CREATE UNIQUE INDEX unique_schema_migrations ON schema_migrations USING btree (version);


--
-- Name: public; Type: ACL; Schema: -; Owner: -
--

REVOKE ALL ON SCHEMA public FROM PUBLIC;
REVOKE ALL ON SCHEMA public FROM nullstyle;
GRANT ALL ON SCHEMA public TO nullstyle;
GRANT ALL ON SCHEMA public TO PUBLIC;


--
-- PostgreSQL database dump complete
--

