--
-- PostgreSQL database dump
--

SET statement_timeout = 0;
SET lock_timeout = 0;
SET client_encoding = 'UTF8';
SET standard_conforming_strings = on;
SET check_function_bodies = false;
SET client_min_messages = warning;

SET search_path = public, pg_catalog;

DROP INDEX public.signersaccount;
DROP INDEX public.priceindex;
DROP INDEX public.paysissuerindex;
DROP INDEX public.ledgersbyseq;
DROP INDEX public.getsissuerindex;
DROP INDEX public.accountlines;
DROP INDEX public.accountbalances;
ALTER TABLE ONLY public.txhistory DROP CONSTRAINT txhistory_pkey;
ALTER TABLE ONLY public.txhistory DROP CONSTRAINT txhistory_ledgerseq_txindex_key;
ALTER TABLE ONLY public.trustlines DROP CONSTRAINT trustlines_pkey;
ALTER TABLE ONLY public.storestate DROP CONSTRAINT storestate_pkey;
ALTER TABLE ONLY public.signers DROP CONSTRAINT signers_pkey;
ALTER TABLE ONLY public.peers DROP CONSTRAINT peers_pkey;
ALTER TABLE ONLY public.offers DROP CONSTRAINT offers_pkey;
ALTER TABLE ONLY public.ledgerheaders DROP CONSTRAINT ledgerheaders_pkey;
ALTER TABLE ONLY public.ledgerheaders DROP CONSTRAINT ledgerheaders_ledgerseq_key;
ALTER TABLE ONLY public.accounts DROP CONSTRAINT accounts_pkey;
DROP TABLE public.txhistory;
DROP TABLE public.trustlines;
DROP TABLE public.storestate;
DROP TABLE public.signers;
DROP TABLE public.peers;
DROP TABLE public.offers;
DROP TABLE public.ledgerheaders;
DROP TABLE public.accounts;
DROP EXTENSION plpgsql;
DROP SCHEMA public;
--
-- Name: public; Type: SCHEMA; Schema: -; Owner: -
--

CREATE SCHEMA public;


--
-- Name: SCHEMA public; Type: COMMENT; Schema: -; Owner: -
--

COMMENT ON SCHEMA public IS 'standard public schema';


--
-- Name: plpgsql; Type: EXTENSION; Schema: -; Owner: -
--

CREATE EXTENSION IF NOT EXISTS plpgsql WITH SCHEMA pg_catalog;


--
-- Name: EXTENSION plpgsql; Type: COMMENT; Schema: -; Owner: -
--

COMMENT ON EXTENSION plpgsql IS 'PL/pgSQL procedural language';


SET search_path = public, pg_catalog;

SET default_tablespace = '';

SET default_with_oids = false;

--
-- Name: accounts; Type: TABLE; Schema: public; Owner: -; Tablespace: 
--

CREATE TABLE accounts (
    accountid character varying(51) NOT NULL,
    balance bigint NOT NULL,
    seqnum bigint NOT NULL,
    numsubentries integer NOT NULL,
    inflationdest character varying(51),
    homedomain character varying(32),
    thresholds text,
    flags integer NOT NULL,
    CONSTRAINT accounts_balance_check CHECK ((balance >= 0)),
    CONSTRAINT accounts_numsubentries_check CHECK ((numsubentries >= 0))
);


--
-- Name: ledgerheaders; Type: TABLE; Schema: public; Owner: -; Tablespace: 
--

CREATE TABLE ledgerheaders (
    ledgerhash character(64) NOT NULL,
    prevhash character(64) NOT NULL,
    bucketlisthash character(64) NOT NULL,
    ledgerseq integer,
    closetime bigint NOT NULL,
    data text NOT NULL,
    CONSTRAINT ledgerheaders_closetime_check CHECK ((closetime >= 0)),
    CONSTRAINT ledgerheaders_ledgerseq_check CHECK ((ledgerseq >= 0))
);


--
-- Name: offers; Type: TABLE; Schema: public; Owner: -; Tablespace: 
--

CREATE TABLE offers (
    accountid character varying(51) NOT NULL,
    offerid bigint NOT NULL,
    paysalphanumcurrency character varying(4),
    paysissuer character varying(51),
    getsalphanumcurrency character varying(4),
    getsissuer character varying(51),
    amount bigint NOT NULL,
    pricen integer NOT NULL,
    priced integer NOT NULL,
    price bigint NOT NULL,
    flags integer NOT NULL,
    CONSTRAINT offers_amount_check CHECK ((amount >= 0)),
    CONSTRAINT offers_offerid_check CHECK ((offerid >= 0))
);


--
-- Name: peers; Type: TABLE; Schema: public; Owner: -; Tablespace: 
--

CREATE TABLE peers (
    ip character varying(15) NOT NULL,
    port integer DEFAULT 0 NOT NULL,
    nextattempt timestamp without time zone NOT NULL,
    numfailures integer DEFAULT 0 NOT NULL,
    rank integer DEFAULT 0 NOT NULL,
    CONSTRAINT peers_numfailures_check CHECK ((numfailures >= 0)),
    CONSTRAINT peers_port_check CHECK (((port > 0) AND (port <= 65535))),
    CONSTRAINT peers_rank_check CHECK ((rank >= 0))
);


--
-- Name: signers; Type: TABLE; Schema: public; Owner: -; Tablespace: 
--

CREATE TABLE signers (
    accountid character varying(51) NOT NULL,
    publickey character varying(51) NOT NULL,
    weight integer NOT NULL
);


--
-- Name: storestate; Type: TABLE; Schema: public; Owner: -; Tablespace: 
--

CREATE TABLE storestate (
    statename character(32) NOT NULL,
    state text
);


--
-- Name: trustlines; Type: TABLE; Schema: public; Owner: -; Tablespace: 
--

CREATE TABLE trustlines (
    accountid character varying(51) NOT NULL,
    issuer character varying(51) NOT NULL,
    alphanumcurrency character varying(4) NOT NULL,
    tlimit bigint DEFAULT 0 NOT NULL,
    balance bigint DEFAULT 0 NOT NULL,
    flags integer NOT NULL,
    CONSTRAINT trustlines_balance_check CHECK ((balance >= 0)),
    CONSTRAINT trustlines_tlimit_check CHECK ((tlimit >= 0))
);


--
-- Name: txhistory; Type: TABLE; Schema: public; Owner: -; Tablespace: 
--

CREATE TABLE txhistory (
    txid character(64) NOT NULL,
    ledgerseq integer NOT NULL,
    txindex integer NOT NULL,
    txbody text NOT NULL,
    txresult text NOT NULL,
    txmeta text NOT NULL,
    CONSTRAINT txhistory_ledgerseq_check CHECK ((ledgerseq >= 0))
);


--
-- Data for Name: accounts; Type: TABLE DATA; Schema: public; Owner: -
--

COPY accounts (accountid, balance, seqnum, numsubentries, inflationdest, homedomain, thresholds, flags) FROM stdin;
gspbxqXqEUZkiCCEFFCN9Vu4FLucdjLLdLcsV6E82Qc1T7ehsTC	99999995999999960	4	0	\N		01000000	0
g5rZSvzt7GarvaFbE8qurHfrRGr4rFrqBTsDzkA7dCKf619Hjw	999999990	12884901889	0	\N		01000000	0
gsJY1dWBb89cC9Vk7Ad69Qc4YQoe5vXsUThFoq8jE2R5RXFCGUD	999999990	12884901889	0	\N		01000000	0
gHnJZDwXAHNYxHBkv1x5iGy2kqYkyRXqmSxdAZyuydzrTgGiwm	999999950	12884901893	5	\N		01000000	0
gZdw35byFspxLHeLAGBq8r1hYrUWVaSe3jrBnEgUq1Ai8C59ec	999999960	12884901892	3	\N		01000000	0
\.


--
-- Data for Name: ledgerheaders; Type: TABLE DATA; Schema: public; Owner: -
--

COPY ledgerheaders (ledgerhash, prevhash, bucketlisthash, ledgerseq, closetime, data) FROM stdin;
a9d12414d405652b752ce4425d3d94e7996a07a52228a58d7bf3bd35dd50eb46	0000000000000000000000000000000000000000000000000000000000000000	e71064e28d0740ac27cf07b267200ea9b8916ad1242195c015fa3012086588d3	1	0	AAAAAAAAAAAAAAAAAAAAAAAAAAAAAAAAAAAAAAAAAAAAAAAAAAAAAAAAAAAAAAAAAAAAAAAAAAAAAAAAAAAAAAAAAAAAAAAAAAAAAAAAAAAAAAAAAAAAAAAAAAAAAAAA5xBk4o0HQKwnzweyZyAOqbiRatEkIZXAFfowEghliNMAAAABAAAAAAAAAAABY0V4XYoAAAAAAAAAAAAAAAAAAAAAAAAAAAAAAAAACgCYloAAAAAAAAAAAAAAAAAAAAAAAAAAAAAAAAAAAAAAAAAAAAAAAAAAAAAAAAAAAAAAAAAAAAAAAAAAAAAAAAAAAAAAAAAAAAAAAAAAAAAAAAAAAAAAAAAAAAAAAAAAAAAAAAAAAAAAAAAAAAAAAAAAAAAAAAAAAAAAAAAAAAAAAAAAAA==
e0b69b1b944a45e19fca7c989b07ef51c28d22dd412dd6100f0e79526c4acba3	a9d12414d405652b752ce4425d3d94e7996a07a52228a58d7bf3bd35dd50eb46	24128cf784e4c94f58a5a72a5036a54e82b2e37c1b1b327bd8af8ab48684abf6	2	1433892094	qdEkFNQFZSt1LORCXT2U55lqB6UiKKWNe/O9Nd1Q60bWGQFaFjFEkPZuQGDTJ8o1Qnt8FuQMpJZu40ekvFPjPOOwxEKY/BwUmvv0yJlvuSQnrkHkZJuTTKSVmRt4UrhVJBKM94TkyU9YpacqUDalToKy43wbGzJ72K+KtIaEq/YAAAACAAAAAFV3dP4BY0V4XYoAAAAAAAAAAAAAAAAAAAAAAAAAAAAAAAAACgCYloAAAAAAAAAAAAAAAAAAAAAAAAAAAAAAAAAAAAAAAAAAAAAAAAAAAAAAAAAAAAAAAAAAAAAAAAAAAAAAAAAAAAAAAAAAAAAAAAAAAAAAAAAAAAAAAAAAAAAAAAAAAAAAAAAAAAAAAAAAAAAAAAAAAAAAAAAAAAAAAAAAAAAAAAAAAA==
099f758e22986d49bb78d93381efd50b11f5870d767174eb780a75b0421b30ca	e0b69b1b944a45e19fca7c989b07ef51c28d22dd412dd6100f0e79526c4acba3	2e2dc3162c8e0e6915c6ca17727afd8cd4fb689a2b9b86cbcc972544d3b4b648	3	1433892095	4LabG5RKReGfynyYmwfvUcKNIt1BLdYQDw55UmxKy6NPEhBfJ1ZzA+6StSMK3God1XQ5MEBqDRbOzSy8x/3lEhFpqjk+nrCWvBi8ijCu6ZWKfYqz/lm4yCoSFvSps6GkLi3DFiyODmkVxsoXcnr9jNT7aJorm4bLzJclRNO0tkgAAAADAAAAAFV3dP8BY0V4XYoAAAAAAAAAAAAoAAAAAAAAAAAAAAAAAAAACgCYloAAAAAAAAAAAAAAAAAAAAAAAAAAAAAAAAAAAAAAAAAAAAAAAAAAAAAAAAAAAAAAAAAAAAAAAAAAAAAAAAAAAAAAAAAAAAAAAAAAAAAAAAAAAAAAAAAAAAAAAAAAAAAAAAAAAAAAAAAAAAAAAAAAAAAAAAAAAAAAAAAAAAAAAAAAAA==
783db0367bbbb16b8e5b6820c6d08bf59d1379267b71a4266c52e3a1762a0427	099f758e22986d49bb78d93381efd50b11f5870d767174eb780a75b0421b30ca	1995f43aea4008194f4c51736580a3f26b51ec63ae17e2babbe177e540bc2cbd	4	1433892096	CZ91jiKYbUm7eNkzge/VCxH1hw12cXTreAp1sEIbMMr76q8JuBOr1FMs7Cn5XOQFeH5wvJdYDkL19YH87yiLFh3nVoKepPPIu/L8Bvj27a+OPeOuDhHZkob+qU3g2A6VGZX0OupACBlPTFFzZYCj8mtR7GOuF+K6u+F35UC8LL0AAAAEAAAAAFV3dQABY0V4XYoAAAAAAAAAAABQAAAAAAAAAAAAAAAAAAAACgCYloAAAAAAAAAAAAAAAAAAAAAAAAAAAAAAAAAAAAAAAAAAAAAAAAAAAAAAAAAAAAAAAAAAAAAAAAAAAAAAAAAAAAAAAAAAAAAAAAAAAAAAAAAAAAAAAAAAAAAAAAAAAAAAAAAAAAAAAAAAAAAAAAAAAAAAAAAAAAAAAAAAAAAAAAAAAA==
6c83bb9a674f522d69cd0f14c1ec438e4d9d7b72a57cbb7b442fac5de001b54b	783db0367bbbb16b8e5b6820c6d08bf59d1379267b71a4266c52e3a1762a0427	8f86007ad4568f15866d0214814c18ba062c581ab8f8bc910f9fa9b3b3f13402	5	1433892097	eD2wNnu7sWuOW2ggxtCL9Z0TeSZ7caQmbFLjoXYqBCebyKjEQIydKZurDzIU2K6Tb7GJWxgYtNxV0W5wVS6HpIjrJ1IMEizyMRH1eFizobYjWh4y7nraOqsb1NalU1LGj4YAetRWjxWGbQIUgUwYugYsWBq4+LyRD5+ps7PxNAIAAAAFAAAAAFV3dQEBY0V4XYoAAAAAAAAAAABkAAAAAAAAAAAAAAAAAAAACgCYloAAAAAAAAAAAAAAAAAAAAAAAAAAAAAAAAAAAAAAAAAAAAAAAAAAAAAAAAAAAAAAAAAAAAAAAAAAAAAAAAAAAAAAAAAAAAAAAAAAAAAAAAAAAAAAAAAAAAAAAAAAAAAAAAAAAAAAAAAAAAAAAAAAAAAAAAAAAAAAAAAAAAAAAAAAAA==
8fbe278e24b27d08b98123601d173e90c71bf65c2fd50cf7f367e5eb4c5cb193	6c83bb9a674f522d69cd0f14c1ec438e4d9d7b72a57cbb7b442fac5de001b54b	eb796e876f07d330a08ce021394d24b9794066b81e1e99ea5c8281e486f4c187	6	1433892098	bIO7mmdPUi1pzQ8UwexDjk2de3KlfLt7RC+sXeABtUvKkReyWgkiyl4O7lmSZfCXK/5nxJenfQcKE2b4PGzAwGnexSJ5d1g2MOWZeITBEIGymCmCCXrUg60vCat85M7k63luh28H0zCgjOAhOU0kuXlAZrgeHpnqXIKB5Ib0wYcAAAAGAAAAAFV3dQIBY0V4XYoAAAAAAAAAAACCAAAAAAAAAAAAAAADAAAACgCYloAAAAAAAAAAAAAAAAAAAAAAAAAAAAAAAAAAAAAAAAAAAAAAAAAAAAAAAAAAAAAAAAAAAAAAAAAAAAAAAAAAAAAAAAAAAAAAAAAAAAAAAAAAAAAAAAAAAAAAAAAAAAAAAAAAAAAAAAAAAAAAAAAAAAAAAAAAAAAAAAAAAAAAAAAAAA==
6bf73dbe57b658ed67403fae2452763b2d85a605fd4a032aaa6d8c311e496cdf	8fbe278e24b27d08b98123601d173e90c71bf65c2fd50cf7f367e5eb4c5cb193	2299f724d0d494a9cdca55a0db85b6cf4621a51fc85d1e2d3b2b98eb12c161d0	7	1433892099	j74njiSyfQi5gSNgHRc+kMcb9lwv1Qz382fl60xcsZP2KTPZr08yymCWdyInGFy/KsmU4Whtx6Nax8OZmLoUSf2MfxGgopFQJH7Y1IAvKk5rSOZjQvFXoLsLR+G/kZ/pIpn3JNDUlKnNylWg24W2z0YhpR/IXR4tOyuY6xLBYdAAAAAHAAAAAFV3dQMBY0V4XYoAAAAAAAAAAACWAAAAAAAAAAAAAAAEAAAACgCYloAAAAAAAAAAAAAAAAAAAAAAAAAAAAAAAAAAAAAAAAAAAAAAAAAAAAAAAAAAAAAAAAAAAAAAAAAAAAAAAAAAAAAAAAAAAAAAAAAAAAAAAAAAAAAAAAAAAAAAAAAAAAAAAAAAAAAAAAAAAAAAAAAAAAAAAAAAAAAAAAAAAAAAAAAAAA==
\.


--
-- Data for Name: offers; Type: TABLE DATA; Schema: public; Owner: -
--

COPY offers (accountid, offerid, paysalphanumcurrency, paysissuer, getsalphanumcurrency, getsissuer, amount, pricen, priced, price, flags) FROM stdin;
gHnJZDwXAHNYxHBkv1x5iGy2kqYkyRXqmSxdAZyuydzrTgGiwm	2	USD	g5rZSvzt7GarvaFbE8qurHfrRGr4rFrqBTsDzkA7dCKf619Hjw	EUR	gsJY1dWBb89cC9Vk7Ad69Qc4YQoe5vXsUThFoq8jE2R5RXFCGUD	1111111111	10	9	11111111	0
gHnJZDwXAHNYxHBkv1x5iGy2kqYkyRXqmSxdAZyuydzrTgGiwm	3	USD	g5rZSvzt7GarvaFbE8qurHfrRGr4rFrqBTsDzkA7dCKf619Hjw	EUR	gsJY1dWBb89cC9Vk7Ad69Qc4YQoe5vXsUThFoq8jE2R5RXFCGUD	1250000000	5	4	12500000	0
gHnJZDwXAHNYxHBkv1x5iGy2kqYkyRXqmSxdAZyuydzrTgGiwm	1	USD	g5rZSvzt7GarvaFbE8qurHfrRGr4rFrqBTsDzkA7dCKf619Hjw	EUR	gsJY1dWBb89cC9Vk7Ad69Qc4YQoe5vXsUThFoq8jE2R5RXFCGUD	500000000	1	1	10000000	0
gZdw35byFspxLHeLAGBq8r1hYrUWVaSe3jrBnEgUq1Ai8C59ec	4	\N	\N	USD	g5rZSvzt7GarvaFbE8qurHfrRGr4rFrqBTsDzkA7dCKf619Hjw	500000000	1	1	10000000	0
\.


--
-- Data for Name: peers; Type: TABLE DATA; Schema: public; Owner: -
--

COPY peers (ip, port, nextattempt, numfailures, rank) FROM stdin;
\.


--
-- Data for Name: signers; Type: TABLE DATA; Schema: public; Owner: -
--

COPY signers (accountid, publickey, weight) FROM stdin;
\.


--
-- Data for Name: storestate; Type: TABLE DATA; Schema: public; Owner: -
--

COPY storestate (statename, state) FROM stdin;
databaseinitialized             	true
forcescponnextlaunch            	false
lastclosedledger                	6bf73dbe57b658ed67403fae2452763b2d85a605fd4a032aaa6d8c311e496cdf
historyarchivestate             	{\n    "version": 0,\n    "currentLedger": 7,\n    "currentBuckets": [\n        {\n            "curr": "9b85778d4be8295ffc0967a7861685139be7fdc61f6e6ab710b0a2e5342d5371",\n            "next": {\n                "state": 0\n            },\n            "snap": "5de7b01ac0876a689a3dc43f61d6974a5a47f83f7881f8f8636404e41762dacc"\n        },\n        {\n            "curr": "e8f009cce3372be255f131a304642a5ccb4cbb77235ec60396dd388f563fbf26",\n            "next": {\n                "state": 1,\n                "output": "5de7b01ac0876a689a3dc43f61d6974a5a47f83f7881f8f8636404e41762dacc"\n            },\n            "snap": "0000000000000000000000000000000000000000000000000000000000000000"\n        },\n        {\n            "curr": "0000000000000000000000000000000000000000000000000000000000000000",\n            "next": {\n                "state": 0\n            },\n            "snap": "0000000000000000000000000000000000000000000000000000000000000000"\n        },\n        {\n            "curr": "0000000000000000000000000000000000000000000000000000000000000000",\n            "next": {\n                "state": 0\n            },\n            "snap": "0000000000000000000000000000000000000000000000000000000000000000"\n        },\n        {\n            "curr": "0000000000000000000000000000000000000000000000000000000000000000",\n            "next": {\n                "state": 0\n            },\n            "snap": "0000000000000000000000000000000000000000000000000000000000000000"\n        },\n        {\n            "curr": "0000000000000000000000000000000000000000000000000000000000000000",\n            "next": {\n                "state": 0\n            },\n            "snap": "0000000000000000000000000000000000000000000000000000000000000000"\n        },\n        {\n            "curr": "0000000000000000000000000000000000000000000000000000000000000000",\n            "next": {\n                "state": 0\n            },\n            "snap": "0000000000000000000000000000000000000000000000000000000000000000"\n        },\n        {\n            "curr": "0000000000000000000000000000000000000000000000000000000000000000",\n            "next": {\n                "state": 0\n            },\n            "snap": "0000000000000000000000000000000000000000000000000000000000000000"\n        },\n        {\n            "curr": "0000000000000000000000000000000000000000000000000000000000000000",\n            "next": {\n                "state": 0\n            },\n            "snap": "0000000000000000000000000000000000000000000000000000000000000000"\n        },\n        {\n            "curr": "0000000000000000000000000000000000000000000000000000000000000000",\n            "next": {\n                "state": 0\n            },\n            "snap": "0000000000000000000000000000000000000000000000000000000000000000"\n        },\n        {\n            "curr": "0000000000000000000000000000000000000000000000000000000000000000",\n            "next": {\n                "state": 0\n            },\n            "snap": "0000000000000000000000000000000000000000000000000000000000000000"\n        }\n    ]\n}
\.


--
-- Data for Name: trustlines; Type: TABLE DATA; Schema: public; Owner: -
--

COPY trustlines (accountid, issuer, alphanumcurrency, tlimit, balance, flags) FROM stdin;
gHnJZDwXAHNYxHBkv1x5iGy2kqYkyRXqmSxdAZyuydzrTgGiwm	g5rZSvzt7GarvaFbE8qurHfrRGr4rFrqBTsDzkA7dCKf619Hjw	USD	9223372036854775807	500000000	1
gHnJZDwXAHNYxHBkv1x5iGy2kqYkyRXqmSxdAZyuydzrTgGiwm	gsJY1dWBb89cC9Vk7Ad69Qc4YQoe5vXsUThFoq8jE2R5RXFCGUD	EUR	9223372036854775807	4500000000	1
gZdw35byFspxLHeLAGBq8r1hYrUWVaSe3jrBnEgUq1Ai8C59ec	gsJY1dWBb89cC9Vk7Ad69Qc4YQoe5vXsUThFoq8jE2R5RXFCGUD	EUR	9223372036854775807	500000000	1
gZdw35byFspxLHeLAGBq8r1hYrUWVaSe3jrBnEgUq1Ai8C59ec	g5rZSvzt7GarvaFbE8qurHfrRGr4rFrqBTsDzkA7dCKf619Hjw	USD	9223372036854775807	4500000000	1
\.


--
-- Data for Name: txhistory; Type: TABLE DATA; Schema: public; Owner: -
--

COPY txhistory (txid, ledgerseq, txindex, txbody, txresult, txmeta) FROM stdin;
8970cbcb8446206c1aace7d86015e2c5590e592284896af51e17e4532b4651d0	3	1	iZsoQO1WNsVt3F8Usjl1958bojiNJpTkxW7N3clg5e8AAAAKAAAAAAAAAAEAAAAAAAAAAAAAAAEAAAAAAAAAAEoTT3MQRe793steziLSia1uj8TYU83D7rzfYmbgaYMSAAAAADuaygAAAAABiZsoQJM3Jj6RFhOjCRm5QV03WV63RnlT6wFKZ4bsXNB9bJEh1h+mDwAeHpG24MxBXA6jcXbtKx+vC0Z7CJx2rSwcqA8=	iXDLy4RGIGwarOfYYBXixVkOWSKEiWr1HhfkUytGUdAAAAAAAAAACgAAAAAAAAABAAAAAAAAAAAAAAAA	AAAAAgAAAAAAAAAAShNPcxBF7v3ey17OItKJrW6PxNhTzcPuvN9iZuBpgxIAAAAAO5rKAAAAAAMAAAAAAAAAAAAAAAAAAAAAAQAAAAAAAAAAAAAAAAAAAQAAAACJmyhA7VY2xW3cXxSyOXX3nxuiOI0mlOTFbs3dyWDl7wFjRXgh7zX2AAAAAAAAAAEAAAAAAAAAAAAAAAABAAAAAAAAAAAAAAA=
76fd495fadf894aaf76bb585d3f21311a6fb9d49dc76a0cb1a1dbae975317750	3	2	iZsoQO1WNsVt3F8Usjl1958bojiNJpTkxW7N3clg5e8AAAAKAAAAAAAAAAIAAAAAAAAAAAAAAAEAAAAAAAAAACR/lzxOCF0OwN27PmfnCt/UNwNxCXhTRvsjtna/jxbgAAAAADuaygAAAAABiZsoQC3GmzOZyzBf0qZ7534HHv+Gk/z6c0f4Du6SHu3t6n+++v9w1+s4iLfqF/k+Y+pR10Y37V0BN6CDCueHvFp5ggE=	dv1JX634lKr3a7WF0/ITEab7nUncdqDLGh266XUxd1AAAAAAAAAACgAAAAAAAAABAAAAAAAAAAAAAAAA	AAAAAgAAAAAAAAAAJH+XPE4IXQ7A3bs+Z+cK39Q3A3EJeFNG+yO2dr+PFuAAAAAAO5rKAAAAAAMAAAAAAAAAAAAAAAAAAAAAAQAAAAAAAAAAAAAAAAAAAQAAAACJmyhA7VY2xW3cXxSyOXX3nxuiOI0mlOTFbs3dyWDl7wFjRXfmVGvsAAAAAAAAAAIAAAAAAAAAAAAAAAABAAAAAAAAAAAAAAA=
628f63ebaaec6fc10afdc3f328652efda54673b4ce8d79cf4016620765d9ac18	3	3	iZsoQO1WNsVt3F8Usjl1958bojiNJpTkxW7N3clg5e8AAAAKAAAAAAAAAAMAAAAAAAAAAAAAAAEAAAAAAAAAAF6k6z03+gTVEjvex1e7yfm289rF16L9nd208MucCu8aAAAAADuaygAAAAABiZsoQLVXj8iAMdygpiUrkA2y6S2uSBFazY7huh//QeAaYFIxDO55xh7k026gWlQaiya1C6ieDNIwQonQVYUMjQCwswQ=	Yo9j66rsb8EK/cPzKGUu/aVGc7TOjXnPQBZiB2XZrBgAAAAAAAAACgAAAAAAAAABAAAAAAAAAAAAAAAA	AAAAAgAAAAAAAAAAXqTrPTf6BNUSO97HV7vJ+bbz2sXXov2d3bTwy5wK7xoAAAAAO5rKAAAAAAMAAAAAAAAAAAAAAAAAAAAAAQAAAAAAAAAAAAAAAAAAAQAAAACJmyhA7VY2xW3cXxSyOXX3nxuiOI0mlOTFbs3dyWDl7wFjRXequaHiAAAAAAAAAAMAAAAAAAAAAAAAAAABAAAAAAAAAAAAAAA=
b649e64655fe54cd6ac97c1aa5450b81aace65b83b660d64a90a533ae2ba36cf	3	4	iZsoQO1WNsVt3F8Usjl1958bojiNJpTkxW7N3clg5e8AAAAKAAAAAAAAAAQAAAAAAAAAAAAAAAEAAAAAAAAAAKuLYYquJ63EzPRlXUXB964BXz8umvD0c7S6k0vBxzqQAAAAADuaygAAAAABiZsoQIpO53Bin0HHknZuWJv+Rg6InvuLbn2AIpo20yggVF8StUUN3XJNnKdLamUmwWAx5tpsyxvpaJu3s0ROcP4mtAc=	tknmRlX+VM1qyXwapUULgarOZbg7Zg1kqQpTOuK6Ns8AAAAAAAAACgAAAAAAAAABAAAAAAAAAAAAAAAA	AAAAAgAAAAAAAAAAq4thiq4nrcTM9GVdRcH3rgFfPy6a8PRztLqTS8HHOpAAAAAAO5rKAAAAAAMAAAAAAAAAAAAAAAAAAAAAAQAAAAAAAAAAAAAAAAAAAQAAAACJmyhA7VY2xW3cXxSyOXX3nxuiOI0mlOTFbs3dyWDl7wFjRXdvHtfYAAAAAAAAAAQAAAAAAAAAAAAAAAABAAAAAAAAAAAAAAA=
a6e575fb041484e123afe7a758f35ba71b41f283c3c9dc1ebd5ada9baea45dec	4	1	ShNPcxBF7v3ey17OItKJrW6PxNhTzcPuvN9iZuBpgxIAAAAKAAAAAwAAAAEAAAAAAAAAAAAAAAEAAAAAAAAABgAAAAFVU0QAXqTrPTf6BNUSO97HV7vJ+bbz2sXXov2d3bTwy5wK7xp//////////wAAAAFKE09zD5BGaBrUV+4yg+4ATGSnJXz+BpjQwR3GHmIHYlSud0q808bR3QJ8+K85cY4mSAxKKnYGGCVMe53nRBBmyJt6AA==	puV1+wQUhOEjr+enWPNbpxtB8oPDydwevVram66kXewAAAAAAAAACgAAAAAAAAABAAAAAAAAAAYAAAAA	AAAAAgAAAAAAAAABShNPcxBF7v3ey17OItKJrW6PxNhTzcPuvN9iZuBpgxIAAAABVVNEAF6k6z03+gTVEjvex1e7yfm289rF16L9nd208MucCu8aAAAAAAAAAAB//////////wAAAAEAAAABAAAAAEoTT3MQRe793steziLSia1uj8TYU83D7rzfYmbgaYMSAAAAADuayfYAAAADAAAAAQAAAAEAAAAAAAAAAAEAAAAAAAAAAAAAAA==
750de3da9c03ab35901f5c2d947df9ca5c8e1bf6acddbeca29e87daaae61cdd6	4	2	JH+XPE4IXQ7A3bs+Z+cK39Q3A3EJeFNG+yO2dr+PFuAAAAAKAAAAAwAAAAEAAAAAAAAAAAAAAAEAAAAAAAAABgAAAAFVU0QAXqTrPTf6BNUSO97HV7vJ+bbz2sXXov2d3bTwy5wK7xp//////////wAAAAEkf5c8wGmBpOQ3qcOg1wCevrCkSJJn8lC0nlPRxoUGMSzUG3q7g4ncZOcLJXNDMn+khtmKjspYLfUVWLOPTP6TWbPzAw==	dQ3j2pwDqzWQH1wtlH35ylyOG/as3b7KKeh9qq5hzdYAAAAAAAAACgAAAAAAAAABAAAAAAAAAAYAAAAA	AAAAAgAAAAAAAAABJH+XPE4IXQ7A3bs+Z+cK39Q3A3EJeFNG+yO2dr+PFuAAAAABVVNEAF6k6z03+gTVEjvex1e7yfm289rF16L9nd208MucCu8aAAAAAAAAAAB//////////wAAAAEAAAABAAAAACR/lzxOCF0OwN27PmfnCt/UNwNxCXhTRvsjtna/jxbgAAAAADuayfYAAAADAAAAAQAAAAEAAAAAAAAAAAEAAAAAAAAAAAAAAA==
9d65d7e3f8b5c61526379fbc0fa48468001a0692d79eab9ba1020d318ddad772	4	3	JH+XPE4IXQ7A3bs+Z+cK39Q3A3EJeFNG+yO2dr+PFuAAAAAKAAAAAwAAAAIAAAAAAAAAAAAAAAEAAAAAAAAABgAAAAFFVVIAq4thiq4nrcTM9GVdRcH3rgFfPy6a8PRztLqTS8HHOpB//////////wAAAAEkf5c8Ec5X2/QmIsnEIMfJAu0IM/z6e7Y65vdvaNWwBydrLBbcJT4kSF566Hrogx9q3v8vdH6OsmmhafxTUura32tCBA==	nWXX4/i1xhUmN5+8D6SEaAAaBpLXnquboQINMY3a13IAAAAAAAAACgAAAAAAAAABAAAAAAAAAAYAAAAA	AAAAAgAAAAAAAAABJH+XPE4IXQ7A3bs+Z+cK39Q3A3EJeFNG+yO2dr+PFuAAAAABRVVSAKuLYYquJ63EzPRlXUXB964BXz8umvD0c7S6k0vBxzqQAAAAAAAAAAB//////////wAAAAEAAAABAAAAACR/lzxOCF0OwN27PmfnCt/UNwNxCXhTRvsjtna/jxbgAAAAADuayewAAAADAAAAAgAAAAIAAAAAAAAAAAEAAAAAAAAAAAAAAA==
64f03f4c20cc81c8a21743d38dc50b9b32e0e3725b733be670b63455c8e0b815	4	4	ShNPcxBF7v3ey17OItKJrW6PxNhTzcPuvN9iZuBpgxIAAAAKAAAAAwAAAAIAAAAAAAAAAAAAAAEAAAAAAAAABgAAAAFFVVIAq4thiq4nrcTM9GVdRcH3rgFfPy6a8PRztLqTS8HHOpB//////////wAAAAFKE09z4So4xguMFxaRf1Ry/cVES88N0Kjq3Lnq3tUyNvwmInEQ625W60BVuxbwje+8O4lG2HOf6XKbtLLGx8ciwdkKBw==	ZPA/TCDMgciiF0PTjcULmzLg43JbczvmcLY0VcjguBUAAAAAAAAACgAAAAAAAAABAAAAAAAAAAYAAAAA	AAAAAgAAAAAAAAABShNPcxBF7v3ey17OItKJrW6PxNhTzcPuvN9iZuBpgxIAAAABRVVSAKuLYYquJ63EzPRlXUXB964BXz8umvD0c7S6k0vBxzqQAAAAAAAAAAB//////////wAAAAEAAAABAAAAAEoTT3MQRe793steziLSia1uj8TYU83D7rzfYmbgaYMSAAAAADuayewAAAADAAAAAgAAAAIAAAAAAAAAAAEAAAAAAAAAAAAAAA==
cb51faa129a3e2f1f66dccc5e6762ee7b4caa3d8f3ff84135d000ab72959561d	5	1	XqTrPTf6BNUSO97HV7vJ+bbz2sXXov2d3bTwy5wK7xoAAAAKAAAAAwAAAAEAAAAAAAAAAAAAAAEAAAAAAAAAAUoTT3MQRe793steziLSia1uj8TYU83D7rzfYmbgaYMSAAAAAVVTRABepOs9N/oE1RI73sdXu8n5tvPaxdei/Z3dtPDLnArvGgAAAAEqBfIAAAAAAV6k6z0juLSEVOkkJhshukKjnmRZIvqHfY5/1nR6Ecnj5tglpI6Y0FmiW7HQwNMBI+47kAz9X1GKQKe/mJqureM18m0K	y1H6oSmj4vH2bczF5nYu57TKo9jz/4QTXQAKtylZVh0AAAAAAAAACgAAAAAAAAABAAAAAAAAAAEAAAAA	AAAAAgAAAAEAAAAAXqTrPTf6BNUSO97HV7vJ+bbz2sXXov2d3bTwy5wK7xoAAAAAO5rJ9gAAAAMAAAABAAAAAAAAAAAAAAAAAQAAAAAAAAAAAAAAAAAAAQAAAAFKE09zEEXu/d7LXs4i0omtbo/E2FPNw+6832Jm4GmDEgAAAAFVU0QAXqTrPTf6BNUSO97HV7vJ+bbz2sXXov2d3bTwy5wK7xoAAAABKgXyAH//////////AAAAAQ==
fe8c1f698e2b442533f8cce840c6216c6e2b8ccf4f2a4ae23e00d6b6abe25ad2	5	2	q4thiq4nrcTM9GVdRcH3rgFfPy6a8PRztLqTS8HHOpAAAAAKAAAAAwAAAAEAAAAAAAAAAAAAAAEAAAAAAAAAASR/lzxOCF0OwN27PmfnCt/UNwNxCXhTRvsjtna/jxbgAAAAAUVVUgCri2GKrietxMz0ZV1FwfeuAV8/Lprw9HO0upNLwcc6kAAAAAEqBfIAAAAAAauLYYq41yZF7v5lwVlBbGGbWUFUAYJgW5fYappIGV4U9v/hQyiVUMS5bdVza1tLNBu0ACHBO2tm/JGPBsgT7kWubscO	/owfaY4rRCUz+MzoQMYhbG4rjM9PKkriPgDWtqviWtIAAAAAAAAACgAAAAAAAAABAAAAAAAAAAEAAAAA	AAAAAgAAAAEAAAAAq4thiq4nrcTM9GVdRcH3rgFfPy6a8PRztLqTS8HHOpAAAAAAO5rJ9gAAAAMAAAABAAAAAAAAAAAAAAAAAQAAAAAAAAAAAAAAAAAAAQAAAAEkf5c8TghdDsDduz5n5wrf1DcDcQl4U0b7I7Z2v48W4AAAAAFFVVIAq4thiq4nrcTM9GVdRcH3rgFfPy6a8PRztLqTS8HHOpAAAAABKgXyAH//////////AAAAAQ==
2fa36c1876c50a4aabcea54e2a9e1913a09e5d141a34196cec9a04c0dd11c1a3	6	1	JH+XPE4IXQ7A3bs+Z+cK39Q3A3EJeFNG+yO2dr+PFuAAAAAKAAAAAwAAAAMAAAAAAAAAAAAAAAEAAAAAAAAAAwAAAAFFVVIAq4thiq4nrcTM9GVdRcH3rgFfPy6a8PRztLqTS8HHOpAAAAABVVNEAF6k6z03+gTVEjvex1e7yfm289rF16L9nd208MucCu8aAAAAADuaygAAAAABAAAAAQAAAAAAAAAAAAAAASR/lzwNMdnhw3oT3uRnRXByiTrX671wcIhTXFzh6Xg3NekdGSzMJbHMxqF37fQtCcBkWG3U7pXdUxcbSq+VYFfAXIMB	L6NsGHbFCkqrzqVOKp4ZE6CeXRQaNBls7JoEwN0RwaMAAAAAAAAACgAAAAAAAAABAAAAAAAAAAMAAAAAAAAAAAAAAAAkf5c8TghdDsDduz5n5wrf1DcDcQl4U0b7I7Z2v48W4AAAAAAAAAABAAAAAUVVUgCri2GKrietxMz0ZV1FwfeuAV8/Lprw9HO0upNLwcc6kAAAAAFVU0QAXqTrPTf6BNUSO97HV7vJ+bbz2sXXov2d3bTwy5wK7xoAAAAAO5rKAAAAAAEAAAABAAAAAA==	AAAAAgAAAAAAAAACJH+XPE4IXQ7A3bs+Z+cK39Q3A3EJeFNG+yO2dr+PFuAAAAAAAAAAAQAAAAFFVVIAq4thiq4nrcTM9GVdRcH3rgFfPy6a8PRztLqTS8HHOpAAAAABVVNEAF6k6z03+gTVEjvex1e7yfm289rF16L9nd208MucCu8aAAAAADuaygAAAAABAAAAAQAAAAAAAAABAAAAACR/lzxOCF0OwN27PmfnCt/UNwNxCXhTRvsjtna/jxbgAAAAADuayeIAAAADAAAAAwAAAAMAAAAAAAAAAAEAAAAAAAAAAAAAAA==
5eb5f3a1e76586d2f15c8c302d14b33136fece5d5fe4d73253a078870274fc3d	6	2	JH+XPE4IXQ7A3bs+Z+cK39Q3A3EJeFNG+yO2dr+PFuAAAAAKAAAAAwAAAAQAAAAAAAAAAAAAAAEAAAAAAAAAAwAAAAFFVVIAq4thiq4nrcTM9GVdRcH3rgFfPy6a8PRztLqTS8HHOpAAAAABVVNEAF6k6z03+gTVEjvex1e7yfm289rF16L9nd208MucCu8aAAAAAEI6NccAAAAKAAAACQAAAAAAAAAAAAAAASR/lzwTQUT/Fm+ujk3ZThu/75h5aLMAoaSqJ/oEUhNp+NBN7XLhMKjmOysmV+enaebPBN5zT42m0AsviuKVFmkjY5YH	XrXzoedlhtLxXIwwLRSzMTb+zl1f5NcyU6B4hwJ0/D0AAAAAAAAACgAAAAAAAAABAAAAAAAAAAMAAAAAAAAAAAAAAAAkf5c8TghdDsDduz5n5wrf1DcDcQl4U0b7I7Z2v48W4AAAAAAAAAACAAAAAUVVUgCri2GKrietxMz0ZV1FwfeuAV8/Lprw9HO0upNLwcc6kAAAAAFVU0QAXqTrPTf6BNUSO97HV7vJ+bbz2sXXov2d3bTwy5wK7xoAAAAAQjo1xwAAAAoAAAAJAAAAAA==	AAAAAgAAAAAAAAACJH+XPE4IXQ7A3bs+Z+cK39Q3A3EJeFNG+yO2dr+PFuAAAAAAAAAAAgAAAAFFVVIAq4thiq4nrcTM9GVdRcH3rgFfPy6a8PRztLqTS8HHOpAAAAABVVNEAF6k6z03+gTVEjvex1e7yfm289rF16L9nd208MucCu8aAAAAAEI6NccAAAAKAAAACQAAAAAAAAABAAAAACR/lzxOCF0OwN27PmfnCt/UNwNxCXhTRvsjtna/jxbgAAAAADuaydgAAAADAAAABAAAAAQAAAAAAAAAAAEAAAAAAAAAAAAAAA==
a6883a0a109e479de0cca966aa91b13ee9d140e583adf61ab309c799b4856673	6	3	JH+XPE4IXQ7A3bs+Z+cK39Q3A3EJeFNG+yO2dr+PFuAAAAAKAAAAAwAAAAUAAAAAAAAAAAAAAAEAAAAAAAAAAwAAAAFFVVIAq4thiq4nrcTM9GVdRcH3rgFfPy6a8PRztLqTS8HHOpAAAAABVVNEAF6k6z03+gTVEjvex1e7yfm289rF16L9nd208MucCu8aAAAAAEqBfIAAAAAFAAAABAAAAAAAAAAAAAAAASR/lzymCyTfmOFtBWS1nLwGvf+UZ1aHy7wU4sv8zqGtZHFXgjCFmmifEbyhsW9TFs2c8FWU113z5UHkLcy4p693hZwN	pog6ChCeR53gzKlmqpGxPunRQOWDrfYaswnHmbSFZnMAAAAAAAAACgAAAAAAAAABAAAAAAAAAAMAAAAAAAAAAAAAAAAkf5c8TghdDsDduz5n5wrf1DcDcQl4U0b7I7Z2v48W4AAAAAAAAAADAAAAAUVVUgCri2GKrietxMz0ZV1FwfeuAV8/Lprw9HO0upNLwcc6kAAAAAFVU0QAXqTrPTf6BNUSO97HV7vJ+bbz2sXXov2d3bTwy5wK7xoAAAAASoF8gAAAAAUAAAAEAAAAAA==	AAAAAgAAAAAAAAACJH+XPE4IXQ7A3bs+Z+cK39Q3A3EJeFNG+yO2dr+PFuAAAAAAAAAAAwAAAAFFVVIAq4thiq4nrcTM9GVdRcH3rgFfPy6a8PRztLqTS8HHOpAAAAABVVNEAF6k6z03+gTVEjvex1e7yfm289rF16L9nd208MucCu8aAAAAAEqBfIAAAAAFAAAABAAAAAAAAAABAAAAACR/lzxOCF0OwN27PmfnCt/UNwNxCXhTRvsjtna/jxbgAAAAADuayc4AAAADAAAABQAAAAUAAAAAAAAAAAEAAAAAAAAAAAAAAA==
9a40144a15fc2d15c545c03fe118e8b76451c312f6112710537b99ab56e60a76	7	1	ShNPcxBF7v3ey17OItKJrW6PxNhTzcPuvN9iZuBpgxIAAAAKAAAAAwAAAAMAAAAAAAAAAAAAAAEAAAAAAAAAAwAAAAFVU0QAXqTrPTf6BNUSO97HV7vJ+bbz2sXXov2d3bTwy5wK7xoAAAABRVVSAKuLYYquJ63EzPRlXUXB964BXz8umvD0c7S6k0vBxzqQAAAAAB3NZQAAAAABAAAAAQAAAAAAAAAAAAAAAUoTT3MX2JNYsU0VFB8G8tGoEV8tj2H3RDYWYjpNnf4YS0ssAgCf7uGvtkiROrbufj7LYLitG0Dgn3zOexp/w0nay0MD	mkAUShX8LRXFRcA/4Rjot2RRwxL2EScQU3uZq1bmCnYAAAAAAAAACgAAAAAAAAABAAAAAAAAAAMAAAAAAAAAASR/lzxOCF0OwN27PmfnCt/UNwNxCXhTRvsjtna/jxbgAAAAAAAAAAEAAAABRVVSAKuLYYquJ63EzPRlXUXB964BXz8umvD0c7S6k0vBxzqQAAAAAB3NZQAAAAABVVNEAF6k6z03+gTVEjvex1e7yfm289rF16L9nd208MucCu8aAAAAAB3NZQAAAAAC	AAAABgAAAAEAAAAAShNPcxBF7v3ey17OItKJrW6PxNhTzcPuvN9iZuBpgxIAAAAAO5rJ4gAAAAMAAAADAAAAAgAAAAAAAAAAAQAAAAAAAAAAAAAAAAAAAQAAAAEkf5c8TghdDsDduz5n5wrf1DcDcQl4U0b7I7Z2v48W4AAAAAFFVVIAq4thiq4nrcTM9GVdRcH3rgFfPy6a8PRztLqTS8HHOpAAAAABDDiNAH//////////AAAAAQAAAAEAAAABJH+XPE4IXQ7A3bs+Z+cK39Q3A3EJeFNG+yO2dr+PFuAAAAABVVNEAF6k6z03+gTVEjvex1e7yfm289rF16L9nd208MucCu8aAAAAAB3NZQB//////////wAAAAEAAAABAAAAAUoTT3MQRe793steziLSia1uj8TYU83D7rzfYmbgaYMSAAAAAUVVUgCri2GKrietxMz0ZV1FwfeuAV8/Lprw9HO0upNLwcc6kAAAAAAdzWUAf/////////8AAAABAAAAAQAAAAFKE09zEEXu/d7LXs4i0omtbo/E2FPNw+6832Jm4GmDEgAAAAFVU0QAXqTrPTf6BNUSO97HV7vJ+bbz2sXXov2d3bTwy5wK7xoAAAABDDiNAH//////////AAAAAQAAAAEAAAACJH+XPE4IXQ7A3bs+Z+cK39Q3A3EJeFNG+yO2dr+PFuAAAAAAAAAAAQAAAAFFVVIAq4thiq4nrcTM9GVdRcH3rgFfPy6a8PRztLqTS8HHOpAAAAABVVNEAF6k6z03+gTVEjvex1e7yfm289rF16L9nd208MucCu8aAAAAAB3NZQAAAAABAAAAAQAAAAA=
451467fffee7ff53ca35e0c890f8de52699edc0ba212a074d9b6ce48be2c5e20	7	2	ShNPcxBF7v3ey17OItKJrW6PxNhTzcPuvN9iZuBpgxIAAAAKAAAAAwAAAAQAAAAAAAAAAAAAAAEAAAAAAAAAAwAAAAFVU0QAXqTrPTf6BNUSO97HV7vJ+bbz2sXXov2d3bTwy5wK7xoAAAAAAAAAAB3NZQAAAAABAAAAAQAAAAAAAAAAAAAAAUoTT3PYF0Otux6dRRNT1KHN9+RrBa24sAPeYgaDNAqqOL8h/ZdsYPAuVEjamFF/AigBSSgsl0al1SCpXnAPuqh5VSEN	RRRn//7n/1PKNeDIkPjeUmme3AuiEqB02bbOSL4sXiAAAAAAAAAACgAAAAAAAAABAAAAAAAAAAMAAAAAAAAAAAAAAABKE09zEEXu/d7LXs4i0omtbo/E2FPNw+6832Jm4GmDEgAAAAAAAAAEAAAAAVVTRABepOs9N/oE1RI73sdXu8n5tvPaxdei/Z3dtPDLnArvGgAAAAAAAAAAHc1lAAAAAAEAAAABAAAAAA==	AAAAAgAAAAAAAAACShNPcxBF7v3ey17OItKJrW6PxNhTzcPuvN9iZuBpgxIAAAAAAAAABAAAAAFVU0QAXqTrPTf6BNUSO97HV7vJ+bbz2sXXov2d3bTwy5wK7xoAAAAAAAAAAB3NZQAAAAABAAAAAQAAAAAAAAABAAAAAEoTT3MQRe793steziLSia1uj8TYU83D7rzfYmbgaYMSAAAAADuaydgAAAADAAAABAAAAAMAAAAAAAAAAAEAAAAAAAAAAAAAAA==
\.


--
-- Name: accounts_pkey; Type: CONSTRAINT; Schema: public; Owner: -; Tablespace: 
--

ALTER TABLE ONLY accounts
    ADD CONSTRAINT accounts_pkey PRIMARY KEY (accountid);


--
-- Name: ledgerheaders_ledgerseq_key; Type: CONSTRAINT; Schema: public; Owner: -; Tablespace: 
--

ALTER TABLE ONLY ledgerheaders
    ADD CONSTRAINT ledgerheaders_ledgerseq_key UNIQUE (ledgerseq);


--
-- Name: ledgerheaders_pkey; Type: CONSTRAINT; Schema: public; Owner: -; Tablespace: 
--

ALTER TABLE ONLY ledgerheaders
    ADD CONSTRAINT ledgerheaders_pkey PRIMARY KEY (ledgerhash);


--
-- Name: offers_pkey; Type: CONSTRAINT; Schema: public; Owner: -; Tablespace: 
--

ALTER TABLE ONLY offers
    ADD CONSTRAINT offers_pkey PRIMARY KEY (offerid);


--
-- Name: peers_pkey; Type: CONSTRAINT; Schema: public; Owner: -; Tablespace: 
--

ALTER TABLE ONLY peers
    ADD CONSTRAINT peers_pkey PRIMARY KEY (ip, port);


--
-- Name: signers_pkey; Type: CONSTRAINT; Schema: public; Owner: -; Tablespace: 
--

ALTER TABLE ONLY signers
    ADD CONSTRAINT signers_pkey PRIMARY KEY (accountid, publickey);


--
-- Name: storestate_pkey; Type: CONSTRAINT; Schema: public; Owner: -; Tablespace: 
--

ALTER TABLE ONLY storestate
    ADD CONSTRAINT storestate_pkey PRIMARY KEY (statename);


--
-- Name: trustlines_pkey; Type: CONSTRAINT; Schema: public; Owner: -; Tablespace: 
--

ALTER TABLE ONLY trustlines
    ADD CONSTRAINT trustlines_pkey PRIMARY KEY (accountid, issuer, alphanumcurrency);


--
-- Name: txhistory_ledgerseq_txindex_key; Type: CONSTRAINT; Schema: public; Owner: -; Tablespace: 
--

ALTER TABLE ONLY txhistory
    ADD CONSTRAINT txhistory_ledgerseq_txindex_key UNIQUE (ledgerseq, txindex);


--
-- Name: txhistory_pkey; Type: CONSTRAINT; Schema: public; Owner: -; Tablespace: 
--

ALTER TABLE ONLY txhistory
    ADD CONSTRAINT txhistory_pkey PRIMARY KEY (txid, ledgerseq);


--
-- Name: accountbalances; Type: INDEX; Schema: public; Owner: -; Tablespace: 
--

CREATE INDEX accountbalances ON accounts USING btree (balance);


--
-- Name: accountlines; Type: INDEX; Schema: public; Owner: -; Tablespace: 
--

CREATE INDEX accountlines ON trustlines USING btree (accountid);


--
-- Name: getsissuerindex; Type: INDEX; Schema: public; Owner: -; Tablespace: 
--

CREATE INDEX getsissuerindex ON offers USING btree (getsissuer);


--
-- Name: ledgersbyseq; Type: INDEX; Schema: public; Owner: -; Tablespace: 
--

CREATE INDEX ledgersbyseq ON ledgerheaders USING btree (ledgerseq);


--
-- Name: paysissuerindex; Type: INDEX; Schema: public; Owner: -; Tablespace: 
--

CREATE INDEX paysissuerindex ON offers USING btree (paysissuer);


--
-- Name: priceindex; Type: INDEX; Schema: public; Owner: -; Tablespace: 
--

CREATE INDEX priceindex ON offers USING btree (price);


--
-- Name: signersaccount; Type: INDEX; Schema: public; Owner: -; Tablespace: 
--

CREATE INDEX signersaccount ON signers USING btree (accountid);


--
-- PostgreSQL database dump complete
--

