--
-- PostgreSQL database dump
--

SET statement_timeout = 0;
SET lock_timeout = 0;
SET client_encoding = 'UTF8';
SET standard_conforming_strings = on;
SET check_function_bodies = false;
SET client_min_messages = warning;

SET search_path = public, pg_catalog;

DROP INDEX public.signersaccount;
DROP INDEX public.sellingissuerindex;
DROP INDEX public.priceindex;
DROP INDEX public.ledgersbyseq;
DROP INDEX public.histfeebyseq;
DROP INDEX public.histbyseq;
DROP INDEX public.buyingissuerindex;
DROP INDEX public.accountbalances;
ALTER TABLE ONLY public.txhistory DROP CONSTRAINT txhistory_pkey;
ALTER TABLE ONLY public.txfeehistory DROP CONSTRAINT txfeehistory_pkey;
ALTER TABLE ONLY public.trustlines DROP CONSTRAINT trustlines_pkey;
ALTER TABLE ONLY public.storestate DROP CONSTRAINT storestate_pkey;
ALTER TABLE ONLY public.signers DROP CONSTRAINT signers_pkey;
ALTER TABLE ONLY public.pubsub DROP CONSTRAINT pubsub_pkey;
ALTER TABLE ONLY public.peers DROP CONSTRAINT peers_pkey;
ALTER TABLE ONLY public.offers DROP CONSTRAINT offers_pkey;
ALTER TABLE ONLY public.ledgerheaders DROP CONSTRAINT ledgerheaders_pkey;
ALTER TABLE ONLY public.ledgerheaders DROP CONSTRAINT ledgerheaders_ledgerseq_key;
ALTER TABLE ONLY public.accounts DROP CONSTRAINT accounts_pkey;
DROP TABLE public.txhistory;
DROP TABLE public.txfeehistory;
DROP TABLE public.trustlines;
DROP TABLE public.storestate;
DROP TABLE public.signers;
DROP TABLE public.pubsub;
DROP TABLE public.peers;
DROP TABLE public.offers;
DROP TABLE public.ledgerheaders;
DROP TABLE public.accounts;
DROP EXTENSION plpgsql;
DROP SCHEMA public;
--
-- Name: public; Type: SCHEMA; Schema: -; Owner: -
--

CREATE SCHEMA public;


--
-- Name: SCHEMA public; Type: COMMENT; Schema: -; Owner: -
--

COMMENT ON SCHEMA public IS 'standard public schema';


--
-- Name: plpgsql; Type: EXTENSION; Schema: -; Owner: -
--

CREATE EXTENSION IF NOT EXISTS plpgsql WITH SCHEMA pg_catalog;


--
-- Name: EXTENSION plpgsql; Type: COMMENT; Schema: -; Owner: -
--

COMMENT ON EXTENSION plpgsql IS 'PL/pgSQL procedural language';


SET search_path = public, pg_catalog;

SET default_tablespace = '';

SET default_with_oids = false;

--
-- Name: accounts; Type: TABLE; Schema: public; Owner: -; Tablespace: 
--

CREATE TABLE accounts (
    accountid character varying(56) NOT NULL,
    balance bigint NOT NULL,
    seqnum bigint NOT NULL,
    numsubentries integer NOT NULL,
    inflationdest character varying(56),
    homedomain character varying(32) NOT NULL,
    thresholds text NOT NULL,
    flags integer NOT NULL,
    lastmodified integer NOT NULL,
    CONSTRAINT accounts_balance_check CHECK ((balance >= 0)),
    CONSTRAINT accounts_numsubentries_check CHECK ((numsubentries >= 0))
);


--
-- Name: ledgerheaders; Type: TABLE; Schema: public; Owner: -; Tablespace: 
--

CREATE TABLE ledgerheaders (
    ledgerhash character(64) NOT NULL,
    prevhash character(64) NOT NULL,
    bucketlisthash character(64) NOT NULL,
    ledgerseq integer,
    closetime bigint NOT NULL,
    data text NOT NULL,
    CONSTRAINT ledgerheaders_closetime_check CHECK ((closetime >= 0)),
    CONSTRAINT ledgerheaders_ledgerseq_check CHECK ((ledgerseq >= 0))
);


--
-- Name: offers; Type: TABLE; Schema: public; Owner: -; Tablespace: 
--

CREATE TABLE offers (
    sellerid character varying(56) NOT NULL,
    offerid bigint NOT NULL,
    sellingassettype integer NOT NULL,
    sellingassetcode character varying(12),
    sellingissuer character varying(56),
    buyingassettype integer NOT NULL,
    buyingassetcode character varying(12),
    buyingissuer character varying(56),
    amount bigint NOT NULL,
    pricen integer NOT NULL,
    priced integer NOT NULL,
    price double precision NOT NULL,
    flags integer NOT NULL,
    lastmodified integer NOT NULL,
    CONSTRAINT offers_amount_check CHECK ((amount >= 0)),
    CONSTRAINT offers_offerid_check CHECK ((offerid >= 0))
);


--
-- Name: peers; Type: TABLE; Schema: public; Owner: -; Tablespace: 
--

CREATE TABLE peers (
    ip character varying(15) NOT NULL,
    port integer DEFAULT 0 NOT NULL,
    nextattempt timestamp without time zone NOT NULL,
    numfailures integer DEFAULT 0 NOT NULL,
    CONSTRAINT peers_numfailures_check CHECK ((numfailures >= 0)),
    CONSTRAINT peers_port_check CHECK (((port > 0) AND (port <= 65535)))
);


--
-- Name: pubsub; Type: TABLE; Schema: public; Owner: -; Tablespace: 
--

CREATE TABLE pubsub (
    resid character(32) NOT NULL,
    lastread integer
);


--
-- Name: signers; Type: TABLE; Schema: public; Owner: -; Tablespace: 
--

CREATE TABLE signers (
    accountid character varying(56) NOT NULL,
    publickey character varying(56) NOT NULL,
    weight integer NOT NULL
);


--
-- Name: storestate; Type: TABLE; Schema: public; Owner: -; Tablespace: 
--

CREATE TABLE storestate (
    statename character(32) NOT NULL,
    state text
);


--
-- Name: trustlines; Type: TABLE; Schema: public; Owner: -; Tablespace: 
--

CREATE TABLE trustlines (
    accountid character varying(56) NOT NULL,
    assettype integer NOT NULL,
    issuer character varying(56) NOT NULL,
    assetcode character varying(12) NOT NULL,
    tlimit bigint NOT NULL,
    balance bigint NOT NULL,
    flags integer NOT NULL,
    lastmodified integer NOT NULL,
    CONSTRAINT trustlines_balance_check CHECK ((balance >= 0)),
    CONSTRAINT trustlines_tlimit_check CHECK ((tlimit > 0))
);


--
-- Name: txfeehistory; Type: TABLE; Schema: public; Owner: -; Tablespace: 
--

CREATE TABLE txfeehistory (
    txid character(64) NOT NULL,
    ledgerseq integer NOT NULL,
    txindex integer NOT NULL,
    txchanges text NOT NULL,
    CONSTRAINT txfeehistory_ledgerseq_check CHECK ((ledgerseq >= 0))
);


--
-- Name: txhistory; Type: TABLE; Schema: public; Owner: -; Tablespace: 
--

CREATE TABLE txhistory (
    txid character(64) NOT NULL,
    ledgerseq integer NOT NULL,
    txindex integer NOT NULL,
    txbody text NOT NULL,
    txresult text NOT NULL,
    txmeta text NOT NULL,
    CONSTRAINT txhistory_ledgerseq_check CHECK ((ledgerseq >= 0))
);


--
-- Data for Name: accounts; Type: TABLE DATA; Schema: public; Owner: -
--

COPY accounts (accountid, balance, seqnum, numsubentries, inflationdest, homedomain, thresholds, flags, lastmodified) FROM stdin;
GBRPYHIL2CI3FNQ4BXLFMNDLFJUNPU2HY3ZMFSHONUCEOASW7QC7OX2H	999999969999999700	3	0	\N		AQAAAA==	0	2
GCXKG6RN4ONIEPCMNFB732A436Z5PNDSRLGWK7GBLCMQLIFO4S7EYWVU	9999999900	8589934593	1	\N		AQAAAA==	0	4
GBXGQJWVLWOYHFLVTKWV5FGHA3LNYY2JQKM7OAJAUEQFU6LPCSEFVXON	9999999900	8589934593	1	\N		AQAAAA==	0	5
GC23QF2HUE52AMXUFUH3AYJAXXGXXV2VHXYYR6EYXETPKDXZSAW67XO4	9999999500	8589934597	0	\N		AQAAAA==	3	8
\.


--
-- Data for Name: ledgerheaders; Type: TABLE DATA; Schema: public; Owner: -
--

COPY ledgerheaders (ledgerhash, prevhash, bucketlisthash, ledgerseq, closetime, data) FROM stdin;
63d98f536ee68d1b27b5b89f23af5311b7569a24faf1403ad0b52b633b07be99	0000000000000000000000000000000000000000000000000000000000000000	572a2e32ff248a07b0e70fd1f6d318c1facd20b6cc08c33d5775259868125a16	1	0	AAAAAAAAAAAAAAAAAAAAAAAAAAAAAAAAAAAAAAAAAAAAAAAAAAAAAAAAAAAAAAAAAAAAAAAAAAAAAAAAAAAAAAAAAAAAAAAAAAAAAAAAAAAAAAAAAAAAAAAAAAAAAAAAAAAAAAAAAAAAAAAAAAAAAAAAAABXKi4y/ySKB7DnD9H20xjB+s0gtswIwz1XdSWYaBJaFgAAAAEN4Lazp2QAAAAAAAAAAAAAAAAAAAAAAAAAAAAAAAAAZAX14QAAAABkAAAAAAAAAAAAAAAAAAAAAAAAAAAAAAAAAAAAAAAAAAAAAAAAAAAAAAAAAAAAAAAAAAAAAAAAAAAAAAAAAAAAAAAAAAAAAAAAAAAAAAAAAAAAAAAAAAAAAAAAAAAAAAAAAAAAAAAAAAAAAAAAAAAAAAAAAAAAAAAAAAAAAAAAAAAAAAAA
abbfef4f53242ea8e76bdab6f5157804ce19f4564ed7bffc4b51de5732cf4f7e	63d98f536ee68d1b27b5b89f23af5311b7569a24faf1403ad0b52b633b07be99	01b733cfde9f97fb8d590e1baf6ea77d8013e13006b4e13f8519346d93dc87b4	2	1444259242	AAAAAWPZj1Nu5o0bJ7W4nyOvUxG3Vpok+vFAOtC1K2M7B76ZU7nPOoI7SirHEO1Sa67WumwKQ62PpQGlvJvyyQ8QGEYAAAAAVhWlqgAAAAIAAAAIAAAAAQAAAAEAAAAIAAAAAwAAAfQAAAAAj6+p+aI7JvbSfHisaUUAXhzcG+/2YWJE2bnf4zuV8i4BtzPP3p+X+41ZDhuvbqd9gBPhMAa04T+FGTRtk9yHtAAAAAIN4Lazp2QAAAAAAAAAAAEsAAAAAAAAAAAAAAAAAAAAZAX14QAAAAH0AAAAAAAAAAAAAAAAAAAAAAAAAAAAAAAAAAAAAAAAAAAAAAAAAAAAAAAAAAAAAAAAAAAAAAAAAAAAAAAAAAAAAAAAAAAAAAAAAAAAAAAAAAAAAAAAAAAAAAAAAAAAAAAAAAAAAAAAAAAAAAAAAAAAAAAAAAAAAAAAAAAAAAAAAAAAAAAA
aba2f5cb371cbbef70602adac611f402faf86c8d13e619dcfa99e3d90a27300a	abbfef4f53242ea8e76bdab6f5157804ce19f4564ed7bffc4b51de5732cf4f7e	39884abf2a5c1b93f305bbde369e6648cedf9c7e941046f5af2ba84b8152779f	3	1444259243	AAAAAau/709TJC6o52vatvUVeATOGfRWTte//EtR3lcyz09+wIQ0/4Rc5n23pczxjS019ngyM0jmtEZtstnzyqH0bJ4AAAAAVhWlqwAAAAAAAAAATlvjBWe7MinR9n7UosajCKxUpgQMBBbhmF6bHAvPHGU5iEq/Klwbk/MFu942nmZIzt+cfpQQRvWvK6hLgVJ3nwAAAAMN4Lazp2QAAAAAAAAAAAH0AAAAAAAAAAAAAAAAAAAAZAX14QAAAAH0AAAAAAAAAAAAAAAAAAAAAAAAAAAAAAAAAAAAAAAAAAAAAAAAAAAAAAAAAAAAAAAAAAAAAAAAAAAAAAAAAAAAAAAAAAAAAAAAAAAAAAAAAAAAAAAAAAAAAAAAAAAAAAAAAAAAAAAAAAAAAAAAAAAAAAAAAAAAAAAAAAAAAAAAAAAAAAAA
d8edeb2765b8d71b1c9e384bdf1a9ab15818f9f2307cdeebd81060c699ed87f7	aba2f5cb371cbbef70602adac611f402faf86c8d13e619dcfa99e3d90a27300a	00ce11e04988fb9a1fadb6c999179272245d00148f1f7bfbee5af6e1f55b5155	4	1444259244	AAAAAaui9cs3HLvvcGAq2sYR9AL6+GyNE+YZ3PqZ49kKJzAKzRKMS5YnqAaFxCnDD21VAsHattvSlJQOSQ3+UxnIKVcAAAAAVhWlrAAAAAAAAAAALLKPbMojH+RR+TSBDKGB/tufH2mL12ccCHr1Jn27yPAAzhHgSYj7mh+ttsmZF5JyJF0AFI8fe/vuWvbh9VtRVQAAAAQN4Lazp2QAAAAAAAAAAAJYAAAAAAAAAAAAAAAAAAAAZAX14QAAAAH0AAAAAAAAAAAAAAAAAAAAAAAAAAAAAAAAAAAAAAAAAAAAAAAAAAAAAAAAAAAAAAAAAAAAAAAAAAAAAAAAAAAAAAAAAAAAAAAAAAAAAAAAAAAAAAAAAAAAAAAAAAAAAAAAAAAAAAAAAAAAAAAAAAAAAAAAAAAAAAAAAAAAAAAAAAAAAAAA
1ea9dcb2f04acc21f2792fbf925152531123adca7ff45a135cea57816a01c967	d8edeb2765b8d71b1c9e384bdf1a9ab15818f9f2307cdeebd81060c699ed87f7	9c00f2d58fdd33ebdd9a14c33fb09066476ac4ca6591d0520777f798ac32dd75	5	1444259245	AAAAAdjt6ydluNcbHJ44S98amrFYGPnyMHze69gQYMaZ7Yf38rZAvBRgY7MmKo7z40f/3Acz8Jl8G32MBHkOQfCHQZsAAAAAVhWlrQAAAAAAAAAAxlJuyWie0d1LzUCR1K4LD2g+0KuAHvbJ+SgmGHyguLWcAPLVj90z692aFMM/sJBmR2rEymWR0FIHd/eYrDLddQAAAAUN4Lazp2QAAAAAAAAAAAK8AAAAAAAAAAAAAAAAAAAAZAX14QAAAAH0AAAAAAAAAAAAAAAAAAAAAAAAAAAAAAAAAAAAAAAAAAAAAAAAAAAAAAAAAAAAAAAAAAAAAAAAAAAAAAAAAAAAAAAAAAAAAAAAAAAAAAAAAAAAAAAAAAAAAAAAAAAAAAAAAAAAAAAAAAAAAAAAAAAAAAAAAAAAAAAAAAAAAAAAAAAAAAAA
536bd023e519a7b281573fd5f8231241fb8b0367fa3cdc5bfd3e6dfa2400fe82	1ea9dcb2f04acc21f2792fbf925152531123adca7ff45a135cea57816a01c967	e8c8563156d6d2d1ca35a3b3eb520fc34fd1eca0dd822e72b3bdf7880e02181f	6	1444259246	AAAAAR6p3LLwSswh8nkvv5JRUlMRI63Kf/RaE1zqV4FqAclnHts1y1nPJyIaptix5vA54FHPuAa1c7yUQQuXPGfxS54AAAAAVhWlrgAAAAAAAAAAFp2fvkMO7OW+Jq1zFYvyIp0pN6KM6DetMmxOjZVOCKfoyFYxVtbS0co1o7PrUg/DT9HsoN2CLnKzvfeIDgIYHwAAAAYN4Lazp2QAAAAAAAAAAAMgAAAAAAAAAAAAAAAAAAAAZAX14QAAAAH0AAAAAAAAAAAAAAAAAAAAAAAAAAAAAAAAAAAAAAAAAAAAAAAAAAAAAAAAAAAAAAAAAAAAAAAAAAAAAAAAAAAAAAAAAAAAAAAAAAAAAAAAAAAAAAAAAAAAAAAAAAAAAAAAAAAAAAAAAAAAAAAAAAAAAAAAAAAAAAAAAAAAAAAAAAAAAAAA
2d88f26fe3587c50e109f9900928616e89d8863164d3b03c538feca82e3e1c16	536bd023e519a7b281573fd5f8231241fb8b0367fa3cdc5bfd3e6dfa2400fe82	98f53fc9f25f194602769ef1cf82c3812d7894b7ff34a1b088b8d610fb993e1d	7	1444259247	AAAAAVNr0CPlGaeygVc/1fgjEkH7iwNn+jzcW/0+bfokAP6CZydH+Db4QWG2iNPq/WmP0llaRKfduEFECjybUUTxMlQAAAAAVhWlrwAAAAAAAAAA2F0xW7K6lNYrXRzu7d5HyBUnPlumNFQipNBwSQNAx1KY9T/J8l8ZRgJ2nvHPgsOBLXiUt/80obCIuNYQ+5k+HQAAAAcN4Lazp2QAAAAAAAAAAAOEAAAAAAAAAAAAAAAAAAAAZAX14QAAAAH0AAAAAAAAAAAAAAAAAAAAAAAAAAAAAAAAAAAAAAAAAAAAAAAAAAAAAAAAAAAAAAAAAAAAAAAAAAAAAAAAAAAAAAAAAAAAAAAAAAAAAAAAAAAAAAAAAAAAAAAAAAAAAAAAAAAAAAAAAAAAAAAAAAAAAAAAAAAAAAAAAAAAAAAAAAAAAAAA
931deb4d7f503a240af1688908c5a2b0e810a4ccfc3d72a035adbf29faaf6343	2d88f26fe3587c50e109f9900928616e89d8863164d3b03c538feca82e3e1c16	c9d1407eb6f6d1bcbfe6af0babe9300b8169ab0cbfbe15fa6fa1121e63369049	8	1444259248	AAAAAS2I8m/jWHxQ4Qn5kAkoYW6J2IYxZNOwPFOP7KguPhwWdpRq3kHG+nBUPXLl08AbiJLGTtek1udF6Dw08s5OcG8AAAAAVhWlsAAAAAAAAAAA17tytOKBxgu8yeo5X/akyYnyYlyrUb7gJWE+zfCgC2DJ0UB+tvbRvL/mrwur6TALgWmrDL++FfpvoRIeYzaQSQAAAAgN4Lazp2QAAAAAAAAAAAPoAAAAAAAAAAAAAAAAAAAAZAX14QAAAAH0AAAAAAAAAAAAAAAAAAAAAAAAAAAAAAAAAAAAAAAAAAAAAAAAAAAAAAAAAAAAAAAAAAAAAAAAAAAAAAAAAAAAAAAAAAAAAAAAAAAAAAAAAAAAAAAAAAAAAAAAAAAAAAAAAAAAAAAAAAAAAAAAAAAAAAAAAAAAAAAAAAAAAAAAAAAAAAAA
397c481ef38d439954b70807a02085d6a016ded1b61d031a1e24d643e07c44ee	931deb4d7f503a240af1688908c5a2b0e810a4ccfc3d72a035adbf29faaf6343	c9d1407eb6f6d1bcbfe6af0babe9300b8169ab0cbfbe15fa6fa1121e63369049	9	1444259249	AAAAAZMd601/UDokCvFoiQjForDoEKTM/D1yoDWtvyn6r2NDM+NxB0sF/Kkp0DhyBug+HyVdSGfw4yjt/27/KctZgFoAAAAAVhWlsQAAAAAAAAAA3z9hmASpL9tAVxktxD3XSOp3itxSvEmM6AUkwBS4ERnJ0UB+tvbRvL/mrwur6TALgWmrDL++FfpvoRIeYzaQSQAAAAkN4Lazp2QAAAAAAAAAAAPoAAAAAAAAAAAAAAAAAAAAZAX14QAAAAH0AAAAAAAAAAAAAAAAAAAAAAAAAAAAAAAAAAAAAAAAAAAAAAAAAAAAAAAAAAAAAAAAAAAAAAAAAAAAAAAAAAAAAAAAAAAAAAAAAAAAAAAAAAAAAAAAAAAAAAAAAAAAAAAAAAAAAAAAAAAAAAAAAAAAAAAAAAAAAAAAAAAAAAAAAAAAAAAA
\.


--
-- Data for Name: offers; Type: TABLE DATA; Schema: public; Owner: -
--

COPY offers (sellerid, offerid, sellingassettype, sellingassetcode, sellingissuer, buyingassettype, buyingassetcode, buyingissuer, amount, pricen, priced, price, flags, lastmodified) FROM stdin;
\.


--
-- Data for Name: peers; Type: TABLE DATA; Schema: public; Owner: -
--

COPY peers (ip, port, nextattempt, numfailures) FROM stdin;
\.


--
-- Data for Name: pubsub; Type: TABLE DATA; Schema: public; Owner: -
--

COPY pubsub (resid, lastread) FROM stdin;
\.


--
-- Data for Name: signers; Type: TABLE DATA; Schema: public; Owner: -
--

COPY signers (accountid, publickey, weight) FROM stdin;
\.


--
-- Data for Name: storestate; Type: TABLE DATA; Schema: public; Owner: -
--

COPY storestate (statename, state) FROM stdin;
databaseinitialized             	true
forcescponnextlaunch            	false
lastclosedledger                	397c481ef38d439954b70807a02085d6a016ded1b61d031a1e24d643e07c44ee
historyarchivestate             	{\n    "version": 1,\n    "server": "v0.1-7-gd6ebc57-dirty",\n    "currentLedger": 9,\n    "currentBuckets": [\n        {\n            "curr": "7143480fc84788c095e494cd2844321a62ce81d2e1d3ba6c15b9ac5d6bfe5848",\n            "next": {\n                "state": 0\n            },\n            "snap": "5fbe1e53bf079fb1745944c3b0eb066c16f2934238ae0c1595fdf6bdabf709c8"\n        },\n        {\n            "curr": "119e94eda9f771a7917b37dc2a53fcdd55de1fd33f3ffebff65ee207b4947213",\n            "next": {\n                "state": 1,\n                "output": "3a47c2d0cba5d3c8e84a8c739cab7a661dd1d13898ad9c4ae6281dc996c574c0"\n            },\n            "snap": "5d0267c5830128805375bd61c17d3b41edc594f0c0d0c520b0f57776624eaa50"\n        },\n        {\n            "curr": "0000000000000000000000000000000000000000000000000000000000000000",\n            "next": {\n                "state": 1,\n                "output": "85d70ff8507c4a08f80fed6c67c989ce8b4515db24cd1c1e5bd36dccbc8c43e2"\n            },\n            "snap": "0000000000000000000000000000000000000000000000000000000000000000"\n        },\n        {\n            "curr": "0000000000000000000000000000000000000000000000000000000000000000",\n            "next": {\n                "state": 0\n            },\n            "snap": "0000000000000000000000000000000000000000000000000000000000000000"\n        },\n        {\n            "curr": "0000000000000000000000000000000000000000000000000000000000000000",\n            "next": {\n                "state": 0\n            },\n            "snap": "0000000000000000000000000000000000000000000000000000000000000000"\n        },\n        {\n            "curr": "0000000000000000000000000000000000000000000000000000000000000000",\n            "next": {\n                "state": 0\n            },\n            "snap": "0000000000000000000000000000000000000000000000000000000000000000"\n        },\n        {\n            "curr": "0000000000000000000000000000000000000000000000000000000000000000",\n            "next": {\n                "state": 0\n            },\n            "snap": "0000000000000000000000000000000000000000000000000000000000000000"\n        },\n        {\n            "curr": "0000000000000000000000000000000000000000000000000000000000000000",\n            "next": {\n                "state": 0\n            },\n            "snap": "0000000000000000000000000000000000000000000000000000000000000000"\n        },\n        {\n            "curr": "0000000000000000000000000000000000000000000000000000000000000000",\n            "next": {\n                "state": 0\n            },\n            "snap": "0000000000000000000000000000000000000000000000000000000000000000"\n        },\n        {\n            "curr": "0000000000000000000000000000000000000000000000000000000000000000",\n            "next": {\n                "state": 0\n            },\n            "snap": "0000000000000000000000000000000000000000000000000000000000000000"\n        },\n        {\n            "curr": "0000000000000000000000000000000000000000000000000000000000000000",\n            "next": {\n                "state": 0\n            },\n            "snap": "0000000000000000000000000000000000000000000000000000000000000000"\n        }\n    ]\n}
\.


--
-- Data for Name: trustlines; Type: TABLE DATA; Schema: public; Owner: -
--

COPY trustlines (accountid, assettype, issuer, assetcode, tlimit, balance, flags, lastmodified) FROM stdin;
GCXKG6RN4ONIEPCMNFB732A436Z5PNDSRLGWK7GBLCMQLIFO4S7EYWVU	1	GC23QF2HUE52AMXUFUH3AYJAXXGXXV2VHXYYR6EYXETPKDXZSAW67XO4	USD	9223372036854775807	0	1	6
GBXGQJWVLWOYHFLVTKWV5FGHA3LNYY2JQKM7OAJAUEQFU6LPCSEFVXON	1	GC23QF2HUE52AMXUFUH3AYJAXXGXXV2VHXYYR6EYXETPKDXZSAW67XO4	USD	40000000000	0	0	8
\.


--
-- Data for Name: txfeehistory; Type: TABLE DATA; Schema: public; Owner: -
--

COPY txfeehistory (txid, ledgerseq, txindex, txchanges) FROM stdin;
db398eb4ae89756325643cad21c94e13bfc074b323ee83e141bf701a5d904f1b	2	1	AAAAAQAAAAEAAAACAAAAAAAAAABi/B0L0JGythwN1lY0aypo19NHxvLCyO5tBEcCVvwF9w3gtrOnY/+cAAAAAAAAAAEAAAAAAAAAAAAAAAAAAAAAAQAAAAAAAAAAAAAAAAAAAA==
f97caffab8c16023a37884165cb0b3ff1aa2daf4000fef49d21efc847ddbfbea	2	2	AAAAAQAAAAEAAAACAAAAAAAAAABi/B0L0JGythwN1lY0aypo19NHxvLCyO5tBEcCVvwF9w3gtrOnY/84AAAAAAAAAAIAAAAAAAAAAAAAAAAAAAAAAQAAAAAAAAAAAAAAAAAAAA==
90880ac53815dac8441add0220a7631ef5eac3d57c2e89634ea9b5203f61a8e4	2	3	AAAAAQAAAAEAAAACAAAAAAAAAABi/B0L0JGythwN1lY0aypo19NHxvLCyO5tBEcCVvwF9w3gtrOnY/7UAAAAAAAAAAMAAAAAAAAAAAAAAAAAAAAAAQAAAAAAAAAAAAAAAAAAAA==
7a707186a5cc36a0e520548ae511b53896c0391ce166d40da80588cbaae6aa2c	3	1	AAAAAQAAAAEAAAADAAAAAAAAAAC1uBdHoTugMvQtD7BhIL3Ne9dVPfGI+Ji5JvUO+ZAt7wAAAAJUC+OcAAAAAgAAAAEAAAAAAAAAAAAAAAAAAAAAAQAAAAAAAAAAAAAAAAAAAA==
c6bfdd93f1470df9dfa3ef95d57ba28cecace068d9f2bb040a79ffc7c5d96cb9	3	2	AAAAAQAAAAEAAAADAAAAAAAAAAC1uBdHoTugMvQtD7BhIL3Ne9dVPfGI+Ji5JvUO+ZAt7wAAAAJUC+M4AAAAAgAAAAIAAAAAAAAAAAAAAAAAAAAAAQAAAAAAAAAAAAAAAAAAAA==
bd486dbdd02d460817671c4a5a7e9d6e865ca29cb41e62d7aaf70a2fee5b36de	4	1	AAAAAQAAAAEAAAAEAAAAAAAAAACuo3ot45qCPExpQ/3oHN+z17Ryis1lfMFYmQWgruS+TAAAAAJUC+OcAAAAAgAAAAEAAAAAAAAAAAAAAAAAAAAAAQAAAAAAAAAAAAAAAAAAAA==
b55d768a4e8e712da20efdee0e7d85f02948f9b6fd3ef2daefd3a5a147ecd63d	5	1	AAAAAQAAAAEAAAAFAAAAAAAAAABuaCbVXZ2DlXWarV6UxwbW3GNJgpn3ASChIFp5bxSIWgAAAAJUC+OcAAAAAgAAAAEAAAAAAAAAAAAAAAAAAAAAAQAAAAAAAAAAAAAAAAAAAA==
3b666a253313fc7a0d241ee28064eec78aaa5ebd0a7c0ae7f85259e80fad029f	6	1	AAAAAQAAAAEAAAAGAAAAAAAAAAC1uBdHoTugMvQtD7BhIL3Ne9dVPfGI+Ji5JvUO+ZAt7wAAAAJUC+LUAAAAAgAAAAMAAAAAAAAAAAAAAAMAAAAAAQAAAAAAAAAAAAAAAAAAAA==
3f2aa00ba539e24ba9c0ba62f50318d8c7180f2d6757cc76e9984055c5e19ff4	7	1	AAAAAQAAAAEAAAAHAAAAAAAAAAC1uBdHoTugMvQtD7BhIL3Ne9dVPfGI+Ji5JvUO+ZAt7wAAAAJUC+JwAAAAAgAAAAQAAAAAAAAAAAAAAAMAAAAAAQAAAAAAAAAAAAAAAAAAAA==
3ce9fc1159c25adc62c9686792cd41f06908280b899744057856db33bafe75de	8	1	AAAAAQAAAAEAAAAIAAAAAAAAAAC1uBdHoTugMvQtD7BhIL3Ne9dVPfGI+Ji5JvUO+ZAt7wAAAAJUC+IMAAAAAgAAAAUAAAAAAAAAAAAAAAMAAAAAAQAAAAAAAAAAAAAAAAAAAA==
\.


--
-- Data for Name: txhistory; Type: TABLE DATA; Schema: public; Owner: -
--

COPY txhistory (txid, ledgerseq, txindex, txbody, txresult, txmeta) FROM stdin;
db398eb4ae89756325643cad21c94e13bfc074b323ee83e141bf701a5d904f1b	2	1	AAAAAGL8HQvQkbK2HA3WVjRrKmjX00fG8sLI7m0ERwJW/AX3AAAAZAAAAAAAAAABAAAAAAAAAAAAAAABAAAAAAAAAAAAAAAAtbgXR6E7oDL0LQ+wYSC9zXvXVT3xiPiYuSb1DvmQLe8AAAACVAvkAAAAAAAAAAABVvwF9wAAAEAYjQcPT2G5hqnBmgGGeg9J8l4c1EnUlxklElH9sqZr0971F6OLWfe/m4kpFtI+sI0i1qLit5A0JyWnbhYLW5oD	2zmOtK6JdWMlZDytIclOE7/AdLMj7oPhQb9wGl2QTxsAAAAAAAAAZAAAAAAAAAABAAAAAAAAAAAAAAAAAAAAAA==	AAAAAAAAAAEAAAACAAAAAAAAAAIAAAAAAAAAALW4F0ehO6Ay9C0PsGEgvc1711U98Yj4mLkm9Q75kC3vAAAAAlQL5AAAAAACAAAAAAAAAAAAAAAAAAAAAAAAAAABAAAAAAAAAAAAAAAAAAAAAAAAAQAAAAIAAAAAAAAAAGL8HQvQkbK2HA3WVjRrKmjX00fG8sLI7m0ERwJW/AX3DeC2sVNYGtQAAAAAAAAAAwAAAAAAAAAAAAAAAAAAAAABAAAAAAAAAAAAAAAAAAAA
f97caffab8c16023a37884165cb0b3ff1aa2daf4000fef49d21efc847ddbfbea	2	2	AAAAAGL8HQvQkbK2HA3WVjRrKmjX00fG8sLI7m0ERwJW/AX3AAAAZAAAAAAAAAACAAAAAAAAAAAAAAABAAAAAAAAAAAAAAAArqN6LeOagjxMaUP96Bzfs9e0corNZXzBWJkFoK7kvkwAAAACVAvkAAAAAAAAAAABVvwF9wAAAEBmKpSgvrwKO20XCOfYfXsGEEUtwYaaEfqSu6ymJmlDma+IX6I7IggbUZMocQdZ94IMAfKdQANqXbIO7ysweeMC	+Xyv+rjBYCOjeIQWXLCz/xqi2vQAD+9J0h78hH3b++oAAAAAAAAAZAAAAAAAAAABAAAAAAAAAAAAAAAAAAAAAA==	AAAAAAAAAAEAAAACAAAAAAAAAAIAAAAAAAAAAK6jei3jmoI8TGlD/egc37PXtHKKzWV8wViZBaCu5L5MAAAAAlQL5AAAAAACAAAAAAAAAAAAAAAAAAAAAAAAAAABAAAAAAAAAAAAAAAAAAAAAAAAAQAAAAIAAAAAAAAAAGL8HQvQkbK2HA3WVjRrKmjX00fG8sLI7m0ERwJW/AX3DeC2rv9MNtQAAAAAAAAAAwAAAAAAAAAAAAAAAAAAAAABAAAAAAAAAAAAAAAAAAAA
90880ac53815dac8441add0220a7631ef5eac3d57c2e89634ea9b5203f61a8e4	2	3	AAAAAGL8HQvQkbK2HA3WVjRrKmjX00fG8sLI7m0ERwJW/AX3AAAAZAAAAAAAAAADAAAAAAAAAAAAAAABAAAAAAAAAAAAAAAAbmgm1V2dg5V1mq1elMcG1txjSYKZ9wEgoSBaeW8UiFoAAAACVAvkAAAAAAAAAAABVvwF9wAAAEBdX4R/Ghzq8/r+u8PL+sNriHsS5lW1Vt+9eCe0nnWMNTzMgcUbarePbrpD2gr8DjVumcmpVH9wG2GXtWvwzXoL	kIgKxTgV2shEGt0CIKdjHvXqw9V8LoljTqm1ID9hqOQAAAAAAAAAZAAAAAAAAAABAAAAAAAAAAAAAAAAAAAAAA==	AAAAAAAAAAEAAAACAAAAAAAAAAIAAAAAAAAAAG5oJtVdnYOVdZqtXpTHBtbcY0mCmfcBIKEgWnlvFIhaAAAAAlQL5AAAAAACAAAAAAAAAAAAAAAAAAAAAAAAAAABAAAAAAAAAAAAAAAAAAAAAAAAAQAAAAIAAAAAAAAAAGL8HQvQkbK2HA3WVjRrKmjX00fG8sLI7m0ERwJW/AX3DeC2rKtAUtQAAAAAAAAAAwAAAAAAAAAAAAAAAAAAAAABAAAAAAAAAAAAAAAAAAAA
7a707186a5cc36a0e520548ae511b53896c0391ce166d40da80588cbaae6aa2c	3	1	AAAAALW4F0ehO6Ay9C0PsGEgvc1711U98Yj4mLkm9Q75kC3vAAAAZAAAAAIAAAABAAAAAAAAAAAAAAABAAAAAAAAAAUAAAAAAAAAAQAAAAAAAAABAAAAAQAAAAAAAAAAAAAAAAAAAAAAAAAAAAAAAAAAAAAAAAAB+ZAt7wAAAEDBhDOsFWP2KCoZuJDRXuiNm0CjgVKLLtdZi/A3OfrCsgvX8izhAllXkRqrXyitSvGo3kQh6V/S/tnQbrYgHQQG	enBxhqXMNqDlIFSK5RG1OJbAORzhZtQNqAWIy6rmqiwAAAAAAAAAZAAAAAAAAAABAAAAAAAAAAUAAAAAAAAAAA==	AAAAAAAAAAEAAAABAAAAAQAAAAMAAAAAAAAAALW4F0ehO6Ay9C0PsGEgvc1711U98Yj4mLkm9Q75kC3vAAAAAlQL4zgAAAACAAAAAgAAAAAAAAAAAAAAAQAAAAABAAAAAAAAAAAAAAAAAAAA
c6bfdd93f1470df9dfa3ef95d57ba28cecace068d9f2bb040a79ffc7c5d96cb9	3	2	AAAAALW4F0ehO6Ay9C0PsGEgvc1711U98Yj4mLkm9Q75kC3vAAAAZAAAAAIAAAACAAAAAAAAAAAAAAABAAAAAAAAAAUAAAAAAAAAAQAAAAAAAAABAAAAAgAAAAAAAAAAAAAAAAAAAAAAAAAAAAAAAAAAAAAAAAAB+ZAt7wAAAEBVJkTQTFlpFKoMhcibMpdJ5khR91LY3zPQwv/e5Ov7XIcWKGIv5sDfgyhaK/x5WYWfawNWcc5fMlW7c/PxGOQJ	xr/dk/FHDfnfo++V1XuijOys4GjZ8rsECnn/x8XZbLkAAAAAAAAAZAAAAAAAAAABAAAAAAAAAAUAAAAAAAAAAA==	AAAAAAAAAAEAAAABAAAAAQAAAAMAAAAAAAAAALW4F0ehO6Ay9C0PsGEgvc1711U98Yj4mLkm9Q75kC3vAAAAAlQL4zgAAAACAAAAAgAAAAAAAAAAAAAAAwAAAAABAAAAAAAAAAAAAAAAAAAA
bd486dbdd02d460817671c4a5a7e9d6e865ca29cb41e62d7aaf70a2fee5b36de	4	1	AAAAAK6jei3jmoI8TGlD/egc37PXtHKKzWV8wViZBaCu5L5MAAAAZAAAAAIAAAABAAAAAAAAAAAAAAABAAAAAAAAAAYAAAABVVNEAAAAAAC1uBdHoTugMvQtD7BhIL3Ne9dVPfGI+Ji5JvUO+ZAt73//////////AAAAAAAAAAGu5L5MAAAAQB9kmKW2q3v7Qfy8PMekEb1TTI5ixqkI0BogXrOt7gO162Qbkh2dSTUfeDovc0PAafhDXxthVAlsLujlBmyjBAY=	vUhtvdAtRggXZxxKWn6dboZcopy0HmLXqvcKL+5bNt4AAAAAAAAAZAAAAAAAAAABAAAAAAAAAAYAAAAAAAAAAA==	AAAAAAAAAAEAAAACAAAAAAAAAAQAAAABAAAAAK6jei3jmoI8TGlD/egc37PXtHKKzWV8wViZBaCu5L5MAAAAAVVTRAAAAAAAtbgXR6E7oDL0LQ+wYSC9zXvXVT3xiPiYuSb1DvmQLe8AAAAAAAAAAH//////////AAAAAAAAAAAAAAAAAAAAAQAAAAQAAAAAAAAAAK6jei3jmoI8TGlD/egc37PXtHKKzWV8wViZBaCu5L5MAAAAAlQL45wAAAACAAAAAQAAAAEAAAAAAAAAAAAAAAABAAAAAAAAAAAAAAAAAAAA
b55d768a4e8e712da20efdee0e7d85f02948f9b6fd3ef2daefd3a5a147ecd63d	5	1	AAAAAG5oJtVdnYOVdZqtXpTHBtbcY0mCmfcBIKEgWnlvFIhaAAAAZAAAAAIAAAABAAAAAAAAAAAAAAABAAAAAAAAAAYAAAABVVNEAAAAAAC1uBdHoTugMvQtD7BhIL3Ne9dVPfGI+Ji5JvUO+ZAt7wAAAAlQL5AAAAAAAAAAAAFvFIhaAAAAQBlpm/6rv5JvbN2AKUSlH+4idIlX0cM678QXxK+il0u7z3KLORdzKSkLnS5WdLZlAB6iDmoKI5WbydQLktNtDQA=	tV12ik6OcS2iDv3uDn2F8ClI+bb9PvLa79OloUfs1j0AAAAAAAAAZAAAAAAAAAABAAAAAAAAAAYAAAAAAAAAAA==	AAAAAAAAAAEAAAACAAAAAAAAAAUAAAABAAAAAG5oJtVdnYOVdZqtXpTHBtbcY0mCmfcBIKEgWnlvFIhaAAAAAVVTRAAAAAAAtbgXR6E7oDL0LQ+wYSC9zXvXVT3xiPiYuSb1DvmQLe8AAAAAAAAAAAAAAAlQL5AAAAAAAAAAAAAAAAAAAAAAAQAAAAUAAAAAAAAAAG5oJtVdnYOVdZqtXpTHBtbcY0mCmfcBIKEgWnlvFIhaAAAAAlQL45wAAAACAAAAAQAAAAEAAAAAAAAAAAAAAAABAAAAAAAAAAAAAAAAAAAA
3b666a253313fc7a0d241ee28064eec78aaa5ebd0a7c0ae7f85259e80fad029f	6	1	AAAAALW4F0ehO6Ay9C0PsGEgvc1711U98Yj4mLkm9Q75kC3vAAAAZAAAAAIAAAADAAAAAAAAAAAAAAABAAAAAAAAAAcAAAAArqN6LeOagjxMaUP96Bzfs9e0corNZXzBWJkFoK7kvkwAAAABVVNEAAAAAAEAAAAAAAAAAfmQLe8AAABAL6czYFvSBhdVeD4fbXOHuXFa2CDqLpFfc+QJnoiPLt/23YViURGLyfg388FKMKsbNJEgmFsCJjtgl3fj7wr/Aw==	O2ZqJTMT/HoNJB7igGTux4qqXr0KfArn+FJZ6A+tAp8AAAAAAAAAZAAAAAAAAAABAAAAAAAAAAcAAAAAAAAAAA==	AAAAAAAAAAEAAAABAAAAAQAAAAYAAAABAAAAAK6jei3jmoI8TGlD/egc37PXtHKKzWV8wViZBaCu5L5MAAAAAVVTRAAAAAAAtbgXR6E7oDL0LQ+wYSC9zXvXVT3xiPiYuSb1DvmQLe8AAAAAAAAAAH//////////AAAAAQAAAAAAAAAA
3f2aa00ba539e24ba9c0ba62f50318d8c7180f2d6757cc76e9984055c5e19ff4	7	1	AAAAALW4F0ehO6Ay9C0PsGEgvc1711U98Yj4mLkm9Q75kC3vAAAAZAAAAAIAAAAEAAAAAAAAAAAAAAABAAAAAAAAAAcAAAAAbmgm1V2dg5V1mq1elMcG1txjSYKZ9wEgoSBaeW8UiFoAAAABVVNEAAAAAAEAAAAAAAAAAfmQLe8AAABA1TAQBu/2f7XHs/ctAJ5W7Ytk4jvQBopdO05zkSQoS8piu1mZm/tTvDTXEq/QUufpt/E8NBgKtNpcJXuMv5aPCw==	PyqgC6U54kupwLpi9QMY2McYDy1nV8x26ZhAVcXhn/QAAAAAAAAAZAAAAAAAAAABAAAAAAAAAAcAAAAAAAAAAA==	AAAAAAAAAAEAAAABAAAAAQAAAAcAAAABAAAAAG5oJtVdnYOVdZqtXpTHBtbcY0mCmfcBIKEgWnlvFIhaAAAAAVVTRAAAAAAAtbgXR6E7oDL0LQ+wYSC9zXvXVT3xiPiYuSb1DvmQLe8AAAAAAAAAAAAAAAlQL5AAAAAAAQAAAAAAAAAA
3ce9fc1159c25adc62c9686792cd41f06908280b899744057856db33bafe75de	8	1	AAAAALW4F0ehO6Ay9C0PsGEgvc1711U98Yj4mLkm9Q75kC3vAAAAZAAAAAIAAAAFAAAAAAAAAAAAAAABAAAAAAAAAAcAAAAAbmgm1V2dg5V1mq1elMcG1txjSYKZ9wEgoSBaeW8UiFoAAAABVVNEAAAAAAAAAAAAAAAAAfmQLe8AAABASafHp/zp11tF81MRvbAnx9gQNTXdLW4DmoIofkgoG+jJw/Xj/k+N5WvSjqGrGF33uB6KnD+wAfQIhf0/DlxpBQ==	POn8EVnCWtxiyWhnks1B8GkIKAuJl0QFeFbbM7r+dd4AAAAAAAAAZAAAAAAAAAABAAAAAAAAAAcAAAAAAAAAAA==	AAAAAAAAAAEAAAABAAAAAQAAAAgAAAABAAAAAG5oJtVdnYOVdZqtXpTHBtbcY0mCmfcBIKEgWnlvFIhaAAAAAVVTRAAAAAAAtbgXR6E7oDL0LQ+wYSC9zXvXVT3xiPiYuSb1DvmQLe8AAAAAAAAAAAAAAAlQL5AAAAAAAAAAAAAAAAAA
\.


--
-- Name: accounts_pkey; Type: CONSTRAINT; Schema: public; Owner: -; Tablespace: 
--

ALTER TABLE ONLY accounts
    ADD CONSTRAINT accounts_pkey PRIMARY KEY (accountid);


--
-- Name: ledgerheaders_ledgerseq_key; Type: CONSTRAINT; Schema: public; Owner: -; Tablespace: 
--

ALTER TABLE ONLY ledgerheaders
    ADD CONSTRAINT ledgerheaders_ledgerseq_key UNIQUE (ledgerseq);


--
-- Name: ledgerheaders_pkey; Type: CONSTRAINT; Schema: public; Owner: -; Tablespace: 
--

ALTER TABLE ONLY ledgerheaders
    ADD CONSTRAINT ledgerheaders_pkey PRIMARY KEY (ledgerhash);


--
-- Name: offers_pkey; Type: CONSTRAINT; Schema: public; Owner: -; Tablespace: 
--

ALTER TABLE ONLY offers
    ADD CONSTRAINT offers_pkey PRIMARY KEY (offerid);


--
-- Name: peers_pkey; Type: CONSTRAINT; Schema: public; Owner: -; Tablespace: 
--

ALTER TABLE ONLY peers
    ADD CONSTRAINT peers_pkey PRIMARY KEY (ip, port);


--
-- Name: pubsub_pkey; Type: CONSTRAINT; Schema: public; Owner: -; Tablespace: 
--

ALTER TABLE ONLY pubsub
    ADD CONSTRAINT pubsub_pkey PRIMARY KEY (resid);


--
-- Name: signers_pkey; Type: CONSTRAINT; Schema: public; Owner: -; Tablespace: 
--

ALTER TABLE ONLY signers
    ADD CONSTRAINT signers_pkey PRIMARY KEY (accountid, publickey);


--
-- Name: storestate_pkey; Type: CONSTRAINT; Schema: public; Owner: -; Tablespace: 
--

ALTER TABLE ONLY storestate
    ADD CONSTRAINT storestate_pkey PRIMARY KEY (statename);


--
-- Name: trustlines_pkey; Type: CONSTRAINT; Schema: public; Owner: -; Tablespace: 
--

ALTER TABLE ONLY trustlines
    ADD CONSTRAINT trustlines_pkey PRIMARY KEY (accountid, issuer, assetcode);


--
-- Name: txfeehistory_pkey; Type: CONSTRAINT; Schema: public; Owner: -; Tablespace: 
--

ALTER TABLE ONLY txfeehistory
    ADD CONSTRAINT txfeehistory_pkey PRIMARY KEY (ledgerseq, txindex);


--
-- Name: txhistory_pkey; Type: CONSTRAINT; Schema: public; Owner: -; Tablespace: 
--

ALTER TABLE ONLY txhistory
    ADD CONSTRAINT txhistory_pkey PRIMARY KEY (ledgerseq, txindex);


--
-- Name: accountbalances; Type: INDEX; Schema: public; Owner: -; Tablespace: 
--

CREATE INDEX accountbalances ON accounts USING btree (balance) WHERE (balance >= 1000000000);


--
-- Name: buyingissuerindex; Type: INDEX; Schema: public; Owner: -; Tablespace: 
--

CREATE INDEX buyingissuerindex ON offers USING btree (buyingissuer);


--
-- Name: histbyseq; Type: INDEX; Schema: public; Owner: -; Tablespace: 
--

CREATE INDEX histbyseq ON txhistory USING btree (ledgerseq);


--
-- Name: histfeebyseq; Type: INDEX; Schema: public; Owner: -; Tablespace: 
--

CREATE INDEX histfeebyseq ON txfeehistory USING btree (ledgerseq);


--
-- Name: ledgersbyseq; Type: INDEX; Schema: public; Owner: -; Tablespace: 
--

CREATE INDEX ledgersbyseq ON ledgerheaders USING btree (ledgerseq);


--
-- Name: priceindex; Type: INDEX; Schema: public; Owner: -; Tablespace: 
--

CREATE INDEX priceindex ON offers USING btree (price);


--
-- Name: sellingissuerindex; Type: INDEX; Schema: public; Owner: -; Tablespace: 
--

CREATE INDEX sellingissuerindex ON offers USING btree (sellingissuer);


--
-- Name: signersaccount; Type: INDEX; Schema: public; Owner: -; Tablespace: 
--

CREATE INDEX signersaccount ON signers USING btree (accountid);


--
-- PostgreSQL database dump complete
--

