--
-- PostgreSQL database dump
--

SET statement_timeout = 0;
SET lock_timeout = 0;
SET client_encoding = 'UTF8';
SET standard_conforming_strings = on;
SET check_function_bodies = false;
SET client_min_messages = warning;

SET search_path = public, pg_catalog;

DROP INDEX IF EXISTS public.unique_schema_migrations;
DROP INDEX IF EXISTS public.trade_effects_by_order_book;
DROP INDEX IF EXISTS public.index_history_transactions_on_id;
DROP INDEX IF EXISTS public.index_history_transaction_statuses_lc_on_all;
DROP INDEX IF EXISTS public.index_history_transaction_participants_on_transaction_hash;
DROP INDEX IF EXISTS public.index_history_transaction_participants_on_account;
DROP INDEX IF EXISTS public.index_history_operations_on_type;
DROP INDEX IF EXISTS public.index_history_operations_on_transaction_id;
DROP INDEX IF EXISTS public.index_history_operations_on_id;
DROP INDEX IF EXISTS public.index_history_ledgers_on_sequence;
DROP INDEX IF EXISTS public.index_history_ledgers_on_previous_ledger_hash;
DROP INDEX IF EXISTS public.index_history_ledgers_on_ledger_hash;
DROP INDEX IF EXISTS public.index_history_ledgers_on_importer_version;
DROP INDEX IF EXISTS public.index_history_ledgers_on_id;
DROP INDEX IF EXISTS public.index_history_ledgers_on_closed_at;
DROP INDEX IF EXISTS public.index_history_effects_on_type;
DROP INDEX IF EXISTS public.index_history_accounts_on_id;
DROP INDEX IF EXISTS public.index_history_accounts_on_address;
DROP INDEX IF EXISTS public.hs_transaction_by_id;
DROP INDEX IF EXISTS public.hs_ledger_by_id;
DROP INDEX IF EXISTS public.hist_op_p_id;
DROP INDEX IF EXISTS public.hist_e_id;
DROP INDEX IF EXISTS public.hist_e_by_order;
DROP INDEX IF EXISTS public.by_ledger;
DROP INDEX IF EXISTS public.by_hash;
DROP INDEX IF EXISTS public.by_account;
ALTER TABLE IF EXISTS ONLY public.history_transaction_statuses DROP CONSTRAINT IF EXISTS history_transaction_statuses_pkey;
ALTER TABLE IF EXISTS ONLY public.history_transaction_participants DROP CONSTRAINT IF EXISTS history_transaction_participants_pkey;
ALTER TABLE IF EXISTS ONLY public.history_operation_participants DROP CONSTRAINT IF EXISTS history_operation_participants_pkey;
ALTER TABLE IF EXISTS public.history_transaction_statuses ALTER COLUMN id DROP DEFAULT;
ALTER TABLE IF EXISTS public.history_transaction_participants ALTER COLUMN id DROP DEFAULT;
ALTER TABLE IF EXISTS public.history_operation_participants ALTER COLUMN id DROP DEFAULT;
DROP TABLE IF EXISTS public.schema_migrations;
DROP TABLE IF EXISTS public.history_transactions;
DROP SEQUENCE IF EXISTS public.history_transaction_statuses_id_seq;
DROP TABLE IF EXISTS public.history_transaction_statuses;
DROP SEQUENCE IF EXISTS public.history_transaction_participants_id_seq;
DROP TABLE IF EXISTS public.history_transaction_participants;
DROP TABLE IF EXISTS public.history_operations;
DROP SEQUENCE IF EXISTS public.history_operation_participants_id_seq;
DROP TABLE IF EXISTS public.history_operation_participants;
DROP TABLE IF EXISTS public.history_ledgers;
DROP TABLE IF EXISTS public.history_effects;
DROP TABLE IF EXISTS public.history_accounts;
DROP EXTENSION IF EXISTS hstore;
DROP EXTENSION IF EXISTS plpgsql;
DROP SCHEMA IF EXISTS public;
--
-- Name: public; Type: SCHEMA; Schema: -; Owner: -
--

CREATE SCHEMA public;


--
-- Name: SCHEMA public; Type: COMMENT; Schema: -; Owner: -
--

COMMENT ON SCHEMA public IS 'standard public schema';


--
-- Name: plpgsql; Type: EXTENSION; Schema: -; Owner: -
--

CREATE EXTENSION IF NOT EXISTS plpgsql WITH SCHEMA pg_catalog;


--
-- Name: EXTENSION plpgsql; Type: COMMENT; Schema: -; Owner: -
--

COMMENT ON EXTENSION plpgsql IS 'PL/pgSQL procedural language';


--
-- Name: hstore; Type: EXTENSION; Schema: -; Owner: -
--

CREATE EXTENSION IF NOT EXISTS hstore WITH SCHEMA public;


--
-- Name: EXTENSION hstore; Type: COMMENT; Schema: -; Owner: -
--

COMMENT ON EXTENSION hstore IS 'data type for storing sets of (key, value) pairs';


SET search_path = public, pg_catalog;

SET default_tablespace = '';

SET default_with_oids = false;

--
-- Name: history_accounts; Type: TABLE; Schema: public; Owner: -; Tablespace: 
--

CREATE TABLE history_accounts (
    id bigint NOT NULL,
    address character varying(64)
);


--
-- Name: history_effects; Type: TABLE; Schema: public; Owner: -; Tablespace: 
--

CREATE TABLE history_effects (
    history_account_id bigint NOT NULL,
    history_operation_id bigint NOT NULL,
    "order" integer NOT NULL,
    type integer NOT NULL,
    details jsonb
);


--
-- Name: history_ledgers; Type: TABLE; Schema: public; Owner: -; Tablespace: 
--

CREATE TABLE history_ledgers (
    sequence integer NOT NULL,
    ledger_hash character varying(64) NOT NULL,
    previous_ledger_hash character varying(64),
    transaction_count integer DEFAULT 0 NOT NULL,
    operation_count integer DEFAULT 0 NOT NULL,
    closed_at timestamp without time zone NOT NULL,
    created_at timestamp without time zone,
    updated_at timestamp without time zone,
    id bigint,
    importer_version integer DEFAULT 1 NOT NULL,
    total_coins bigint NOT NULL,
    fee_pool bigint NOT NULL,
    base_fee integer NOT NULL,
    base_reserve integer NOT NULL,
    max_tx_set_size integer NOT NULL
);


--
-- Name: history_operation_participants; Type: TABLE; Schema: public; Owner: -; Tablespace: 
--

CREATE TABLE history_operation_participants (
    id integer NOT NULL,
    history_operation_id bigint NOT NULL,
    history_account_id bigint NOT NULL
);


--
-- Name: history_operation_participants_id_seq; Type: SEQUENCE; Schema: public; Owner: -
--

CREATE SEQUENCE history_operation_participants_id_seq
    START WITH 1
    INCREMENT BY 1
    NO MINVALUE
    NO MAXVALUE
    CACHE 1;


--
-- Name: history_operation_participants_id_seq; Type: SEQUENCE OWNED BY; Schema: public; Owner: -
--

ALTER SEQUENCE history_operation_participants_id_seq OWNED BY history_operation_participants.id;


--
-- Name: history_operations; Type: TABLE; Schema: public; Owner: -; Tablespace: 
--

CREATE TABLE history_operations (
    id bigint NOT NULL,
    transaction_id bigint NOT NULL,
    application_order integer NOT NULL,
    type integer NOT NULL,
    details jsonb,
    source_account character varying(64) DEFAULT ''::character varying NOT NULL
);


--
-- Name: history_transaction_participants; Type: TABLE; Schema: public; Owner: -; Tablespace: 
--

CREATE TABLE history_transaction_participants (
    id integer NOT NULL,
    transaction_hash character varying(64) NOT NULL,
    account character varying(64) NOT NULL,
    created_at timestamp without time zone,
    updated_at timestamp without time zone
);


--
-- Name: history_transaction_participants_id_seq; Type: SEQUENCE; Schema: public; Owner: -
--

CREATE SEQUENCE history_transaction_participants_id_seq
    START WITH 1
    INCREMENT BY 1
    NO MINVALUE
    NO MAXVALUE
    CACHE 1;


--
-- Name: history_transaction_participants_id_seq; Type: SEQUENCE OWNED BY; Schema: public; Owner: -
--

ALTER SEQUENCE history_transaction_participants_id_seq OWNED BY history_transaction_participants.id;


--
-- Name: history_transaction_statuses; Type: TABLE; Schema: public; Owner: -; Tablespace: 
--

CREATE TABLE history_transaction_statuses (
    id integer NOT NULL,
    result_code_s character varying NOT NULL,
    result_code integer NOT NULL
);


--
-- Name: history_transaction_statuses_id_seq; Type: SEQUENCE; Schema: public; Owner: -
--

CREATE SEQUENCE history_transaction_statuses_id_seq
    START WITH 1
    INCREMENT BY 1
    NO MINVALUE
    NO MAXVALUE
    CACHE 1;


--
-- Name: history_transaction_statuses_id_seq; Type: SEQUENCE OWNED BY; Schema: public; Owner: -
--

ALTER SEQUENCE history_transaction_statuses_id_seq OWNED BY history_transaction_statuses.id;


--
-- Name: history_transactions; Type: TABLE; Schema: public; Owner: -; Tablespace: 
--

CREATE TABLE history_transactions (
    transaction_hash character varying(64) NOT NULL,
    ledger_sequence integer NOT NULL,
    application_order integer NOT NULL,
    account character varying(64) NOT NULL,
    account_sequence bigint NOT NULL,
    fee_paid integer NOT NULL,
    operation_count integer NOT NULL,
    created_at timestamp without time zone,
    updated_at timestamp without time zone,
    id bigint,
    tx_envelope text NOT NULL,
    tx_result text NOT NULL,
    tx_meta text NOT NULL,
    tx_fee_meta text NOT NULL,
    signatures character varying(96)[] DEFAULT '{}'::character varying[] NOT NULL,
    memo_type character varying DEFAULT 'none'::character varying NOT NULL,
    memo character varying,
    time_bounds int8range
);


--
-- Name: schema_migrations; Type: TABLE; Schema: public; Owner: -; Tablespace: 
--

CREATE TABLE schema_migrations (
    version character varying(255) NOT NULL
);


--
-- Name: id; Type: DEFAULT; Schema: public; Owner: -
--

ALTER TABLE ONLY history_operation_participants ALTER COLUMN id SET DEFAULT nextval('history_operation_participants_id_seq'::regclass);


--
-- Name: id; Type: DEFAULT; Schema: public; Owner: -
--

ALTER TABLE ONLY history_transaction_participants ALTER COLUMN id SET DEFAULT nextval('history_transaction_participants_id_seq'::regclass);


--
-- Name: id; Type: DEFAULT; Schema: public; Owner: -
--

ALTER TABLE ONLY history_transaction_statuses ALTER COLUMN id SET DEFAULT nextval('history_transaction_statuses_id_seq'::regclass);


--
-- Data for Name: history_accounts; Type: TABLE DATA; Schema: public; Owner: -
--

INSERT INTO history_accounts VALUES (1, 'GBRPYHIL2CI3FNQ4BXLFMNDLFJUNPU2HY3ZMFSHONUCEOASW7QC7OX2H');
INSERT INTO history_accounts VALUES (8589938689, 'GC23QF2HUE52AMXUFUH3AYJAXXGXXV2VHXYYR6EYXETPKDXZSAW67XO4');
INSERT INTO history_accounts VALUES (8589942785, 'GCXKG6RN4ONIEPCMNFB732A436Z5PNDSRLGWK7GBLCMQLIFO4S7EYWVU');
INSERT INTO history_accounts VALUES (8589946881, 'GBXGQJWVLWOYHFLVTKWV5FGHA3LNYY2JQKM7OAJAUEQFU6LPCSEFVXON');


--
-- Data for Name: history_effects; Type: TABLE DATA; Schema: public; Owner: -
--

INSERT INTO history_effects VALUES (8589938689, 8589938689, 1, 0, '{"starting_balance": "1000.0000000"}');
INSERT INTO history_effects VALUES (1, 8589938689, 2, 3, '{"amount": "1000.0000000", "asset_type": "native"}');
INSERT INTO history_effects VALUES (8589938689, 8589938689, 3, 10, '{"weight": 1, "public_key": "GC23QF2HUE52AMXUFUH3AYJAXXGXXV2VHXYYR6EYXETPKDXZSAW67XO4"}');
INSERT INTO history_effects VALUES (8589942785, 8589942785, 1, 0, '{"starting_balance": "1000.0000000"}');
INSERT INTO history_effects VALUES (1, 8589942785, 2, 3, '{"amount": "1000.0000000", "asset_type": "native"}');
INSERT INTO history_effects VALUES (8589942785, 8589942785, 3, 10, '{"weight": 1, "public_key": "GCXKG6RN4ONIEPCMNFB732A436Z5PNDSRLGWK7GBLCMQLIFO4S7EYWVU"}');
INSERT INTO history_effects VALUES (8589946881, 8589946881, 1, 0, '{"starting_balance": "1000.0000000"}');
INSERT INTO history_effects VALUES (1, 8589946881, 2, 3, '{"amount": "1000.0000000", "asset_type": "native"}');
INSERT INTO history_effects VALUES (8589946881, 8589946881, 3, 10, '{"weight": 1, "public_key": "GBXGQJWVLWOYHFLVTKWV5FGHA3LNYY2JQKM7OAJAUEQFU6LPCSEFVXON"}');
INSERT INTO history_effects VALUES (8589938689, 12884905985, 1, 6, '{"auth_required_flag": true}');
INSERT INTO history_effects VALUES (8589938689, 12884910081, 1, 6, '{"auth_revocable_flag": true}');
INSERT INTO history_effects VALUES (8589942785, 17179873281, 1, 20, '{"limit": "922337203685.4775807", "asset_code": "USD", "asset_type": "credit_alphanum4", "asset_issuer": "GC23QF2HUE52AMXUFUH3AYJAXXGXXV2VHXYYR6EYXETPKDXZSAW67XO4"}');
INSERT INTO history_effects VALUES (8589946881, 21474840577, 1, 20, '{"limit": "4000.0000000", "asset_code": "USD", "asset_type": "credit_alphanum4", "asset_issuer": "GC23QF2HUE52AMXUFUH3AYJAXXGXXV2VHXYYR6EYXETPKDXZSAW67XO4"}');
INSERT INTO history_effects VALUES (8589938689, 25769807873, 1, 23, '{"trustor": "GCXKG6RN4ONIEPCMNFB732A436Z5PNDSRLGWK7GBLCMQLIFO4S7EYWVU", "asset_code": "USD", "asset_type": "credit_alphanum4"}');
INSERT INTO history_effects VALUES (8589938689, 30064775169, 1, 23, '{"trustor": "GBXGQJWVLWOYHFLVTKWV5FGHA3LNYY2JQKM7OAJAUEQFU6LPCSEFVXON", "asset_code": "USD", "asset_type": "credit_alphanum4"}');
INSERT INTO history_effects VALUES (8589938689, 34359742465, 1, 24, '{"trustor": "GBXGQJWVLWOYHFLVTKWV5FGHA3LNYY2JQKM7OAJAUEQFU6LPCSEFVXON", "asset_code": "USD", "asset_type": "credit_alphanum4"}');


--
-- Data for Name: history_ledgers; Type: TABLE DATA; Schema: public; Owner: -
--

INSERT INTO history_ledgers VALUES (1, '63d98f536ee68d1b27b5b89f23af5311b7569a24faf1403ad0b52b633b07be99', NULL, 0, 0, '1970-01-01 00:00:00', '2016-03-22 16:08:11.387986', '2016-03-22 16:08:11.387986', 4294967296, 5, 1000000000000000000, 0, 100, 100000000, 100);
INSERT INTO history_ledgers VALUES (2, '3e4369447e1f510b0c9cc3c97713a213d6cf379880ecd80ecf0a715ee6220930', '63d98f536ee68d1b27b5b89f23af5311b7569a24faf1403ad0b52b633b07be99', 3, 3, '2016-03-22 16:08:09', '2016-03-22 16:08:11.399998', '2016-03-22 16:08:11.399998', 8589934592, 5, 1000000000000000000, 300, 100, 100000000, 10000);
INSERT INTO history_ledgers VALUES (3, '032917e0e85d097843764846a0d82c14bb0f8e73cabbfcd003a5111a5f32c5d9', '3e4369447e1f510b0c9cc3c97713a213d6cf379880ecd80ecf0a715ee6220930', 2, 2, '2016-03-22 16:08:10', '2016-03-22 16:08:11.48147', '2016-03-22 16:08:11.48147', 12884901888, 5, 1000000000000000000, 500, 100, 100000000, 10000);
INSERT INTO history_ledgers VALUES (4, 'cab34e504843017d6331b03b852f13b41e02bb6577e87f178e705333092d04ff', '032917e0e85d097843764846a0d82c14bb0f8e73cabbfcd003a5111a5f32c5d9', 1, 1, '2016-03-22 16:08:11', '2016-03-22 16:08:11.514979', '2016-03-22 16:08:11.514979', 17179869184, 5, 1000000000000000000, 600, 100, 100000000, 10000);
INSERT INTO history_ledgers VALUES (5, 'f33708ae768e93033985edaa387c97efd6925e725bd0c2b8c1b70f645467505a', 'cab34e504843017d6331b03b852f13b41e02bb6577e87f178e705333092d04ff', 1, 1, '2016-03-22 16:08:12', '2016-03-22 16:08:11.539019', '2016-03-22 16:08:11.539019', 21474836480, 5, 1000000000000000000, 700, 100, 100000000, 10000);
INSERT INTO history_ledgers VALUES (6, 'fb568a3aefb5484a357e0d8d8f6d0113e95b82c6334b720c1e34b9fc133c6187', 'f33708ae768e93033985edaa387c97efd6925e725bd0c2b8c1b70f645467505a', 1, 1, '2016-03-22 16:08:13', '2016-03-22 16:08:11.563826', '2016-03-22 16:08:11.563826', 25769803776, 5, 1000000000000000000, 800, 100, 100000000, 10000);
INSERT INTO history_ledgers VALUES (7, '69faabfcbfa1a28de52323cd647ea2b5931e8e07475f037e866acabba759c27f', 'fb568a3aefb5484a357e0d8d8f6d0113e95b82c6334b720c1e34b9fc133c6187', 1, 1, '2016-03-22 16:08:14', '2016-03-22 16:08:11.589207', '2016-03-22 16:08:11.589207', 30064771072, 5, 1000000000000000000, 900, 100, 100000000, 10000);
INSERT INTO history_ledgers VALUES (8, 'b4fd0a1deec7f8b90fb91c067567fb15776a1176c380fcf6c1faddcd63311104', '69faabfcbfa1a28de52323cd647ea2b5931e8e07475f037e866acabba759c27f', 1, 1, '2016-03-22 16:08:15', '2016-03-22 16:08:11.617169', '2016-03-22 16:08:11.617169', 34359738368, 5, 1000000000000000000, 1000, 100, 100000000, 10000);
INSERT INTO history_ledgers VALUES (9, '42751611629b320c79a620947d506a01f0423225ee50871428b1dac92b9d5669', 'b4fd0a1deec7f8b90fb91c067567fb15776a1176c380fcf6c1faddcd63311104', 0, 0, '2016-03-22 16:08:16', '2016-03-22 16:08:11.649831', '2016-03-22 16:08:11.649831', 38654705664, 5, 1000000000000000000, 1000, 100, 100000000, 10000);


--
-- Data for Name: history_operation_participants; Type: TABLE DATA; Schema: public; Owner: -
--

INSERT INTO history_operation_participants VALUES (822, 8589938689, 1);
INSERT INTO history_operation_participants VALUES (823, 8589938689, 8589938689);
INSERT INTO history_operation_participants VALUES (824, 8589942785, 1);
INSERT INTO history_operation_participants VALUES (825, 8589942785, 8589942785);
INSERT INTO history_operation_participants VALUES (826, 8589946881, 1);
INSERT INTO history_operation_participants VALUES (827, 8589946881, 8589946881);
INSERT INTO history_operation_participants VALUES (828, 12884905985, 8589938689);
INSERT INTO history_operation_participants VALUES (829, 12884910081, 8589938689);
INSERT INTO history_operation_participants VALUES (830, 17179873281, 8589942785);
INSERT INTO history_operation_participants VALUES (831, 21474840577, 8589946881);
INSERT INTO history_operation_participants VALUES (832, 25769807873, 8589938689);
INSERT INTO history_operation_participants VALUES (833, 30064775169, 8589938689);
INSERT INTO history_operation_participants VALUES (834, 34359742465, 8589938689);


--
-- Name: history_operation_participants_id_seq; Type: SEQUENCE SET; Schema: public; Owner: -
--

SELECT pg_catalog.setval('history_operation_participants_id_seq', 834, true);


--
-- Data for Name: history_operations; Type: TABLE DATA; Schema: public; Owner: -
--

INSERT INTO history_operations VALUES (8589938689, 8589938688, 1, 0, '{"funder": "GBRPYHIL2CI3FNQ4BXLFMNDLFJUNPU2HY3ZMFSHONUCEOASW7QC7OX2H", "account": "GC23QF2HUE52AMXUFUH3AYJAXXGXXV2VHXYYR6EYXETPKDXZSAW67XO4", "starting_balance": "1000.0000000"}', 'GBRPYHIL2CI3FNQ4BXLFMNDLFJUNPU2HY3ZMFSHONUCEOASW7QC7OX2H');
INSERT INTO history_operations VALUES (8589942785, 8589942784, 1, 0, '{"funder": "GBRPYHIL2CI3FNQ4BXLFMNDLFJUNPU2HY3ZMFSHONUCEOASW7QC7OX2H", "account": "GCXKG6RN4ONIEPCMNFB732A436Z5PNDSRLGWK7GBLCMQLIFO4S7EYWVU", "starting_balance": "1000.0000000"}', 'GBRPYHIL2CI3FNQ4BXLFMNDLFJUNPU2HY3ZMFSHONUCEOASW7QC7OX2H');
INSERT INTO history_operations VALUES (8589946881, 8589946880, 1, 0, '{"funder": "GBRPYHIL2CI3FNQ4BXLFMNDLFJUNPU2HY3ZMFSHONUCEOASW7QC7OX2H", "account": "GBXGQJWVLWOYHFLVTKWV5FGHA3LNYY2JQKM7OAJAUEQFU6LPCSEFVXON", "starting_balance": "1000.0000000"}', 'GBRPYHIL2CI3FNQ4BXLFMNDLFJUNPU2HY3ZMFSHONUCEOASW7QC7OX2H');
INSERT INTO history_operations VALUES (12884905985, 12884905984, 1, 5, '{"set_flags": [1], "set_flags_s": ["auth_required_flag"]}', 'GC23QF2HUE52AMXUFUH3AYJAXXGXXV2VHXYYR6EYXETPKDXZSAW67XO4');
INSERT INTO history_operations VALUES (12884910081, 12884910080, 1, 5, '{"set_flags": [2], "set_flags_s": ["auth_revocable_flag"]}', 'GC23QF2HUE52AMXUFUH3AYJAXXGXXV2VHXYYR6EYXETPKDXZSAW67XO4');
INSERT INTO history_operations VALUES (17179873281, 17179873280, 1, 6, '{"limit": "922337203685.4775807", "trustee": "GC23QF2HUE52AMXUFUH3AYJAXXGXXV2VHXYYR6EYXETPKDXZSAW67XO4", "trustor": "GCXKG6RN4ONIEPCMNFB732A436Z5PNDSRLGWK7GBLCMQLIFO4S7EYWVU", "asset_code": "USD", "asset_type": "credit_alphanum4", "asset_issuer": "GC23QF2HUE52AMXUFUH3AYJAXXGXXV2VHXYYR6EYXETPKDXZSAW67XO4"}', 'GCXKG6RN4ONIEPCMNFB732A436Z5PNDSRLGWK7GBLCMQLIFO4S7EYWVU');
INSERT INTO history_operations VALUES (21474840577, 21474840576, 1, 6, '{"limit": "4000.0000000", "trustee": "GC23QF2HUE52AMXUFUH3AYJAXXGXXV2VHXYYR6EYXETPKDXZSAW67XO4", "trustor": "GBXGQJWVLWOYHFLVTKWV5FGHA3LNYY2JQKM7OAJAUEQFU6LPCSEFVXON", "asset_code": "USD", "asset_type": "credit_alphanum4", "asset_issuer": "GC23QF2HUE52AMXUFUH3AYJAXXGXXV2VHXYYR6EYXETPKDXZSAW67XO4"}', 'GBXGQJWVLWOYHFLVTKWV5FGHA3LNYY2JQKM7OAJAUEQFU6LPCSEFVXON');
INSERT INTO history_operations VALUES (25769807873, 25769807872, 1, 7, '{"trustee": "GC23QF2HUE52AMXUFUH3AYJAXXGXXV2VHXYYR6EYXETPKDXZSAW67XO4", "trustor": "GCXKG6RN4ONIEPCMNFB732A436Z5PNDSRLGWK7GBLCMQLIFO4S7EYWVU", "authorize": true, "asset_code": "USD", "asset_type": "credit_alphanum4", "asset_issuer": "GC23QF2HUE52AMXUFUH3AYJAXXGXXV2VHXYYR6EYXETPKDXZSAW67XO4"}', 'GC23QF2HUE52AMXUFUH3AYJAXXGXXV2VHXYYR6EYXETPKDXZSAW67XO4');
INSERT INTO history_operations VALUES (30064775169, 30064775168, 1, 7, '{"trustee": "GC23QF2HUE52AMXUFUH3AYJAXXGXXV2VHXYYR6EYXETPKDXZSAW67XO4", "trustor": "GBXGQJWVLWOYHFLVTKWV5FGHA3LNYY2JQKM7OAJAUEQFU6LPCSEFVXON", "authorize": true, "asset_code": "USD", "asset_type": "credit_alphanum4", "asset_issuer": "GC23QF2HUE52AMXUFUH3AYJAXXGXXV2VHXYYR6EYXETPKDXZSAW67XO4"}', 'GC23QF2HUE52AMXUFUH3AYJAXXGXXV2VHXYYR6EYXETPKDXZSAW67XO4');
INSERT INTO history_operations VALUES (34359742465, 34359742464, 1, 7, '{"trustee": "GC23QF2HUE52AMXUFUH3AYJAXXGXXV2VHXYYR6EYXETPKDXZSAW67XO4", "trustor": "GBXGQJWVLWOYHFLVTKWV5FGHA3LNYY2JQKM7OAJAUEQFU6LPCSEFVXON", "authorize": false, "asset_code": "USD", "asset_type": "credit_alphanum4", "asset_issuer": "GC23QF2HUE52AMXUFUH3AYJAXXGXXV2VHXYYR6EYXETPKDXZSAW67XO4"}', 'GC23QF2HUE52AMXUFUH3AYJAXXGXXV2VHXYYR6EYXETPKDXZSAW67XO4');


--
-- Data for Name: history_transaction_participants; Type: TABLE DATA; Schema: public; Owner: -
--

INSERT INTO history_transaction_participants VALUES (841, 'db398eb4ae89756325643cad21c94e13bfc074b323ee83e141bf701a5d904f1b', 'GBRPYHIL2CI3FNQ4BXLFMNDLFJUNPU2HY3ZMFSHONUCEOASW7QC7OX2H', '2016-03-22 16:08:11.406668', '2016-03-22 16:08:11.406668');
INSERT INTO history_transaction_participants VALUES (842, 'db398eb4ae89756325643cad21c94e13bfc074b323ee83e141bf701a5d904f1b', 'GC23QF2HUE52AMXUFUH3AYJAXXGXXV2VHXYYR6EYXETPKDXZSAW67XO4', '2016-03-22 16:08:11.408106', '2016-03-22 16:08:11.408106');
INSERT INTO history_transaction_participants VALUES (843, 'f97caffab8c16023a37884165cb0b3ff1aa2daf4000fef49d21efc847ddbfbea', 'GBRPYHIL2CI3FNQ4BXLFMNDLFJUNPU2HY3ZMFSHONUCEOASW7QC7OX2H', '2016-03-22 16:08:11.431493', '2016-03-22 16:08:11.431493');
INSERT INTO history_transaction_participants VALUES (844, 'f97caffab8c16023a37884165cb0b3ff1aa2daf4000fef49d21efc847ddbfbea', 'GCXKG6RN4ONIEPCMNFB732A436Z5PNDSRLGWK7GBLCMQLIFO4S7EYWVU', '2016-03-22 16:08:11.432514', '2016-03-22 16:08:11.432514');
INSERT INTO history_transaction_participants VALUES (845, '90880ac53815dac8441add0220a7631ef5eac3d57c2e89634ea9b5203f61a8e4', 'GBRPYHIL2CI3FNQ4BXLFMNDLFJUNPU2HY3ZMFSHONUCEOASW7QC7OX2H', '2016-03-22 16:08:11.454129', '2016-03-22 16:08:11.454129');
INSERT INTO history_transaction_participants VALUES (846, '90880ac53815dac8441add0220a7631ef5eac3d57c2e89634ea9b5203f61a8e4', 'GBXGQJWVLWOYHFLVTKWV5FGHA3LNYY2JQKM7OAJAUEQFU6LPCSEFVXON', '2016-03-22 16:08:11.455312', '2016-03-22 16:08:11.455312');
INSERT INTO history_transaction_participants VALUES (847, '7a707186a5cc36a0e520548ae511b53896c0391ce166d40da80588cbaae6aa2c', 'GC23QF2HUE52AMXUFUH3AYJAXXGXXV2VHXYYR6EYXETPKDXZSAW67XO4', '2016-03-22 16:08:11.486912', '2016-03-22 16:08:11.486912');
INSERT INTO history_transaction_participants VALUES (848, 'c6bfdd93f1470df9dfa3ef95d57ba28cecace068d9f2bb040a79ffc7c5d96cb9', 'GC23QF2HUE52AMXUFUH3AYJAXXGXXV2VHXYYR6EYXETPKDXZSAW67XO4', '2016-03-22 16:08:11.498745', '2016-03-22 16:08:11.498745');
INSERT INTO history_transaction_participants VALUES (849, 'bd486dbdd02d460817671c4a5a7e9d6e865ca29cb41e62d7aaf70a2fee5b36de', 'GCXKG6RN4ONIEPCMNFB732A436Z5PNDSRLGWK7GBLCMQLIFO4S7EYWVU', '2016-03-22 16:08:11.520713', '2016-03-22 16:08:11.520713');
INSERT INTO history_transaction_participants VALUES (850, 'b55d768a4e8e712da20efdee0e7d85f02948f9b6fd3ef2daefd3a5a147ecd63d', 'GBXGQJWVLWOYHFLVTKWV5FGHA3LNYY2JQKM7OAJAUEQFU6LPCSEFVXON', '2016-03-22 16:08:11.545144', '2016-03-22 16:08:11.545144');
INSERT INTO history_transaction_participants VALUES (851, '3b666a253313fc7a0d241ee28064eec78aaa5ebd0a7c0ae7f85259e80fad029f', 'GC23QF2HUE52AMXUFUH3AYJAXXGXXV2VHXYYR6EYXETPKDXZSAW67XO4', '2016-03-22 16:08:11.569828', '2016-03-22 16:08:11.569828');
INSERT INTO history_transaction_participants VALUES (852, '3b666a253313fc7a0d241ee28064eec78aaa5ebd0a7c0ae7f85259e80fad029f', 'GCXKG6RN4ONIEPCMNFB732A436Z5PNDSRLGWK7GBLCMQLIFO4S7EYWVU', '2016-03-22 16:08:11.570949', '2016-03-22 16:08:11.570949');
INSERT INTO history_transaction_participants VALUES (853, '3f2aa00ba539e24ba9c0ba62f50318d8c7180f2d6757cc76e9984055c5e19ff4', 'GC23QF2HUE52AMXUFUH3AYJAXXGXXV2VHXYYR6EYXETPKDXZSAW67XO4', '2016-03-22 16:08:11.59595', '2016-03-22 16:08:11.59595');
INSERT INTO history_transaction_participants VALUES (854, '3f2aa00ba539e24ba9c0ba62f50318d8c7180f2d6757cc76e9984055c5e19ff4', 'GBXGQJWVLWOYHFLVTKWV5FGHA3LNYY2JQKM7OAJAUEQFU6LPCSEFVXON', '2016-03-22 16:08:11.597145', '2016-03-22 16:08:11.597145');
INSERT INTO history_transaction_participants VALUES (855, '3ce9fc1159c25adc62c9686792cd41f06908280b899744057856db33bafe75de', 'GC23QF2HUE52AMXUFUH3AYJAXXGXXV2VHXYYR6EYXETPKDXZSAW67XO4', '2016-03-22 16:08:11.622823', '2016-03-22 16:08:11.622823');
INSERT INTO history_transaction_participants VALUES (856, '3ce9fc1159c25adc62c9686792cd41f06908280b899744057856db33bafe75de', 'GBXGQJWVLWOYHFLVTKWV5FGHA3LNYY2JQKM7OAJAUEQFU6LPCSEFVXON', '2016-03-22 16:08:11.623827', '2016-03-22 16:08:11.623827');


--
-- Name: history_transaction_participants_id_seq; Type: SEQUENCE SET; Schema: public; Owner: -
--

SELECT pg_catalog.setval('history_transaction_participants_id_seq', 856, true);


--
-- Data for Name: history_transaction_statuses; Type: TABLE DATA; Schema: public; Owner: -
--



--
-- Name: history_transaction_statuses_id_seq; Type: SEQUENCE SET; Schema: public; Owner: -
--

SELECT pg_catalog.setval('history_transaction_statuses_id_seq', 1, false);


--
-- Data for Name: history_transactions; Type: TABLE DATA; Schema: public; Owner: -
--

INSERT INTO history_transactions VALUES ('db398eb4ae89756325643cad21c94e13bfc074b323ee83e141bf701a5d904f1b', 2, 1, 'GBRPYHIL2CI3FNQ4BXLFMNDLFJUNPU2HY3ZMFSHONUCEOASW7QC7OX2H', 1, 100, 1, '2016-03-22 16:08:11.404086', '2016-03-22 16:08:11.404086', 8589938688, 'AAAAAGL8HQvQkbK2HA3WVjRrKmjX00fG8sLI7m0ERwJW/AX3AAAAZAAAAAAAAAABAAAAAAAAAAAAAAABAAAAAAAAAAAAAAAAtbgXR6E7oDL0LQ+wYSC9zXvXVT3xiPiYuSb1DvmQLe8AAAACVAvkAAAAAAAAAAABVvwF9wAAAEAYjQcPT2G5hqnBmgGGeg9J8l4c1EnUlxklElH9sqZr0971F6OLWfe/m4kpFtI+sI0i1qLit5A0JyWnbhYLW5oD', 'AAAAAAAAAGQAAAAAAAAAAQAAAAAAAAAAAAAAAAAAAAA=', 'AAAAAAAAAAEAAAACAAAAAAAAAAIAAAAAAAAAALW4F0ehO6Ay9C0PsGEgvc1711U98Yj4mLkm9Q75kC3vAAAAAlQL5AAAAAACAAAAAAAAAAAAAAAAAAAAAAAAAAABAAAAAAAAAAAAAAAAAAAAAAAAAQAAAAIAAAAAAAAAAGL8HQvQkbK2HA3WVjRrKmjX00fG8sLI7m0ERwJW/AX3DeC2sVNYGtQAAAAAAAAAAwAAAAAAAAAAAAAAAAAAAAABAAAAAAAAAAAAAAAAAAAA', 'AAAAAgAAAAMAAAABAAAAAAAAAABi/B0L0JGythwN1lY0aypo19NHxvLCyO5tBEcCVvwF9w3gtrOnZAAAAAAAAAAAAAAAAAAAAAAAAAAAAAAAAAAAAQAAAAAAAAAAAAAAAAAAAAAAAAEAAAACAAAAAAAAAABi/B0L0JGythwN1lY0aypo19NHxvLCyO5tBEcCVvwF9w3gtrOnY/+cAAAAAAAAAAEAAAAAAAAAAAAAAAAAAAAAAQAAAAAAAAAAAAAAAAAAAA==', '{GI0HD09huYapwZoBhnoPSfJeHNRJ1JcZJRJR/bKma9Pe9Reji1n3v5uJKRbSPrCNItai4reQNCclp24WC1uaAw==}', 'none', NULL, NULL);
INSERT INTO history_transactions VALUES ('f97caffab8c16023a37884165cb0b3ff1aa2daf4000fef49d21efc847ddbfbea', 2, 2, 'GBRPYHIL2CI3FNQ4BXLFMNDLFJUNPU2HY3ZMFSHONUCEOASW7QC7OX2H', 2, 100, 1, '2016-03-22 16:08:11.429333', '2016-03-22 16:08:11.429333', 8589942784, 'AAAAAGL8HQvQkbK2HA3WVjRrKmjX00fG8sLI7m0ERwJW/AX3AAAAZAAAAAAAAAACAAAAAAAAAAAAAAABAAAAAAAAAAAAAAAArqN6LeOagjxMaUP96Bzfs9e0corNZXzBWJkFoK7kvkwAAAACVAvkAAAAAAAAAAABVvwF9wAAAEBmKpSgvrwKO20XCOfYfXsGEEUtwYaaEfqSu6ymJmlDma+IX6I7IggbUZMocQdZ94IMAfKdQANqXbIO7ysweeMC', 'AAAAAAAAAGQAAAAAAAAAAQAAAAAAAAAAAAAAAAAAAAA=', 'AAAAAAAAAAEAAAACAAAAAAAAAAIAAAAAAAAAAK6jei3jmoI8TGlD/egc37PXtHKKzWV8wViZBaCu5L5MAAAAAlQL5AAAAAACAAAAAAAAAAAAAAAAAAAAAAAAAAABAAAAAAAAAAAAAAAAAAAAAAAAAQAAAAIAAAAAAAAAAGL8HQvQkbK2HA3WVjRrKmjX00fG8sLI7m0ERwJW/AX3DeC2rv9MNtQAAAAAAAAAAwAAAAAAAAAAAAAAAAAAAAABAAAAAAAAAAAAAAAAAAAA', 'AAAAAQAAAAEAAAACAAAAAAAAAABi/B0L0JGythwN1lY0aypo19NHxvLCyO5tBEcCVvwF9w3gtrOnY/84AAAAAAAAAAIAAAAAAAAAAAAAAAAAAAAAAQAAAAAAAAAAAAAAAAAAAA==', '{ZiqUoL68CjttFwjn2H17BhBFLcGGmhH6kruspiZpQ5mviF+iOyIIG1GTKHEHWfeCDAHynUADal2yDu8rMHnjAg==}', 'none', NULL, NULL);
INSERT INTO history_transactions VALUES ('90880ac53815dac8441add0220a7631ef5eac3d57c2e89634ea9b5203f61a8e4', 2, 3, 'GBRPYHIL2CI3FNQ4BXLFMNDLFJUNPU2HY3ZMFSHONUCEOASW7QC7OX2H', 3, 100, 1, '2016-03-22 16:08:11.451946', '2016-03-22 16:08:11.451946', 8589946880, 'AAAAAGL8HQvQkbK2HA3WVjRrKmjX00fG8sLI7m0ERwJW/AX3AAAAZAAAAAAAAAADAAAAAAAAAAAAAAABAAAAAAAAAAAAAAAAbmgm1V2dg5V1mq1elMcG1txjSYKZ9wEgoSBaeW8UiFoAAAACVAvkAAAAAAAAAAABVvwF9wAAAEBdX4R/Ghzq8/r+u8PL+sNriHsS5lW1Vt+9eCe0nnWMNTzMgcUbarePbrpD2gr8DjVumcmpVH9wG2GXtWvwzXoL', 'AAAAAAAAAGQAAAAAAAAAAQAAAAAAAAAAAAAAAAAAAAA=', 'AAAAAAAAAAEAAAACAAAAAAAAAAIAAAAAAAAAAG5oJtVdnYOVdZqtXpTHBtbcY0mCmfcBIKEgWnlvFIhaAAAAAlQL5AAAAAACAAAAAAAAAAAAAAAAAAAAAAAAAAABAAAAAAAAAAAAAAAAAAAAAAAAAQAAAAIAAAAAAAAAAGL8HQvQkbK2HA3WVjRrKmjX00fG8sLI7m0ERwJW/AX3DeC2rKtAUtQAAAAAAAAAAwAAAAAAAAAAAAAAAAAAAAABAAAAAAAAAAAAAAAAAAAA', 'AAAAAQAAAAEAAAACAAAAAAAAAABi/B0L0JGythwN1lY0aypo19NHxvLCyO5tBEcCVvwF9w3gtrOnY/7UAAAAAAAAAAMAAAAAAAAAAAAAAAAAAAAAAQAAAAAAAAAAAAAAAAAAAA==', '{XV+Efxoc6vP6/rvDy/rDa4h7EuZVtVbfvXgntJ51jDU8zIHFG2q3j266Q9oK/A41bpnJqVR/cBthl7Vr8M16Cw==}', 'none', NULL, NULL);
INSERT INTO history_transactions VALUES ('7a707186a5cc36a0e520548ae511b53896c0391ce166d40da80588cbaae6aa2c', 3, 1, 'GC23QF2HUE52AMXUFUH3AYJAXXGXXV2VHXYYR6EYXETPKDXZSAW67XO4', 8589934593, 100, 1, '2016-03-22 16:08:11.484964', '2016-03-22 16:08:11.484964', 12884905984, 'AAAAALW4F0ehO6Ay9C0PsGEgvc1711U98Yj4mLkm9Q75kC3vAAAAZAAAAAIAAAABAAAAAAAAAAAAAAABAAAAAAAAAAUAAAAAAAAAAQAAAAAAAAABAAAAAQAAAAAAAAAAAAAAAAAAAAAAAAAAAAAAAAAAAAAAAAAB+ZAt7wAAAEDBhDOsFWP2KCoZuJDRXuiNm0CjgVKLLtdZi/A3OfrCsgvX8izhAllXkRqrXyitSvGo3kQh6V/S/tnQbrYgHQQG', 'AAAAAAAAAGQAAAAAAAAAAQAAAAAAAAAFAAAAAAAAAAA=', 'AAAAAAAAAAEAAAABAAAAAQAAAAMAAAAAAAAAALW4F0ehO6Ay9C0PsGEgvc1711U98Yj4mLkm9Q75kC3vAAAAAlQL4zgAAAACAAAAAgAAAAAAAAAAAAAAAQAAAAABAAAAAAAAAAAAAAAAAAAA', 'AAAAAgAAAAMAAAACAAAAAAAAAAC1uBdHoTugMvQtD7BhIL3Ne9dVPfGI+Ji5JvUO+ZAt7wAAAAJUC+QAAAAAAgAAAAAAAAAAAAAAAAAAAAAAAAAAAQAAAAAAAAAAAAAAAAAAAAAAAAEAAAADAAAAAAAAAAC1uBdHoTugMvQtD7BhIL3Ne9dVPfGI+Ji5JvUO+ZAt7wAAAAJUC+OcAAAAAgAAAAEAAAAAAAAAAAAAAAAAAAAAAQAAAAAAAAAAAAAAAAAAAA==', '{wYQzrBVj9igqGbiQ0V7ojZtAo4FSiy7XWYvwNzn6wrIL1/Is4QJZV5Eaq18orUrxqN5EIelf0v7Z0G62IB0EBg==}', 'none', NULL, NULL);
INSERT INTO history_transactions VALUES ('c6bfdd93f1470df9dfa3ef95d57ba28cecace068d9f2bb040a79ffc7c5d96cb9', 3, 2, 'GC23QF2HUE52AMXUFUH3AYJAXXGXXV2VHXYYR6EYXETPKDXZSAW67XO4', 8589934594, 100, 1, '2016-03-22 16:08:11.49682', '2016-03-22 16:08:11.49682', 12884910080, 'AAAAALW4F0ehO6Ay9C0PsGEgvc1711U98Yj4mLkm9Q75kC3vAAAAZAAAAAIAAAACAAAAAAAAAAAAAAABAAAAAAAAAAUAAAAAAAAAAQAAAAAAAAABAAAAAgAAAAAAAAAAAAAAAAAAAAAAAAAAAAAAAAAAAAAAAAAB+ZAt7wAAAEBVJkTQTFlpFKoMhcibMpdJ5khR91LY3zPQwv/e5Ov7XIcWKGIv5sDfgyhaK/x5WYWfawNWcc5fMlW7c/PxGOQJ', 'AAAAAAAAAGQAAAAAAAAAAQAAAAAAAAAFAAAAAAAAAAA=', 'AAAAAAAAAAEAAAABAAAAAQAAAAMAAAAAAAAAALW4F0ehO6Ay9C0PsGEgvc1711U98Yj4mLkm9Q75kC3vAAAAAlQL4zgAAAACAAAAAgAAAAAAAAAAAAAAAwAAAAABAAAAAAAAAAAAAAAAAAAA', 'AAAAAQAAAAEAAAADAAAAAAAAAAC1uBdHoTugMvQtD7BhIL3Ne9dVPfGI+Ji5JvUO+ZAt7wAAAAJUC+M4AAAAAgAAAAIAAAAAAAAAAAAAAAAAAAAAAQAAAAAAAAAAAAAAAAAAAA==', '{VSZE0ExZaRSqDIXImzKXSeZIUfdS2N8z0ML/3uTr+1yHFihiL+bA34MoWiv8eVmFn2sDVnHOXzJVu3Pz8RjkCQ==}', 'none', NULL, NULL);
INSERT INTO history_transactions VALUES ('bd486dbdd02d460817671c4a5a7e9d6e865ca29cb41e62d7aaf70a2fee5b36de', 4, 1, 'GCXKG6RN4ONIEPCMNFB732A436Z5PNDSRLGWK7GBLCMQLIFO4S7EYWVU', 8589934593, 100, 1, '2016-03-22 16:08:11.518499', '2016-03-22 16:08:11.518499', 17179873280, 'AAAAAK6jei3jmoI8TGlD/egc37PXtHKKzWV8wViZBaCu5L5MAAAAZAAAAAIAAAABAAAAAAAAAAAAAAABAAAAAAAAAAYAAAABVVNEAAAAAAC1uBdHoTugMvQtD7BhIL3Ne9dVPfGI+Ji5JvUO+ZAt73//////////AAAAAAAAAAGu5L5MAAAAQB9kmKW2q3v7Qfy8PMekEb1TTI5ixqkI0BogXrOt7gO162Qbkh2dSTUfeDovc0PAafhDXxthVAlsLujlBmyjBAY=', 'AAAAAAAAAGQAAAAAAAAAAQAAAAAAAAAGAAAAAAAAAAA=', 'AAAAAAAAAAEAAAACAAAAAAAAAAQAAAABAAAAAK6jei3jmoI8TGlD/egc37PXtHKKzWV8wViZBaCu5L5MAAAAAVVTRAAAAAAAtbgXR6E7oDL0LQ+wYSC9zXvXVT3xiPiYuSb1DvmQLe8AAAAAAAAAAH//////////AAAAAAAAAAAAAAAAAAAAAQAAAAQAAAAAAAAAAK6jei3jmoI8TGlD/egc37PXtHKKzWV8wViZBaCu5L5MAAAAAlQL45wAAAACAAAAAQAAAAEAAAAAAAAAAAAAAAABAAAAAAAAAAAAAAAAAAAA', 'AAAAAgAAAAMAAAACAAAAAAAAAACuo3ot45qCPExpQ/3oHN+z17Ryis1lfMFYmQWgruS+TAAAAAJUC+QAAAAAAgAAAAAAAAAAAAAAAAAAAAAAAAAAAQAAAAAAAAAAAAAAAAAAAAAAAAEAAAAEAAAAAAAAAACuo3ot45qCPExpQ/3oHN+z17Ryis1lfMFYmQWgruS+TAAAAAJUC+OcAAAAAgAAAAEAAAAAAAAAAAAAAAAAAAAAAQAAAAAAAAAAAAAAAAAAAA==', '{H2SYpbare/tB/Lw8x6QRvVNMjmLGqQjQGiBes63uA7XrZBuSHZ1JNR94Oi9zQ8Bp+ENfG2FUCWwu6OUGbKMEBg==}', 'none', NULL, NULL);
INSERT INTO history_transactions VALUES ('b55d768a4e8e712da20efdee0e7d85f02948f9b6fd3ef2daefd3a5a147ecd63d', 5, 1, 'GBXGQJWVLWOYHFLVTKWV5FGHA3LNYY2JQKM7OAJAUEQFU6LPCSEFVXON', 8589934593, 100, 1, '2016-03-22 16:08:11.542844', '2016-03-22 16:08:11.542844', 21474840576, 'AAAAAG5oJtVdnYOVdZqtXpTHBtbcY0mCmfcBIKEgWnlvFIhaAAAAZAAAAAIAAAABAAAAAAAAAAAAAAABAAAAAAAAAAYAAAABVVNEAAAAAAC1uBdHoTugMvQtD7BhIL3Ne9dVPfGI+Ji5JvUO+ZAt7wAAAAlQL5AAAAAAAAAAAAFvFIhaAAAAQBlpm/6rv5JvbN2AKUSlH+4idIlX0cM678QXxK+il0u7z3KLORdzKSkLnS5WdLZlAB6iDmoKI5WbydQLktNtDQA=', 'AAAAAAAAAGQAAAAAAAAAAQAAAAAAAAAGAAAAAAAAAAA=', 'AAAAAAAAAAEAAAACAAAAAAAAAAUAAAABAAAAAG5oJtVdnYOVdZqtXpTHBtbcY0mCmfcBIKEgWnlvFIhaAAAAAVVTRAAAAAAAtbgXR6E7oDL0LQ+wYSC9zXvXVT3xiPiYuSb1DvmQLe8AAAAAAAAAAAAAAAlQL5AAAAAAAAAAAAAAAAAAAAAAAQAAAAUAAAAAAAAAAG5oJtVdnYOVdZqtXpTHBtbcY0mCmfcBIKEgWnlvFIhaAAAAAlQL45wAAAACAAAAAQAAAAEAAAAAAAAAAAAAAAABAAAAAAAAAAAAAAAAAAAA', 'AAAAAgAAAAMAAAACAAAAAAAAAABuaCbVXZ2DlXWarV6UxwbW3GNJgpn3ASChIFp5bxSIWgAAAAJUC+QAAAAAAgAAAAAAAAAAAAAAAAAAAAAAAAAAAQAAAAAAAAAAAAAAAAAAAAAAAAEAAAAFAAAAAAAAAABuaCbVXZ2DlXWarV6UxwbW3GNJgpn3ASChIFp5bxSIWgAAAAJUC+OcAAAAAgAAAAEAAAAAAAAAAAAAAAAAAAAAAQAAAAAAAAAAAAAAAAAAAA==', '{GWmb/qu/km9s3YApRKUf7iJ0iVfRwzrvxBfEr6KXS7vPcos5F3MpKQudLlZ0tmUAHqIOagojlZvJ1AuS020NAA==}', 'none', NULL, NULL);
INSERT INTO history_transactions VALUES ('3b666a253313fc7a0d241ee28064eec78aaa5ebd0a7c0ae7f85259e80fad029f', 6, 1, 'GC23QF2HUE52AMXUFUH3AYJAXXGXXV2VHXYYR6EYXETPKDXZSAW67XO4', 8589934595, 100, 1, '2016-03-22 16:08:11.56745', '2016-03-22 16:08:11.56745', 25769807872, 'AAAAALW4F0ehO6Ay9C0PsGEgvc1711U98Yj4mLkm9Q75kC3vAAAAZAAAAAIAAAADAAAAAAAAAAAAAAABAAAAAAAAAAcAAAAArqN6LeOagjxMaUP96Bzfs9e0corNZXzBWJkFoK7kvkwAAAABVVNEAAAAAAEAAAAAAAAAAfmQLe8AAABAL6czYFvSBhdVeD4fbXOHuXFa2CDqLpFfc+QJnoiPLt/23YViURGLyfg388FKMKsbNJEgmFsCJjtgl3fj7wr/Aw==', 'AAAAAAAAAGQAAAAAAAAAAQAAAAAAAAAHAAAAAAAAAAA=', 'AAAAAAAAAAEAAAACAAAAAwAAAAQAAAABAAAAAK6jei3jmoI8TGlD/egc37PXtHKKzWV8wViZBaCu5L5MAAAAAVVTRAAAAAAAtbgXR6E7oDL0LQ+wYSC9zXvXVT3xiPiYuSb1DvmQLe8AAAAAAAAAAH//////////AAAAAAAAAAAAAAAAAAAAAQAAAAYAAAABAAAAAK6jei3jmoI8TGlD/egc37PXtHKKzWV8wViZBaCu5L5MAAAAAVVTRAAAAAAAtbgXR6E7oDL0LQ+wYSC9zXvXVT3xiPiYuSb1DvmQLe8AAAAAAAAAAH//////////AAAAAQAAAAAAAAAA', 'AAAAAgAAAAMAAAADAAAAAAAAAAC1uBdHoTugMvQtD7BhIL3Ne9dVPfGI+Ji5JvUO+ZAt7wAAAAJUC+M4AAAAAgAAAAIAAAAAAAAAAAAAAAMAAAAAAQAAAAAAAAAAAAAAAAAAAAAAAAEAAAAGAAAAAAAAAAC1uBdHoTugMvQtD7BhIL3Ne9dVPfGI+Ji5JvUO+ZAt7wAAAAJUC+LUAAAAAgAAAAMAAAAAAAAAAAAAAAMAAAAAAQAAAAAAAAAAAAAAAAAAAA==', '{L6czYFvSBhdVeD4fbXOHuXFa2CDqLpFfc+QJnoiPLt/23YViURGLyfg388FKMKsbNJEgmFsCJjtgl3fj7wr/Aw==}', 'none', NULL, NULL);
INSERT INTO history_transactions VALUES ('3f2aa00ba539e24ba9c0ba62f50318d8c7180f2d6757cc76e9984055c5e19ff4', 7, 1, 'GC23QF2HUE52AMXUFUH3AYJAXXGXXV2VHXYYR6EYXETPKDXZSAW67XO4', 8589934596, 100, 1, '2016-03-22 16:08:11.593167', '2016-03-22 16:08:11.593167', 30064775168, 'AAAAALW4F0ehO6Ay9C0PsGEgvc1711U98Yj4mLkm9Q75kC3vAAAAZAAAAAIAAAAEAAAAAAAAAAAAAAABAAAAAAAAAAcAAAAAbmgm1V2dg5V1mq1elMcG1txjSYKZ9wEgoSBaeW8UiFoAAAABVVNEAAAAAAEAAAAAAAAAAfmQLe8AAABA1TAQBu/2f7XHs/ctAJ5W7Ytk4jvQBopdO05zkSQoS8piu1mZm/tTvDTXEq/QUufpt/E8NBgKtNpcJXuMv5aPCw==', 'AAAAAAAAAGQAAAAAAAAAAQAAAAAAAAAHAAAAAAAAAAA=', 'AAAAAAAAAAEAAAACAAAAAwAAAAUAAAABAAAAAG5oJtVdnYOVdZqtXpTHBtbcY0mCmfcBIKEgWnlvFIhaAAAAAVVTRAAAAAAAtbgXR6E7oDL0LQ+wYSC9zXvXVT3xiPiYuSb1DvmQLe8AAAAAAAAAAAAAAAlQL5AAAAAAAAAAAAAAAAAAAAAAAQAAAAcAAAABAAAAAG5oJtVdnYOVdZqtXpTHBtbcY0mCmfcBIKEgWnlvFIhaAAAAAVVTRAAAAAAAtbgXR6E7oDL0LQ+wYSC9zXvXVT3xiPiYuSb1DvmQLe8AAAAAAAAAAAAAAAlQL5AAAAAAAQAAAAAAAAAA', 'AAAAAgAAAAMAAAAGAAAAAAAAAAC1uBdHoTugMvQtD7BhIL3Ne9dVPfGI+Ji5JvUO+ZAt7wAAAAJUC+LUAAAAAgAAAAMAAAAAAAAAAAAAAAMAAAAAAQAAAAAAAAAAAAAAAAAAAAAAAAEAAAAHAAAAAAAAAAC1uBdHoTugMvQtD7BhIL3Ne9dVPfGI+Ji5JvUO+ZAt7wAAAAJUC+JwAAAAAgAAAAQAAAAAAAAAAAAAAAMAAAAAAQAAAAAAAAAAAAAAAAAAAA==', '{1TAQBu/2f7XHs/ctAJ5W7Ytk4jvQBopdO05zkSQoS8piu1mZm/tTvDTXEq/QUufpt/E8NBgKtNpcJXuMv5aPCw==}', 'none', NULL, NULL);
INSERT INTO history_transactions VALUES ('3ce9fc1159c25adc62c9686792cd41f06908280b899744057856db33bafe75de', 8, 1, 'GC23QF2HUE52AMXUFUH3AYJAXXGXXV2VHXYYR6EYXETPKDXZSAW67XO4', 8589934597, 100, 1, '2016-03-22 16:08:11.620795', '2016-03-22 16:08:11.620795', 34359742464, 'AAAAALW4F0ehO6Ay9C0PsGEgvc1711U98Yj4mLkm9Q75kC3vAAAAZAAAAAIAAAAFAAAAAAAAAAAAAAABAAAAAAAAAAcAAAAAbmgm1V2dg5V1mq1elMcG1txjSYKZ9wEgoSBaeW8UiFoAAAABVVNEAAAAAAAAAAAAAAAAAfmQLe8AAABASafHp/zp11tF81MRvbAnx9gQNTXdLW4DmoIofkgoG+jJw/Xj/k+N5WvSjqGrGF33uB6KnD+wAfQIhf0/DlxpBQ==', 'AAAAAAAAAGQAAAAAAAAAAQAAAAAAAAAHAAAAAAAAAAA=', 'AAAAAAAAAAEAAAACAAAAAwAAAAcAAAABAAAAAG5oJtVdnYOVdZqtXpTHBtbcY0mCmfcBIKEgWnlvFIhaAAAAAVVTRAAAAAAAtbgXR6E7oDL0LQ+wYSC9zXvXVT3xiPiYuSb1DvmQLe8AAAAAAAAAAAAAAAlQL5AAAAAAAQAAAAAAAAAAAAAAAQAAAAgAAAABAAAAAG5oJtVdnYOVdZqtXpTHBtbcY0mCmfcBIKEgWnlvFIhaAAAAAVVTRAAAAAAAtbgXR6E7oDL0LQ+wYSC9zXvXVT3xiPiYuSb1DvmQLe8AAAAAAAAAAAAAAAlQL5AAAAAAAAAAAAAAAAAA', 'AAAAAgAAAAMAAAAHAAAAAAAAAAC1uBdHoTugMvQtD7BhIL3Ne9dVPfGI+Ji5JvUO+ZAt7wAAAAJUC+JwAAAAAgAAAAQAAAAAAAAAAAAAAAMAAAAAAQAAAAAAAAAAAAAAAAAAAAAAAAEAAAAIAAAAAAAAAAC1uBdHoTugMvQtD7BhIL3Ne9dVPfGI+Ji5JvUO+ZAt7wAAAAJUC+IMAAAAAgAAAAUAAAAAAAAAAAAAAAMAAAAAAQAAAAAAAAAAAAAAAAAAAA==', '{SafHp/zp11tF81MRvbAnx9gQNTXdLW4DmoIofkgoG+jJw/Xj/k+N5WvSjqGrGF33uB6KnD+wAfQIhf0/DlxpBQ==}', 'none', NULL, NULL);


--
-- Data for Name: schema_migrations; Type: TABLE DATA; Schema: public; Owner: -
--

INSERT INTO schema_migrations VALUES ('20150310224849');
INSERT INTO schema_migrations VALUES ('20150313225945');
INSERT INTO schema_migrations VALUES ('20150313225955');
INSERT INTO schema_migrations VALUES ('20150501160031');
INSERT INTO schema_migrations VALUES ('20150508003829');
INSERT INTO schema_migrations VALUES ('20150508175821');
INSERT INTO schema_migrations VALUES ('20150508183542');
INSERT INTO schema_migrations VALUES ('20150508215546');
INSERT INTO schema_migrations VALUES ('20150609230237');
INSERT INTO schema_migrations VALUES ('20150629181921');
INSERT INTO schema_migrations VALUES ('20150825180131');
INSERT INTO schema_migrations VALUES ('20150825223417');
INSERT INTO schema_migrations VALUES ('20150902224148');
INSERT INTO schema_migrations VALUES ('20150929205440');
INSERT INTO schema_migrations VALUES ('20151006205250');
INSERT INTO schema_migrations VALUES ('20151011210811');
INSERT INTO schema_migrations VALUES ('20151020211921');
INSERT INTO schema_migrations VALUES ('20151020225251');
INSERT INTO schema_migrations VALUES ('20151020235257');


--
-- Name: history_operation_participants_pkey; Type: CONSTRAINT; Schema: public; Owner: -; Tablespace: 
--

ALTER TABLE ONLY history_operation_participants
    ADD CONSTRAINT history_operation_participants_pkey PRIMARY KEY (id);


--
-- Name: history_transaction_participants_pkey; Type: CONSTRAINT; Schema: public; Owner: -; Tablespace: 
--

ALTER TABLE ONLY history_transaction_participants
    ADD CONSTRAINT history_transaction_participants_pkey PRIMARY KEY (id);


--
-- Name: history_transaction_statuses_pkey; Type: CONSTRAINT; Schema: public; Owner: -; Tablespace: 
--

ALTER TABLE ONLY history_transaction_statuses
    ADD CONSTRAINT history_transaction_statuses_pkey PRIMARY KEY (id);


--
-- Name: by_account; Type: INDEX; Schema: public; Owner: -; Tablespace: 
--

CREATE INDEX by_account ON history_transactions USING btree (account, account_sequence);


--
-- Name: by_hash; Type: INDEX; Schema: public; Owner: -; Tablespace: 
--

CREATE INDEX by_hash ON history_transactions USING btree (transaction_hash);


--
-- Name: by_ledger; Type: INDEX; Schema: public; Owner: -; Tablespace: 
--

CREATE INDEX by_ledger ON history_transactions USING btree (ledger_sequence, application_order);


--
-- Name: hist_e_by_order; Type: INDEX; Schema: public; Owner: -; Tablespace: 
--

CREATE UNIQUE INDEX hist_e_by_order ON history_effects USING btree (history_operation_id, "order");


--
-- Name: hist_e_id; Type: INDEX; Schema: public; Owner: -; Tablespace: 
--

CREATE UNIQUE INDEX hist_e_id ON history_effects USING btree (history_account_id, history_operation_id, "order");


--
-- Name: hist_op_p_id; Type: INDEX; Schema: public; Owner: -; Tablespace: 
--

CREATE UNIQUE INDEX hist_op_p_id ON history_operation_participants USING btree (history_account_id, history_operation_id);


--
-- Name: hs_ledger_by_id; Type: INDEX; Schema: public; Owner: -; Tablespace: 
--

CREATE UNIQUE INDEX hs_ledger_by_id ON history_ledgers USING btree (id);


--
-- Name: hs_transaction_by_id; Type: INDEX; Schema: public; Owner: -; Tablespace: 
--

CREATE UNIQUE INDEX hs_transaction_by_id ON history_transactions USING btree (id);


--
-- Name: index_history_accounts_on_address; Type: INDEX; Schema: public; Owner: -; Tablespace: 
--

CREATE UNIQUE INDEX index_history_accounts_on_address ON history_accounts USING btree (address);


--
-- Name: index_history_accounts_on_id; Type: INDEX; Schema: public; Owner: -; Tablespace: 
--

CREATE UNIQUE INDEX index_history_accounts_on_id ON history_accounts USING btree (id);


--
-- Name: index_history_effects_on_type; Type: INDEX; Schema: public; Owner: -; Tablespace: 
--

CREATE INDEX index_history_effects_on_type ON history_effects USING btree (type);


--
-- Name: index_history_ledgers_on_closed_at; Type: INDEX; Schema: public; Owner: -; Tablespace: 
--

CREATE INDEX index_history_ledgers_on_closed_at ON history_ledgers USING btree (closed_at);


--
-- Name: index_history_ledgers_on_id; Type: INDEX; Schema: public; Owner: -; Tablespace: 
--

CREATE UNIQUE INDEX index_history_ledgers_on_id ON history_ledgers USING btree (id);


--
-- Name: index_history_ledgers_on_importer_version; Type: INDEX; Schema: public; Owner: -; Tablespace: 
--

CREATE INDEX index_history_ledgers_on_importer_version ON history_ledgers USING btree (importer_version);


--
-- Name: index_history_ledgers_on_ledger_hash; Type: INDEX; Schema: public; Owner: -; Tablespace: 
--

CREATE UNIQUE INDEX index_history_ledgers_on_ledger_hash ON history_ledgers USING btree (ledger_hash);


--
-- Name: index_history_ledgers_on_previous_ledger_hash; Type: INDEX; Schema: public; Owner: -; Tablespace: 
--

CREATE UNIQUE INDEX index_history_ledgers_on_previous_ledger_hash ON history_ledgers USING btree (previous_ledger_hash);


--
-- Name: index_history_ledgers_on_sequence; Type: INDEX; Schema: public; Owner: -; Tablespace: 
--

CREATE UNIQUE INDEX index_history_ledgers_on_sequence ON history_ledgers USING btree (sequence);


--
-- Name: index_history_operations_on_id; Type: INDEX; Schema: public; Owner: -; Tablespace: 
--

CREATE UNIQUE INDEX index_history_operations_on_id ON history_operations USING btree (id);


--
-- Name: index_history_operations_on_transaction_id; Type: INDEX; Schema: public; Owner: -; Tablespace: 
--

CREATE INDEX index_history_operations_on_transaction_id ON history_operations USING btree (transaction_id);


--
-- Name: index_history_operations_on_type; Type: INDEX; Schema: public; Owner: -; Tablespace: 
--

CREATE INDEX index_history_operations_on_type ON history_operations USING btree (type);


--
-- Name: index_history_transaction_participants_on_account; Type: INDEX; Schema: public; Owner: -; Tablespace: 
--

CREATE INDEX index_history_transaction_participants_on_account ON history_transaction_participants USING btree (account);


--
-- Name: index_history_transaction_participants_on_transaction_hash; Type: INDEX; Schema: public; Owner: -; Tablespace: 
--

CREATE INDEX index_history_transaction_participants_on_transaction_hash ON history_transaction_participants USING btree (transaction_hash);


--
-- Name: index_history_transaction_statuses_lc_on_all; Type: INDEX; Schema: public; Owner: -; Tablespace: 
--

CREATE UNIQUE INDEX index_history_transaction_statuses_lc_on_all ON history_transaction_statuses USING btree (id, result_code, result_code_s);


--
-- Name: index_history_transactions_on_id; Type: INDEX; Schema: public; Owner: -; Tablespace: 
--

CREATE UNIQUE INDEX index_history_transactions_on_id ON history_transactions USING btree (id);


--
-- Name: trade_effects_by_order_book; Type: INDEX; Schema: public; Owner: -; Tablespace: 
--

CREATE INDEX trade_effects_by_order_book ON history_effects USING btree (((details ->> 'sold_asset_type'::text)), ((details ->> 'sold_asset_code'::text)), ((details ->> 'sold_asset_issuer'::text)), ((details ->> 'bought_asset_type'::text)), ((details ->> 'bought_asset_code'::text)), ((details ->> 'bought_asset_issuer'::text))) WHERE (type = 33);


--
-- Name: unique_schema_migrations; Type: INDEX; Schema: public; Owner: -; Tablespace: 
--

CREATE UNIQUE INDEX unique_schema_migrations ON schema_migrations USING btree (version);


--
-- PostgreSQL database dump complete
--

