--
-- PostgreSQL database dump
--

SET statement_timeout = 0;
SET lock_timeout = 0;
SET client_encoding = 'UTF8';
SET standard_conforming_strings = on;
SET check_function_bodies = false;
SET client_min_messages = warning;

SET search_path = public, pg_catalog;

DROP INDEX public.signersaccount;
DROP INDEX public.sellingissuerindex;
DROP INDEX public.scpenvsbyseq;
DROP INDEX public.priceindex;
DROP INDEX public.ledgersbyseq;
DROP INDEX public.histfeebyseq;
DROP INDEX public.histbyseq;
DROP INDEX public.buyingissuerindex;
DROP INDEX public.accountbalances;
ALTER TABLE ONLY public.txhistory DROP CONSTRAINT txhistory_pkey;
ALTER TABLE ONLY public.txfeehistory DROP CONSTRAINT txfeehistory_pkey;
ALTER TABLE ONLY public.trustlines DROP CONSTRAINT trustlines_pkey;
ALTER TABLE ONLY public.storestate DROP CONSTRAINT storestate_pkey;
ALTER TABLE ONLY public.signers DROP CONSTRAINT signers_pkey;
ALTER TABLE ONLY public.scpquorums DROP CONSTRAINT scpquorums_pkey;
ALTER TABLE ONLY public.pubsub DROP CONSTRAINT pubsub_pkey;
ALTER TABLE ONLY public.publishqueue DROP CONSTRAINT publishqueue_pkey;
ALTER TABLE ONLY public.peers DROP CONSTRAINT peers_pkey;
ALTER TABLE ONLY public.offers DROP CONSTRAINT offers_pkey;
ALTER TABLE ONLY public.ledgerheaders DROP CONSTRAINT ledgerheaders_pkey;
ALTER TABLE ONLY public.ledgerheaders DROP CONSTRAINT ledgerheaders_ledgerseq_key;
ALTER TABLE ONLY public.accounts DROP CONSTRAINT accounts_pkey;
DROP TABLE public.txhistory;
DROP TABLE public.txfeehistory;
DROP TABLE public.trustlines;
DROP TABLE public.storestate;
DROP TABLE public.signers;
DROP TABLE public.scpquorums;
DROP TABLE public.scphistory;
DROP TABLE public.pubsub;
DROP TABLE public.publishqueue;
DROP TABLE public.peers;
DROP TABLE public.offers;
DROP TABLE public.ledgerheaders;
DROP TABLE public.accounts;
DROP EXTENSION plpgsql;
DROP SCHEMA public;
--
-- Name: public; Type: SCHEMA; Schema: -; Owner: -
--

CREATE SCHEMA public;


--
-- Name: SCHEMA public; Type: COMMENT; Schema: -; Owner: -
--

COMMENT ON SCHEMA public IS 'standard public schema';


--
-- Name: plpgsql; Type: EXTENSION; Schema: -; Owner: -
--

CREATE EXTENSION IF NOT EXISTS plpgsql WITH SCHEMA pg_catalog;


--
-- Name: EXTENSION plpgsql; Type: COMMENT; Schema: -; Owner: -
--

COMMENT ON EXTENSION plpgsql IS 'PL/pgSQL procedural language';


SET search_path = public, pg_catalog;

SET default_tablespace = '';

SET default_with_oids = false;

--
-- Name: accounts; Type: TABLE; Schema: public; Owner: -; Tablespace: 
--

CREATE TABLE accounts (
    accountid character varying(56) NOT NULL,
    balance bigint NOT NULL,
    seqnum bigint NOT NULL,
    numsubentries integer NOT NULL,
    inflationdest character varying(56),
    homedomain character varying(32) NOT NULL,
    thresholds text NOT NULL,
    flags integer NOT NULL,
    lastmodified integer NOT NULL,
    CONSTRAINT accounts_balance_check CHECK ((balance >= 0)),
    CONSTRAINT accounts_numsubentries_check CHECK ((numsubentries >= 0))
);


--
-- Name: ledgerheaders; Type: TABLE; Schema: public; Owner: -; Tablespace: 
--

CREATE TABLE ledgerheaders (
    ledgerhash character(64) NOT NULL,
    prevhash character(64) NOT NULL,
    bucketlisthash character(64) NOT NULL,
    ledgerseq integer,
    closetime bigint NOT NULL,
    data text NOT NULL,
    CONSTRAINT ledgerheaders_closetime_check CHECK ((closetime >= 0)),
    CONSTRAINT ledgerheaders_ledgerseq_check CHECK ((ledgerseq >= 0))
);


--
-- Name: offers; Type: TABLE; Schema: public; Owner: -; Tablespace: 
--

CREATE TABLE offers (
    sellerid character varying(56) NOT NULL,
    offerid bigint NOT NULL,
    sellingassettype integer NOT NULL,
    sellingassetcode character varying(12),
    sellingissuer character varying(56),
    buyingassettype integer NOT NULL,
    buyingassetcode character varying(12),
    buyingissuer character varying(56),
    amount bigint NOT NULL,
    pricen integer NOT NULL,
    priced integer NOT NULL,
    price double precision NOT NULL,
    flags integer NOT NULL,
    lastmodified integer NOT NULL,
    CONSTRAINT offers_amount_check CHECK ((amount >= 0)),
    CONSTRAINT offers_offerid_check CHECK ((offerid >= 0))
);


--
-- Name: peers; Type: TABLE; Schema: public; Owner: -; Tablespace: 
--

CREATE TABLE peers (
    ip character varying(15) NOT NULL,
    port integer DEFAULT 0 NOT NULL,
    nextattempt timestamp without time zone NOT NULL,
    numfailures integer DEFAULT 0 NOT NULL,
    CONSTRAINT peers_numfailures_check CHECK ((numfailures >= 0)),
    CONSTRAINT peers_port_check CHECK (((port > 0) AND (port <= 65535)))
);


--
-- Name: publishqueue; Type: TABLE; Schema: public; Owner: -; Tablespace: 
--

CREATE TABLE publishqueue (
    ledger integer NOT NULL,
    state text
);


--
-- Name: pubsub; Type: TABLE; Schema: public; Owner: -; Tablespace: 
--

CREATE TABLE pubsub (
    resid character(32) NOT NULL,
    lastread integer
);


--
-- Name: scphistory; Type: TABLE; Schema: public; Owner: -; Tablespace: 
--

CREATE TABLE scphistory (
    nodeid character(56) NOT NULL,
    ledgerseq integer NOT NULL,
    envelope text NOT NULL,
    CONSTRAINT scphistory_ledgerseq_check CHECK ((ledgerseq >= 0))
);


--
-- Name: scpquorums; Type: TABLE; Schema: public; Owner: -; Tablespace: 
--

CREATE TABLE scpquorums (
    qsethash character(64) NOT NULL,
    lastledgerseq integer NOT NULL,
    qset text NOT NULL,
    CONSTRAINT scpquorums_lastledgerseq_check CHECK ((lastledgerseq >= 0))
);


--
-- Name: signers; Type: TABLE; Schema: public; Owner: -; Tablespace: 
--

CREATE TABLE signers (
    accountid character varying(56) NOT NULL,
    publickey character varying(56) NOT NULL,
    weight integer NOT NULL
);


--
-- Name: storestate; Type: TABLE; Schema: public; Owner: -; Tablespace: 
--

CREATE TABLE storestate (
    statename character(32) NOT NULL,
    state text
);


--
-- Name: trustlines; Type: TABLE; Schema: public; Owner: -; Tablespace: 
--

CREATE TABLE trustlines (
    accountid character varying(56) NOT NULL,
    assettype integer NOT NULL,
    issuer character varying(56) NOT NULL,
    assetcode character varying(12) NOT NULL,
    tlimit bigint NOT NULL,
    balance bigint NOT NULL,
    flags integer NOT NULL,
    lastmodified integer NOT NULL,
    CONSTRAINT trustlines_balance_check CHECK ((balance >= 0)),
    CONSTRAINT trustlines_tlimit_check CHECK ((tlimit > 0))
);


--
-- Name: txfeehistory; Type: TABLE; Schema: public; Owner: -; Tablespace: 
--

CREATE TABLE txfeehistory (
    txid character(64) NOT NULL,
    ledgerseq integer NOT NULL,
    txindex integer NOT NULL,
    txchanges text NOT NULL,
    CONSTRAINT txfeehistory_ledgerseq_check CHECK ((ledgerseq >= 0))
);


--
-- Name: txhistory; Type: TABLE; Schema: public; Owner: -; Tablespace: 
--

CREATE TABLE txhistory (
    txid character(64) NOT NULL,
    ledgerseq integer NOT NULL,
    txindex integer NOT NULL,
    txbody text NOT NULL,
    txresult text NOT NULL,
    txmeta text NOT NULL,
    CONSTRAINT txhistory_ledgerseq_check CHECK ((ledgerseq >= 0))
);


--
-- Data for Name: accounts; Type: TABLE DATA; Schema: public; Owner: -
--

COPY accounts (accountid, balance, seqnum, numsubentries, inflationdest, homedomain, thresholds, flags, lastmodified) FROM stdin;
GBRPYHIL2CI3FNQ4BXLFMNDLFJUNPU2HY3ZMFSHONUCEOASW7QC7OX2H	999999969999999700	3	0	\N		AQAAAA==	0	2
GCXKG6RN4ONIEPCMNFB732A436Z5PNDSRLGWK7GBLCMQLIFO4S7EYWVU	9999999900	8589934593	1	\N		AQAAAA==	0	4
GBXGQJWVLWOYHFLVTKWV5FGHA3LNYY2JQKM7OAJAUEQFU6LPCSEFVXON	9999999900	8589934593	1	\N		AQAAAA==	0	5
GC23QF2HUE52AMXUFUH3AYJAXXGXXV2VHXYYR6EYXETPKDXZSAW67XO4	9999999500	8589934597	0	\N		AQAAAA==	3	8
\.


--
-- Data for Name: ledgerheaders; Type: TABLE DATA; Schema: public; Owner: -
--

COPY ledgerheaders (ledgerhash, prevhash, bucketlisthash, ledgerseq, closetime, data) FROM stdin;
63d98f536ee68d1b27b5b89f23af5311b7569a24faf1403ad0b52b633b07be99	0000000000000000000000000000000000000000000000000000000000000000	572a2e32ff248a07b0e70fd1f6d318c1facd20b6cc08c33d5775259868125a16	1	0	AAAAAAAAAAAAAAAAAAAAAAAAAAAAAAAAAAAAAAAAAAAAAAAAAAAAAAAAAAAAAAAAAAAAAAAAAAAAAAAAAAAAAAAAAAAAAAAAAAAAAAAAAAAAAAAAAAAAAAAAAAAAAAAAAAAAAAAAAAAAAAAAAAAAAAAAAABXKi4y/ySKB7DnD9H20xjB+s0gtswIwz1XdSWYaBJaFgAAAAEN4Lazp2QAAAAAAAAAAAAAAAAAAAAAAAAAAAAAAAAAZAX14QAAAABkAAAAAAAAAAAAAAAAAAAAAAAAAAAAAAAAAAAAAAAAAAAAAAAAAAAAAAAAAAAAAAAAAAAAAAAAAAAAAAAAAAAAAAAAAAAAAAAAAAAAAAAAAAAAAAAAAAAAAAAAAAAAAAAAAAAAAAAAAAAAAAAAAAAAAAAAAAAAAAAAAAAAAAAAAAAAAAAA
f4a64e442886ed66cb8d443f8ff0bc9f7bdb6bfa9a0d24481af95fb3d078708c	63d98f536ee68d1b27b5b89f23af5311b7569a24faf1403ad0b52b633b07be99	01b733cfde9f97fb8d590e1baf6ea77d8013e13006b4e13f8519346d93dc87b4	2	1449523512	AAAAAWPZj1Nu5o0bJ7W4nyOvUxG3Vpok+vFAOtC1K2M7B76ZU7nPOoI7SirHEO1Sa67WumwKQ62PpQGlvJvyyQ8QGEYAAAAAVmX5OAAAAAIAAAAIAAAAAQAAAAEAAAAIAAAAAwAAADIAAAAAj6+p+aI7JvbSfHisaUUAXhzcG+/2YWJE2bnf4zuV8i4BtzPP3p+X+41ZDhuvbqd9gBPhMAa04T+FGTRtk9yHtAAAAAIN4Lazp2QAAAAAAAAAAAEsAAAAAAAAAAAAAAAAAAAAZAX14QAAAAAyAAAAAAAAAAAAAAAAAAAAAAAAAAAAAAAAAAAAAAAAAAAAAAAAAAAAAAAAAAAAAAAAAAAAAAAAAAAAAAAAAAAAAAAAAAAAAAAAAAAAAAAAAAAAAAAAAAAAAAAAAAAAAAAAAAAAAAAAAAAAAAAAAAAAAAAAAAAAAAAAAAAAAAAAAAAAAAAA
ed31ab8570c210e38a381ff201f004982afa37c07cb8ea4bfb4f7fec6a36583c	f4a64e442886ed66cb8d443f8ff0bc9f7bdb6bfa9a0d24481af95fb3d078708c	39884abf2a5c1b93f305bbde369e6648cedf9c7e941046f5af2ba84b8152779f	3	1449523513	AAAAAfSmTkQohu1my41EP4/wvJ9722v6mg0kSBr5X7PQeHCMtS7rLjsbEd9T8svSxQNJ3UMITfum7PJOhptUodNaefAAAAAAVmX5OQAAAAAAAAAATlvjBWe7MinR9n7UosajCKxUpgQMBBbhmF6bHAvPHGU5iEq/Klwbk/MFu942nmZIzt+cfpQQRvWvK6hLgVJ3nwAAAAMN4Lazp2QAAAAAAAAAAAH0AAAAAAAAAAAAAAAAAAAAZAX14QAAAAAyAAAAAAAAAAAAAAAAAAAAAAAAAAAAAAAAAAAAAAAAAAAAAAAAAAAAAAAAAAAAAAAAAAAAAAAAAAAAAAAAAAAAAAAAAAAAAAAAAAAAAAAAAAAAAAAAAAAAAAAAAAAAAAAAAAAAAAAAAAAAAAAAAAAAAAAAAAAAAAAAAAAAAAAAAAAAAAAA
c8f11905c04e6c9b95a0a2b17a4e0a4a48e3883512657682a07ec7fbce5d0148	ed31ab8570c210e38a381ff201f004982afa37c07cb8ea4bfb4f7fec6a36583c	00ce11e04988fb9a1fadb6c999179272245d00148f1f7bfbee5af6e1f55b5155	4	1449523514	AAAAAe0xq4VwwhDjijgf8gHwBJgq+jfAfLjqS/tPf+xqNlg88Nnyj1IzGpPj12hD7m9X73vyGP3AwsfHu8ee9VQepS4AAAAAVmX5OgAAAAAAAAAALLKPbMojH+RR+TSBDKGB/tufH2mL12ccCHr1Jn27yPAAzhHgSYj7mh+ttsmZF5JyJF0AFI8fe/vuWvbh9VtRVQAAAAQN4Lazp2QAAAAAAAAAAAJYAAAAAAAAAAAAAAAAAAAAZAX14QAAAAAyAAAAAAAAAAAAAAAAAAAAAAAAAAAAAAAAAAAAAAAAAAAAAAAAAAAAAAAAAAAAAAAAAAAAAAAAAAAAAAAAAAAAAAAAAAAAAAAAAAAAAAAAAAAAAAAAAAAAAAAAAAAAAAAAAAAAAAAAAAAAAAAAAAAAAAAAAAAAAAAAAAAAAAAAAAAAAAAA
2ac4ba8959f5899cb1a92322283cbc7b9eeb920bb20cd7e1d344940cd08500f0	c8f11905c04e6c9b95a0a2b17a4e0a4a48e3883512657682a07ec7fbce5d0148	9c00f2d58fdd33ebdd9a14c33fb09066476ac4ca6591d0520777f798ac32dd75	5	1449523515	AAAAAcjxGQXATmyblaCisXpOCkpI44g1EmV2gqB+x/vOXQFIaE8Br7NcoWCGSquoUvQBLfZq90lRo9XpN1h7p0RoAAAAAAAAVmX5OwAAAAAAAAAAxlJuyWie0d1LzUCR1K4LD2g+0KuAHvbJ+SgmGHyguLWcAPLVj90z692aFMM/sJBmR2rEymWR0FIHd/eYrDLddQAAAAUN4Lazp2QAAAAAAAAAAAK8AAAAAAAAAAAAAAAAAAAAZAX14QAAAAAyAAAAAAAAAAAAAAAAAAAAAAAAAAAAAAAAAAAAAAAAAAAAAAAAAAAAAAAAAAAAAAAAAAAAAAAAAAAAAAAAAAAAAAAAAAAAAAAAAAAAAAAAAAAAAAAAAAAAAAAAAAAAAAAAAAAAAAAAAAAAAAAAAAAAAAAAAAAAAAAAAAAAAAAAAAAAAAAA
7d8960efb977564932b7ae638c907cc4c34eae73ea4c02588f35f8ef2fc48a10	2ac4ba8959f5899cb1a92322283cbc7b9eeb920bb20cd7e1d344940cd08500f0	e8c8563156d6d2d1ca35a3b3eb520fc34fd1eca0dd822e72b3bdf7880e02181f	6	1449523516	AAAAASrEuolZ9YmcsakjIig8vHue65ILsgzX4dNElAzQhQDwwLKHrf/PSMfLv1KdaXwFnBCHtgEA2wnzjxoZSdQa0Y0AAAAAVmX5PAAAAAAAAAAAFp2fvkMO7OW+Jq1zFYvyIp0pN6KM6DetMmxOjZVOCKfoyFYxVtbS0co1o7PrUg/DT9HsoN2CLnKzvfeIDgIYHwAAAAYN4Lazp2QAAAAAAAAAAAMgAAAAAAAAAAAAAAAAAAAAZAX14QAAAAAyAAAAAAAAAAAAAAAAAAAAAAAAAAAAAAAAAAAAAAAAAAAAAAAAAAAAAAAAAAAAAAAAAAAAAAAAAAAAAAAAAAAAAAAAAAAAAAAAAAAAAAAAAAAAAAAAAAAAAAAAAAAAAAAAAAAAAAAAAAAAAAAAAAAAAAAAAAAAAAAAAAAAAAAAAAAAAAAA
764d5cc8a4e8b3cec042cbe20e4a7a8db7edba188666bae3e40f360478d50319	7d8960efb977564932b7ae638c907cc4c34eae73ea4c02588f35f8ef2fc48a10	98f53fc9f25f194602769ef1cf82c3812d7894b7ff34a1b088b8d610fb993e1d	7	1449523517	AAAAAX2JYO+5d1ZJMreuY4yQfMTDTq5z6kwCWI81+O8vxIoQ4peZBUp5CtaBIs54MNNx0HagtKxWnwzND51sCmNf8MYAAAAAVmX5PQAAAAAAAAAA2F0xW7K6lNYrXRzu7d5HyBUnPlumNFQipNBwSQNAx1KY9T/J8l8ZRgJ2nvHPgsOBLXiUt/80obCIuNYQ+5k+HQAAAAcN4Lazp2QAAAAAAAAAAAOEAAAAAAAAAAAAAAAAAAAAZAX14QAAAAAyAAAAAAAAAAAAAAAAAAAAAAAAAAAAAAAAAAAAAAAAAAAAAAAAAAAAAAAAAAAAAAAAAAAAAAAAAAAAAAAAAAAAAAAAAAAAAAAAAAAAAAAAAAAAAAAAAAAAAAAAAAAAAAAAAAAAAAAAAAAAAAAAAAAAAAAAAAAAAAAAAAAAAAAAAAAAAAAA
893dfb7764ee086d41ca53cd4325ee54d88efe81dca00e6bae47c6dcfe09fd1a	764d5cc8a4e8b3cec042cbe20e4a7a8db7edba188666bae3e40f360478d50319	c9d1407eb6f6d1bcbfe6af0babe9300b8169ab0cbfbe15fa6fa1121e63369049	8	1449523518	AAAAAXZNXMik6LPOwELL4g5Keo237boYhma64+QPNgR41QMZp08RiJc6JLa8pdKbXVAzoU0ReJBh4QR4i7/zV/+r/tEAAAAAVmX5PgAAAAAAAAAA17tytOKBxgu8yeo5X/akyYnyYlyrUb7gJWE+zfCgC2DJ0UB+tvbRvL/mrwur6TALgWmrDL++FfpvoRIeYzaQSQAAAAgN4Lazp2QAAAAAAAAAAAPoAAAAAAAAAAAAAAAAAAAAZAX14QAAAAAyAAAAAAAAAAAAAAAAAAAAAAAAAAAAAAAAAAAAAAAAAAAAAAAAAAAAAAAAAAAAAAAAAAAAAAAAAAAAAAAAAAAAAAAAAAAAAAAAAAAAAAAAAAAAAAAAAAAAAAAAAAAAAAAAAAAAAAAAAAAAAAAAAAAAAAAAAAAAAAAAAAAAAAAAAAAAAAAA
99363e33ad74460e66c0b7a51580d7b81b4ac80bfd2808df9816d691effd7ddb	893dfb7764ee086d41ca53cd4325ee54d88efe81dca00e6bae47c6dcfe09fd1a	c9d1407eb6f6d1bcbfe6af0babe9300b8169ab0cbfbe15fa6fa1121e63369049	9	1449523519	AAAAAYk9+3dk7ghtQcpTzUMl7lTYjv6B3KAOa65Hxtz+Cf0aFCBO3w6t543jIjyVxgCLH0ab21dReBvihNoOnQi3m1gAAAAAVmX5PwAAAAAAAAAA3z9hmASpL9tAVxktxD3XSOp3itxSvEmM6AUkwBS4ERnJ0UB+tvbRvL/mrwur6TALgWmrDL++FfpvoRIeYzaQSQAAAAkN4Lazp2QAAAAAAAAAAAPoAAAAAAAAAAAAAAAAAAAAZAX14QAAAAAyAAAAAAAAAAAAAAAAAAAAAAAAAAAAAAAAAAAAAAAAAAAAAAAAAAAAAAAAAAAAAAAAAAAAAAAAAAAAAAAAAAAAAAAAAAAAAAAAAAAAAAAAAAAAAAAAAAAAAAAAAAAAAAAAAAAAAAAAAAAAAAAAAAAAAAAAAAAAAAAAAAAAAAAAAAAAAAAA
\.


--
-- Data for Name: offers; Type: TABLE DATA; Schema: public; Owner: -
--

COPY offers (sellerid, offerid, sellingassettype, sellingassetcode, sellingissuer, buyingassettype, buyingassetcode, buyingissuer, amount, pricen, priced, price, flags, lastmodified) FROM stdin;
\.


--
-- Data for Name: peers; Type: TABLE DATA; Schema: public; Owner: -
--

COPY peers (ip, port, nextattempt, numfailures) FROM stdin;
\.


--
-- Data for Name: publishqueue; Type: TABLE DATA; Schema: public; Owner: -
--

COPY publishqueue (ledger, state) FROM stdin;
\.


--
-- Data for Name: pubsub; Type: TABLE DATA; Schema: public; Owner: -
--

COPY pubsub (resid, lastread) FROM stdin;
\.


--
-- Data for Name: scphistory; Type: TABLE DATA; Schema: public; Owner: -
--

COPY scphistory (nodeid, ledgerseq, envelope) FROM stdin;
GBPBIO3K4OCQJKIDSWUO34MOZ3Y4VLVUITSDHD4QKIY2ORNTAHOOXA6E	2	AAAAAF4UO2rjhQSpA5Wo7fGOzvHKrrRE5DOPkFIxp0WzAdzrAAAAAAAAAAIAAAACAAAAAQAAAEhTuc86gjtKKscQ7VJrrta6bApDrY+lAaW8m/LJDxAYRgAAAABWZfk4AAAAAgAAAAgAAAABAAAAAQAAAAgAAAADAAAAMgAAAAAAAAABZ7XejhFT/971j1fZlA5mpw8BYSv3GfJ4N2oPuEq0rbcAAABAoJFqrf0nt+Vb7fOdLnqIbiElbU8gMRhzWzJxnwcSqtZ463auwnG8Ji0DI+WYX4rHXMh9LmbJclji5Yf3C4sbBA==
GBPBIO3K4OCQJKIDSWUO34MOZ3Y4VLVUITSDHD4QKIY2ORNTAHOOXA6E	3	AAAAAF4UO2rjhQSpA5Wo7fGOzvHKrrRE5DOPkFIxp0WzAdzrAAAAAAAAAAMAAAACAAAAAQAAADC1LusuOxsR31Pyy9LFA0ndQwhN+6bs8k6Gm1Sh01p58AAAAABWZfk5AAAAAAAAAAAAAAABZ7XejhFT/971j1fZlA5mpw8BYSv3GfJ4N2oPuEq0rbcAAABA+6CpuTRvUUwsihBah3rlw4nrSJNuhjQRPnENAutwBpwdFYErChPSGMi0h+Oqk+625qnHb73SNz5PA6vBgnzNBg==
GBPBIO3K4OCQJKIDSWUO34MOZ3Y4VLVUITSDHD4QKIY2ORNTAHOOXA6E	4	AAAAAF4UO2rjhQSpA5Wo7fGOzvHKrrRE5DOPkFIxp0WzAdzrAAAAAAAAAAQAAAACAAAAAQAAADDw2fKPUjMak+PXaEPub1fve/IY/cDCx8e7x571VB6lLgAAAABWZfk6AAAAAAAAAAAAAAABZ7XejhFT/971j1fZlA5mpw8BYSv3GfJ4N2oPuEq0rbcAAABA2sHBtiegMls0v1hwFphqQqqNWsevHlXgso95kVK4DO6gZaJPgOmK88KkWl0EkvYzB64qMHjhhfPCyuUNNSPhCg==
GBPBIO3K4OCQJKIDSWUO34MOZ3Y4VLVUITSDHD4QKIY2ORNTAHOOXA6E	5	AAAAAF4UO2rjhQSpA5Wo7fGOzvHKrrRE5DOPkFIxp0WzAdzrAAAAAAAAAAUAAAACAAAAAQAAADBoTwGvs1yhYIZKq6hS9AEt9mr3SVGj1ek3WHunRGgAAAAAAABWZfk7AAAAAAAAAAAAAAABZ7XejhFT/971j1fZlA5mpw8BYSv3GfJ4N2oPuEq0rbcAAABAsk5e36tFywtCl+qqu6UpaGOYgDUADwuyFKX3ChCcuEuJExPVJrELRzi9bPZzrrylUJgHFIavm6GkoNHPBvPmCA==
GBPBIO3K4OCQJKIDSWUO34MOZ3Y4VLVUITSDHD4QKIY2ORNTAHOOXA6E	6	AAAAAF4UO2rjhQSpA5Wo7fGOzvHKrrRE5DOPkFIxp0WzAdzrAAAAAAAAAAYAAAACAAAAAQAAADDAsoet/89Ix8u/Up1pfAWcEIe2AQDbCfOPGhlJ1BrRjQAAAABWZfk8AAAAAAAAAAAAAAABZ7XejhFT/971j1fZlA5mpw8BYSv3GfJ4N2oPuEq0rbcAAABA0h+enFnyupRjPBgP+BeVR9FcsQ2onwC/2e5u+RCxnfA7+nEuOEf0B6wb9MutfdyJccUy+AHNA5375i4s9tdsCw==
GBPBIO3K4OCQJKIDSWUO34MOZ3Y4VLVUITSDHD4QKIY2ORNTAHOOXA6E	7	AAAAAF4UO2rjhQSpA5Wo7fGOzvHKrrRE5DOPkFIxp0WzAdzrAAAAAAAAAAcAAAACAAAAAQAAADDil5kFSnkK1oEizngw03HQdqC0rFafDM0PnWwKY1/wxgAAAABWZfk9AAAAAAAAAAAAAAABZ7XejhFT/971j1fZlA5mpw8BYSv3GfJ4N2oPuEq0rbcAAABAf29YeeJl1o+B5g9JaoJZb2wLZr7LMxenbJPKGAWenXhTx5Bj54qmUmowmgkZ/4qLC1EaYJyHMSimSHlMNW9mBA==
GBPBIO3K4OCQJKIDSWUO34MOZ3Y4VLVUITSDHD4QKIY2ORNTAHOOXA6E	8	AAAAAF4UO2rjhQSpA5Wo7fGOzvHKrrRE5DOPkFIxp0WzAdzrAAAAAAAAAAgAAAACAAAAAQAAADCnTxGIlzoktryl0ptdUDOhTRF4kGHhBHiLv/NX/6v+0QAAAABWZfk+AAAAAAAAAAAAAAABZ7XejhFT/971j1fZlA5mpw8BYSv3GfJ4N2oPuEq0rbcAAABAD7lY699XC9iOBoG4EdRtuKvCW4QuSSvmUIzkNV/dW0kZSUpnXy+l/DYVqjL7mGZP39zEa4ZCcsGAcvOgoxKiAQ==
GBPBIO3K4OCQJKIDSWUO34MOZ3Y4VLVUITSDHD4QKIY2ORNTAHOOXA6E	9	AAAAAF4UO2rjhQSpA5Wo7fGOzvHKrrRE5DOPkFIxp0WzAdzrAAAAAAAAAAkAAAACAAAAAQAAADAUIE7fDq3njeMiPJXGAIsfRpvbV1F4G+KE2g6dCLebWAAAAABWZfk/AAAAAAAAAAAAAAABZ7XejhFT/971j1fZlA5mpw8BYSv3GfJ4N2oPuEq0rbcAAABA++IQHutyIVYtGUgLVMUjpWO4eoGeaIaon+dNYTIO+ZHbJFu2Mxz4UPY9HojMI9K8xtL88DKlCcwhWOw0VEhJDQ==
\.


--
-- Data for Name: scpquorums; Type: TABLE DATA; Schema: public; Owner: -
--

COPY scpquorums (qsethash, lastledgerseq, qset) FROM stdin;
67b5de8e1153ffdef58f57d9940e66a70f01612bf719f278376a0fb84ab4adb7	9	AAAAAQAAAAEAAAAAXhQ7auOFBKkDlajt8Y7O8cqutETkM4+QUjGnRbMB3OsAAAAA
\.


--
-- Data for Name: signers; Type: TABLE DATA; Schema: public; Owner: -
--

COPY signers (accountid, publickey, weight) FROM stdin;
\.


--
-- Data for Name: storestate; Type: TABLE DATA; Schema: public; Owner: -
--

COPY storestate (statename, state) FROM stdin;
databaseschema                  	2
forcescponnextlaunch            	false
lastclosedledger                	99363e33ad74460e66c0b7a51580d7b81b4ac80bfd2808df9816d691effd7ddb
historyarchivestate             	{\n    "version": 1,\n    "server": "v0.3.3-7-geed8964",\n    "currentLedger": 9,\n    "currentBuckets": [\n        {\n            "curr": "7143480fc84788c095e494cd2844321a62ce81d2e1d3ba6c15b9ac5d6bfe5848",\n            "next": {\n                "state": 0\n            },\n            "snap": "5fbe1e53bf079fb1745944c3b0eb066c16f2934238ae0c1595fdf6bdabf709c8"\n        },\n        {\n            "curr": "119e94eda9f771a7917b37dc2a53fcdd55de1fd33f3ffebff65ee207b4947213",\n            "next": {\n                "state": 1,\n                "output": "3a47c2d0cba5d3c8e84a8c739cab7a661dd1d13898ad9c4ae6281dc996c574c0"\n            },\n            "snap": "5d0267c5830128805375bd61c17d3b41edc594f0c0d0c520b0f57776624eaa50"\n        },\n        {\n            "curr": "0000000000000000000000000000000000000000000000000000000000000000",\n            "next": {\n                "state": 1,\n                "output": "85d70ff8507c4a08f80fed6c67c989ce8b4515db24cd1c1e5bd36dccbc8c43e2"\n            },\n            "snap": "0000000000000000000000000000000000000000000000000000000000000000"\n        },\n        {\n            "curr": "0000000000000000000000000000000000000000000000000000000000000000",\n            "next": {\n                "state": 0\n            },\n            "snap": "0000000000000000000000000000000000000000000000000000000000000000"\n        },\n        {\n            "curr": "0000000000000000000000000000000000000000000000000000000000000000",\n            "next": {\n                "state": 0\n            },\n            "snap": "0000000000000000000000000000000000000000000000000000000000000000"\n        },\n        {\n            "curr": "0000000000000000000000000000000000000000000000000000000000000000",\n            "next": {\n                "state": 0\n            },\n            "snap": "0000000000000000000000000000000000000000000000000000000000000000"\n        },\n        {\n            "curr": "0000000000000000000000000000000000000000000000000000000000000000",\n            "next": {\n                "state": 0\n            },\n            "snap": "0000000000000000000000000000000000000000000000000000000000000000"\n        },\n        {\n            "curr": "0000000000000000000000000000000000000000000000000000000000000000",\n            "next": {\n                "state": 0\n            },\n            "snap": "0000000000000000000000000000000000000000000000000000000000000000"\n        },\n        {\n            "curr": "0000000000000000000000000000000000000000000000000000000000000000",\n            "next": {\n                "state": 0\n            },\n            "snap": "0000000000000000000000000000000000000000000000000000000000000000"\n        },\n        {\n            "curr": "0000000000000000000000000000000000000000000000000000000000000000",\n            "next": {\n                "state": 0\n            },\n            "snap": "0000000000000000000000000000000000000000000000000000000000000000"\n        },\n        {\n            "curr": "0000000000000000000000000000000000000000000000000000000000000000",\n            "next": {\n                "state": 0\n            },\n            "snap": "0000000000000000000000000000000000000000000000000000000000000000"\n        }\n    ]\n}
lastscpdata                     	AAAAAgAAAABeFDtq44UEqQOVqO3xjs7xyq60ROQzj5BSMadFswHc6wAAAAAAAAAJAAAAA2e13o4RU//e9Y9X2ZQOZqcPAWEr9xnyeDdqD7hKtK23AAAAAQAAADAUIE7fDq3njeMiPJXGAIsfRpvbV1F4G+KE2g6dCLebWAAAAABWZfk/AAAAAAAAAAAAAAABAAAAMBQgTt8OreeN4yI8lcYAix9Gm9tXUXgb4oTaDp0It5tYAAAAAFZl+T8AAAAAAAAAAAAAAEA6b99sBgyFtOU0kRVBTfXzPwO0+R3ZOYT8RXTJpMAyS0prFGu3N2LhYFxPo+1Di+CcGSsiU6DniwYddf/CIRwHAAAAAF4UO2rjhQSpA5Wo7fGOzvHKrrRE5DOPkFIxp0WzAdzrAAAAAAAAAAkAAAACAAAAAQAAADAUIE7fDq3njeMiPJXGAIsfRpvbV1F4G+KE2g6dCLebWAAAAABWZfk/AAAAAAAAAAAAAAABZ7XejhFT/971j1fZlA5mpw8BYSv3GfJ4N2oPuEq0rbcAAABA++IQHutyIVYtGUgLVMUjpWO4eoGeaIaon+dNYTIO+ZHbJFu2Mxz4UPY9HojMI9K8xtL88DKlCcwhWOw0VEhJDQAAAAGJPft3ZO4IbUHKU81DJe5U2I7+gdygDmuuR8bc/gn9GgAAAAAAAAABAAAAAQAAAAEAAAAAXhQ7auOFBKkDlajt8Y7O8cqutETkM4+QUjGnRbMB3OsAAAAA
\.


--
-- Data for Name: trustlines; Type: TABLE DATA; Schema: public; Owner: -
--

COPY trustlines (accountid, assettype, issuer, assetcode, tlimit, balance, flags, lastmodified) FROM stdin;
GCXKG6RN4ONIEPCMNFB732A436Z5PNDSRLGWK7GBLCMQLIFO4S7EYWVU	1	GC23QF2HUE52AMXUFUH3AYJAXXGXXV2VHXYYR6EYXETPKDXZSAW67XO4	USD	9223372036854775807	0	1	6
GBXGQJWVLWOYHFLVTKWV5FGHA3LNYY2JQKM7OAJAUEQFU6LPCSEFVXON	1	GC23QF2HUE52AMXUFUH3AYJAXXGXXV2VHXYYR6EYXETPKDXZSAW67XO4	USD	40000000000	0	0	8
\.


--
-- Data for Name: txfeehistory; Type: TABLE DATA; Schema: public; Owner: -
--

COPY txfeehistory (txid, ledgerseq, txindex, txchanges) FROM stdin;
db398eb4ae89756325643cad21c94e13bfc074b323ee83e141bf701a5d904f1b	2	1	AAAAAgAAAAMAAAABAAAAAAAAAABi/B0L0JGythwN1lY0aypo19NHxvLCyO5tBEcCVvwF9w3gtrOnZAAAAAAAAAAAAAAAAAAAAAAAAAAAAAAAAAAAAQAAAAAAAAAAAAAAAAAAAAAAAAEAAAACAAAAAAAAAABi/B0L0JGythwN1lY0aypo19NHxvLCyO5tBEcCVvwF9w3gtrOnY/+cAAAAAAAAAAEAAAAAAAAAAAAAAAAAAAAAAQAAAAAAAAAAAAAAAAAAAA==
f97caffab8c16023a37884165cb0b3ff1aa2daf4000fef49d21efc847ddbfbea	2	2	AAAAAQAAAAEAAAACAAAAAAAAAABi/B0L0JGythwN1lY0aypo19NHxvLCyO5tBEcCVvwF9w3gtrOnY/84AAAAAAAAAAIAAAAAAAAAAAAAAAAAAAAAAQAAAAAAAAAAAAAAAAAAAA==
90880ac53815dac8441add0220a7631ef5eac3d57c2e89634ea9b5203f61a8e4	2	3	AAAAAQAAAAEAAAACAAAAAAAAAABi/B0L0JGythwN1lY0aypo19NHxvLCyO5tBEcCVvwF9w3gtrOnY/7UAAAAAAAAAAMAAAAAAAAAAAAAAAAAAAAAAQAAAAAAAAAAAAAAAAAAAA==
7a707186a5cc36a0e520548ae511b53896c0391ce166d40da80588cbaae6aa2c	3	1	AAAAAgAAAAMAAAACAAAAAAAAAAC1uBdHoTugMvQtD7BhIL3Ne9dVPfGI+Ji5JvUO+ZAt7wAAAAJUC+QAAAAAAgAAAAAAAAAAAAAAAAAAAAAAAAAAAQAAAAAAAAAAAAAAAAAAAAAAAAEAAAADAAAAAAAAAAC1uBdHoTugMvQtD7BhIL3Ne9dVPfGI+Ji5JvUO+ZAt7wAAAAJUC+OcAAAAAgAAAAEAAAAAAAAAAAAAAAAAAAAAAQAAAAAAAAAAAAAAAAAAAA==
c6bfdd93f1470df9dfa3ef95d57ba28cecace068d9f2bb040a79ffc7c5d96cb9	3	2	AAAAAQAAAAEAAAADAAAAAAAAAAC1uBdHoTugMvQtD7BhIL3Ne9dVPfGI+Ji5JvUO+ZAt7wAAAAJUC+M4AAAAAgAAAAIAAAAAAAAAAAAAAAAAAAAAAQAAAAAAAAAAAAAAAAAAAA==
bd486dbdd02d460817671c4a5a7e9d6e865ca29cb41e62d7aaf70a2fee5b36de	4	1	AAAAAgAAAAMAAAACAAAAAAAAAACuo3ot45qCPExpQ/3oHN+z17Ryis1lfMFYmQWgruS+TAAAAAJUC+QAAAAAAgAAAAAAAAAAAAAAAAAAAAAAAAAAAQAAAAAAAAAAAAAAAAAAAAAAAAEAAAAEAAAAAAAAAACuo3ot45qCPExpQ/3oHN+z17Ryis1lfMFYmQWgruS+TAAAAAJUC+OcAAAAAgAAAAEAAAAAAAAAAAAAAAAAAAAAAQAAAAAAAAAAAAAAAAAAAA==
b55d768a4e8e712da20efdee0e7d85f02948f9b6fd3ef2daefd3a5a147ecd63d	5	1	AAAAAgAAAAMAAAACAAAAAAAAAABuaCbVXZ2DlXWarV6UxwbW3GNJgpn3ASChIFp5bxSIWgAAAAJUC+QAAAAAAgAAAAAAAAAAAAAAAAAAAAAAAAAAAQAAAAAAAAAAAAAAAAAAAAAAAAEAAAAFAAAAAAAAAABuaCbVXZ2DlXWarV6UxwbW3GNJgpn3ASChIFp5bxSIWgAAAAJUC+OcAAAAAgAAAAEAAAAAAAAAAAAAAAAAAAAAAQAAAAAAAAAAAAAAAAAAAA==
3b666a253313fc7a0d241ee28064eec78aaa5ebd0a7c0ae7f85259e80fad029f	6	1	AAAAAgAAAAMAAAADAAAAAAAAAAC1uBdHoTugMvQtD7BhIL3Ne9dVPfGI+Ji5JvUO+ZAt7wAAAAJUC+M4AAAAAgAAAAIAAAAAAAAAAAAAAAMAAAAAAQAAAAAAAAAAAAAAAAAAAAAAAAEAAAAGAAAAAAAAAAC1uBdHoTugMvQtD7BhIL3Ne9dVPfGI+Ji5JvUO+ZAt7wAAAAJUC+LUAAAAAgAAAAMAAAAAAAAAAAAAAAMAAAAAAQAAAAAAAAAAAAAAAAAAAA==
3f2aa00ba539e24ba9c0ba62f50318d8c7180f2d6757cc76e9984055c5e19ff4	7	1	AAAAAgAAAAMAAAAGAAAAAAAAAAC1uBdHoTugMvQtD7BhIL3Ne9dVPfGI+Ji5JvUO+ZAt7wAAAAJUC+LUAAAAAgAAAAMAAAAAAAAAAAAAAAMAAAAAAQAAAAAAAAAAAAAAAAAAAAAAAAEAAAAHAAAAAAAAAAC1uBdHoTugMvQtD7BhIL3Ne9dVPfGI+Ji5JvUO+ZAt7wAAAAJUC+JwAAAAAgAAAAQAAAAAAAAAAAAAAAMAAAAAAQAAAAAAAAAAAAAAAAAAAA==
3ce9fc1159c25adc62c9686792cd41f06908280b899744057856db33bafe75de	8	1	AAAAAgAAAAMAAAAHAAAAAAAAAAC1uBdHoTugMvQtD7BhIL3Ne9dVPfGI+Ji5JvUO+ZAt7wAAAAJUC+JwAAAAAgAAAAQAAAAAAAAAAAAAAAMAAAAAAQAAAAAAAAAAAAAAAAAAAAAAAAEAAAAIAAAAAAAAAAC1uBdHoTugMvQtD7BhIL3Ne9dVPfGI+Ji5JvUO+ZAt7wAAAAJUC+IMAAAAAgAAAAUAAAAAAAAAAAAAAAMAAAAAAQAAAAAAAAAAAAAAAAAAAA==
\.


--
-- Data for Name: txhistory; Type: TABLE DATA; Schema: public; Owner: -
--

COPY txhistory (txid, ledgerseq, txindex, txbody, txresult, txmeta) FROM stdin;
db398eb4ae89756325643cad21c94e13bfc074b323ee83e141bf701a5d904f1b	2	1	AAAAAGL8HQvQkbK2HA3WVjRrKmjX00fG8sLI7m0ERwJW/AX3AAAAZAAAAAAAAAABAAAAAAAAAAAAAAABAAAAAAAAAAAAAAAAtbgXR6E7oDL0LQ+wYSC9zXvXVT3xiPiYuSb1DvmQLe8AAAACVAvkAAAAAAAAAAABVvwF9wAAAEAYjQcPT2G5hqnBmgGGeg9J8l4c1EnUlxklElH9sqZr0971F6OLWfe/m4kpFtI+sI0i1qLit5A0JyWnbhYLW5oD	2zmOtK6JdWMlZDytIclOE7/AdLMj7oPhQb9wGl2QTxsAAAAAAAAAZAAAAAAAAAABAAAAAAAAAAAAAAAAAAAAAA==	AAAAAAAAAAEAAAACAAAAAAAAAAIAAAAAAAAAALW4F0ehO6Ay9C0PsGEgvc1711U98Yj4mLkm9Q75kC3vAAAAAlQL5AAAAAACAAAAAAAAAAAAAAAAAAAAAAAAAAABAAAAAAAAAAAAAAAAAAAAAAAAAQAAAAIAAAAAAAAAAGL8HQvQkbK2HA3WVjRrKmjX00fG8sLI7m0ERwJW/AX3DeC2sVNYGtQAAAAAAAAAAwAAAAAAAAAAAAAAAAAAAAABAAAAAAAAAAAAAAAAAAAA
f97caffab8c16023a37884165cb0b3ff1aa2daf4000fef49d21efc847ddbfbea	2	2	AAAAAGL8HQvQkbK2HA3WVjRrKmjX00fG8sLI7m0ERwJW/AX3AAAAZAAAAAAAAAACAAAAAAAAAAAAAAABAAAAAAAAAAAAAAAArqN6LeOagjxMaUP96Bzfs9e0corNZXzBWJkFoK7kvkwAAAACVAvkAAAAAAAAAAABVvwF9wAAAEBmKpSgvrwKO20XCOfYfXsGEEUtwYaaEfqSu6ymJmlDma+IX6I7IggbUZMocQdZ94IMAfKdQANqXbIO7ysweeMC	+Xyv+rjBYCOjeIQWXLCz/xqi2vQAD+9J0h78hH3b++oAAAAAAAAAZAAAAAAAAAABAAAAAAAAAAAAAAAAAAAAAA==	AAAAAAAAAAEAAAACAAAAAAAAAAIAAAAAAAAAAK6jei3jmoI8TGlD/egc37PXtHKKzWV8wViZBaCu5L5MAAAAAlQL5AAAAAACAAAAAAAAAAAAAAAAAAAAAAAAAAABAAAAAAAAAAAAAAAAAAAAAAAAAQAAAAIAAAAAAAAAAGL8HQvQkbK2HA3WVjRrKmjX00fG8sLI7m0ERwJW/AX3DeC2rv9MNtQAAAAAAAAAAwAAAAAAAAAAAAAAAAAAAAABAAAAAAAAAAAAAAAAAAAA
90880ac53815dac8441add0220a7631ef5eac3d57c2e89634ea9b5203f61a8e4	2	3	AAAAAGL8HQvQkbK2HA3WVjRrKmjX00fG8sLI7m0ERwJW/AX3AAAAZAAAAAAAAAADAAAAAAAAAAAAAAABAAAAAAAAAAAAAAAAbmgm1V2dg5V1mq1elMcG1txjSYKZ9wEgoSBaeW8UiFoAAAACVAvkAAAAAAAAAAABVvwF9wAAAEBdX4R/Ghzq8/r+u8PL+sNriHsS5lW1Vt+9eCe0nnWMNTzMgcUbarePbrpD2gr8DjVumcmpVH9wG2GXtWvwzXoL	kIgKxTgV2shEGt0CIKdjHvXqw9V8LoljTqm1ID9hqOQAAAAAAAAAZAAAAAAAAAABAAAAAAAAAAAAAAAAAAAAAA==	AAAAAAAAAAEAAAACAAAAAAAAAAIAAAAAAAAAAG5oJtVdnYOVdZqtXpTHBtbcY0mCmfcBIKEgWnlvFIhaAAAAAlQL5AAAAAACAAAAAAAAAAAAAAAAAAAAAAAAAAABAAAAAAAAAAAAAAAAAAAAAAAAAQAAAAIAAAAAAAAAAGL8HQvQkbK2HA3WVjRrKmjX00fG8sLI7m0ERwJW/AX3DeC2rKtAUtQAAAAAAAAAAwAAAAAAAAAAAAAAAAAAAAABAAAAAAAAAAAAAAAAAAAA
7a707186a5cc36a0e520548ae511b53896c0391ce166d40da80588cbaae6aa2c	3	1	AAAAALW4F0ehO6Ay9C0PsGEgvc1711U98Yj4mLkm9Q75kC3vAAAAZAAAAAIAAAABAAAAAAAAAAAAAAABAAAAAAAAAAUAAAAAAAAAAQAAAAAAAAABAAAAAQAAAAAAAAAAAAAAAAAAAAAAAAAAAAAAAAAAAAAAAAAB+ZAt7wAAAEDBhDOsFWP2KCoZuJDRXuiNm0CjgVKLLtdZi/A3OfrCsgvX8izhAllXkRqrXyitSvGo3kQh6V/S/tnQbrYgHQQG	enBxhqXMNqDlIFSK5RG1OJbAORzhZtQNqAWIy6rmqiwAAAAAAAAAZAAAAAAAAAABAAAAAAAAAAUAAAAAAAAAAA==	AAAAAAAAAAEAAAABAAAAAQAAAAMAAAAAAAAAALW4F0ehO6Ay9C0PsGEgvc1711U98Yj4mLkm9Q75kC3vAAAAAlQL4zgAAAACAAAAAgAAAAAAAAAAAAAAAQAAAAABAAAAAAAAAAAAAAAAAAAA
c6bfdd93f1470df9dfa3ef95d57ba28cecace068d9f2bb040a79ffc7c5d96cb9	3	2	AAAAALW4F0ehO6Ay9C0PsGEgvc1711U98Yj4mLkm9Q75kC3vAAAAZAAAAAIAAAACAAAAAAAAAAAAAAABAAAAAAAAAAUAAAAAAAAAAQAAAAAAAAABAAAAAgAAAAAAAAAAAAAAAAAAAAAAAAAAAAAAAAAAAAAAAAAB+ZAt7wAAAEBVJkTQTFlpFKoMhcibMpdJ5khR91LY3zPQwv/e5Ov7XIcWKGIv5sDfgyhaK/x5WYWfawNWcc5fMlW7c/PxGOQJ	xr/dk/FHDfnfo++V1XuijOys4GjZ8rsECnn/x8XZbLkAAAAAAAAAZAAAAAAAAAABAAAAAAAAAAUAAAAAAAAAAA==	AAAAAAAAAAEAAAABAAAAAQAAAAMAAAAAAAAAALW4F0ehO6Ay9C0PsGEgvc1711U98Yj4mLkm9Q75kC3vAAAAAlQL4zgAAAACAAAAAgAAAAAAAAAAAAAAAwAAAAABAAAAAAAAAAAAAAAAAAAA
bd486dbdd02d460817671c4a5a7e9d6e865ca29cb41e62d7aaf70a2fee5b36de	4	1	AAAAAK6jei3jmoI8TGlD/egc37PXtHKKzWV8wViZBaCu5L5MAAAAZAAAAAIAAAABAAAAAAAAAAAAAAABAAAAAAAAAAYAAAABVVNEAAAAAAC1uBdHoTugMvQtD7BhIL3Ne9dVPfGI+Ji5JvUO+ZAt73//////////AAAAAAAAAAGu5L5MAAAAQB9kmKW2q3v7Qfy8PMekEb1TTI5ixqkI0BogXrOt7gO162Qbkh2dSTUfeDovc0PAafhDXxthVAlsLujlBmyjBAY=	vUhtvdAtRggXZxxKWn6dboZcopy0HmLXqvcKL+5bNt4AAAAAAAAAZAAAAAAAAAABAAAAAAAAAAYAAAAAAAAAAA==	AAAAAAAAAAEAAAACAAAAAAAAAAQAAAABAAAAAK6jei3jmoI8TGlD/egc37PXtHKKzWV8wViZBaCu5L5MAAAAAVVTRAAAAAAAtbgXR6E7oDL0LQ+wYSC9zXvXVT3xiPiYuSb1DvmQLe8AAAAAAAAAAH//////////AAAAAAAAAAAAAAAAAAAAAQAAAAQAAAAAAAAAAK6jei3jmoI8TGlD/egc37PXtHKKzWV8wViZBaCu5L5MAAAAAlQL45wAAAACAAAAAQAAAAEAAAAAAAAAAAAAAAABAAAAAAAAAAAAAAAAAAAA
b55d768a4e8e712da20efdee0e7d85f02948f9b6fd3ef2daefd3a5a147ecd63d	5	1	AAAAAG5oJtVdnYOVdZqtXpTHBtbcY0mCmfcBIKEgWnlvFIhaAAAAZAAAAAIAAAABAAAAAAAAAAAAAAABAAAAAAAAAAYAAAABVVNEAAAAAAC1uBdHoTugMvQtD7BhIL3Ne9dVPfGI+Ji5JvUO+ZAt7wAAAAlQL5AAAAAAAAAAAAFvFIhaAAAAQBlpm/6rv5JvbN2AKUSlH+4idIlX0cM678QXxK+il0u7z3KLORdzKSkLnS5WdLZlAB6iDmoKI5WbydQLktNtDQA=	tV12ik6OcS2iDv3uDn2F8ClI+bb9PvLa79OloUfs1j0AAAAAAAAAZAAAAAAAAAABAAAAAAAAAAYAAAAAAAAAAA==	AAAAAAAAAAEAAAACAAAAAAAAAAUAAAABAAAAAG5oJtVdnYOVdZqtXpTHBtbcY0mCmfcBIKEgWnlvFIhaAAAAAVVTRAAAAAAAtbgXR6E7oDL0LQ+wYSC9zXvXVT3xiPiYuSb1DvmQLe8AAAAAAAAAAAAAAAlQL5AAAAAAAAAAAAAAAAAAAAAAAQAAAAUAAAAAAAAAAG5oJtVdnYOVdZqtXpTHBtbcY0mCmfcBIKEgWnlvFIhaAAAAAlQL45wAAAACAAAAAQAAAAEAAAAAAAAAAAAAAAABAAAAAAAAAAAAAAAAAAAA
3b666a253313fc7a0d241ee28064eec78aaa5ebd0a7c0ae7f85259e80fad029f	6	1	AAAAALW4F0ehO6Ay9C0PsGEgvc1711U98Yj4mLkm9Q75kC3vAAAAZAAAAAIAAAADAAAAAAAAAAAAAAABAAAAAAAAAAcAAAAArqN6LeOagjxMaUP96Bzfs9e0corNZXzBWJkFoK7kvkwAAAABVVNEAAAAAAEAAAAAAAAAAfmQLe8AAABAL6czYFvSBhdVeD4fbXOHuXFa2CDqLpFfc+QJnoiPLt/23YViURGLyfg388FKMKsbNJEgmFsCJjtgl3fj7wr/Aw==	O2ZqJTMT/HoNJB7igGTux4qqXr0KfArn+FJZ6A+tAp8AAAAAAAAAZAAAAAAAAAABAAAAAAAAAAcAAAAAAAAAAA==	AAAAAAAAAAEAAAACAAAAAwAAAAQAAAABAAAAAK6jei3jmoI8TGlD/egc37PXtHKKzWV8wViZBaCu5L5MAAAAAVVTRAAAAAAAtbgXR6E7oDL0LQ+wYSC9zXvXVT3xiPiYuSb1DvmQLe8AAAAAAAAAAH//////////AAAAAAAAAAAAAAAAAAAAAQAAAAYAAAABAAAAAK6jei3jmoI8TGlD/egc37PXtHKKzWV8wViZBaCu5L5MAAAAAVVTRAAAAAAAtbgXR6E7oDL0LQ+wYSC9zXvXVT3xiPiYuSb1DvmQLe8AAAAAAAAAAH//////////AAAAAQAAAAAAAAAA
3f2aa00ba539e24ba9c0ba62f50318d8c7180f2d6757cc76e9984055c5e19ff4	7	1	AAAAALW4F0ehO6Ay9C0PsGEgvc1711U98Yj4mLkm9Q75kC3vAAAAZAAAAAIAAAAEAAAAAAAAAAAAAAABAAAAAAAAAAcAAAAAbmgm1V2dg5V1mq1elMcG1txjSYKZ9wEgoSBaeW8UiFoAAAABVVNEAAAAAAEAAAAAAAAAAfmQLe8AAABA1TAQBu/2f7XHs/ctAJ5W7Ytk4jvQBopdO05zkSQoS8piu1mZm/tTvDTXEq/QUufpt/E8NBgKtNpcJXuMv5aPCw==	PyqgC6U54kupwLpi9QMY2McYDy1nV8x26ZhAVcXhn/QAAAAAAAAAZAAAAAAAAAABAAAAAAAAAAcAAAAAAAAAAA==	AAAAAAAAAAEAAAACAAAAAwAAAAUAAAABAAAAAG5oJtVdnYOVdZqtXpTHBtbcY0mCmfcBIKEgWnlvFIhaAAAAAVVTRAAAAAAAtbgXR6E7oDL0LQ+wYSC9zXvXVT3xiPiYuSb1DvmQLe8AAAAAAAAAAAAAAAlQL5AAAAAAAAAAAAAAAAAAAAAAAQAAAAcAAAABAAAAAG5oJtVdnYOVdZqtXpTHBtbcY0mCmfcBIKEgWnlvFIhaAAAAAVVTRAAAAAAAtbgXR6E7oDL0LQ+wYSC9zXvXVT3xiPiYuSb1DvmQLe8AAAAAAAAAAAAAAAlQL5AAAAAAAQAAAAAAAAAA
3ce9fc1159c25adc62c9686792cd41f06908280b899744057856db33bafe75de	8	1	AAAAALW4F0ehO6Ay9C0PsGEgvc1711U98Yj4mLkm9Q75kC3vAAAAZAAAAAIAAAAFAAAAAAAAAAAAAAABAAAAAAAAAAcAAAAAbmgm1V2dg5V1mq1elMcG1txjSYKZ9wEgoSBaeW8UiFoAAAABVVNEAAAAAAAAAAAAAAAAAfmQLe8AAABASafHp/zp11tF81MRvbAnx9gQNTXdLW4DmoIofkgoG+jJw/Xj/k+N5WvSjqGrGF33uB6KnD+wAfQIhf0/DlxpBQ==	POn8EVnCWtxiyWhnks1B8GkIKAuJl0QFeFbbM7r+dd4AAAAAAAAAZAAAAAAAAAABAAAAAAAAAAcAAAAAAAAAAA==	AAAAAAAAAAEAAAACAAAAAwAAAAcAAAABAAAAAG5oJtVdnYOVdZqtXpTHBtbcY0mCmfcBIKEgWnlvFIhaAAAAAVVTRAAAAAAAtbgXR6E7oDL0LQ+wYSC9zXvXVT3xiPiYuSb1DvmQLe8AAAAAAAAAAAAAAAlQL5AAAAAAAQAAAAAAAAAAAAAAAQAAAAgAAAABAAAAAG5oJtVdnYOVdZqtXpTHBtbcY0mCmfcBIKEgWnlvFIhaAAAAAVVTRAAAAAAAtbgXR6E7oDL0LQ+wYSC9zXvXVT3xiPiYuSb1DvmQLe8AAAAAAAAAAAAAAAlQL5AAAAAAAAAAAAAAAAAA
\.


--
-- Name: accounts_pkey; Type: CONSTRAINT; Schema: public; Owner: -; Tablespace: 
--

ALTER TABLE ONLY accounts
    ADD CONSTRAINT accounts_pkey PRIMARY KEY (accountid);


--
-- Name: ledgerheaders_ledgerseq_key; Type: CONSTRAINT; Schema: public; Owner: -; Tablespace: 
--

ALTER TABLE ONLY ledgerheaders
    ADD CONSTRAINT ledgerheaders_ledgerseq_key UNIQUE (ledgerseq);


--
-- Name: ledgerheaders_pkey; Type: CONSTRAINT; Schema: public; Owner: -; Tablespace: 
--

ALTER TABLE ONLY ledgerheaders
    ADD CONSTRAINT ledgerheaders_pkey PRIMARY KEY (ledgerhash);


--
-- Name: offers_pkey; Type: CONSTRAINT; Schema: public; Owner: -; Tablespace: 
--

ALTER TABLE ONLY offers
    ADD CONSTRAINT offers_pkey PRIMARY KEY (offerid);


--
-- Name: peers_pkey; Type: CONSTRAINT; Schema: public; Owner: -; Tablespace: 
--

ALTER TABLE ONLY peers
    ADD CONSTRAINT peers_pkey PRIMARY KEY (ip, port);


--
-- Name: publishqueue_pkey; Type: CONSTRAINT; Schema: public; Owner: -; Tablespace: 
--

ALTER TABLE ONLY publishqueue
    ADD CONSTRAINT publishqueue_pkey PRIMARY KEY (ledger);


--
-- Name: pubsub_pkey; Type: CONSTRAINT; Schema: public; Owner: -; Tablespace: 
--

ALTER TABLE ONLY pubsub
    ADD CONSTRAINT pubsub_pkey PRIMARY KEY (resid);


--
-- Name: scpquorums_pkey; Type: CONSTRAINT; Schema: public; Owner: -; Tablespace: 
--

ALTER TABLE ONLY scpquorums
    ADD CONSTRAINT scpquorums_pkey PRIMARY KEY (qsethash);


--
-- Name: signers_pkey; Type: CONSTRAINT; Schema: public; Owner: -; Tablespace: 
--

ALTER TABLE ONLY signers
    ADD CONSTRAINT signers_pkey PRIMARY KEY (accountid, publickey);


--
-- Name: storestate_pkey; Type: CONSTRAINT; Schema: public; Owner: -; Tablespace: 
--

ALTER TABLE ONLY storestate
    ADD CONSTRAINT storestate_pkey PRIMARY KEY (statename);


--
-- Name: trustlines_pkey; Type: CONSTRAINT; Schema: public; Owner: -; Tablespace: 
--

ALTER TABLE ONLY trustlines
    ADD CONSTRAINT trustlines_pkey PRIMARY KEY (accountid, issuer, assetcode);


--
-- Name: txfeehistory_pkey; Type: CONSTRAINT; Schema: public; Owner: -; Tablespace: 
--

ALTER TABLE ONLY txfeehistory
    ADD CONSTRAINT txfeehistory_pkey PRIMARY KEY (ledgerseq, txindex);


--
-- Name: txhistory_pkey; Type: CONSTRAINT; Schema: public; Owner: -; Tablespace: 
--

ALTER TABLE ONLY txhistory
    ADD CONSTRAINT txhistory_pkey PRIMARY KEY (ledgerseq, txindex);


--
-- Name: accountbalances; Type: INDEX; Schema: public; Owner: -; Tablespace: 
--

CREATE INDEX accountbalances ON accounts USING btree (balance) WHERE (balance >= 1000000000);


--
-- Name: buyingissuerindex; Type: INDEX; Schema: public; Owner: -; Tablespace: 
--

CREATE INDEX buyingissuerindex ON offers USING btree (buyingissuer);


--
-- Name: histbyseq; Type: INDEX; Schema: public; Owner: -; Tablespace: 
--

CREATE INDEX histbyseq ON txhistory USING btree (ledgerseq);


--
-- Name: histfeebyseq; Type: INDEX; Schema: public; Owner: -; Tablespace: 
--

CREATE INDEX histfeebyseq ON txfeehistory USING btree (ledgerseq);


--
-- Name: ledgersbyseq; Type: INDEX; Schema: public; Owner: -; Tablespace: 
--

CREATE INDEX ledgersbyseq ON ledgerheaders USING btree (ledgerseq);


--
-- Name: priceindex; Type: INDEX; Schema: public; Owner: -; Tablespace: 
--

CREATE INDEX priceindex ON offers USING btree (price);


--
-- Name: scpenvsbyseq; Type: INDEX; Schema: public; Owner: -; Tablespace: 
--

CREATE INDEX scpenvsbyseq ON scphistory USING btree (ledgerseq);


--
-- Name: sellingissuerindex; Type: INDEX; Schema: public; Owner: -; Tablespace: 
--

CREATE INDEX sellingissuerindex ON offers USING btree (sellingissuer);


--
-- Name: signersaccount; Type: INDEX; Schema: public; Owner: -; Tablespace: 
--

CREATE INDEX signersaccount ON signers USING btree (accountid);


--
-- PostgreSQL database dump complete
--

