--
-- PostgreSQL database dump
--

SET statement_timeout = 0;
SET lock_timeout = 0;
SET client_encoding = 'UTF8';
SET standard_conforming_strings = on;
SET check_function_bodies = false;
SET client_min_messages = warning;

SET search_path = public, pg_catalog;

DROP INDEX IF EXISTS public.trade_effects_by_order_book;
DROP INDEX IF EXISTS public.index_history_transactions_on_id;
DROP INDEX IF EXISTS public.index_history_operations_on_type;
DROP INDEX IF EXISTS public.index_history_operations_on_transaction_id;
DROP INDEX IF EXISTS public.index_history_operations_on_id;
DROP INDEX IF EXISTS public.index_history_ledgers_on_sequence;
DROP INDEX IF EXISTS public.index_history_ledgers_on_previous_ledger_hash;
DROP INDEX IF EXISTS public.index_history_ledgers_on_ledger_hash;
DROP INDEX IF EXISTS public.index_history_ledgers_on_importer_version;
DROP INDEX IF EXISTS public.index_history_ledgers_on_id;
DROP INDEX IF EXISTS public.index_history_ledgers_on_closed_at;
DROP INDEX IF EXISTS public.index_history_effects_on_type;
DROP INDEX IF EXISTS public.index_history_accounts_on_id;
DROP INDEX IF EXISTS public.index_history_accounts_on_address;
DROP INDEX IF EXISTS public.hs_transaction_by_id;
DROP INDEX IF EXISTS public.hs_ledger_by_id;
DROP INDEX IF EXISTS public.hist_tx_p_id;
DROP INDEX IF EXISTS public.hist_op_p_id;
DROP INDEX IF EXISTS public.hist_e_id;
DROP INDEX IF EXISTS public.hist_e_by_order;
DROP INDEX IF EXISTS public.by_ledger;
DROP INDEX IF EXISTS public.by_hash;
DROP INDEX IF EXISTS public.by_account;
ALTER TABLE IF EXISTS ONLY public.history_transaction_participants DROP CONSTRAINT IF EXISTS history_transaction_participants_pkey;
ALTER TABLE IF EXISTS ONLY public.history_operation_participants DROP CONSTRAINT IF EXISTS history_operation_participants_pkey;
ALTER TABLE IF EXISTS ONLY public.gorp_migrations DROP CONSTRAINT IF EXISTS gorp_migrations_pkey;
ALTER TABLE IF EXISTS public.history_transaction_participants ALTER COLUMN id DROP DEFAULT;
ALTER TABLE IF EXISTS public.history_operation_participants ALTER COLUMN id DROP DEFAULT;
DROP TABLE IF EXISTS public.history_transactions;
DROP SEQUENCE IF EXISTS public.history_transaction_participants_id_seq;
DROP TABLE IF EXISTS public.history_transaction_participants;
DROP TABLE IF EXISTS public.history_operations;
DROP SEQUENCE IF EXISTS public.history_operation_participants_id_seq;
DROP TABLE IF EXISTS public.history_operation_participants;
DROP TABLE IF EXISTS public.history_ledgers;
DROP TABLE IF EXISTS public.history_effects;
DROP TABLE IF EXISTS public.history_accounts;
DROP TABLE IF EXISTS public.gorp_migrations;
DROP EXTENSION IF EXISTS hstore;
DROP EXTENSION IF EXISTS plpgsql;
DROP SCHEMA IF EXISTS public;
--
-- Name: public; Type: SCHEMA; Schema: -; Owner: -
--

CREATE SCHEMA public;


--
-- Name: SCHEMA public; Type: COMMENT; Schema: -; Owner: -
--

COMMENT ON SCHEMA public IS 'standard public schema';


--
-- Name: plpgsql; Type: EXTENSION; Schema: -; Owner: -
--

CREATE EXTENSION IF NOT EXISTS plpgsql WITH SCHEMA pg_catalog;


--
-- Name: EXTENSION plpgsql; Type: COMMENT; Schema: -; Owner: -
--

COMMENT ON EXTENSION plpgsql IS 'PL/pgSQL procedural language';


--
-- Name: hstore; Type: EXTENSION; Schema: -; Owner: -
--

CREATE EXTENSION IF NOT EXISTS hstore WITH SCHEMA public;


--
-- Name: EXTENSION hstore; Type: COMMENT; Schema: -; Owner: -
--

COMMENT ON EXTENSION hstore IS 'data type for storing sets of (key, value) pairs';


SET search_path = public, pg_catalog;

SET default_tablespace = '';

SET default_with_oids = false;

--
-- Name: gorp_migrations; Type: TABLE; Schema: public; Owner: -; Tablespace: 
--

CREATE TABLE gorp_migrations (
    id text NOT NULL,
    applied_at timestamp with time zone
);


--
-- Name: history_accounts; Type: TABLE; Schema: public; Owner: -; Tablespace: 
--

CREATE TABLE history_accounts (
    id bigint NOT NULL,
    address character varying(64)
);


--
-- Name: history_effects; Type: TABLE; Schema: public; Owner: -; Tablespace: 
--

CREATE TABLE history_effects (
    history_account_id bigint NOT NULL,
    history_operation_id bigint NOT NULL,
    "order" integer NOT NULL,
    type integer NOT NULL,
    details jsonb
);


--
-- Name: history_ledgers; Type: TABLE; Schema: public; Owner: -; Tablespace: 
--

CREATE TABLE history_ledgers (
    sequence integer NOT NULL,
    ledger_hash character varying(64) NOT NULL,
    previous_ledger_hash character varying(64),
    transaction_count integer DEFAULT 0 NOT NULL,
    operation_count integer DEFAULT 0 NOT NULL,
    closed_at timestamp without time zone NOT NULL,
    created_at timestamp without time zone,
    updated_at timestamp without time zone,
    id bigint,
    importer_version integer DEFAULT 1 NOT NULL,
    total_coins bigint NOT NULL,
    fee_pool bigint NOT NULL,
    base_fee integer NOT NULL,
    base_reserve integer NOT NULL,
    max_tx_set_size integer NOT NULL
);


--
-- Name: history_operation_participants; Type: TABLE; Schema: public; Owner: -; Tablespace: 
--

CREATE TABLE history_operation_participants (
    id integer NOT NULL,
    history_operation_id bigint NOT NULL,
    history_account_id bigint NOT NULL
);


--
-- Name: history_operation_participants_id_seq; Type: SEQUENCE; Schema: public; Owner: -
--

CREATE SEQUENCE history_operation_participants_id_seq
    START WITH 1
    INCREMENT BY 1
    NO MINVALUE
    NO MAXVALUE
    CACHE 1;


--
-- Name: history_operation_participants_id_seq; Type: SEQUENCE OWNED BY; Schema: public; Owner: -
--

ALTER SEQUENCE history_operation_participants_id_seq OWNED BY history_operation_participants.id;


--
-- Name: history_operations; Type: TABLE; Schema: public; Owner: -; Tablespace: 
--

CREATE TABLE history_operations (
    id bigint NOT NULL,
    transaction_id bigint NOT NULL,
    application_order integer NOT NULL,
    type integer NOT NULL,
    details jsonb,
    source_account character varying(64) DEFAULT ''::character varying NOT NULL
);


--
-- Name: history_transaction_participants; Type: TABLE; Schema: public; Owner: -; Tablespace: 
--

CREATE TABLE history_transaction_participants (
    id integer NOT NULL,
    history_transaction_id bigint NOT NULL,
    history_account_id bigint NOT NULL
);


--
-- Name: history_transaction_participants_id_seq; Type: SEQUENCE; Schema: public; Owner: -
--

CREATE SEQUENCE history_transaction_participants_id_seq
    START WITH 1
    INCREMENT BY 1
    NO MINVALUE
    NO MAXVALUE
    CACHE 1;


--
-- Name: history_transaction_participants_id_seq; Type: SEQUENCE OWNED BY; Schema: public; Owner: -
--

ALTER SEQUENCE history_transaction_participants_id_seq OWNED BY history_transaction_participants.id;


--
-- Name: history_transactions; Type: TABLE; Schema: public; Owner: -; Tablespace: 
--

CREATE TABLE history_transactions (
    transaction_hash character varying(64) NOT NULL,
    ledger_sequence integer NOT NULL,
    application_order integer NOT NULL,
    account character varying(64) NOT NULL,
    account_sequence bigint NOT NULL,
    fee_paid integer NOT NULL,
    operation_count integer NOT NULL,
    created_at timestamp without time zone,
    updated_at timestamp without time zone,
    id bigint,
    tx_envelope text NOT NULL,
    tx_result text NOT NULL,
    tx_meta text NOT NULL,
    tx_fee_meta text NOT NULL,
    signatures character varying(96)[] DEFAULT '{}'::character varying[] NOT NULL,
    memo_type character varying DEFAULT 'none'::character varying NOT NULL,
    memo character varying,
    time_bounds int8range
);


--
-- Name: id; Type: DEFAULT; Schema: public; Owner: -
--

ALTER TABLE ONLY history_operation_participants ALTER COLUMN id SET DEFAULT nextval('history_operation_participants_id_seq'::regclass);


--
-- Name: id; Type: DEFAULT; Schema: public; Owner: -
--

ALTER TABLE ONLY history_transaction_participants ALTER COLUMN id SET DEFAULT nextval('history_transaction_participants_id_seq'::regclass);


--
-- Data for Name: gorp_migrations; Type: TABLE DATA; Schema: public; Owner: -
--

INSERT INTO gorp_migrations VALUES ('1_initial_schema.sql', '2016-03-17 15:01:27.057034-07');


--
-- Data for Name: history_accounts; Type: TABLE DATA; Schema: public; Owner: -
--

INSERT INTO history_accounts VALUES (1, 'GBRPYHIL2CI3FNQ4BXLFMNDLFJUNPU2HY3ZMFSHONUCEOASW7QC7OX2H');
INSERT INTO history_accounts VALUES (8589938689, 'GC23QF2HUE52AMXUFUH3AYJAXXGXXV2VHXYYR6EYXETPKDXZSAW67XO4');
INSERT INTO history_accounts VALUES (8589942785, 'GCXKG6RN4ONIEPCMNFB732A436Z5PNDSRLGWK7GBLCMQLIFO4S7EYWVU');


--
-- Data for Name: history_effects; Type: TABLE DATA; Schema: public; Owner: -
--

INSERT INTO history_effects VALUES (8589938689, 8589938689, 1, 0, '{"starting_balance": "1000.0000000"}');
INSERT INTO history_effects VALUES (1, 8589938689, 2, 3, '{"amount": "1000.0000000", "asset_type": "native"}');
INSERT INTO history_effects VALUES (8589938689, 8589938689, 3, 10, '{"weight": 1, "public_key": "GC23QF2HUE52AMXUFUH3AYJAXXGXXV2VHXYYR6EYXETPKDXZSAW67XO4"}');
INSERT INTO history_effects VALUES (8589942785, 8589942785, 1, 0, '{"starting_balance": "1000.0000000"}');
INSERT INTO history_effects VALUES (1, 8589942785, 2, 3, '{"amount": "1000.0000000", "asset_type": "native"}');
INSERT INTO history_effects VALUES (8589942785, 8589942785, 3, 10, '{"weight": 1, "public_key": "GCXKG6RN4ONIEPCMNFB732A436Z5PNDSRLGWK7GBLCMQLIFO4S7EYWVU"}');
INSERT INTO history_effects VALUES (8589942785, 12884905985, 1, 20, '{"limit": "922337203685.4775807", "asset_code": "USD", "asset_type": "credit_alphanum4", "asset_issuer": "GC23QF2HUE52AMXUFUH3AYJAXXGXXV2VHXYYR6EYXETPKDXZSAW67XO4"}');
INSERT INTO history_effects VALUES (8589942785, 17179873281, 1, 22, '{"limit": "4000.0000000", "asset_code": "USD", "asset_type": "credit_alphanum4", "asset_issuer": "GC23QF2HUE52AMXUFUH3AYJAXXGXXV2VHXYYR6EYXETPKDXZSAW67XO4"}');
INSERT INTO history_effects VALUES (8589942785, 21474840577, 1, 21, '{"limit": "0.0000000", "asset_code": "USD", "asset_type": "credit_alphanum4", "asset_issuer": "GC23QF2HUE52AMXUFUH3AYJAXXGXXV2VHXYYR6EYXETPKDXZSAW67XO4"}');


--
-- Data for Name: history_ledgers; Type: TABLE DATA; Schema: public; Owner: -
--

INSERT INTO history_ledgers VALUES (1, '63d98f536ee68d1b27b5b89f23af5311b7569a24faf1403ad0b52b633b07be99', NULL, 0, 0, '1970-01-01 00:00:00', '2016-03-24 23:09:45.580785', '2016-03-24 23:09:45.580785', 4294967296, 5, 1000000000000000000, 0, 100, 100000000, 100);
INSERT INTO history_ledgers VALUES (2, '3d2845056645dbca4e69e8d53cee43db1847cbbc627dc8255edf2ca383023898', '63d98f536ee68d1b27b5b89f23af5311b7569a24faf1403ad0b52b633b07be99', 2, 2, '2016-03-24 23:09:43', '2016-03-24 23:09:45.585614', '2016-03-24 23:09:45.585614', 8589934592, 5, 1000000000000000000, 200, 100, 100000000, 10000);
INSERT INTO history_ledgers VALUES (3, '1b1c01640b7857639642ba1bf4336fe3993585a35d4235c36f47f0dce49f86ac', '3d2845056645dbca4e69e8d53cee43db1847cbbc627dc8255edf2ca383023898', 1, 1, '2016-03-24 23:09:44', '2016-03-24 23:09:45.596934', '2016-03-24 23:09:45.596935', 12884901888, 5, 1000000000000000000, 300, 100, 100000000, 10000);
INSERT INTO history_ledgers VALUES (4, '4fe12567cb3398fc0b1d3a409bafed09626764317eb90720f076f741899b4079', '1b1c01640b7857639642ba1bf4336fe3993585a35d4235c36f47f0dce49f86ac', 1, 1, '2016-03-24 23:09:45', '2016-03-24 23:09:45.600143', '2016-03-24 23:09:45.600143', 17179869184, 5, 1000000000000000000, 400, 100, 100000000, 10000);
INSERT INTO history_ledgers VALUES (5, '5930496e3da91b5d636900c317853f11ab692885b21ef41df0562a12b64df649', '4fe12567cb3398fc0b1d3a409bafed09626764317eb90720f076f741899b4079', 1, 1, '2016-03-24 23:09:46', '2016-03-24 23:09:45.602987', '2016-03-24 23:09:45.602987', 21474836480, 5, 1000000000000000000, 500, 100, 100000000, 10000);
INSERT INTO history_ledgers VALUES (6, '518525dfc4d132c467f674773de0509327f8cfb623eb664f7b64bdba76621833', '5930496e3da91b5d636900c317853f11ab692885b21ef41df0562a12b64df649', 0, 0, '2016-03-24 23:09:47', '2016-03-24 23:09:45.605383', '2016-03-24 23:09:45.605383', 25769803776, 5, 1000000000000000000, 500, 100, 100000000, 10000);


--
-- Data for Name: history_operation_participants; Type: TABLE DATA; Schema: public; Owner: -
--

INSERT INTO history_operation_participants VALUES (1, 8589938689, 1);
INSERT INTO history_operation_participants VALUES (2, 8589938689, 8589938689);
INSERT INTO history_operation_participants VALUES (3, 8589942785, 1);
INSERT INTO history_operation_participants VALUES (4, 8589942785, 8589942785);
INSERT INTO history_operation_participants VALUES (5, 12884905985, 8589942785);
INSERT INTO history_operation_participants VALUES (6, 17179873281, 8589942785);
INSERT INTO history_operation_participants VALUES (7, 21474840577, 8589942785);


--
-- Name: history_operation_participants_id_seq; Type: SEQUENCE SET; Schema: public; Owner: -
--

SELECT pg_catalog.setval('history_operation_participants_id_seq', 7, true);


--
-- Data for Name: history_operations; Type: TABLE DATA; Schema: public; Owner: -
--

INSERT INTO history_operations VALUES (8589938689, 8589938688, 1, 0, '{"funder": "GBRPYHIL2CI3FNQ4BXLFMNDLFJUNPU2HY3ZMFSHONUCEOASW7QC7OX2H", "account": "GC23QF2HUE52AMXUFUH3AYJAXXGXXV2VHXYYR6EYXETPKDXZSAW67XO4", "starting_balance": "1000.0000000"}', 'GBRPYHIL2CI3FNQ4BXLFMNDLFJUNPU2HY3ZMFSHONUCEOASW7QC7OX2H');
INSERT INTO history_operations VALUES (8589942785, 8589942784, 1, 0, '{"funder": "GBRPYHIL2CI3FNQ4BXLFMNDLFJUNPU2HY3ZMFSHONUCEOASW7QC7OX2H", "account": "GCXKG6RN4ONIEPCMNFB732A436Z5PNDSRLGWK7GBLCMQLIFO4S7EYWVU", "starting_balance": "1000.0000000"}', 'GBRPYHIL2CI3FNQ4BXLFMNDLFJUNPU2HY3ZMFSHONUCEOASW7QC7OX2H');
INSERT INTO history_operations VALUES (12884905985, 12884905984, 1, 6, '{"limit": "922337203685.4775807", "trustee": "GC23QF2HUE52AMXUFUH3AYJAXXGXXV2VHXYYR6EYXETPKDXZSAW67XO4", "trustor": "GCXKG6RN4ONIEPCMNFB732A436Z5PNDSRLGWK7GBLCMQLIFO4S7EYWVU", "asset_code": "USD", "asset_type": "credit_alphanum4", "asset_issuer": "GC23QF2HUE52AMXUFUH3AYJAXXGXXV2VHXYYR6EYXETPKDXZSAW67XO4"}', 'GCXKG6RN4ONIEPCMNFB732A436Z5PNDSRLGWK7GBLCMQLIFO4S7EYWVU');
INSERT INTO history_operations VALUES (17179873281, 17179873280, 1, 6, '{"limit": "4000.0000000", "trustee": "GC23QF2HUE52AMXUFUH3AYJAXXGXXV2VHXYYR6EYXETPKDXZSAW67XO4", "trustor": "GCXKG6RN4ONIEPCMNFB732A436Z5PNDSRLGWK7GBLCMQLIFO4S7EYWVU", "asset_code": "USD", "asset_type": "credit_alphanum4", "asset_issuer": "GC23QF2HUE52AMXUFUH3AYJAXXGXXV2VHXYYR6EYXETPKDXZSAW67XO4"}', 'GCXKG6RN4ONIEPCMNFB732A436Z5PNDSRLGWK7GBLCMQLIFO4S7EYWVU');
INSERT INTO history_operations VALUES (21474840577, 21474840576, 1, 6, '{"limit": "0.0000000", "trustee": "GC23QF2HUE52AMXUFUH3AYJAXXGXXV2VHXYYR6EYXETPKDXZSAW67XO4", "trustor": "GCXKG6RN4ONIEPCMNFB732A436Z5PNDSRLGWK7GBLCMQLIFO4S7EYWVU", "asset_code": "USD", "asset_type": "credit_alphanum4", "asset_issuer": "GC23QF2HUE52AMXUFUH3AYJAXXGXXV2VHXYYR6EYXETPKDXZSAW67XO4"}', 'GCXKG6RN4ONIEPCMNFB732A436Z5PNDSRLGWK7GBLCMQLIFO4S7EYWVU');


--
-- Data for Name: history_transaction_participants; Type: TABLE DATA; Schema: public; Owner: -
--

INSERT INTO history_transaction_participants VALUES (1, 8589938688, 1);
INSERT INTO history_transaction_participants VALUES (2, 8589938688, 8589938689);
INSERT INTO history_transaction_participants VALUES (3, 8589942784, 1);
INSERT INTO history_transaction_participants VALUES (4, 8589942784, 8589942785);
INSERT INTO history_transaction_participants VALUES (5, 12884905984, 8589942785);
INSERT INTO history_transaction_participants VALUES (6, 17179873280, 8589942785);
INSERT INTO history_transaction_participants VALUES (7, 21474840576, 8589942785);


--
-- Name: history_transaction_participants_id_seq; Type: SEQUENCE SET; Schema: public; Owner: -
--

SELECT pg_catalog.setval('history_transaction_participants_id_seq', 7, true);


--
-- Data for Name: history_transactions; Type: TABLE DATA; Schema: public; Owner: -
--

INSERT INTO history_transactions VALUES ('db398eb4ae89756325643cad21c94e13bfc074b323ee83e141bf701a5d904f1b', 2, 1, 'GBRPYHIL2CI3FNQ4BXLFMNDLFJUNPU2HY3ZMFSHONUCEOASW7QC7OX2H', 1, 100, 1, '2016-03-24 23:09:45.586066', '2016-03-24 23:09:45.586066', 8589938688, 'AAAAAGL8HQvQkbK2HA3WVjRrKmjX00fG8sLI7m0ERwJW/AX3AAAAZAAAAAAAAAABAAAAAAAAAAAAAAABAAAAAAAAAAAAAAAAtbgXR6E7oDL0LQ+wYSC9zXvXVT3xiPiYuSb1DvmQLe8AAAACVAvkAAAAAAAAAAABVvwF9wAAAEAYjQcPT2G5hqnBmgGGeg9J8l4c1EnUlxklElH9sqZr0971F6OLWfe/m4kpFtI+sI0i1qLit5A0JyWnbhYLW5oD', '2zmOtK6JdWMlZDytIclOE7/AdLMj7oPhQb9wGl2QTxsAAAAAAAAAZAAAAAAAAAABAAAAAAAAAAAAAAAAAAAAAA==', 'AAAAAAAAAAEAAAACAAAAAAAAAAIAAAAAAAAAALW4F0ehO6Ay9C0PsGEgvc1711U98Yj4mLkm9Q75kC3vAAAAAlQL5AAAAAACAAAAAAAAAAAAAAAAAAAAAAAAAAABAAAAAAAAAAAAAAAAAAAAAAAAAQAAAAIAAAAAAAAAAGL8HQvQkbK2HA3WVjRrKmjX00fG8sLI7m0ERwJW/AX3DeC2sVNYGzgAAAAAAAAAAgAAAAAAAAAAAAAAAAAAAAABAAAAAAAAAAAAAAAAAAAA', 'AAAAAgAAAAMAAAABAAAAAAAAAABi/B0L0JGythwN1lY0aypo19NHxvLCyO5tBEcCVvwF9w3gtrOnZAAAAAAAAAAAAAAAAAAAAAAAAAAAAAAAAAAAAQAAAAAAAAAAAAAAAAAAAAAAAAEAAAACAAAAAAAAAABi/B0L0JGythwN1lY0aypo19NHxvLCyO5tBEcCVvwF9w3gtrOnY/+cAAAAAAAAAAEAAAAAAAAAAAAAAAAAAAAAAQAAAAAAAAAAAAAAAAAAAA==', '{GI0HD09huYapwZoBhnoPSfJeHNRJ1JcZJRJR/bKma9Pe9Reji1n3v5uJKRbSPrCNItai4reQNCclp24WC1uaAw==}', 'none', NULL, NULL);
INSERT INTO history_transactions VALUES ('f97caffab8c16023a37884165cb0b3ff1aa2daf4000fef49d21efc847ddbfbea', 2, 2, 'GBRPYHIL2CI3FNQ4BXLFMNDLFJUNPU2HY3ZMFSHONUCEOASW7QC7OX2H', 2, 100, 1, '2016-03-24 23:09:45.592271', '2016-03-24 23:09:45.592271', 8589942784, 'AAAAAGL8HQvQkbK2HA3WVjRrKmjX00fG8sLI7m0ERwJW/AX3AAAAZAAAAAAAAAACAAAAAAAAAAAAAAABAAAAAAAAAAAAAAAArqN6LeOagjxMaUP96Bzfs9e0corNZXzBWJkFoK7kvkwAAAACVAvkAAAAAAAAAAABVvwF9wAAAEBmKpSgvrwKO20XCOfYfXsGEEUtwYaaEfqSu6ymJmlDma+IX6I7IggbUZMocQdZ94IMAfKdQANqXbIO7ysweeMC', '+Xyv+rjBYCOjeIQWXLCz/xqi2vQAD+9J0h78hH3b++oAAAAAAAAAZAAAAAAAAAABAAAAAAAAAAAAAAAAAAAAAA==', 'AAAAAAAAAAEAAAACAAAAAAAAAAIAAAAAAAAAAK6jei3jmoI8TGlD/egc37PXtHKKzWV8wViZBaCu5L5MAAAAAlQL5AAAAAACAAAAAAAAAAAAAAAAAAAAAAAAAAABAAAAAAAAAAAAAAAAAAAAAAAAAQAAAAIAAAAAAAAAAGL8HQvQkbK2HA3WVjRrKmjX00fG8sLI7m0ERwJW/AX3DeC2rv9MNzgAAAAAAAAAAgAAAAAAAAAAAAAAAAAAAAABAAAAAAAAAAAAAAAAAAAA', 'AAAAAQAAAAEAAAACAAAAAAAAAABi/B0L0JGythwN1lY0aypo19NHxvLCyO5tBEcCVvwF9w3gtrOnY/84AAAAAAAAAAIAAAAAAAAAAAAAAAAAAAAAAQAAAAAAAAAAAAAAAAAAAA==', '{ZiqUoL68CjttFwjn2H17BhBFLcGGmhH6kruspiZpQ5mviF+iOyIIG1GTKHEHWfeCDAHynUADal2yDu8rMHnjAg==}', 'none', NULL, NULL);
INSERT INTO history_transactions VALUES ('bd486dbdd02d460817671c4a5a7e9d6e865ca29cb41e62d7aaf70a2fee5b36de', 3, 1, 'GCXKG6RN4ONIEPCMNFB732A436Z5PNDSRLGWK7GBLCMQLIFO4S7EYWVU', 8589934593, 100, 1, '2016-03-24 23:09:45.597339', '2016-03-24 23:09:45.597339', 12884905984, 'AAAAAK6jei3jmoI8TGlD/egc37PXtHKKzWV8wViZBaCu5L5MAAAAZAAAAAIAAAABAAAAAAAAAAAAAAABAAAAAAAAAAYAAAABVVNEAAAAAAC1uBdHoTugMvQtD7BhIL3Ne9dVPfGI+Ji5JvUO+ZAt73//////////AAAAAAAAAAGu5L5MAAAAQB9kmKW2q3v7Qfy8PMekEb1TTI5ixqkI0BogXrOt7gO162Qbkh2dSTUfeDovc0PAafhDXxthVAlsLujlBmyjBAY=', 'vUhtvdAtRggXZxxKWn6dboZcopy0HmLXqvcKL+5bNt4AAAAAAAAAZAAAAAAAAAABAAAAAAAAAAYAAAAAAAAAAA==', 'AAAAAAAAAAEAAAACAAAAAAAAAAMAAAABAAAAAK6jei3jmoI8TGlD/egc37PXtHKKzWV8wViZBaCu5L5MAAAAAVVTRAAAAAAAtbgXR6E7oDL0LQ+wYSC9zXvXVT3xiPiYuSb1DvmQLe8AAAAAAAAAAH//////////AAAAAQAAAAAAAAAAAAAAAQAAAAMAAAAAAAAAAK6jei3jmoI8TGlD/egc37PXtHKKzWV8wViZBaCu5L5MAAAAAlQL45wAAAACAAAAAQAAAAEAAAAAAAAAAAAAAAABAAAAAAAAAAAAAAAAAAAA', 'AAAAAgAAAAMAAAACAAAAAAAAAACuo3ot45qCPExpQ/3oHN+z17Ryis1lfMFYmQWgruS+TAAAAAJUC+QAAAAAAgAAAAAAAAAAAAAAAAAAAAAAAAAAAQAAAAAAAAAAAAAAAAAAAAAAAAEAAAADAAAAAAAAAACuo3ot45qCPExpQ/3oHN+z17Ryis1lfMFYmQWgruS+TAAAAAJUC+OcAAAAAgAAAAEAAAAAAAAAAAAAAAAAAAAAAQAAAAAAAAAAAAAAAAAAAA==', '{H2SYpbare/tB/Lw8x6QRvVNMjmLGqQjQGiBes63uA7XrZBuSHZ1JNR94Oi9zQ8Bp+ENfG2FUCWwu6OUGbKMEBg==}', 'none', NULL, NULL);
INSERT INTO history_transactions VALUES ('857fd8ff2fdf3d24a6781c955d902ae100dc2715814f25e7282b2e567479c65a', 4, 1, 'GCXKG6RN4ONIEPCMNFB732A436Z5PNDSRLGWK7GBLCMQLIFO4S7EYWVU', 8589934594, 100, 1, '2016-03-24 23:09:45.600525', '2016-03-24 23:09:45.600525', 17179873280, 'AAAAAK6jei3jmoI8TGlD/egc37PXtHKKzWV8wViZBaCu5L5MAAAAZAAAAAIAAAACAAAAAAAAAAAAAAABAAAAAAAAAAYAAAABVVNEAAAAAAC1uBdHoTugMvQtD7BhIL3Ne9dVPfGI+Ji5JvUO+ZAt7wAAAAlQL5AAAAAAAAAAAAGu5L5MAAAAQFXNYQ1nN8EmRkvMcd2feWgcArIxRflch7zupcTFCkz8rBJFwobg4z+hs4Umn3TLWL5Nlr1Sf9CP8JcgGXsDSgQ=', 'hX/Y/y/fPSSmeByVXZAq4QDcJxWBTyXnKCsuVnR5xloAAAAAAAAAZAAAAAAAAAABAAAAAAAAAAYAAAAAAAAAAA==', 'AAAAAAAAAAEAAAACAAAAAwAAAAMAAAABAAAAAK6jei3jmoI8TGlD/egc37PXtHKKzWV8wViZBaCu5L5MAAAAAVVTRAAAAAAAtbgXR6E7oDL0LQ+wYSC9zXvXVT3xiPiYuSb1DvmQLe8AAAAAAAAAAH//////////AAAAAQAAAAAAAAAAAAAAAQAAAAQAAAABAAAAAK6jei3jmoI8TGlD/egc37PXtHKKzWV8wViZBaCu5L5MAAAAAVVTRAAAAAAAtbgXR6E7oDL0LQ+wYSC9zXvXVT3xiPiYuSb1DvmQLe8AAAAAAAAAAAAAAAlQL5AAAAAAAQAAAAAAAAAA', 'AAAAAgAAAAMAAAADAAAAAAAAAACuo3ot45qCPExpQ/3oHN+z17Ryis1lfMFYmQWgruS+TAAAAAJUC+OcAAAAAgAAAAEAAAABAAAAAAAAAAAAAAAAAQAAAAAAAAAAAAAAAAAAAAAAAAEAAAAEAAAAAAAAAACuo3ot45qCPExpQ/3oHN+z17Ryis1lfMFYmQWgruS+TAAAAAJUC+M4AAAAAgAAAAIAAAABAAAAAAAAAAAAAAAAAQAAAAAAAAAAAAAAAAAAAA==', '{Vc1hDWc3wSZGS8xx3Z95aBwCsjFF+VyHvO6lxMUKTPysEkXChuDjP6GzhSafdMtYvk2WvVJ/0I/wlyAZewNKBA==}', 'none', NULL, NULL);
INSERT INTO history_transactions VALUES ('31f210d64fced45a34ea630f944433de5f339b3480c7d3fff92f2b3426fbc594', 5, 1, 'GCXKG6RN4ONIEPCMNFB732A436Z5PNDSRLGWK7GBLCMQLIFO4S7EYWVU', 8589934595, 100, 1, '2016-03-24 23:09:45.603316', '2016-03-24 23:09:45.603316', 21474840576, 'AAAAAK6jei3jmoI8TGlD/egc37PXtHKKzWV8wViZBaCu5L5MAAAAZAAAAAIAAAADAAAAAAAAAAAAAAABAAAAAAAAAAYAAAABVVNEAAAAAAC1uBdHoTugMvQtD7BhIL3Ne9dVPfGI+Ji5JvUO+ZAt7wAAAAAAAAAAAAAAAAAAAAGu5L5MAAAAQGwsqMIzwrRIIdYGXSzgym6DUbMHrUre+JV1IWsNriIomdY3zGufZtCCV59ADJ9y165PVEFVsX457e4j0M/RWw0=', 'MfIQ1k/O1Fo06mMPlEQz3l8zmzSAx9P/+S8rNCb7xZQAAAAAAAAAZAAAAAAAAAABAAAAAAAAAAYAAAAAAAAAAA==', 'AAAAAAAAAAEAAAADAAAAAQAAAAUAAAAAAAAAAK6jei3jmoI8TGlD/egc37PXtHKKzWV8wViZBaCu5L5MAAAAAlQL4tQAAAACAAAAAwAAAAAAAAAAAAAAAAAAAAABAAAAAAAAAAAAAAAAAAAAAAAAAwAAAAQAAAABAAAAAK6jei3jmoI8TGlD/egc37PXtHKKzWV8wViZBaCu5L5MAAAAAVVTRAAAAAAAtbgXR6E7oDL0LQ+wYSC9zXvXVT3xiPiYuSb1DvmQLe8AAAAAAAAAAAAAAAlQL5AAAAAAAQAAAAAAAAAAAAAAAgAAAAEAAAAArqN6LeOagjxMaUP96Bzfs9e0corNZXzBWJkFoK7kvkwAAAABVVNEAAAAAAC1uBdHoTugMvQtD7BhIL3Ne9dVPfGI+Ji5JvUO+ZAt7w==', 'AAAAAgAAAAMAAAAEAAAAAAAAAACuo3ot45qCPExpQ/3oHN+z17Ryis1lfMFYmQWgruS+TAAAAAJUC+M4AAAAAgAAAAIAAAABAAAAAAAAAAAAAAAAAQAAAAAAAAAAAAAAAAAAAAAAAAEAAAAFAAAAAAAAAACuo3ot45qCPExpQ/3oHN+z17Ryis1lfMFYmQWgruS+TAAAAAJUC+LUAAAAAgAAAAMAAAABAAAAAAAAAAAAAAAAAQAAAAAAAAAAAAAAAAAAAA==', '{bCyowjPCtEgh1gZdLODKboNRswetSt74lXUhaw2uIiiZ1jfMa59m0IJXn0AMn3LXrk9UQVWxfjnt7iPQz9FbDQ==}', 'none', NULL, NULL);


--
-- Name: gorp_migrations_pkey; Type: CONSTRAINT; Schema: public; Owner: -; Tablespace: 
--

ALTER TABLE ONLY gorp_migrations
    ADD CONSTRAINT gorp_migrations_pkey PRIMARY KEY (id);


--
-- Name: history_operation_participants_pkey; Type: CONSTRAINT; Schema: public; Owner: -; Tablespace: 
--

ALTER TABLE ONLY history_operation_participants
    ADD CONSTRAINT history_operation_participants_pkey PRIMARY KEY (id);


--
-- Name: history_transaction_participants_pkey; Type: CONSTRAINT; Schema: public; Owner: -; Tablespace: 
--

ALTER TABLE ONLY history_transaction_participants
    ADD CONSTRAINT history_transaction_participants_pkey PRIMARY KEY (id);


--
-- Name: by_account; Type: INDEX; Schema: public; Owner: -; Tablespace: 
--

CREATE INDEX by_account ON history_transactions USING btree (account, account_sequence);


--
-- Name: by_hash; Type: INDEX; Schema: public; Owner: -; Tablespace: 
--

CREATE INDEX by_hash ON history_transactions USING btree (transaction_hash);


--
-- Name: by_ledger; Type: INDEX; Schema: public; Owner: -; Tablespace: 
--

CREATE INDEX by_ledger ON history_transactions USING btree (ledger_sequence, application_order);


--
-- Name: hist_e_by_order; Type: INDEX; Schema: public; Owner: -; Tablespace: 
--

CREATE UNIQUE INDEX hist_e_by_order ON history_effects USING btree (history_operation_id, "order");


--
-- Name: hist_e_id; Type: INDEX; Schema: public; Owner: -; Tablespace: 
--

CREATE UNIQUE INDEX hist_e_id ON history_effects USING btree (history_account_id, history_operation_id, "order");


--
-- Name: hist_op_p_id; Type: INDEX; Schema: public; Owner: -; Tablespace: 
--

CREATE UNIQUE INDEX hist_op_p_id ON history_operation_participants USING btree (history_account_id, history_operation_id);


--
-- Name: hist_tx_p_id; Type: INDEX; Schema: public; Owner: -; Tablespace: 
--

CREATE UNIQUE INDEX hist_tx_p_id ON history_transaction_participants USING btree (history_account_id, history_transaction_id);


--
-- Name: hs_ledger_by_id; Type: INDEX; Schema: public; Owner: -; Tablespace: 
--

CREATE UNIQUE INDEX hs_ledger_by_id ON history_ledgers USING btree (id);


--
-- Name: hs_transaction_by_id; Type: INDEX; Schema: public; Owner: -; Tablespace: 
--

CREATE UNIQUE INDEX hs_transaction_by_id ON history_transactions USING btree (id);


--
-- Name: index_history_accounts_on_address; Type: INDEX; Schema: public; Owner: -; Tablespace: 
--

CREATE UNIQUE INDEX index_history_accounts_on_address ON history_accounts USING btree (address);


--
-- Name: index_history_accounts_on_id; Type: INDEX; Schema: public; Owner: -; Tablespace: 
--

CREATE UNIQUE INDEX index_history_accounts_on_id ON history_accounts USING btree (id);


--
-- Name: index_history_effects_on_type; Type: INDEX; Schema: public; Owner: -; Tablespace: 
--

CREATE INDEX index_history_effects_on_type ON history_effects USING btree (type);


--
-- Name: index_history_ledgers_on_closed_at; Type: INDEX; Schema: public; Owner: -; Tablespace: 
--

CREATE INDEX index_history_ledgers_on_closed_at ON history_ledgers USING btree (closed_at);


--
-- Name: index_history_ledgers_on_id; Type: INDEX; Schema: public; Owner: -; Tablespace: 
--

CREATE UNIQUE INDEX index_history_ledgers_on_id ON history_ledgers USING btree (id);


--
-- Name: index_history_ledgers_on_importer_version; Type: INDEX; Schema: public; Owner: -; Tablespace: 
--

CREATE INDEX index_history_ledgers_on_importer_version ON history_ledgers USING btree (importer_version);


--
-- Name: index_history_ledgers_on_ledger_hash; Type: INDEX; Schema: public; Owner: -; Tablespace: 
--

CREATE UNIQUE INDEX index_history_ledgers_on_ledger_hash ON history_ledgers USING btree (ledger_hash);


--
-- Name: index_history_ledgers_on_previous_ledger_hash; Type: INDEX; Schema: public; Owner: -; Tablespace: 
--

CREATE UNIQUE INDEX index_history_ledgers_on_previous_ledger_hash ON history_ledgers USING btree (previous_ledger_hash);


--
-- Name: index_history_ledgers_on_sequence; Type: INDEX; Schema: public; Owner: -; Tablespace: 
--

CREATE UNIQUE INDEX index_history_ledgers_on_sequence ON history_ledgers USING btree (sequence);


--
-- Name: index_history_operations_on_id; Type: INDEX; Schema: public; Owner: -; Tablespace: 
--

CREATE UNIQUE INDEX index_history_operations_on_id ON history_operations USING btree (id);


--
-- Name: index_history_operations_on_transaction_id; Type: INDEX; Schema: public; Owner: -; Tablespace: 
--

CREATE INDEX index_history_operations_on_transaction_id ON history_operations USING btree (transaction_id);


--
-- Name: index_history_operations_on_type; Type: INDEX; Schema: public; Owner: -; Tablespace: 
--

CREATE INDEX index_history_operations_on_type ON history_operations USING btree (type);


--
-- Name: index_history_transactions_on_id; Type: INDEX; Schema: public; Owner: -; Tablespace: 
--

CREATE UNIQUE INDEX index_history_transactions_on_id ON history_transactions USING btree (id);


--
-- Name: trade_effects_by_order_book; Type: INDEX; Schema: public; Owner: -; Tablespace: 
--

CREATE INDEX trade_effects_by_order_book ON history_effects USING btree (((details ->> 'sold_asset_type'::text)), ((details ->> 'sold_asset_code'::text)), ((details ->> 'sold_asset_issuer'::text)), ((details ->> 'bought_asset_type'::text)), ((details ->> 'bought_asset_code'::text)), ((details ->> 'bought_asset_issuer'::text))) WHERE (type = 33);


--
-- PostgreSQL database dump complete
--

