--
-- PostgreSQL database dump
--

SET statement_timeout = 0;
SET lock_timeout = 0;
SET client_encoding = 'UTF8';
SET standard_conforming_strings = on;
SET check_function_bodies = false;
SET client_min_messages = warning;

SET search_path = public, pg_catalog;

DROP INDEX public.signersaccount;
DROP INDEX public.sellingissuerindex;
DROP INDEX public.scpenvsbyseq;
DROP INDEX public.priceindex;
DROP INDEX public.ledgersbyseq;
DROP INDEX public.histfeebyseq;
DROP INDEX public.histbyseq;
DROP INDEX public.buyingissuerindex;
DROP INDEX public.accountbalances;
ALTER TABLE ONLY public.txhistory DROP CONSTRAINT txhistory_pkey;
ALTER TABLE ONLY public.txfeehistory DROP CONSTRAINT txfeehistory_pkey;
ALTER TABLE ONLY public.trustlines DROP CONSTRAINT trustlines_pkey;
ALTER TABLE ONLY public.storestate DROP CONSTRAINT storestate_pkey;
ALTER TABLE ONLY public.signers DROP CONSTRAINT signers_pkey;
ALTER TABLE ONLY public.scpquorums DROP CONSTRAINT scpquorums_pkey;
ALTER TABLE ONLY public.pubsub DROP CONSTRAINT pubsub_pkey;
ALTER TABLE ONLY public.publishqueue DROP CONSTRAINT publishqueue_pkey;
ALTER TABLE ONLY public.peers DROP CONSTRAINT peers_pkey;
ALTER TABLE ONLY public.offers DROP CONSTRAINT offers_pkey;
ALTER TABLE ONLY public.ledgerheaders DROP CONSTRAINT ledgerheaders_pkey;
ALTER TABLE ONLY public.ledgerheaders DROP CONSTRAINT ledgerheaders_ledgerseq_key;
ALTER TABLE ONLY public.accounts DROP CONSTRAINT accounts_pkey;
ALTER TABLE ONLY public.accountdata DROP CONSTRAINT accountdata_pkey;
DROP TABLE public.txhistory;
DROP TABLE public.txfeehistory;
DROP TABLE public.trustlines;
DROP TABLE public.storestate;
DROP TABLE public.signers;
DROP TABLE public.scpquorums;
DROP TABLE public.scphistory;
DROP TABLE public.pubsub;
DROP TABLE public.publishqueue;
DROP TABLE public.peers;
DROP TABLE public.offers;
DROP TABLE public.ledgerheaders;
DROP TABLE public.accounts;
DROP TABLE public.accountdata;
DROP EXTENSION plpgsql;
DROP SCHEMA public;
--
-- Name: public; Type: SCHEMA; Schema: -; Owner: -
--

CREATE SCHEMA public;


--
-- Name: SCHEMA public; Type: COMMENT; Schema: -; Owner: -
--

COMMENT ON SCHEMA public IS 'standard public schema';


--
-- Name: plpgsql; Type: EXTENSION; Schema: -; Owner: -
--

CREATE EXTENSION IF NOT EXISTS plpgsql WITH SCHEMA pg_catalog;


--
-- Name: EXTENSION plpgsql; Type: COMMENT; Schema: -; Owner: -
--

COMMENT ON EXTENSION plpgsql IS 'PL/pgSQL procedural language';


SET search_path = public, pg_catalog;

SET default_tablespace = '';

SET default_with_oids = false;

--
-- Name: accountdata; Type: TABLE; Schema: public; Owner: -; Tablespace: 
--

CREATE TABLE accountdata (
    accountid character varying(56) NOT NULL,
    dataname character varying(64) NOT NULL,
    datavalue character varying(112) NOT NULL
);


--
-- Name: accounts; Type: TABLE; Schema: public; Owner: -; Tablespace: 
--

CREATE TABLE accounts (
    accountid character varying(56) NOT NULL,
    balance bigint NOT NULL,
    seqnum bigint NOT NULL,
    numsubentries integer NOT NULL,
    inflationdest character varying(56),
    homedomain character varying(32) NOT NULL,
    thresholds text NOT NULL,
    flags integer NOT NULL,
    lastmodified integer NOT NULL,
    CONSTRAINT accounts_balance_check CHECK ((balance >= 0)),
    CONSTRAINT accounts_numsubentries_check CHECK ((numsubentries >= 0))
);


--
-- Name: ledgerheaders; Type: TABLE; Schema: public; Owner: -; Tablespace: 
--

CREATE TABLE ledgerheaders (
    ledgerhash character(64) NOT NULL,
    prevhash character(64) NOT NULL,
    bucketlisthash character(64) NOT NULL,
    ledgerseq integer,
    closetime bigint NOT NULL,
    data text NOT NULL,
    CONSTRAINT ledgerheaders_closetime_check CHECK ((closetime >= 0)),
    CONSTRAINT ledgerheaders_ledgerseq_check CHECK ((ledgerseq >= 0))
);


--
-- Name: offers; Type: TABLE; Schema: public; Owner: -; Tablespace: 
--

CREATE TABLE offers (
    sellerid character varying(56) NOT NULL,
    offerid bigint NOT NULL,
    sellingassettype integer NOT NULL,
    sellingassetcode character varying(12),
    sellingissuer character varying(56),
    buyingassettype integer NOT NULL,
    buyingassetcode character varying(12),
    buyingissuer character varying(56),
    amount bigint NOT NULL,
    pricen integer NOT NULL,
    priced integer NOT NULL,
    price double precision NOT NULL,
    flags integer NOT NULL,
    lastmodified integer NOT NULL,
    CONSTRAINT offers_amount_check CHECK ((amount >= 0)),
    CONSTRAINT offers_offerid_check CHECK ((offerid >= 0))
);


--
-- Name: peers; Type: TABLE; Schema: public; Owner: -; Tablespace: 
--

CREATE TABLE peers (
    ip character varying(15) NOT NULL,
    port integer DEFAULT 0 NOT NULL,
    nextattempt timestamp without time zone NOT NULL,
    numfailures integer DEFAULT 0 NOT NULL,
    CONSTRAINT peers_numfailures_check CHECK ((numfailures >= 0)),
    CONSTRAINT peers_port_check CHECK (((port > 0) AND (port <= 65535)))
);


--
-- Name: publishqueue; Type: TABLE; Schema: public; Owner: -; Tablespace: 
--

CREATE TABLE publishqueue (
    ledger integer NOT NULL,
    state text
);


--
-- Name: pubsub; Type: TABLE; Schema: public; Owner: -; Tablespace: 
--

CREATE TABLE pubsub (
    resid character(32) NOT NULL,
    lastread integer
);


--
-- Name: scphistory; Type: TABLE; Schema: public; Owner: -; Tablespace: 
--

CREATE TABLE scphistory (
    nodeid character(56) NOT NULL,
    ledgerseq integer NOT NULL,
    envelope text NOT NULL,
    CONSTRAINT scphistory_ledgerseq_check CHECK ((ledgerseq >= 0))
);


--
-- Name: scpquorums; Type: TABLE; Schema: public; Owner: -; Tablespace: 
--

CREATE TABLE scpquorums (
    qsethash character(64) NOT NULL,
    lastledgerseq integer NOT NULL,
    qset text NOT NULL,
    CONSTRAINT scpquorums_lastledgerseq_check CHECK ((lastledgerseq >= 0))
);


--
-- Name: signers; Type: TABLE; Schema: public; Owner: -; Tablespace: 
--

CREATE TABLE signers (
    accountid character varying(56) NOT NULL,
    publickey character varying(56) NOT NULL,
    weight integer NOT NULL
);


--
-- Name: storestate; Type: TABLE; Schema: public; Owner: -; Tablespace: 
--

CREATE TABLE storestate (
    statename character(32) NOT NULL,
    state text
);


--
-- Name: trustlines; Type: TABLE; Schema: public; Owner: -; Tablespace: 
--

CREATE TABLE trustlines (
    accountid character varying(56) NOT NULL,
    assettype integer NOT NULL,
    issuer character varying(56) NOT NULL,
    assetcode character varying(12) NOT NULL,
    tlimit bigint NOT NULL,
    balance bigint NOT NULL,
    flags integer NOT NULL,
    lastmodified integer NOT NULL,
    CONSTRAINT trustlines_balance_check CHECK ((balance >= 0)),
    CONSTRAINT trustlines_tlimit_check CHECK ((tlimit > 0))
);


--
-- Name: txfeehistory; Type: TABLE; Schema: public; Owner: -; Tablespace: 
--

CREATE TABLE txfeehistory (
    txid character(64) NOT NULL,
    ledgerseq integer NOT NULL,
    txindex integer NOT NULL,
    txchanges text NOT NULL,
    CONSTRAINT txfeehistory_ledgerseq_check CHECK ((ledgerseq >= 0))
);


--
-- Name: txhistory; Type: TABLE; Schema: public; Owner: -; Tablespace: 
--

CREATE TABLE txhistory (
    txid character(64) NOT NULL,
    ledgerseq integer NOT NULL,
    txindex integer NOT NULL,
    txbody text NOT NULL,
    txresult text NOT NULL,
    txmeta text NOT NULL,
    CONSTRAINT txhistory_ledgerseq_check CHECK ((ledgerseq >= 0))
);


--
-- Data for Name: accountdata; Type: TABLE DATA; Schema: public; Owner: -
--

COPY accountdata (accountid, dataname, datavalue) FROM stdin;
\.


--
-- Data for Name: accounts; Type: TABLE DATA; Schema: public; Owner: -
--

COPY accounts (accountid, balance, seqnum, numsubentries, inflationdest, homedomain, thresholds, flags, lastmodified) FROM stdin;
GAXI33UCLQTCKM2NMRBS7XYBR535LLEVAHL5YBN4FTCB4HZHT7ZA5CVK	10000000000	12884901888	0	\N		AQAAAA==	0	3
GANZGPKY5WSHWG5YOZMNG52GCK5SCJ4YGUWMJJVGZSK2FP4BI2JIJN2C	10099999900	55834574849	1	\N		AQAAAA==	0	14
GCHC4D2CS45CJRNN4QAHT2LFZAJIU5PA7H53K3VOP6WEJ6XWHNSNZKQG	9899999800	55834574850	0	\N		AQAAAA==	0	15
GDXFAGJCSCI4CK2YHK6YRLA6TKEXFRX7BMGVMQOBMLIEUJRJ5YQNLMIB	9999999600	17179869188	1	\N		AgICAg==	0	6
GA46VRKBCLI2X6DXLX7AIEVRFLH3UA7XBE3NGNP6O74HQ5LXHMGTV2JB	9959999600	30064771076	0	\N		AQAAAA==	0	8
GAG52TW6QAB6TGNMOTL32Y4M3UQQLNNNHPEHYAIYRP6SFF6ZAVRF5ZQY	9799999800	38654705665	0	\N		AQAAAA==	0	10
GDCVTBGSEEU7KLXUMHMSXBALXJ2T4I2KOPXW2S5TRLKDRIAXD5UDHAYO	9499999900	47244640257	0	\N		AQAAAA==	0	12
GCB7FPYGLL6RJ37HKRAYW5TAWMFBGGFGM4IM6ERBCZXI2BZ4OOOX2UAY	500000000	51539607552	0	\N		AQAAAA==	0	12
GBRPYHIL2CI3FNQ4BXLFMNDLFJUNPU2HY3ZMFSHONUCEOASW7QC7OX2H	999999900239999000	10	0	\N		AQAAAA==	0	16
GACAR2AEYEKITE2LKI5RMXF5MIVZ6Q7XILROGDT22O7JX4DSWFS7FDDP	9999999900	68719476737	1	\N		AQAAAA==	0	17
GAXMF43TGZHW3QN3REOUA2U5PW5BTARXGGYJ3JIFHW3YT6QRKRL3CPPU	10999999700	68719476739	1	\N		AQAAAA==	0	20
GDRW375MAYR46ODGF2WGANQC2RRZL7O246DYHHCGWTV2RE7IHE2QUQLD	8999999700	68719476739	1	\N		AQAAAA==	0	20
\.


--
-- Data for Name: ledgerheaders; Type: TABLE DATA; Schema: public; Owner: -
--

COPY ledgerheaders (ledgerhash, prevhash, bucketlisthash, ledgerseq, closetime, data) FROM stdin;
63d98f536ee68d1b27b5b89f23af5311b7569a24faf1403ad0b52b633b07be99	0000000000000000000000000000000000000000000000000000000000000000	572a2e32ff248a07b0e70fd1f6d318c1facd20b6cc08c33d5775259868125a16	1	0	AAAAAAAAAAAAAAAAAAAAAAAAAAAAAAAAAAAAAAAAAAAAAAAAAAAAAAAAAAAAAAAAAAAAAAAAAAAAAAAAAAAAAAAAAAAAAAAAAAAAAAAAAAAAAAAAAAAAAAAAAAAAAAAAAAAAAAAAAAAAAAAAAAAAAAAAAABXKi4y/ySKB7DnD9H20xjB+s0gtswIwz1XdSWYaBJaFgAAAAEN4Lazp2QAAAAAAAAAAAAAAAAAAAAAAAAAAAAAAAAAZAX14QAAAABkAAAAAAAAAAAAAAAAAAAAAAAAAAAAAAAAAAAAAAAAAAAAAAAAAAAAAAAAAAAAAAAAAAAAAAAAAAAAAAAAAAAAAAAAAAAAAAAAAAAAAAAAAAAAAAAAAAAAAAAAAAAAAAAAAAAAAAAAAAAAAAAAAAAAAAAAAAAAAAAAAAAAAAAAAAAAAAAA
3bcd031824f205102dcdf734f261790e6ca36eb09e986487e2977cecbf09d914	63d98f536ee68d1b27b5b89f23af5311b7569a24faf1403ad0b52b633b07be99	735227ed398461291237687b08446aa2c9b096e0c98a462dadda569f05dd2484	2	1457112861	AAAAAmPZj1Nu5o0bJ7W4nyOvUxG3Vpok+vFAOtC1K2M7B76ZuZRHr9UdXKbTKiclfOjy72YZFJUkJPVcKT5htvorm1QAAAAAVtnHHQAAAAIAAAAIAAAAAQAAAAIAAAAIAAAAAwAAJxAAAAAA3z9hmASpL9tAVxktxD3XSOp3itxSvEmM6AUkwBS4ERlzUiftOYRhKRI3aHsIRGqiybCW4MmKRi2t2lafBd0khAAAAAIN4Lazp2QAAAAAAAAAAAAAAAAAAAAAAAAAAAAAAAAAZAX14QAAACcQAAAAAAAAAAAAAAAAAAAAAAAAAAAAAAAAAAAAAAAAAAAAAAAAAAAAAAAAAAAAAAAAAAAAAAAAAAAAAAAAAAAAAAAAAAAAAAAAAAAAAAAAAAAAAAAAAAAAAAAAAAAAAAAAAAAAAAAAAAAAAAAAAAAAAAAAAAAAAAAAAAAAAAAAAAAAAAAA
8d8dc640ff1eed1519e005419e4f85d3f739715eda3c08b7f2124511a67fbff6	3bcd031824f205102dcdf734f261790e6ca36eb09e986487e2977cecbf09d914	20152c0cf56a4d6052543eb7c6d403d5a94b255af3a67a69dfe5c37d79a1b632	3	1457112862	AAAAAjvNAxgk8gUQLc33NPJheQ5so26wnphkh+KXfOy/CdkUL/vXREbhXYtTIVd+6UC7V63hzb/UL0KXI0M/cazsndgAAAAAVtnHHgAAAAAAAAAAZTJXylqAKscpSC5cC1USBOQW1Z3eZDL/jbC3qM+wVn4gFSwM9WpNYFJUPrfG1APVqUslWvOmemnf5cN9eaG2MgAAAAMN4Lazp2QAAAAAAAAAAABkAAAAAAAAAAAAAAAAAAAAZAX14QAAACcQAAAAAAAAAAAAAAAAAAAAAAAAAAAAAAAAAAAAAAAAAAAAAAAAAAAAAAAAAAAAAAAAAAAAAAAAAAAAAAAAAAAAAAAAAAAAAAAAAAAAAAAAAAAAAAAAAAAAAAAAAAAAAAAAAAAAAAAAAAAAAAAAAAAAAAAAAAAAAAAAAAAAAAAAAAAAAAAA
1097f837605e099b35cfee06bb27ef83f725450816ce970339e7bf46887d545c	8d8dc640ff1eed1519e005419e4f85d3f739715eda3c08b7f2124511a67fbff6	8be5d143c32720ed0325a6f350fe391fd4de4414b1822699ef5790ee5a3fb830	4	1457112863	AAAAAo2NxkD/Hu0VGeAFQZ5PhdP3OXFe2jwIt/ISRRGmf7/2GGe+cAtZXqSpvM4E35X2dh+SbA0/+TjrplBxbK3XcbcAAAAAVtnHHwAAAAAAAAAAI8FeHEzJ0/4FO8/NG/43wTEny1CW/vcH2jcrQkzbbciL5dFDwycg7QMlpvNQ/jkf1N5EFLGCJpnvV5DuWj+4MAAAAAQN4Lazp2QAAAAAAAAAAADIAAAAAAAAAAAAAAAAAAAAZAX14QAAACcQAAAAAAAAAAAAAAAAAAAAAAAAAAAAAAAAAAAAAAAAAAAAAAAAAAAAAAAAAAAAAAAAAAAAAAAAAAAAAAAAAAAAAAAAAAAAAAAAAAAAAAAAAAAAAAAAAAAAAAAAAAAAAAAAAAAAAAAAAAAAAAAAAAAAAAAAAAAAAAAAAAAAAAAAAAAAAAAA
291a30c2479e3784dbd4634d784ccfaaa736ad4707d273fea4c877a821492925	1097f837605e099b35cfee06bb27ef83f725450816ce970339e7bf46887d545c	58c7de194394de58bd5053f02504b43c88cbf4152ef6396e41d3f9d4fbde9402	5	1457112864	AAAAAhCX+DdgXgmbNc/uBrsn74P3JUUIFs6XAznnv0aIfVRcMVcnCMERaLDtpm1nzyJkYTu6ex9+2tpfPVEX8GGrUm8AAAAAVtnHIAAAAAAAAAAAk6vO/KRxwZ0ynJMMrKUpOSf5WhbdkNk0LIO/zZxB+qdYx94ZQ5TeWL1QU/AlBLQ8iMv0FS72OW5B0/nU+96UAgAAAAUN4Lazp2QAAAAAAAAAAAH0AAAAAAAAAAAAAAAAAAAAZAX14QAAACcQAAAAAAAAAAAAAAAAAAAAAAAAAAAAAAAAAAAAAAAAAAAAAAAAAAAAAAAAAAAAAAAAAAAAAAAAAAAAAAAAAAAAAAAAAAAAAAAAAAAAAAAAAAAAAAAAAAAAAAAAAAAAAAAAAAAAAAAAAAAAAAAAAAAAAAAAAAAAAAAAAAAAAAAAAAAAAAAA
02cfd5dd6586edad9bc783281b3b0f4b583e0c768350a87d761dae9d4ea9a981	291a30c2479e3784dbd4634d784ccfaaa736ad4707d273fea4c877a821492925	a8f6213dc2ba3bc5ab397d5f2fb3dec1bc8ead45444e164c584795a2719693e4	6	1457112865	AAAAAikaMMJHnjeE29RjTXhMz6qnNq1HB9Jz/qTId6ghSSklrH3hSy+7wM40ZNUDEfUpqTPhgQIoGQQwqL9nnnFYKqAAAAAAVtnHIQAAAAAAAAAAN8Q2AtCCsel4HIsK4udqXyLQqcraGjcAHVSUN815grGo9iE9wro7xas5fV8vs97BvI6tRUROFkxYR5WicZaT5AAAAAYN4Lazp2QAAAAAAAAAAAJYAAAAAAAAAAAAAAAAAAAAZAX14QAAACcQAAAAAAAAAAAAAAAAAAAAAAAAAAAAAAAAAAAAAAAAAAAAAAAAAAAAAAAAAAAAAAAAAAAAAAAAAAAAAAAAAAAAAAAAAAAAAAAAAAAAAAAAAAAAAAAAAAAAAAAAAAAAAAAAAAAAAAAAAAAAAAAAAAAAAAAAAAAAAAAAAAAAAAAAAAAAAAAA
d51098b47e61c3623021d213b792290bfd54e182e6344bca53475be6e6778c44	02cfd5dd6586edad9bc783281b3b0f4b583e0c768350a87d761dae9d4ea9a981	d2622427bae38c5e460ebbe2ecd2d3c15062a055b26f248424be070dee8afd8c	7	1457112866	AAAAAgLP1d1lhu2tm8eDKBs7D0tYPgx2g1CofXYdrp1OqamBw2tFpLrZA/sJPToe/r4EC+rQIdktHXxog7gJdDx9D7UAAAAAVtnHIgAAAAAAAAAAk5HOQp3TCIyOUj8VmNGrhs2C+IXj942pn3qPVIAXXx7SYiQnuuOMXkYOu+Ls0tPBUGKgVbJvJIQkvgcN7or9jAAAAAcN4Lazp2QAAAAAAAAAAAK8AAAAAAAAAAAAAAAAAAAAZAX14QAAACcQAAAAAAAAAAAAAAAAAAAAAAAAAAAAAAAAAAAAAAAAAAAAAAAAAAAAAAAAAAAAAAAAAAAAAAAAAAAAAAAAAAAAAAAAAAAAAAAAAAAAAAAAAAAAAAAAAAAAAAAAAAAAAAAAAAAAAAAAAAAAAAAAAAAAAAAAAAAAAAAAAAAAAAAAAAAAAAAA
2afecbf8ebf65f70ce05d1c578569e8df8a63f2318cbb6e15541d08993b07dad	d51098b47e61c3623021d213b792290bfd54e182e6344bca53475be6e6778c44	986b57cbd6b80c088ce5b04605de66ffb63553d801ec0c30b2516bed3697fb6c	8	1457112867	AAAAAtUQmLR+YcNiMCHSE7eSKQv9VOGC5jRLylNHW+bmd4xE3bOmWmHbj5caGUJCw6gcAoAoxvGIX05kLI8o4LtjvSwAAAAAVtnHIwAAAAAAAAAA5fh0DRZ+OfeA4iH3GTMbG6cqJGEx0qC57216HbTwQPWYa1fL1rgMCIzlsEYF3mb/tjVT2AHsDDCyUWvtNpf7bAAAAAgN4Lazp2QAAAAAAAAAAARMAAAAAAAAAAAAAAAAAAAAZAX14QAAACcQAAAAAAAAAAAAAAAAAAAAAAAAAAAAAAAAAAAAAAAAAAAAAAAAAAAAAAAAAAAAAAAAAAAAAAAAAAAAAAAAAAAAAAAAAAAAAAAAAAAAAAAAAAAAAAAAAAAAAAAAAAAAAAAAAAAAAAAAAAAAAAAAAAAAAAAAAAAAAAAAAAAAAAAAAAAAAAAA
7df106f6aa82edc1b57439dd505b14a69bca9d3c8868af6c903f6ca32909de5f	2afecbf8ebf65f70ce05d1c578569e8df8a63f2318cbb6e15541d08993b07dad	d13a556871af4f62052eb5a887a90f2a6fb52896e04f668cbb4ef8a7746ba128	9	1457112868	AAAAAir+y/jr9l9wzgXRxXhWno34pj8jGMu24VVB0ImTsH2t947hebvM0K8gDjTTrzttHKwmJChUIn+Wgt12G5sI5T8AAAAAVtnHJAAAAAAAAAAAbXQLWug2IZ2G4RnwUrCTvIwO6TMpu21+S2UXhqLKWTHROlVoca9PYgUutaiHqQ8qb7UoluBPZoy7TvindGuhKAAAAAkN4Lazp2QAAAAAAAAAAASwAAAAAAAAAAAAAAAAAAAAZAX14QAAACcQAAAAAAAAAAAAAAAAAAAAAAAAAAAAAAAAAAAAAAAAAAAAAAAAAAAAAAAAAAAAAAAAAAAAAAAAAAAAAAAAAAAAAAAAAAAAAAAAAAAAAAAAAAAAAAAAAAAAAAAAAAAAAAAAAAAAAAAAAAAAAAAAAAAAAAAAAAAAAAAAAAAAAAAAAAAAAAAA
145f3761de60a62194f3614b4a6c0e3e52bbc1c7389607b8361618049544c748	7df106f6aa82edc1b57439dd505b14a69bca9d3c8868af6c903f6ca32909de5f	631ceeb1bdd5812bbae6d1f4473c4732b99315d6ce025097e2bff39ef386f9f7	10	1457112869	AAAAAn3xBvaqgu3BtXQ53VBbFKabyp08iGivbJA/bKMpCd5fYAvdMy5BFyl61gGUgmtixZfjpHkr+McyrwqCRKR+fhoAAAAAVtnHJQAAAAAAAAAA9+jjsWK6v6g0OYMFxTo1+Yogi2yDSjXhJ86N1AxJOvFjHO6xvdWBK7rm0fRHPEcyuZMV1s4CUJfiv/Oe84b59wAAAAoN4Lazp2QAAAAAAAAAAAV4AAAAAAAAAAAAAAAAAAAAZAX14QAAACcQAAAAAAAAAAAAAAAAAAAAAAAAAAAAAAAAAAAAAAAAAAAAAAAAAAAAAAAAAAAAAAAAAAAAAAAAAAAAAAAAAAAAAAAAAAAAAAAAAAAAAAAAAAAAAAAAAAAAAAAAAAAAAAAAAAAAAAAAAAAAAAAAAAAAAAAAAAAAAAAAAAAAAAAAAAAAAAAA
c59eac0f04d01a34583c567b074ac338479a049d519d16212f1b3e64cf09a183	145f3761de60a62194f3614b4a6c0e3e52bbc1c7389607b8361618049544c748	5f1d5b3ae8d98988a642acc1528156c4b3d85ab80cbd034bda8d5bd521c55f88	11	1457112870	AAAAAhRfN2HeYKYhlPNhS0psDj5Su8HHOJYHuDYWGASVRMdI3hM9KQb3TFbjc7GFuojxyyT+p9PXGXdlbJjqvKT+9fwAAAAAVtnHJgAAAAAAAAAApIxpaTPANJS3XftGXFSYrEJ0MhfN6GN1Oe5+YEP6099fHVs66NmJiKZCrMFSgVbEs9hauAy9A0vajVvVIcVfiAAAAAsN4Lazp2QAAAAAAAAAAAXcAAAAAAAAAAAAAAAAAAAAZAX14QAAACcQAAAAAAAAAAAAAAAAAAAAAAAAAAAAAAAAAAAAAAAAAAAAAAAAAAAAAAAAAAAAAAAAAAAAAAAAAAAAAAAAAAAAAAAAAAAAAAAAAAAAAAAAAAAAAAAAAAAAAAAAAAAAAAAAAAAAAAAAAAAAAAAAAAAAAAAAAAAAAAAAAAAAAAAAAAAAAAAA
b3ec4e4154a64b79c726433dd34c0b04819dbbf82a364e81d8d18965e21f9f7c	c59eac0f04d01a34583c567b074ac338479a049d519d16212f1b3e64cf09a183	65b2957cd303df63dabccc032def78d14d38cb536eb3018cd91e196788c10492	12	1457112871	AAAAAsWerA8E0Bo0WDxWewdKwzhHmgSdUZ0WIS8bPmTPCaGDoB2NYCxv3b5wVdZ9nVm0X9ADwfE7iOCE7JGzm+0ka4kAAAAAVtnHJwAAAAAAAAAAc4P3o+BJiJvXXIfj/eVQPF1RRIrnE2nfX0a4J7WFySplspV80wPfY9q8zAMt73jRTTjLU26zAYzZHhlniMEEkgAAAAwN4Lazp2QAAAAAAAAAAAZAAAAAAAAAAAAAAAAAAAAAZAX14QAAACcQAAAAAAAAAAAAAAAAAAAAAAAAAAAAAAAAAAAAAAAAAAAAAAAAAAAAAAAAAAAAAAAAAAAAAAAAAAAAAAAAAAAAAAAAAAAAAAAAAAAAAAAAAAAAAAAAAAAAAAAAAAAAAAAAAAAAAAAAAAAAAAAAAAAAAAAAAAAAAAAAAAAAAAAAAAAAAAAA
3efc7be7b009c4246001ccdf5d8007ad55e197d840c753bcfda455e6401fde6f	b3ec4e4154a64b79c726433dd34c0b04819dbbf82a364e81d8d18965e21f9f7c	97fc7d48d24088215fd449c74d9b001c1f148b0023c9cfec13b5b47b45fcf3a8	13	1457112872	AAAAArPsTkFUpkt5xyZDPdNMCwSBnbv4KjZOgdjRiWXiH598w8a7prKW1ACf8mcOON4Pe0RdBLx0e3FVKU58czxMuMwAAAAAVtnHKAAAAAAAAAAAFkWUNyF+w67R5n+HgDNebl5snV2YlBsz3xLTqBMQsQGX/H1I0kCIIV/UScdNmwAcHxSLACPJz+wTtbR7RfzzqAAAAA0N4Lazp2QAAAAAAAAAAAcIAAAAAAAAAAAAAAAAAAAAZAX14QAAACcQAAAAAAAAAAAAAAAAAAAAAAAAAAAAAAAAAAAAAAAAAAAAAAAAAAAAAAAAAAAAAAAAAAAAAAAAAAAAAAAAAAAAAAAAAAAAAAAAAAAAAAAAAAAAAAAAAAAAAAAAAAAAAAAAAAAAAAAAAAAAAAAAAAAAAAAAAAAAAAAAAAAAAAAAAAAAAAAA
cd7716d4b56fc1b594f28ec1a698c62d43e517e7f7cd09cef6b7727fb356dc1a	3efc7be7b009c4246001ccdf5d8007ad55e197d840c753bcfda455e6401fde6f	0a864c1fd969a9495109bd90cf5f86876ad998e3ce70a4cafad31ee3b3cbd38c	14	1457112873	AAAAAj78e+ewCcQkYAHM312AB61V4ZfYQMdTvP2kVeZAH95v92fqvHxep0W/XJu3buTPh6Kvk/P+9HsbwG5TPPddVkMAAAAAVtnHKQAAAAAAAAAAl8eMbvLJtOBoTCvorlEKxO6gpnsCesjn+1C1/HG0v1oKhkwf2WmpSVEJvZDPX4aHatmY485wpMr60x7js8vTjAAAAA4N4Lazp2QAAAAAAAAAAAfQAAAAAAAAAAAAAAAAAAAAZAX14QAAACcQAAAAAAAAAAAAAAAAAAAAAAAAAAAAAAAAAAAAAAAAAAAAAAAAAAAAAAAAAAAAAAAAAAAAAAAAAAAAAAAAAAAAAAAAAAAAAAAAAAAAAAAAAAAAAAAAAAAAAAAAAAAAAAAAAAAAAAAAAAAAAAAAAAAAAAAAAAAAAAAAAAAAAAAAAAAAAAAA
1d9b8cfef3048f7ad1f856fbd162417007dfb3ed0bcc9e27b61f6719e482a183	cd7716d4b56fc1b594f28ec1a698c62d43e517e7f7cd09cef6b7727fb356dc1a	bfffb768c742b5f3e4d858244e25c8109b8d949bb20fd8d9eb6145896c671125	15	1457112874	AAAAAs13FtS1b8G1lPKOwaaYxi1D5Rfn980Jzva3cn+zVtwar+uhFU+p/wo6bvgUVZlPp02Xg8zXfdv9FG5H77du0awAAAAAVtnHKgAAAAAAAAAAUsjUlWJzXzXDGEu7ZX8NM4G3hXMJgTqm1o4qvEMfb6G//7dox0K18+TYWCROJcgQm42Um7IP2NnrYUWJbGcRJQAAAA8N4Lazp2QAAAAAAAAAAAg0AAAAAAAAAAAAAAAAAAAAZAX14QAAACcQAAAAAAAAAAAAAAAAAAAAAAAAAAAAAAAAAAAAAAAAAAAAAAAAAAAAAAAAAAAAAAAAAAAAAAAAAAAAAAAAAAAAAAAAAAAAAAAAAAAAAAAAAAAAAAAAAAAAAAAAAAAAAAAAAAAAAAAAAAAAAAAAAAAAAAAAAAAAAAAAAAAAAAAAAAAAAAAA
8d92e444cc5b526a32efb3a524d4658157bbab5e037b6860c9fcac9c45646175	1d9b8cfef3048f7ad1f856fbd162417007dfb3ed0bcc9e27b61f6719e482a183	45beaa9f2d82bdaa501990b1852214658d86a66c93986dbe63ebf229c7d2d995	16	1457112875	AAAAAh2bjP7zBI960fhW+9FiQXAH37PtC8yeJ7YfZxnkgqGD7s/IowvPcCnj5yMC02wYoRY/nJL32YmLyPambMQl+asAAAAAVtnHKwAAAAAAAAAAYKou7BkPtQtmD4O54/TToUgBAVUCmCl/O+9Tgq2hNHxFvqqfLYK9qlAZkLGFIhRljYambJOYbb5j6/Ipx9LZlQAAABAN4Lazp2QAAAAAAAAAAAlgAAAAAAAAAAAAAAAAAAAAZAX14QAAACcQAAAAAAAAAAAAAAAAAAAAAAAAAAAAAAAAAAAAAAAAAAAAAAAAAAAAAAAAAAAAAAAAAAAAAAAAAAAAAAAAAAAAAAAAAAAAAAAAAAAAAAAAAAAAAAAAAAAAAAAAAAAAAAAAAAAAAAAAAAAAAAAAAAAAAAAAAAAAAAAAAAAAAAAAAAAAAAAA
6d7dad396475a6d89c4fdc68632f3cb09ede50325a195a06b1bc51cfe46a4b35	8d92e444cc5b526a32efb3a524d4658157bbab5e037b6860c9fcac9c45646175	6f814eec3571a8288f02137ab66e7eee81ddd22e87351d96630c48676a9bbfc2	17	1457112876	AAAAAo2S5ETMW1JqMu+zpSTUZYFXu6teA3toYMn8rJxFZGF1jjzxmK18IDuFso6T/1aVtEE6jvAa+rCpUIIBP5HCSa4AAAAAVtnHLAAAAAAAAAAA8821W9f/r6q/bLds+e3rCse8WUssMPs3M2xtYAWTt2VvgU7sNXGoKI8CE3q2bn7ugd3SLoc1HZZjDEhnapu/wgAAABEN4Lazp2QAAAAAAAAAAAooAAAAAAAAAAAAAAAAAAAAZAX14QAAACcQAAAAAAAAAAAAAAAAAAAAAAAAAAAAAAAAAAAAAAAAAAAAAAAAAAAAAAAAAAAAAAAAAAAAAAAAAAAAAAAAAAAAAAAAAAAAAAAAAAAAAAAAAAAAAAAAAAAAAAAAAAAAAAAAAAAAAAAAAAAAAAAAAAAAAAAAAAAAAAAAAAAAAAAAAAAAAAAA
f01b11f293734009a626599448fd288e79d291328bca8a5cb8132c7cddc9034e	6d7dad396475a6d89c4fdc68632f3cb09ede50325a195a06b1bc51cfe46a4b35	1c8caaa5a5234b8ac19516df61d828e067e0d2d05d3b3d90d311178184aa7637	18	1457112877	AAAAAm19rTlkdabYnE/caGMvPLCe3lAyWhlaBrG8Uc/kaks1unhNT9sE32/lLFYQKT5ggONvBvVPu5kCVf+XT3zAVPAAAAAAVtnHLQAAAAAAAAAANKxyAMoyM/gn59hBYzLxbU28Wbix3QHy7s086vpSY4ccjKqlpSNLisGVFt9h2CjgZ+DS0F07PZDTEReBhKp2NwAAABIN4Lazp2QAAAAAAAAAAAtUAAAAAAAAAAAAAAACAAAAZAX14QAAACcQAAAAAAAAAAAAAAAAAAAAAAAAAAAAAAAAAAAAAAAAAAAAAAAAAAAAAAAAAAAAAAAAAAAAAAAAAAAAAAAAAAAAAAAAAAAAAAAAAAAAAAAAAAAAAAAAAAAAAAAAAAAAAAAAAAAAAAAAAAAAAAAAAAAAAAAAAAAAAAAAAAAAAAAAAAAAAAAA
60c6e16e63333e475b13fb2f4e62d5c42973cd940aaae58cda4cfcbe23f7ed6d	f01b11f293734009a626599448fd288e79d291328bca8a5cb8132c7cddc9034e	b989db41d7c804150a982854c45e3ad3e4617e6ccffe779e13917487d19dcc24	19	1457112878	AAAAAvAbEfKTc0AJpiZZlEj9KI550pEyi8qKXLgTLHzdyQNO9PfLLYHoJHf4BgTqBA6nbcXGGIiZiE4n1pRENuzDXGgAAAAAVtnHLgAAAAAAAAAAYzC64fmWjZOtqE4JjsKqwerdnzN6ywnJSvdsDWFPcu25idtB18gEFQqYKFTEXjrT5GF+bM/+d54TkXSH0Z3MJAAAABMN4Lazp2QAAAAAAAAAAAu4AAAAAAAAAAAAAAACAAAAZAX14QAAACcQAAAAAAAAAAAAAAAAAAAAAAAAAAAAAAAAAAAAAAAAAAAAAAAAAAAAAAAAAAAAAAAAAAAAAAAAAAAAAAAAAAAAAAAAAAAAAAAAAAAAAAAAAAAAAAAAAAAAAAAAAAAAAAAAAAAAAAAAAAAAAAAAAAAAAAAAAAAAAAAAAAAAAAAAAAAAAAAA
c2bd5449e6a4a07cd6d66dc4eba36a4008cc16a17f4067182953b31cf3a46dbb	60c6e16e63333e475b13fb2f4e62d5c42973cd940aaae58cda4cfcbe23f7ed6d	2996db01034194222c1e4ed64162a44b9fa48db3a2a9b67eac680dc8549de270	20	1457112879	AAAAAmDG4W5jMz5HWxP7L05i1cQpc82UCqrljNpM/L4j9+1tGiNW7pD8cEAO4H4YHNk4QA+7lgVW6uxeTLLPc5cyjscAAAAAVtnHLwAAAAAAAAAAx/hxaEW2XNJB3iDf23eYfGcwcQ862pSt7OJ6FF108IYpltsBA0GUIiweTtZBYqRLn6SNs6Kptn6saA3IVJ3icAAAABQN4Lazp2QAAAAAAAAAAAwcAAAAAAAAAAAAAAACAAAAZAX14QAAACcQAAAAAAAAAAAAAAAAAAAAAAAAAAAAAAAAAAAAAAAAAAAAAAAAAAAAAAAAAAAAAAAAAAAAAAAAAAAAAAAAAAAAAAAAAAAAAAAAAAAAAAAAAAAAAAAAAAAAAAAAAAAAAAAAAAAAAAAAAAAAAAAAAAAAAAAAAAAAAAAAAAAAAAAAAAAAAAAA
83b60e6d44c2c9b765c998da9a45379fe7827a1ea61b93d7373886e2c2c9d15d	c2bd5449e6a4a07cd6d66dc4eba36a4008cc16a17f4067182953b31cf3a46dbb	2996db01034194222c1e4ed64162a44b9fa48db3a2a9b67eac680dc8549de270	21	1457112880	AAAAAsK9VEnmpKB81tZtxOujakAIzBahf0BnGClTsxzzpG27dTqkyfm6/qSpvJ7v8TEAC5mYpKwHp0D+Ya4Xo3i5AfgAAAAAVtnHMAAAAAAAAAAA3z9hmASpL9tAVxktxD3XSOp3itxSvEmM6AUkwBS4ERkpltsBA0GUIiweTtZBYqRLn6SNs6Kptn6saA3IVJ3icAAAABUN4Lazp2QAAAAAAAAAAAwcAAAAAAAAAAAAAAACAAAAZAX14QAAACcQAAAAAAAAAAAAAAAAAAAAAAAAAAAAAAAAAAAAAAAAAAAAAAAAAAAAAAAAAAAAAAAAAAAAAAAAAAAAAAAAAAAAAAAAAAAAAAAAAAAAAAAAAAAAAAAAAAAAAAAAAAAAAAAAAAAAAAAAAAAAAAAAAAAAAAAAAAAAAAAAAAAAAAAAAAAAAAAA
\.


--
-- Data for Name: offers; Type: TABLE DATA; Schema: public; Owner: -
--

COPY offers (sellerid, offerid, sellingassettype, sellingassetcode, sellingissuer, buyingassettype, buyingassetcode, buyingissuer, amount, pricen, priced, price, flags, lastmodified) FROM stdin;
GAXMF43TGZHW3QN3REOUA2U5PW5BTARXGGYJ3JIFHW3YT6QRKRL3CPPU	1	0	\N	\N	1	USD	GAXMF43TGZHW3QN3REOUA2U5PW5BTARXGGYJ3JIFHW3YT6QRKRL3CPPU	2000000000	1	2	0.5	0	19
\.


--
-- Data for Name: peers; Type: TABLE DATA; Schema: public; Owner: -
--

COPY peers (ip, port, nextattempt, numfailures) FROM stdin;
\.


--
-- Data for Name: publishqueue; Type: TABLE DATA; Schema: public; Owner: -
--

COPY publishqueue (ledger, state) FROM stdin;
\.


--
-- Data for Name: pubsub; Type: TABLE DATA; Schema: public; Owner: -
--

COPY pubsub (resid, lastread) FROM stdin;
\.


--
-- Data for Name: scphistory; Type: TABLE DATA; Schema: public; Owner: -
--

COPY scphistory (nodeid, ledgerseq, envelope) FROM stdin;
GCUH3BAGUG5I6HYJAJKVCFADZ3I2OJ6MRUJ53KJE3NVHHNQTIPPSI6EK	2	AAAAAKh9hAahuo8fCQJVURQDztGnJ8yNE92pJNtqc7YTQ98kAAAAAAAAAAIAAAACAAAAAQAAAEi5lEev1R1cptMqJyV86PLvZhkUlSQk9VwpPmG2+iubVAAAAABW2ccdAAAAAgAAAAgAAAABAAAAAgAAAAgAAAADAAAnEAAAAAAAAAABlNhiMlXNRGkO8qjDbn2Q2/2CXp+Gj+peHdbFP97oW30AAABAkDlHY1SjXL/YyGxdo3UayFrIchiv/tBV2F2tiyHyW/gI5URVCkXnXqJeIlGnIiOo+iljcCtNxWQAfE/XO0+PAA==
GCUH3BAGUG5I6HYJAJKVCFADZ3I2OJ6MRUJ53KJE3NVHHNQTIPPSI6EK	3	AAAAAKh9hAahuo8fCQJVURQDztGnJ8yNE92pJNtqc7YTQ98kAAAAAAAAAAMAAAACAAAAAQAAADAv+9dERuFdi1MhV37pQLtXreHNv9QvQpcjQz9xrOyd2AAAAABW2cceAAAAAAAAAAAAAAABlNhiMlXNRGkO8qjDbn2Q2/2CXp+Gj+peHdbFP97oW30AAABAwdNAmPfqENgKAiwlN9gpR8lrbF+XoMmwTTH127z8ChjvqvsNaiyKdett8k8m8+Xn35M0CxjK8SDDZAG20nY8BA==
GCUH3BAGUG5I6HYJAJKVCFADZ3I2OJ6MRUJ53KJE3NVHHNQTIPPSI6EK	4	AAAAAKh9hAahuo8fCQJVURQDztGnJ8yNE92pJNtqc7YTQ98kAAAAAAAAAAQAAAACAAAAAQAAADAYZ75wC1lepKm8zgTflfZ2H5JsDT/5OOumUHFsrddxtwAAAABW2ccfAAAAAAAAAAAAAAABlNhiMlXNRGkO8qjDbn2Q2/2CXp+Gj+peHdbFP97oW30AAABAmsEEFVOWlQD3WMWnsvVLhC3XSRWWOyS6fhyRCWIA/qvl0NqkYFlxl8c3rqaJT/lZP7+VJ5RJVKUxkkUUfRs2Aw==
GCUH3BAGUG5I6HYJAJKVCFADZ3I2OJ6MRUJ53KJE3NVHHNQTIPPSI6EK	5	AAAAAKh9hAahuo8fCQJVURQDztGnJ8yNE92pJNtqc7YTQ98kAAAAAAAAAAUAAAACAAAAAQAAADAxVycIwRFosO2mbWfPImRhO7p7H37a2l89URfwYatSbwAAAABW2ccgAAAAAAAAAAAAAAABlNhiMlXNRGkO8qjDbn2Q2/2CXp+Gj+peHdbFP97oW30AAABA2gZlMYmVgSiIPB7EUZzqKkKM/xphg0eMdttIMhNyqzkujn4+9REz69jOnlale4LMxtHMiaQVJaCv/H54kWktBg==
GCUH3BAGUG5I6HYJAJKVCFADZ3I2OJ6MRUJ53KJE3NVHHNQTIPPSI6EK	6	AAAAAKh9hAahuo8fCQJVURQDztGnJ8yNE92pJNtqc7YTQ98kAAAAAAAAAAYAAAACAAAAAQAAADCsfeFLL7vAzjRk1QMR9SmpM+GBAigZBDCov2eecVgqoAAAAABW2cchAAAAAAAAAAAAAAABlNhiMlXNRGkO8qjDbn2Q2/2CXp+Gj+peHdbFP97oW30AAABAgJO7B5TN2i7FH+PR0urP5F7+HUZige8QP2zn6AJIVNMlDcqveTMa5/El+zIDIWoDzQqb32h27d3qoJjF1SXADg==
GCUH3BAGUG5I6HYJAJKVCFADZ3I2OJ6MRUJ53KJE3NVHHNQTIPPSI6EK	7	AAAAAKh9hAahuo8fCQJVURQDztGnJ8yNE92pJNtqc7YTQ98kAAAAAAAAAAcAAAACAAAAAQAAADDDa0WkutkD+wk9Oh7+vgQL6tAh2S0dfGiDuAl0PH0PtQAAAABW2cciAAAAAAAAAAAAAAABlNhiMlXNRGkO8qjDbn2Q2/2CXp+Gj+peHdbFP97oW30AAABAia0oNwPyiRnkgPY9dKt/rk1Vu0czjk5SyFMBD5SVMlmKq7rJe6t3mTgjFuZ4v486iauzwcquu/VdbUTwsg0rAw==
GCUH3BAGUG5I6HYJAJKVCFADZ3I2OJ6MRUJ53KJE3NVHHNQTIPPSI6EK	8	AAAAAKh9hAahuo8fCQJVURQDztGnJ8yNE92pJNtqc7YTQ98kAAAAAAAAAAgAAAACAAAAAQAAADDds6ZaYduPlxoZQkLDqBwCgCjG8YhfTmQsjyjgu2O9LAAAAABW2ccjAAAAAAAAAAAAAAABlNhiMlXNRGkO8qjDbn2Q2/2CXp+Gj+peHdbFP97oW30AAABAqGTpyq4njZVR/eNUE8t2qpoBV44K0csTY+NhaE6S5q4OcyO3/8W4sfXg728LMiTXHxmuEKm8PhRB4L3zWyAkDQ==
GCUH3BAGUG5I6HYJAJKVCFADZ3I2OJ6MRUJ53KJE3NVHHNQTIPPSI6EK	9	AAAAAKh9hAahuo8fCQJVURQDztGnJ8yNE92pJNtqc7YTQ98kAAAAAAAAAAkAAAACAAAAAQAAADD3juF5u8zQryAONNOvO20crCYkKFQif5aC3XYbmwjlPwAAAABW2cckAAAAAAAAAAAAAAABlNhiMlXNRGkO8qjDbn2Q2/2CXp+Gj+peHdbFP97oW30AAABAf52C9O0iVRK2oiqlIwVEN1kZVgZlbbvuh3vq2Z7pK5USHOHkslRap6ur6Vr1NDrnQQVeG7k/drpE6YSybORFCw==
GCUH3BAGUG5I6HYJAJKVCFADZ3I2OJ6MRUJ53KJE3NVHHNQTIPPSI6EK	10	AAAAAKh9hAahuo8fCQJVURQDztGnJ8yNE92pJNtqc7YTQ98kAAAAAAAAAAoAAAACAAAAAQAAADBgC90zLkEXKXrWAZSCa2LFl+OkeSv4xzKvCoJEpH5+GgAAAABW2cclAAAAAAAAAAAAAAABlNhiMlXNRGkO8qjDbn2Q2/2CXp+Gj+peHdbFP97oW30AAABA6MA71+XpoqjZctv5Z+BNAUWK51VgI/v37YKh5RxAHPcAjsJKzjcIsG8PB1dbME6WEvomA2g80CEOptJfN8/kDA==
GCUH3BAGUG5I6HYJAJKVCFADZ3I2OJ6MRUJ53KJE3NVHHNQTIPPSI6EK	11	AAAAAKh9hAahuo8fCQJVURQDztGnJ8yNE92pJNtqc7YTQ98kAAAAAAAAAAsAAAACAAAAAQAAADDeEz0pBvdMVuNzsYW6iPHLJP6n09cZd2VsmOq8pP71/AAAAABW2ccmAAAAAAAAAAAAAAABlNhiMlXNRGkO8qjDbn2Q2/2CXp+Gj+peHdbFP97oW30AAABACot3Xs5pa0pIw6WpH9BFVULigamK/DI+6mN/mFWBxIr6SYzESoAZ0t3KV5Qzfg/BLagc9k3YrCYlBoRn8S0sCg==
GCUH3BAGUG5I6HYJAJKVCFADZ3I2OJ6MRUJ53KJE3NVHHNQTIPPSI6EK	12	AAAAAKh9hAahuo8fCQJVURQDztGnJ8yNE92pJNtqc7YTQ98kAAAAAAAAAAwAAAACAAAAAQAAADCgHY1gLG/dvnBV1n2dWbRf0APB8TuI4ITskbOb7SRriQAAAABW2ccnAAAAAAAAAAAAAAABlNhiMlXNRGkO8qjDbn2Q2/2CXp+Gj+peHdbFP97oW30AAABAqMT6Foy5odoKGA3wSij539AKcD1anRu6n5fMwHyOQASwj5T8w4KCNCP3g5c2WW8FURn1ET2octRz3ADGG7VMBg==
GCUH3BAGUG5I6HYJAJKVCFADZ3I2OJ6MRUJ53KJE3NVHHNQTIPPSI6EK	13	AAAAAKh9hAahuo8fCQJVURQDztGnJ8yNE92pJNtqc7YTQ98kAAAAAAAAAA0AAAACAAAAAQAAADDDxrumspbUAJ/yZw443g97RF0EvHR7cVUpTnxzPEy4zAAAAABW2ccoAAAAAAAAAAAAAAABlNhiMlXNRGkO8qjDbn2Q2/2CXp+Gj+peHdbFP97oW30AAABAXWfnSymVvq/xLCO9IpT/cICr4wEZyqA6pbpF+68PQ0EZMIRps5qYXrLkvQRcrk0D9zt/w7NlgAg26bslaoPbCA==
GCUH3BAGUG5I6HYJAJKVCFADZ3I2OJ6MRUJ53KJE3NVHHNQTIPPSI6EK	14	AAAAAKh9hAahuo8fCQJVURQDztGnJ8yNE92pJNtqc7YTQ98kAAAAAAAAAA4AAAACAAAAAQAAADD3Z+q8fF6nRb9cm7du5M+Hoq+T8/70exvAblM8911WQwAAAABW2ccpAAAAAAAAAAAAAAABlNhiMlXNRGkO8qjDbn2Q2/2CXp+Gj+peHdbFP97oW30AAABABGMxJbsn9Y5NUnqqB6br6vAZuqk3KKfEyXEuImffhxAERWt/BgFsOkfY7KESVt1WuXTVOdpgRdfsgg/0qds3Cg==
GCUH3BAGUG5I6HYJAJKVCFADZ3I2OJ6MRUJ53KJE3NVHHNQTIPPSI6EK	15	AAAAAKh9hAahuo8fCQJVURQDztGnJ8yNE92pJNtqc7YTQ98kAAAAAAAAAA8AAAACAAAAAQAAADCv66EVT6n/Cjpu+BRVmU+nTZeDzNd92/0Ubkfvt27RrAAAAABW2ccqAAAAAAAAAAAAAAABlNhiMlXNRGkO8qjDbn2Q2/2CXp+Gj+peHdbFP97oW30AAABAunyIQCmfx/QmjTlv1mW2k5rLcXZNg5gu5VHQGESfGzdBTTNz3ZJL5HcEiP+VvmSixpN/hR5odMU5wxSWWxtQCQ==
GCUH3BAGUG5I6HYJAJKVCFADZ3I2OJ6MRUJ53KJE3NVHHNQTIPPSI6EK	16	AAAAAKh9hAahuo8fCQJVURQDztGnJ8yNE92pJNtqc7YTQ98kAAAAAAAAABAAAAACAAAAAQAAADDuz8ijC89wKePnIwLTbBihFj+ckvfZiYvI9qZsxCX5qwAAAABW2ccrAAAAAAAAAAAAAAABlNhiMlXNRGkO8qjDbn2Q2/2CXp+Gj+peHdbFP97oW30AAABA8Co8dUom9LOdc/Dgbr+JaV/FxOtimO2KD8PgMRXBdBv3vM7ujdWAdChhoPw4z8IOtQRnAFdJVU7mmO/fP21WAg==
GCUH3BAGUG5I6HYJAJKVCFADZ3I2OJ6MRUJ53KJE3NVHHNQTIPPSI6EK	17	AAAAAKh9hAahuo8fCQJVURQDztGnJ8yNE92pJNtqc7YTQ98kAAAAAAAAABEAAAACAAAAAQAAADCOPPGYrXwgO4WyjpP/VpW0QTqO8Br6sKlQggE/kcJJrgAAAABW2ccsAAAAAAAAAAAAAAABlNhiMlXNRGkO8qjDbn2Q2/2CXp+Gj+peHdbFP97oW30AAABAtsOfU9iQhakYJ6u0++kxBvEuua3wyuJzMJqGmh1sI19PyRT7OoHH7/wi+HryzOvEwYNH5l9Qz6r4+Bd1AdbJBw==
GCUH3BAGUG5I6HYJAJKVCFADZ3I2OJ6MRUJ53KJE3NVHHNQTIPPSI6EK	18	AAAAAKh9hAahuo8fCQJVURQDztGnJ8yNE92pJNtqc7YTQ98kAAAAAAAAABIAAAACAAAAAQAAADC6eE1P2wTfb+UsVhApPmCA428G9U+7mQJV/5dPfMBU8AAAAABW2cctAAAAAAAAAAAAAAABlNhiMlXNRGkO8qjDbn2Q2/2CXp+Gj+peHdbFP97oW30AAABAQsEyMxwrxlblBSnittiq77c1pO7pP/DIUh1vV+q3bZFTuAjgQQTdS/n5hTpe8GIKHNxsRfWGcJp03ynDrFxfAw==
GCUH3BAGUG5I6HYJAJKVCFADZ3I2OJ6MRUJ53KJE3NVHHNQTIPPSI6EK	19	AAAAAKh9hAahuo8fCQJVURQDztGnJ8yNE92pJNtqc7YTQ98kAAAAAAAAABMAAAACAAAAAQAAADD098stgegkd/gGBOoEDqdtxcYYiJmITifWlEQ27MNcaAAAAABW2ccuAAAAAAAAAAAAAAABlNhiMlXNRGkO8qjDbn2Q2/2CXp+Gj+peHdbFP97oW30AAABA8eJKsxXrdtP8vj3HjuM3xNpp9aLHiMFR1IBVfrhUmq+t+c5LSrth/eFecQlKg00yxgfwH3J+i7YATTOk3PTaBA==
GCUH3BAGUG5I6HYJAJKVCFADZ3I2OJ6MRUJ53KJE3NVHHNQTIPPSI6EK	20	AAAAAKh9hAahuo8fCQJVURQDztGnJ8yNE92pJNtqc7YTQ98kAAAAAAAAABQAAAACAAAAAQAAADAaI1bukPxwQA7gfhgc2ThAD7uWBVbq7F5Mss9zlzKOxwAAAABW2ccvAAAAAAAAAAAAAAABlNhiMlXNRGkO8qjDbn2Q2/2CXp+Gj+peHdbFP97oW30AAABAdUo4xEGd4qQT/ZZVaBlFBuZ7eYpa6Raga6rEYsO3QPJ/h0tyT8ef/5rIIY2g732TMDEohz8knp0pzkmpnNIdCw==
GCUH3BAGUG5I6HYJAJKVCFADZ3I2OJ6MRUJ53KJE3NVHHNQTIPPSI6EK	21	AAAAAKh9hAahuo8fCQJVURQDztGnJ8yNE92pJNtqc7YTQ98kAAAAAAAAABUAAAACAAAAAQAAADB1OqTJ+br+pKm8nu/xMQALmZikrAenQP5hrhejeLkB+AAAAABW2ccwAAAAAAAAAAAAAAABlNhiMlXNRGkO8qjDbn2Q2/2CXp+Gj+peHdbFP97oW30AAABA/nvrSpC5YAgl0q/ntPZs5qGZiGWWdtK+hAspsUB4bGhqpRuUclZwyMuHIBA7iutk8x+N3SNDqOyXoKLgbGbMDA==
\.


--
-- Data for Name: scpquorums; Type: TABLE DATA; Schema: public; Owner: -
--

COPY scpquorums (qsethash, lastledgerseq, qset) FROM stdin;
94d8623255cd44690ef2a8c36e7d90dbfd825e9f868fea5e1dd6c53fdee85b7d	21	AAAAAQAAAAEAAAAAqH2EBqG6jx8JAlVRFAPO0acnzI0T3akk22pzthND3yQAAAAA
\.


--
-- Data for Name: signers; Type: TABLE DATA; Schema: public; Owner: -
--

COPY signers (accountid, publickey, weight) FROM stdin;
GDXFAGJCSCI4CK2YHK6YRLA6TKEXFRX7BMGVMQOBMLIEUJRJ5YQNLMIB	GD3E7HKMRNT6HGBGHBT6I6JE4N2S4W5KZ246TGJ4KQSXJ2P4BXCUPQMP	1
\.


--
-- Data for Name: storestate; Type: TABLE DATA; Schema: public; Owner: -
--

COPY storestate (statename, state) FROM stdin;
databaseschema                  	3
forcescponnextlaunch            	false
lastclosedledger                	83b60e6d44c2c9b765c998da9a45379fe7827a1ea61b93d7373886e2c2c9d15d
historyarchivestate             	{\n    "version": 1,\n    "server": "v0.4.1-61-gffd1ccd",\n    "currentLedger": 21,\n    "currentBuckets": [\n        {\n            "curr": "a223d443ba11ddb1ff45edfa722e4bc8fa047890fcc712f1ab5e12f7d4bc071c",\n            "next": {\n                "state": 0\n            },\n            "snap": "2fb71e8858c2f53f580779ab40fa14fb2d1d0b937afa811c021d2becec094aa3"\n        },\n        {\n            "curr": "95ec3caf9dff953436bcde3a9cf67cf3544bf2399bb8ca0d8c3ef73208302a70",\n            "next": {\n                "state": 1,\n                "output": "7ba88210856c6afa05f210fe493780644c4138468a2e3a702e00b09447a299b0"\n            },\n            "snap": "53c9bfd9f5953307ceb9f74faccc02182508d84b035dc5ef01cf7c976c4cc626"\n        },\n        {\n            "curr": "301554dad9dec303f1079e0ff4a7ca40c3b6dd1bcb552726e69cf8898bb79c15",\n            "next": {\n                "state": 1,\n                "output": "8b1570ba3fbd3f4311a8c8bb1ae1ff5e2c34e80f127854dfae978f0bd58d2e47"\n            },\n            "snap": "0000000000000000000000000000000000000000000000000000000000000000"\n        },\n        {\n            "curr": "0000000000000000000000000000000000000000000000000000000000000000",\n            "next": {\n                "state": 0\n            },\n            "snap": "0000000000000000000000000000000000000000000000000000000000000000"\n        },\n        {\n            "curr": "0000000000000000000000000000000000000000000000000000000000000000",\n            "next": {\n                "state": 0\n            },\n            "snap": "0000000000000000000000000000000000000000000000000000000000000000"\n        },\n        {\n            "curr": "0000000000000000000000000000000000000000000000000000000000000000",\n            "next": {\n                "state": 0\n            },\n            "snap": "0000000000000000000000000000000000000000000000000000000000000000"\n        },\n        {\n            "curr": "0000000000000000000000000000000000000000000000000000000000000000",\n            "next": {\n                "state": 0\n            },\n            "snap": "0000000000000000000000000000000000000000000000000000000000000000"\n        },\n        {\n            "curr": "0000000000000000000000000000000000000000000000000000000000000000",\n            "next": {\n                "state": 0\n            },\n            "snap": "0000000000000000000000000000000000000000000000000000000000000000"\n        },\n        {\n            "curr": "0000000000000000000000000000000000000000000000000000000000000000",\n            "next": {\n                "state": 0\n            },\n            "snap": "0000000000000000000000000000000000000000000000000000000000000000"\n        },\n        {\n            "curr": "0000000000000000000000000000000000000000000000000000000000000000",\n            "next": {\n                "state": 0\n            },\n            "snap": "0000000000000000000000000000000000000000000000000000000000000000"\n        },\n        {\n            "curr": "0000000000000000000000000000000000000000000000000000000000000000",\n            "next": {\n                "state": 0\n            },\n            "snap": "0000000000000000000000000000000000000000000000000000000000000000"\n        }\n    ]\n}
lastscpdata                     	AAAAAgAAAACofYQGobqPHwkCVVEUA87RpyfMjRPdqSTbanO2E0PfJAAAAAAAAAAVAAAAA5TYYjJVzURpDvKow259kNv9gl6fho/qXh3WxT/e6Ft9AAAAAQAAADB1OqTJ+br+pKm8nu/xMQALmZikrAenQP5hrhejeLkB+AAAAABW2ccwAAAAAAAAAAAAAAABAAAAMHU6pMn5uv6kqbye7/ExAAuZmKSsB6dA/mGuF6N4uQH4AAAAAFbZxzAAAAAAAAAAAAAAAEA6/2c/RUMm/bU3/Sqom9uy6iAUy6tPic8OFbNdN6zif/HfBeObmPzJ2Pd4+K95TKcz/7AvYOhq1SKpZuzCjOsDAAAAAKh9hAahuo8fCQJVURQDztGnJ8yNE92pJNtqc7YTQ98kAAAAAAAAABUAAAACAAAAAQAAADB1OqTJ+br+pKm8nu/xMQALmZikrAenQP5hrhejeLkB+AAAAABW2ccwAAAAAAAAAAAAAAABlNhiMlXNRGkO8qjDbn2Q2/2CXp+Gj+peHdbFP97oW30AAABA/nvrSpC5YAgl0q/ntPZs5qGZiGWWdtK+hAspsUB4bGhqpRuUclZwyMuHIBA7iutk8x+N3SNDqOyXoKLgbGbMDAAAAAHCvVRJ5qSgfNbWbcTro2pACMwWoX9AZxgpU7Mc86RtuwAAAAAAAAABAAAAAQAAAAEAAAAAqH2EBqG6jx8JAlVRFAPO0acnzI0T3akk22pzthND3yQAAAAA
\.


--
-- Data for Name: trustlines; Type: TABLE DATA; Schema: public; Owner: -
--

COPY trustlines (accountid, assettype, issuer, assetcode, tlimit, balance, flags, lastmodified) FROM stdin;
GANZGPKY5WSHWG5YOZMNG52GCK5SCJ4YGUWMJJVGZSK2FP4BI2JIJN2C	1	GCHC4D2CS45CJRNN4QAHT2LFZAJIU5PA7H53K3VOP6WEJ6XWHNSNZKQG	USD	9223372036854775807	100000000	1	15
GDRW375MAYR46ODGF2WGANQC2RRZL7O246DYHHCGWTV2RE7IHE2QUQLD	1	GAXMF43TGZHW3QN3REOUA2U5PW5BTARXGGYJ3JIFHW3YT6QRKRL3CPPU	USD	9223372036854775807	0	1	19
GACAR2AEYEKITE2LKI5RMXF5MIVZ6Q7XILROGDT22O7JX4DSWFS7FDDP	1	GAXMF43TGZHW3QN3REOUA2U5PW5BTARXGGYJ3JIFHW3YT6QRKRL3CPPU	EUR	9223372036854775807	3000000000	1	20
\.


--
-- Data for Name: txfeehistory; Type: TABLE DATA; Schema: public; Owner: -
--

COPY txfeehistory (txid, ledgerseq, txindex, txchanges) FROM stdin;
f5e0d1f500b2d0c4b42fb8a438d5ed764bc58d1392f4328f4713af407b1968ca	3	1	AAAAAgAAAAMAAAABAAAAAAAAAABi/B0L0JGythwN1lY0aypo19NHxvLCyO5tBEcCVvwF9w3gtrOnZAAAAAAAAAAAAAAAAAAAAAAAAAAAAAAAAAAAAQAAAAAAAAAAAAAAAAAAAAAAAAEAAAADAAAAAAAAAABi/B0L0JGythwN1lY0aypo19NHxvLCyO5tBEcCVvwF9w3gtrOnY/+cAAAAAAAAAAEAAAAAAAAAAAAAAAAAAAAAAQAAAAAAAAAAAAAAAAAAAA==
66e27fb28870cb5256ea92764bcb222adbbaa5fec2d89a62a9aa8c9c8e2ee9e9	4	1	AAAAAgAAAAMAAAADAAAAAAAAAABi/B0L0JGythwN1lY0aypo19NHxvLCyO5tBEcCVvwF9w3gtrFTWBucAAAAAAAAAAEAAAAAAAAAAAAAAAAAAAAAAQAAAAAAAAAAAAAAAAAAAAAAAAEAAAAEAAAAAAAAAABi/B0L0JGythwN1lY0aypo19NHxvLCyO5tBEcCVvwF9w3gtrFTWBs4AAAAAAAAAAIAAAAAAAAAAAAAAAAAAAAAAQAAAAAAAAAAAAAAAAAAAA==
e9d1a3000aea36743142f2ede106d3cb37c3d7e88508e3f21b496370b5863858	5	1	AAAAAgAAAAMAAAAEAAAAAAAAAADuUBkikJHBK1g6vYisHpqJcsb/Cw1WQcFi0EomKe4g1QAAAAJUC+QAAAAABAAAAAAAAAAAAAAAAAAAAAAAAAAAAQAAAAAAAAAAAAAAAAAAAAAAAAEAAAAFAAAAAAAAAADuUBkikJHBK1g6vYisHpqJcsb/Cw1WQcFi0EomKe4g1QAAAAJUC+OcAAAABAAAAAEAAAAAAAAAAAAAAAAAAAAAAQAAAAAAAAAAAAAAAAAAAA==
995b9269f9f9c4c1eace75501188766d6e8ae40c5413120811a50437683cb74c	5	2	AAAAAQAAAAEAAAAFAAAAAAAAAADuUBkikJHBK1g6vYisHpqJcsb/Cw1WQcFi0EomKe4g1QAAAAJUC+M4AAAABAAAAAIAAAAAAAAAAAAAAAAAAAAAAQAAAAAAAAAAAAAAAAAAAA==
f78dca926455579b4a43009ffe35a0229a6da4bed32d3c999d7a06ad26605a25	5	3	AAAAAQAAAAEAAAAFAAAAAAAAAADuUBkikJHBK1g6vYisHpqJcsb/Cw1WQcFi0EomKe4g1QAAAAJUC+LUAAAABAAAAAMAAAAAAAAAAAAAAAAAAAAAAQAAAAAAAAAAAAAAAAAAAA==
a9085e13fbe9f84e07e320a0d445536de1afc2cfd8c7e4186687807edd2b4897	6	1	AAAAAgAAAAMAAAAFAAAAAAAAAADuUBkikJHBK1g6vYisHpqJcsb/Cw1WQcFi0EomKe4g1QAAAAJUC+LUAAAABAAAAAMAAAABAAAAAAAAAAAAAAAAAQICAgAAAAEAAAAA9k+dTItn45gmOGfkeSTjdS5bqs656Zk8VCV06fwNxUcAAAABAAAAAAAAAAAAAAABAAAABgAAAAAAAAAA7lAZIpCRwStYOr2IrB6aiXLG/wsNVkHBYtBKJinuINUAAAACVAvicAAAAAQAAAAEAAAAAQAAAAAAAAAAAAAAAAECAgIAAAABAAAAAPZPnUyLZ+OYJjhn5Hkk43UuW6rOuemZPFQldOn8DcVHAAAAAQAAAAAAAAAA
0fb9c2e20946222b23e1d1d660de9d74576c41cfd9b199f9d565a013c1ef89ca	7	1	AAAAAgAAAAMAAAAEAAAAAAAAAABi/B0L0JGythwN1lY0aypo19NHxvLCyO5tBEcCVvwF9w3gtq7/TDc4AAAAAAAAAAIAAAAAAAAAAAAAAAAAAAAAAQAAAAAAAAAAAAAAAAAAAAAAAAEAAAAHAAAAAAAAAABi/B0L0JGythwN1lY0aypo19NHxvLCyO5tBEcCVvwF9w3gtq7/TDbUAAAAAAAAAAMAAAAAAAAAAAAAAAAAAAAAAQAAAAAAAAAAAAAAAAAAAA==
dd74eee27a59843b28a05ad08abf65eaa231b7debe4d05550c0a7a424cca5929	8	1	AAAAAgAAAAMAAAAHAAAAAAAAAAA56sVBEtGr+Hdd/gQSsSrPugP3CTbTNf53+Hh1dzsNOgAAAAJUC+QAAAAABwAAAAAAAAAAAAAAAAAAAAAAAAAAAQAAAAAAAAAAAAAAAAAAAAAAAAEAAAAIAAAAAAAAAAA56sVBEtGr+Hdd/gQSsSrPugP3CTbTNf53+Hh1dzsNOgAAAAJUC+OcAAAABwAAAAEAAAAAAAAAAAAAAAAAAAAAAQAAAAAAAAAAAAAAAAAAAA==
2551e76a3ce4881b7bc73fdfd89d670d511ea7d4e56156252b51777023202de7	8	2	AAAAAQAAAAEAAAAIAAAAAAAAAAA56sVBEtGr+Hdd/gQSsSrPugP3CTbTNf53+Hh1dzsNOgAAAAJUC+M4AAAABwAAAAIAAAAAAAAAAAAAAAAAAAAAAQAAAAAAAAAAAAAAAAAAAA==
3b36ecfbcc2adb0cfff08ae86199f64e12984f084bb03be9bb249611df82322b	8	3	AAAAAQAAAAEAAAAIAAAAAAAAAAA56sVBEtGr+Hdd/gQSsSrPugP3CTbTNf53+Hh1dzsNOgAAAAJUC+LUAAAABwAAAAMAAAAAAAAAAAAAAAAAAAAAAQAAAAAAAAAAAAAAAAAAAA==
e14885cb66af5f7f5e991b014eec475c61cc831292cf5526cdd0cda145300837	8	4	AAAAAQAAAAEAAAAIAAAAAAAAAAA56sVBEtGr+Hdd/gQSsSrPugP3CTbTNf53+Hh1dzsNOgAAAAJUC+JwAAAABwAAAAQAAAAAAAAAAAAAAAAAAAAAAQAAAAAAAAAAAAAAAAAAAA==
66c28c0ccd5a2e47026aacafa2ecd3c501fe5de349ef376c0f8afb893c7bb55d	9	1	AAAAAgAAAAMAAAAIAAAAAAAAAABi/B0L0JGythwN1lY0aypo19NHxvLCyO5tBEcCVvwF9w3gtqytoqzUAAAAAAAAAAMAAAAAAAAAAAAAAAAAAAAAAQAAAAAAAAAAAAAAAAAAAAAAAAEAAAAJAAAAAAAAAABi/B0L0JGythwN1lY0aypo19NHxvLCyO5tBEcCVvwF9w3gtqytoqxwAAAAAAAAAAQAAAAAAAAAAAAAAAAAAAAAAQAAAAAAAAAAAAAAAAAAAA==
fdb696a797b769176cbaed3a50e4a6a8671119621f65a3f954a3bcf100c7ef0c	10	1	AAAAAgAAAAMAAAAJAAAAAAAAAAAN3U7egAPpmax0171jjN0hBbWtO8h8ARiL/SKX2QViXgAAAAJUC+QAAAAACQAAAAAAAAAAAAAAAAAAAAAAAAAAAQAAAAAAAAAAAAAAAAAAAAAAAAEAAAAKAAAAAAAAAAAN3U7egAPpmax0171jjN0hBbWtO8h8ARiL/SKX2QViXgAAAAJUC+M4AAAACQAAAAEAAAAAAAAAAAAAAAAAAAAAAQAAAAAAAAAAAAAAAAAAAA==
67601a2ca212b84092a7d3c521172b67f4b93d72b726a06c540917d2ab83c1a1	11	1	AAAAAgAAAAMAAAAKAAAAAAAAAABi/B0L0JGythwN1lY0aypo19NHxvLCyO5tBEcCVvwF9w3gtqplgopwAAAAAAAAAAQAAAAAAAAAAAAAAAAAAAAAAQAAAAAAAAAAAAAAAAAAAAAAAAEAAAALAAAAAAAAAABi/B0L0JGythwN1lY0aypo19NHxvLCyO5tBEcCVvwF9w3gtqplgooMAAAAAAAAAAUAAAAAAAAAAAAAAAAAAAAAAQAAAAAAAAAAAAAAAAAAAA==
0e128647b2b93786b6b76e182dcda0173757066f8caf0523d1ba3b47fd6f720d	12	1	AAAAAgAAAAMAAAALAAAAAAAAAADFWYTSISn1LvRh2SuEC7p1PiNKc+9tS7OK1DigFx9oMwAAAAJUC+QAAAAACwAAAAAAAAAAAAAAAAAAAAAAAAAAAQAAAAAAAAAAAAAAAAAAAAAAAAEAAAAMAAAAAAAAAADFWYTSISn1LvRh2SuEC7p1PiNKc+9tS7OK1DigFx9oMwAAAAJUC+OcAAAACwAAAAEAAAAAAAAAAAAAAAAAAAAAAQAAAAAAAAAAAAAAAAAAAA==
cd8a8e9eb53fd268d1294e228995c27f422d90783c4054e44ab0028fc1da210a	13	1	AAAAAgAAAAMAAAALAAAAAAAAAABi/B0L0JGythwN1lY0aypo19NHxvLCyO5tBEcCVvwF9w3gtqgRdqYMAAAAAAAAAAUAAAAAAAAAAAAAAAAAAAAAAQAAAAAAAAAAAAAAAAAAAAAAAAEAAAANAAAAAAAAAABi/B0L0JGythwN1lY0aypo19NHxvLCyO5tBEcCVvwF9w3gtqgRdqWoAAAAAAAAAAYAAAAAAAAAAAAAAAAAAAAAAQAAAAAAAAAAAAAAAAAAAA==
bfbd5e9457d717bcf847291a6c24b7cd8db4ff784ecd4592be30d08146c0c264	13	2	AAAAAQAAAAEAAAANAAAAAAAAAABi/B0L0JGythwN1lY0aypo19NHxvLCyO5tBEcCVvwF9w3gtqgRdqVEAAAAAAAAAAcAAAAAAAAAAAAAAAAAAAAAAQAAAAAAAAAAAAAAAAAAAA==
30880dd42d8e402a30d8a3527b56c1e33e18e87c46e1332ea5cfc1721fd87cfb	14	1	AAAAAgAAAAMAAAANAAAAAAAAAACOLg9Clzokxa3kAHnpZcgSinXg+fu1bq5/rET69jtk3AAAAAJUC+QAAAAADQAAAAAAAAAAAAAAAAAAAAAAAAAAAQAAAAAAAAAAAAAAAAAAAAAAAAEAAAAOAAAAAAAAAACOLg9Clzokxa3kAHnpZcgSinXg+fu1bq5/rET69jtk3AAAAAJUC+OcAAAADQAAAAEAAAAAAAAAAAAAAAAAAAAAAQAAAAAAAAAAAAAAAAAAAA==
dbd964fcfdb336a30f21c240fffdaf73d7c75880ed1b99375c62f84e3e592570	14	2	AAAAAgAAAAMAAAANAAAAAAAAAAAbkz1Y7aR7G7h2WNN3RhK7ISeYNSzEpqbMlaK/gUaShAAAAAJUC+QAAAAADQAAAAAAAAAAAAAAAAAAAAAAAAAAAQAAAAAAAAAAAAAAAAAAAAAAAAEAAAAOAAAAAAAAAAAbkz1Y7aR7G7h2WNN3RhK7ISeYNSzEpqbMlaK/gUaShAAAAAJUC+OcAAAADQAAAAEAAAAAAAAAAAAAAAAAAAAAAQAAAAAAAAAAAAAAAAAAAA==
142c988b1f67984f74a1581de9caecf499e60f1e0eed496661aa2c559238764c	15	1	AAAAAgAAAAMAAAAOAAAAAAAAAACOLg9Clzokxa3kAHnpZcgSinXg+fu1bq5/rET69jtk3AAAAAJOFgKcAAAADQAAAAEAAAAAAAAAAAAAAAAAAAAAAQAAAAAAAAAAAAAAAAAAAAAAAAEAAAAPAAAAAAAAAACOLg9Clzokxa3kAHnpZcgSinXg+fu1bq5/rET69jtk3AAAAAJOFgI4AAAADQAAAAIAAAAAAAAAAAAAAAAAAAAAAQAAAAAAAAAAAAAAAAAAAA==
a5a9e3ca63e9cc155359c97337bcb14464cca56b230a4d0c7f27582644d16809	16	1	AAAAAgAAAAMAAAANAAAAAAAAAABi/B0L0JGythwN1lY0aypo19NHxvLCyO5tBEcCVvwF9w3gtqNpXt1EAAAAAAAAAAcAAAAAAAAAAAAAAAAAAAAAAQAAAAAAAAAAAAAAAAAAAAAAAAEAAAAQAAAAAAAAAABi/B0L0JGythwN1lY0aypo19NHxvLCyO5tBEcCVvwF9w3gtqNpXtzgAAAAAAAAAAgAAAAAAAAAAAAAAAAAAAAAAQAAAAAAAAAAAAAAAAAAAA==
6a056189b45760c607e331c90c5a8b4cd720961df8bc8cecfd4aa388b577a6cb	16	2	AAAAAQAAAAEAAAAQAAAAAAAAAABi/B0L0JGythwN1lY0aypo19NHxvLCyO5tBEcCVvwF9w3gtqNpXtx8AAAAAAAAAAkAAAAAAAAAAAAAAAAAAAAAAQAAAAAAAAAAAAAAAAAAAA==
18bf6cce20cfbb0f9079c4b8783718949d13bd12d173a60363d2b8e3a07efead	16	3	AAAAAQAAAAEAAAAQAAAAAAAAAABi/B0L0JGythwN1lY0aypo19NHxvLCyO5tBEcCVvwF9w3gtqNpXtwYAAAAAAAAAAoAAAAAAAAAAAAAAAAAAAAAAQAAAAAAAAAAAAAAAAAAAA==
d1f593eb5e14f97027bc79821fa46628c107034fba9a5acef6a9da79e051ee73	17	1	AAAAAgAAAAMAAAAQAAAAAAAAAAAECOgEwRSJk0tSOxZcvWIrn0P3QuLjDnrTvpvwcrFl8gAAAAJUC+QAAAAAEAAAAAAAAAAAAAAAAAAAAAAAAAAAAQAAAAAAAAAAAAAAAAAAAAAAAAEAAAARAAAAAAAAAAAECOgEwRSJk0tSOxZcvWIrn0P3QuLjDnrTvpvwcrFl8gAAAAJUC+OcAAAAEAAAAAEAAAAAAAAAAAAAAAAAAAAAAQAAAAAAAAAAAAAAAAAAAA==
cdef45dd961d59375351ea7dd7ef6414ff49371a335723e84dafacea1e13665a	17	2	AAAAAgAAAAMAAAAQAAAAAAAAAADjbf+sBiPPOGYurGA2AtRjlf3a54eDnEa066iT6Dk1CgAAAAJUC+QAAAAAEAAAAAAAAAAAAAAAAAAAAAAAAAAAAQAAAAAAAAAAAAAAAAAAAAAAAAEAAAARAAAAAAAAAADjbf+sBiPPOGYurGA2AtRjlf3a54eDnEa066iT6Dk1CgAAAAJUC+OcAAAAEAAAAAEAAAAAAAAAAAAAAAAAAAAAAQAAAAAAAAAAAAAAAAAAAA==
902b90c2322b9e6b335e7543389a7446b86e3039ebf59ec66dffb50eaec0dc85	18	1	AAAAAgAAAAMAAAAQAAAAAAAAAAAuwvNzNk9twbuJHUBqnX26GYI3MbCdpQU9t4n6EVRXsQAAAAJUC+QAAAAAEAAAAAAAAAAAAAAAAAAAAAAAAAAAAQAAAAAAAAAAAAAAAAAAAAAAAAEAAAASAAAAAAAAAAAuwvNzNk9twbuJHUBqnX26GYI3MbCdpQU9t4n6EVRXsQAAAAJUC+OcAAAAEAAAAAEAAAAAAAAAAAAAAAAAAAAAAQAAAAAAAAAAAAAAAAAAAA==
ca756d1519ceda79f8722042b12cea7ba004c3bd961adb62b59f88a867f86eb3	18	2	AAAAAQAAAAEAAAASAAAAAAAAAAAuwvNzNk9twbuJHUBqnX26GYI3MbCdpQU9t4n6EVRXsQAAAAJUC+M4AAAAEAAAAAIAAAAAAAAAAAAAAAAAAAAAAQAAAAAAAAAAAAAAAAAAAA==
37bb79f6959c0e8e9b3d31f6c9308d8d084d9c6742cfa56ca094cfa6eae99423	18	3	AAAAAQAAAAEAAAASAAAAAAAAAAAuwvNzNk9twbuJHUBqnX26GYI3MbCdpQU9t4n6EVRXsQAAAAJUC+LUAAAAEAAAAAMAAAAAAAAAAAAAAAAAAAAAAQAAAAAAAAAAAAAAAAAAAA==
198844c8b472daacc5b717695a4ca16ac799a13fb2cf4152d19e2117ae1c56c3	19	1	AAAAAgAAAAMAAAARAAAAAAAAAADjbf+sBiPPOGYurGA2AtRjlf3a54eDnEa066iT6Dk1CgAAAAJUC+OcAAAAEAAAAAEAAAABAAAAAAAAAAAAAAAAAQAAAAAAAAAAAAAAAAAAAAAAAAEAAAATAAAAAAAAAADjbf+sBiPPOGYurGA2AtRjlf3a54eDnEa066iT6Dk1CgAAAAJUC+M4AAAAEAAAAAIAAAABAAAAAAAAAAAAAAAAAQAAAAAAAAAAAAAAAAAAAA==
f08dc1fec150f276562866ce4f5272f658cf0bd9fd8c1d96a22c196be2e1b25a	20	1	AAAAAgAAAAMAAAATAAAAAAAAAADjbf+sBiPPOGYurGA2AtRjlf3a54eDnEa066iT6Dk1CgAAAAJUC+M4AAAAEAAAAAIAAAABAAAAAAAAAAAAAAAAAQAAAAAAAAAAAAAAAAAAAAAAAAEAAAAUAAAAAAAAAADjbf+sBiPPOGYurGA2AtRjlf3a54eDnEa066iT6Dk1CgAAAAJUC+LUAAAAEAAAAAMAAAABAAAAAAAAAAAAAAAAAQAAAAAAAAAAAAAAAAAAAA==
\.


--
-- Data for Name: txhistory; Type: TABLE DATA; Schema: public; Owner: -
--

COPY txhistory (txid, ledgerseq, txindex, txbody, txresult, txmeta) FROM stdin;
f5e0d1f500b2d0c4b42fb8a438d5ed764bc58d1392f4328f4713af407b1968ca	3	1	AAAAAGL8HQvQkbK2HA3WVjRrKmjX00fG8sLI7m0ERwJW/AX3AAAAZAAAAAAAAAABAAAAAQAAAAAAAABkAAAAAF4MUYAAAAAAAAAAAQAAAAAAAAAAAAAAAC6N7oJcJiUzTWRDL98Bj3fVrJUB19wFvCzEHh8nn/IOAAAAAlQL5AAAAAAAAAAAAVb8BfcAAABAXK6PX0t3GL+4TcNTKBIB9vkqahUMix+Rf/7WY5d6YJsmeBQ+o5ULJWvzgfc3aTx4f/DCUXc54KcOfCfzqH0uDQ==	9eDR9QCy0MS0L7ikONXtdkvFjROS9DKPRxOvQHsZaMoAAAAAAAAAZAAAAAAAAAABAAAAAAAAAAAAAAAAAAAAAA==	AAAAAAAAAAEAAAACAAAAAAAAAAMAAAAAAAAAAC6N7oJcJiUzTWRDL98Bj3fVrJUB19wFvCzEHh8nn/IOAAAAAlQL5AAAAAADAAAAAAAAAAAAAAAAAAAAAAAAAAABAAAAAAAAAAAAAAAAAAAAAAAAAQAAAAMAAAAAAAAAAGL8HQvQkbK2HA3WVjRrKmjX00fG8sLI7m0ERwJW/AX3DeC2sVNYG5wAAAAAAAAAAQAAAAAAAAAAAAAAAAAAAAABAAAAAAAAAAAAAAAAAAAA
66e27fb28870cb5256ea92764bcb222adbbaa5fec2d89a62a9aa8c9c8e2ee9e9	4	1	AAAAAGL8HQvQkbK2HA3WVjRrKmjX00fG8sLI7m0ERwJW/AX3AAAAZAAAAAAAAAACAAAAAAAAAAAAAAABAAAAAAAAAAAAAAAA7lAZIpCRwStYOr2IrB6aiXLG/wsNVkHBYtBKJinuINUAAAACVAvkAAAAAAAAAAABVvwF9wAAAECAUpO+hxiga/YgRsV3rFpBJydgOyn0TPImJCaQCMikkiG+sNXrQBsYXjJrlOiGjGsU3rk4uvGl85AriYD9PNYH	ZuJ/sohwy1JW6pJ2S8siKtu6pf7C2JpiqaqMnI4u6ekAAAAAAAAAZAAAAAAAAAABAAAAAAAAAAAAAAAAAAAAAA==	AAAAAAAAAAEAAAACAAAAAAAAAAQAAAAAAAAAAO5QGSKQkcErWDq9iKwemolyxv8LDVZBwWLQSiYp7iDVAAAAAlQL5AAAAAAEAAAAAAAAAAAAAAAAAAAAAAAAAAABAAAAAAAAAAAAAAAAAAAAAAAAAQAAAAQAAAAAAAAAAGL8HQvQkbK2HA3WVjRrKmjX00fG8sLI7m0ERwJW/AX3DeC2rv9MNzgAAAAAAAAAAgAAAAAAAAAAAAAAAAAAAAABAAAAAAAAAAAAAAAAAAAA
e9d1a3000aea36743142f2ede106d3cb37c3d7e88508e3f21b496370b5863858	5	1	AAAAAO5QGSKQkcErWDq9iKwemolyxv8LDVZBwWLQSiYp7iDVAAAAZAAAAAQAAAABAAAAAAAAAAAAAAABAAAAAAAAAAUAAAAAAAAAAQAAAAAAAAABAAAAAAAAAAEAAAABAAAAAAAAAAAAAAAAAAAAAAAAAAAAAAAAAAAAASnuINUAAABASz0AtZeNzXSXkjPkKJfOE8aUTAuPR6pxMMbF337wxE3wzOTDaVcDQ2N5P3E9MKc+fbbFhZ9K+07+J0wMGltRBA==	6dGjAArqNnQxQvLt4QbTyzfD1+iFCOPyG0ljcLWGOFgAAAAAAAAAZAAAAAAAAAABAAAAAAAAAAUAAAAAAAAAAA==	AAAAAAAAAAEAAAABAAAAAQAAAAUAAAAAAAAAAO5QGSKQkcErWDq9iKwemolyxv8LDVZBwWLQSiYp7iDVAAAAAlQL4tQAAAAEAAAAAwAAAAAAAAAAAAAAAAAAAAABAAAAAAAAAAAAAAAAAAAA
995b9269f9f9c4c1eace75501188766d6e8ae40c5413120811a50437683cb74c	5	2	AAAAAO5QGSKQkcErWDq9iKwemolyxv8LDVZBwWLQSiYp7iDVAAAAZAAAAAQAAAACAAAAAAAAAAAAAAABAAAAAAAAAAUAAAAAAAAAAQAAAAAAAAABAAAAAAAAAAAAAAAAAAAAAAAAAAAAAAAAAAAAAQAAAAD2T51Mi2fjmCY4Z+R5JON1LluqzrnpmTxUJXTp/A3FRwAAAAEAAAAAAAAAASnuINUAAABADpkMMc7kkkYjDoPwfUlOE9tLYvWHI/m+BBe/gCKN1cVvEF1UBVeCCuGBTjury4TqoxplKl4NZHJST5/Orr4XCA==	mVuSafn5xMHqznVQEYh2bW6K5AxUExIIEaUEN2g8t0wAAAAAAAAAZAAAAAAAAAABAAAAAAAAAAUAAAAAAAAAAA==	AAAAAAAAAAEAAAABAAAAAQAAAAUAAAAAAAAAAO5QGSKQkcErWDq9iKwemolyxv8LDVZBwWLQSiYp7iDVAAAAAlQL4tQAAAAEAAAAAwAAAAEAAAAAAAAAAAAAAAABAAAAAAAAAQAAAAD2T51Mi2fjmCY4Z+R5JON1LluqzrnpmTxUJXTp/A3FRwAAAAEAAAAAAAAAAA==
f78dca926455579b4a43009ffe35a0229a6da4bed32d3c999d7a06ad26605a25	5	3	AAAAAO5QGSKQkcErWDq9iKwemolyxv8LDVZBwWLQSiYp7iDVAAAAZAAAAAQAAAADAAAAAAAAAAAAAAABAAAAAAAAAAUAAAAAAAAAAQAAAAAAAAABAAAAAAAAAAAAAAABAAAAAgAAAAEAAAACAAAAAQAAAAIAAAAAAAAAAAAAAAAAAAABKe4g1QAAAEDglRRymtLjw+ImmGwTiBTKE7X7+2CywlHw8qed+t520SbAggcqboy5KXJaEP51/wRSMxtZUgDOFfaDn9Df04EA	943KkmRVV5tKQwCf/jWgIpptpL7TLTyZnXoGrSZgWiUAAAAAAAAAZAAAAAAAAAABAAAAAAAAAAUAAAAAAAAAAA==	AAAAAAAAAAEAAAABAAAAAQAAAAUAAAAAAAAAAO5QGSKQkcErWDq9iKwemolyxv8LDVZBwWLQSiYp7iDVAAAAAlQL4tQAAAAEAAAAAwAAAAEAAAAAAAAAAAAAAAABAgICAAAAAQAAAAD2T51Mi2fjmCY4Z+R5JON1LluqzrnpmTxUJXTp/A3FRwAAAAEAAAAAAAAAAA==
a9085e13fbe9f84e07e320a0d445536de1afc2cfd8c7e4186687807edd2b4897	6	1	AAAAAO5QGSKQkcErWDq9iKwemolyxv8LDVZBwWLQSiYp7iDVAAAAZAAAAAQAAAAEAAAAAAAAAAAAAAABAAAAAAAAAAUAAAAAAAAAAQAAAAAAAAABAAAAAAAAAAEAAAACAAAAAAAAAAAAAAAAAAAAAAAAAAAAAAAAAAAAAinuINUAAABA4PRAe0en/05ZH2leCeTOsxbT0cUu3wgUiWUcuDk4ya8G/gI90hlV6pzOYyAB6Zt5fN7pRrPRL/tTlnjgUAjaBvwNxUcAAABAFmdGR6JZukKJUC3Vr2YEJ/24G3tesqTv4cV5UcAozRhS2+w0PYVVqe7QTmOMNSGX/C3LxP1tSvpXdU/OhYsODw==	qQheE/vp+E4H4yCg1EVTbeGvws/Yx+QYZoeAft0rSJcAAAAAAAAAZAAAAAAAAAABAAAAAAAAAAUAAAAAAAAAAA==	AAAAAAAAAAEAAAABAAAAAQAAAAYAAAAAAAAAAO5QGSKQkcErWDq9iKwemolyxv8LDVZBwWLQSiYp7iDVAAAAAlQL4nAAAAAEAAAABAAAAAEAAAAAAAAAAAAAAAACAgICAAAAAQAAAAD2T51Mi2fjmCY4Z+R5JON1LluqzrnpmTxUJXTp/A3FRwAAAAEAAAAAAAAAAA==
0fb9c2e20946222b23e1d1d660de9d74576c41cfd9b199f9d565a013c1ef89ca	7	1	AAAAAGL8HQvQkbK2HA3WVjRrKmjX00fG8sLI7m0ERwJW/AX3AAAAZAAAAAAAAAADAAAAAAAAAAAAAAABAAAAAAAAAAAAAAAAOerFQRLRq/h3Xf4EErEqz7oD9wk20zX+d/h4dXc7DToAAAACVAvkAAAAAAAAAAABVvwF9wAAAED8tIFyog9OeCqiaBNfxFdAlneNYTfjoNUMKi6FJCY5BqemnDBxGox3jKS/xx4zpxAToEFp3Y2M+NRJIU4g/H0J	D7nC4glGIisj4dHWYN6ddFdsQc/ZsZn51WWgE8HvicoAAAAAAAAAZAAAAAAAAAABAAAAAAAAAAAAAAAAAAAAAA==	AAAAAAAAAAEAAAACAAAAAAAAAAcAAAAAAAAAADnqxUES0av4d13+BBKxKs+6A/cJNtM1/nf4eHV3Ow06AAAAAlQL5AAAAAAHAAAAAAAAAAAAAAAAAAAAAAAAAAABAAAAAAAAAAAAAAAAAAAAAAAAAQAAAAcAAAAAAAAAAGL8HQvQkbK2HA3WVjRrKmjX00fG8sLI7m0ERwJW/AX3DeC2rKtAUtQAAAAAAAAAAwAAAAAAAAAAAAAAAAAAAAABAAAAAAAAAAAAAAAAAAAA
dd74eee27a59843b28a05ad08abf65eaa231b7debe4d05550c0a7a424cca5929	8	1	AAAAADnqxUES0av4d13+BBKxKs+6A/cJNtM1/nf4eHV3Ow06AAAAZAAAAAcAAAABAAAAAAAAAAIAAAAAAAAAewAAAAEAAAAAAAAAAQAAAABi/B0L0JGythwN1lY0aypo19NHxvLCyO5tBEcCVvwF9wAAAAAAAAAAAJiWgAAAAAAAAAABdzsNOgAAAEBjk5EFqV8GiL9xU62OUCKeScXxGMTMqJoD7ryiGf5jLPZJRSphbWC3ZycHE+pDuu/6EKSqcNUri5AXzQmM+GYB	3XTu4npZhDsooFrQir9l6qIxt96+TQVVDAp6QkzKWSkAAAAAAAAAZAAAAAAAAAABAAAAAAAAAAEAAAAAAAAAAA==	AAAAAAAAAAEAAAADAAAAAQAAAAgAAAAAAAAAADnqxUES0av4d13+BBKxKs+6A/cJNtM1/nf4eHV3Ow06AAAAAlNzS/AAAAAHAAAABAAAAAAAAAAAAAAAAAAAAAABAAAAAAAAAAAAAAAAAAAAAAAAAwAAAAcAAAAAAAAAAGL8HQvQkbK2HA3WVjRrKmjX00fG8sLI7m0ERwJW/AX3DeC2rKtAUtQAAAAAAAAAAwAAAAAAAAAAAAAAAAAAAAABAAAAAAAAAAAAAAAAAAAAAAAAAQAAAAgAAAAAAAAAAGL8HQvQkbK2HA3WVjRrKmjX00fG8sLI7m0ERwJW/AX3DeC2rKvY6VQAAAAAAAAAAwAAAAAAAAAAAAAAAAAAAAABAAAAAAAAAAAAAAAAAAAA
2551e76a3ce4881b7bc73fdfd89d670d511ea7d4e56156252b51777023202de7	8	2	AAAAADnqxUES0av4d13+BBKxKs+6A/cJNtM1/nf4eHV3Ow06AAAAZAAAAAcAAAACAAAAAAAAAAEAAAAFaGVsbG8AAAAAAAABAAAAAAAAAAEAAAAAYvwdC9CRsrYcDdZWNGsqaNfTR8bywsjubQRHAlb8BfcAAAAAAAAAAACYloAAAAAAAAAAAXc7DToAAABAS2+MaPA79AjD0B7qjl0qEz0N6CkDmoS4kgnXjZfbvdc9IkqNm0S+vKBNgV80pSfixY147L+jvS/ganovqbLiAQ==	JVHnajzkiBt7xz/f2J1nDVEep9TlYVYlK1F3cCMgLecAAAAAAAAAZAAAAAAAAAABAAAAAAAAAAEAAAAAAAAAAA==	AAAAAAAAAAEAAAACAAAAAQAAAAgAAAAAAAAAADnqxUES0av4d13+BBKxKs+6A/cJNtM1/nf4eHV3Ow06AAAAAlLatXAAAAAHAAAABAAAAAAAAAAAAAAAAAAAAAABAAAAAAAAAAAAAAAAAAAAAAAAAQAAAAgAAAAAAAAAAGL8HQvQkbK2HA3WVjRrKmjX00fG8sLI7m0ERwJW/AX3DeC2rKxxf9QAAAAAAAAAAwAAAAAAAAAAAAAAAAAAAAABAAAAAAAAAAAAAAAAAAAA
3b36ecfbcc2adb0cfff08ae86199f64e12984f084bb03be9bb249611df82322b	8	3	AAAAADnqxUES0av4d13+BBKxKs+6A/cJNtM1/nf4eHV3Ow06AAAAZAAAAAcAAAADAAAAAAAAAAMBAQEBAQEBAQEBAQEBAQEBAQEBAQEBAQEBAQEBAQEBAQAAAAEAAAAAAAAAAQAAAABi/B0L0JGythwN1lY0aypo19NHxvLCyO5tBEcCVvwF9wAAAAAAAAAAAJiWgAAAAAAAAAABdzsNOgAAAEDC9hMtMYZ6hbx1iAdXngRcCYQmf8eu4zcB9SLH2998tVYca6QYig5Dsgy2oCMD1J7khIL9jz/VWjcPhvTVvC8L	Ozbs+8wq2wz/8IroYZn2ThKYTwhLsDvpuySWEd+CMisAAAAAAAAAZAAAAAAAAAABAAAAAAAAAAEAAAAAAAAAAA==	AAAAAAAAAAEAAAACAAAAAQAAAAgAAAAAAAAAADnqxUES0av4d13+BBKxKs+6A/cJNtM1/nf4eHV3Ow06AAAAAlJCHvAAAAAHAAAABAAAAAAAAAAAAAAAAAAAAAABAAAAAAAAAAAAAAAAAAAAAAAAAQAAAAgAAAAAAAAAAGL8HQvQkbK2HA3WVjRrKmjX00fG8sLI7m0ERwJW/AX3DeC2rK0KFlQAAAAAAAAAAwAAAAAAAAAAAAAAAAAAAAABAAAAAAAAAAAAAAAAAAAA
a5a9e3ca63e9cc155359c97337bcb14464cca56b230a4d0c7f27582644d16809	16	1	AAAAAGL8HQvQkbK2HA3WVjRrKmjX00fG8sLI7m0ERwJW/AX3AAAAZAAAAAAAAAAIAAAAAAAAAAAAAAABAAAAAAAAAAAAAAAA423/rAYjzzhmLqxgNgLUY5X92ueHg5xGtOuok+g5NQoAAAACVAvkAAAAAAAAAAABVvwF9wAAAEBhFD/bYaTZZJ3VJ9xJqXoW5eeLK0AeFaATBH92cRfx0WUTFqp6rXx47fMBUxkWYq8bAHMfYCS5XXPRg86sAGUK	panjymPpzBVTWclzN7yxRGTMpWsjCk0MfydYJkTRaAkAAAAAAAAAZAAAAAAAAAABAAAAAAAAAAAAAAAAAAAAAA==	AAAAAAAAAAEAAAACAAAAAAAAABAAAAAAAAAAAONt/6wGI884Zi6sYDYC1GOV/drnh4OcRrTrqJPoOTUKAAAAAlQL5AAAAAAQAAAAAAAAAAAAAAAAAAAAAAAAAAABAAAAAAAAAAAAAAAAAAAAAAAAAQAAABAAAAAAAAAAAGL8HQvQkbK2HA3WVjRrKmjX00fG8sLI7m0ERwJW/AX3DeC2oRVS+BgAAAAAAAAACgAAAAAAAAAAAAAAAAAAAAABAAAAAAAAAAAAAAAAAAAA
e14885cb66af5f7f5e991b014eec475c61cc831292cf5526cdd0cda145300837	8	4	AAAAADnqxUES0av4d13+BBKxKs+6A/cJNtM1/nf4eHV3Ow06AAAAZAAAAAcAAAAEAAAAAAAAAAQCAgICAgICAgICAgICAgICAgICAgICAgICAgICAgICAgAAAAEAAAAAAAAAAQAAAABi/B0L0JGythwN1lY0aypo19NHxvLCyO5tBEcCVvwF9wAAAAAAAAAAAJiWgAAAAAAAAAABdzsNOgAAAEBOfq9PQ8EGcpjRWEaqGxvhBjSVuk6K5A2rthLYHnmAXmQ1JjJD3EddjiES3bPZUF5efGQvRjoEKgiB2dU3f2wF	4UiFy2avX39emRsBTuxHXGHMgxKSz1UmzdDNoUUwCDcAAAAAAAAAZAAAAAAAAAABAAAAAAAAAAEAAAAAAAAAAA==	AAAAAAAAAAEAAAACAAAAAQAAAAgAAAAAAAAAADnqxUES0av4d13+BBKxKs+6A/cJNtM1/nf4eHV3Ow06AAAAAlGpiHAAAAAHAAAABAAAAAAAAAAAAAAAAAAAAAABAAAAAAAAAAAAAAAAAAAAAAAAAQAAAAgAAAAAAAAAAGL8HQvQkbK2HA3WVjRrKmjX00fG8sLI7m0ERwJW/AX3DeC2rK2irNQAAAAAAAAAAwAAAAAAAAAAAAAAAAAAAAABAAAAAAAAAAAAAAAAAAAA
66c28c0ccd5a2e47026aacafa2ecd3c501fe5de349ef376c0f8afb893c7bb55d	9	1	AAAAAGL8HQvQkbK2HA3WVjRrKmjX00fG8sLI7m0ERwJW/AX3AAAAZAAAAAAAAAAEAAAAAAAAAAAAAAABAAAAAAAAAAAAAAAADd1O3oAD6ZmsdNe9Y4zdIQW1rTvIfAEYi/0il9kFYl4AAAACVAvkAAAAAAAAAAABVvwF9wAAAEARD6MVWgEASusfhr6JdF9K3Rie2XCRJKl/NoKyJcrd1kGs3ygpp55xu80YlFwgNVErZ/cEAHYOq06CwNfnE2sC	ZsKMDM1aLkcCaqyvouzTxQH+XeNJ7zdsD4r7iTx7tV0AAAAAAAAAZAAAAAAAAAABAAAAAAAAAAAAAAAAAAAAAA==	AAAAAAAAAAEAAAACAAAAAAAAAAkAAAAAAAAAAA3dTt6AA+mZrHTXvWOM3SEFta07yHwBGIv9IpfZBWJeAAAAAlQL5AAAAAAJAAAAAAAAAAAAAAAAAAAAAAAAAAABAAAAAAAAAAAAAAAAAAAAAAAAAQAAAAkAAAAAAAAAAGL8HQvQkbK2HA3WVjRrKmjX00fG8sLI7m0ERwJW/AX3DeC2qlmWyHAAAAAAAAAABAAAAAAAAAAAAAAAAAAAAAABAAAAAAAAAAAAAAAAAAAA
fdb696a797b769176cbaed3a50e4a6a8671119621f65a3f954a3bcf100c7ef0c	10	1	AAAAAA3dTt6AA+mZrHTXvWOM3SEFta07yHwBGIv9IpfZBWJeAAAAyAAAAAkAAAABAAAAAAAAAAAAAAACAAAAAAAAAAEAAAAAYvwdC9CRsrYcDdZWNGsqaNfTR8bywsjubQRHAlb8BfcAAAAAAAAAAAX14QAAAAAAAAAAAQAAAABi/B0L0JGythwN1lY0aypo19NHxvLCyO5tBEcCVvwF9wAAAAAAAAAABfXhAAAAAAAAAAAB2QViXgAAAEAxyl5gvCCDC7l0pq9b/Btd3cOUUcY9Rv0ALxVjul4EVSL1Vygr107GjDo11+YswdmlCuWf7KItU0chlogpns4L	/baWp5e3aRdsuu06UOSmqGcRGWIfZaP5VKO88QDH7wwAAAAAAAAAyAAAAAAAAAACAAAAAAAAAAEAAAAAAAAAAAAAAAEAAAAAAAAAAA==	AAAAAAAAAAIAAAADAAAAAQAAAAoAAAAAAAAAAA3dTt6AA+mZrHTXvWOM3SEFta07yHwBGIv9IpfZBWJeAAAAAk4WAjgAAAAJAAAAAQAAAAAAAAAAAAAAAAAAAAABAAAAAAAAAAAAAAAAAAAAAAAAAwAAAAkAAAAAAAAAAGL8HQvQkbK2HA3WVjRrKmjX00fG8sLI7m0ERwJW/AX3DeC2qlmWyHAAAAAAAAAABAAAAAAAAAAAAAAAAAAAAAABAAAAAAAAAAAAAAAAAAAAAAAAAQAAAAoAAAAAAAAAAGL8HQvQkbK2HA3WVjRrKmjX00fG8sLI7m0ERwJW/AX3DeC2ql+MqXAAAAAAAAAABAAAAAAAAAAAAAAAAAAAAAABAAAAAAAAAAAAAAAAAAAAAAAAAgAAAAEAAAAKAAAAAAAAAAAN3U7egAPpmax0171jjN0hBbWtO8h8ARiL/SKX2QViXgAAAAJIICE4AAAACQAAAAEAAAAAAAAAAAAAAAAAAAAAAQAAAAAAAAAAAAAAAAAAAAAAAAEAAAAKAAAAAAAAAABi/B0L0JGythwN1lY0aypo19NHxvLCyO5tBEcCVvwF9w3gtqplgopwAAAAAAAAAAQAAAAAAAAAAAAAAAAAAAAAAQAAAAAAAAAAAAAAAAAAAA==
67601a2ca212b84092a7d3c521172b67f4b93d72b726a06c540917d2ab83c1a1	11	1	AAAAAGL8HQvQkbK2HA3WVjRrKmjX00fG8sLI7m0ERwJW/AX3AAAAZAAAAAAAAAAFAAAAAAAAAAAAAAABAAAAAAAAAAAAAAAAxVmE0iEp9S70YdkrhAu6dT4jSnPvbUuzitQ4oBcfaDMAAAACVAvkAAAAAAAAAAABVvwF9wAAAEBHLko6/Tbv0v/5CWHkixXnbyoU6qQ6yewZGqPHFSzNxMfud86eYGkN0j4msMCXfLAou7iKOVn0MWyzlpvYRA0B	Z2AaLKISuECSp9PFIRcrZ/S5PXK3JqBsVAkX0quDwaEAAAAAAAAAZAAAAAAAAAABAAAAAAAAAAAAAAAAAAAAAA==	AAAAAAAAAAEAAAACAAAAAAAAAAsAAAAAAAAAAMVZhNIhKfUu9GHZK4QLunU+I0pz721Ls4rUOKAXH2gzAAAAAlQL5AAAAAALAAAAAAAAAAAAAAAAAAAAAAAAAAABAAAAAAAAAAAAAAAAAAAAAAAAAQAAAAsAAAAAAAAAAGL8HQvQkbK2HA3WVjRrKmjX00fG8sLI7m0ERwJW/AX3DeC2qBF2pgwAAAAAAAAABQAAAAAAAAAAAAAAAAAAAAABAAAAAAAAAAAAAAAAAAAA
0e128647b2b93786b6b76e182dcda0173757066f8caf0523d1ba3b47fd6f720d	12	1	AAAAAMVZhNIhKfUu9GHZK4QLunU+I0pz721Ls4rUOKAXH2gzAAAAZAAAAAsAAAABAAAAAAAAAAAAAAABAAAAAAAAAAAAAAAAg/K/Blr9FO/nVEGLdmCzChMYpmcQzxIhFm6NBzxznX0AAAAAHc1lAAAAAAAAAAABFx9oMwAAAEBwY9HQAR2SMPe3JPvmBBtBk2jfog0GFEFYkLNFzQNqvYl7iZitmO5FQmkKlv/NO5ZcaWBqXcHhOQpk0s2XSBQF	DhKGR7K5N4a2t24YLc2gFzdXBm+MrwUj0bo7R/1vcg0AAAAAAAAAZAAAAAAAAAABAAAAAAAAAAAAAAAAAAAAAA==	AAAAAAAAAAEAAAACAAAAAAAAAAwAAAAAAAAAAIPyvwZa/RTv51RBi3ZgswoTGKZnEM8SIRZujQc8c519AAAAAB3NZQAAAAAMAAAAAAAAAAAAAAAAAAAAAAAAAAABAAAAAAAAAAAAAAAAAAAAAAAAAQAAAAwAAAAAAAAAAMVZhNIhKfUu9GHZK4QLunU+I0pz721Ls4rUOKAXH2gzAAAAAjY+fpwAAAALAAAAAQAAAAAAAAAAAAAAAAAAAAABAAAAAAAAAAAAAAAAAAAA
cd8a8e9eb53fd268d1294e228995c27f422d90783c4054e44ab0028fc1da210a	13	1	AAAAAGL8HQvQkbK2HA3WVjRrKmjX00fG8sLI7m0ERwJW/AX3AAAAZAAAAAAAAAAGAAAAAAAAAAAAAAABAAAAAAAAAAAAAAAAji4PQpc6JMWt5AB56WXIEop14Pn7tW6uf6xE+vY7ZNwAAAACVAvkAAAAAAAAAAABVvwF9wAAAEAUtdYWyr64yv/rKPr0/vV4vYyonfsWxpxHsiYLHKJ3bm6k+ypiAByc8t0K+7bzxSLPjmjKKN5Prw7AdenlC7MB	zYqOnrU/0mjRKU4iiZXCf0ItkHg8QFTkSrACj8HaIQoAAAAAAAAAZAAAAAAAAAABAAAAAAAAAAAAAAAAAAAAAA==	AAAAAAAAAAEAAAACAAAAAAAAAA0AAAAAAAAAAI4uD0KXOiTFreQAeellyBKKdeD5+7Vurn+sRPr2O2TcAAAAAlQL5AAAAAANAAAAAAAAAAAAAAAAAAAAAAAAAAABAAAAAAAAAAAAAAAAAAAAAAAAAQAAAA0AAAAAAAAAAGL8HQvQkbK2HA3WVjRrKmjX00fG8sLI7m0ERwJW/AX3DeC2pb1qwUQAAAAAAAAABwAAAAAAAAAAAAAAAAAAAAABAAAAAAAAAAAAAAAAAAAA
bfbd5e9457d717bcf847291a6c24b7cd8db4ff784ecd4592be30d08146c0c264	13	2	AAAAAGL8HQvQkbK2HA3WVjRrKmjX00fG8sLI7m0ERwJW/AX3AAAAZAAAAAAAAAAHAAAAAAAAAAAAAAABAAAAAAAAAAAAAAAAG5M9WO2kexu4dljTd0YSuyEnmDUsxKamzJWiv4FGkoQAAAACVAvkAAAAAAAAAAABVvwF9wAAAEDY1TiMj+qj8+zYb2Vb60h+qWxZtFfSGwb0kvKttSFAHQhGOjIddiVQopx9LDRO6UgPmLLxFvQpIzeGnagh3vQD	v71elFfXF7z4RykabCS3zY20/3hOzUWSvjDQgUbAwmQAAAAAAAAAZAAAAAAAAAABAAAAAAAAAAAAAAAAAAAAAA==	AAAAAAAAAAEAAAACAAAAAAAAAA0AAAAAAAAAABuTPVjtpHsbuHZY03dGErshJ5g1LMSmpsyVor+BRpKEAAAAAlQL5AAAAAANAAAAAAAAAAAAAAAAAAAAAAAAAAABAAAAAAAAAAAAAAAAAAAAAAAAAQAAAA0AAAAAAAAAAGL8HQvQkbK2HA3WVjRrKmjX00fG8sLI7m0ERwJW/AX3DeC2o2le3UQAAAAAAAAABwAAAAAAAAAAAAAAAAAAAAABAAAAAAAAAAAAAAAAAAAA
30880dd42d8e402a30d8a3527b56c1e33e18e87c46e1332ea5cfc1721fd87cfb	14	1	AAAAAI4uD0KXOiTFreQAeellyBKKdeD5+7Vurn+sRPr2O2TcAAAAZAAAAA0AAAABAAAAAAAAAAAAAAABAAAAAAAAAAEAAAAAG5M9WO2kexu4dljTd0YSuyEnmDUsxKamzJWiv4FGkoQAAAAAAAAAAAX14QAAAAAAAAAAAfY7ZNwAAABAieZSSuOZqlwtyjnj5d/S0GUSGiQvy0ipPLynpl4UvO8qc7CDz3vsLROlN2g50qXirydSOdao56hvRhrEfRsGCA==	MIgN1C2OQCow2KNSe1bB4z4Y6HxG4TMupc/Bch/YfPsAAAAAAAAAZAAAAAAAAAABAAAAAAAAAAEAAAAAAAAAAA==	AAAAAAAAAAEAAAACAAAAAQAAAA4AAAAAAAAAABuTPVjtpHsbuHZY03dGErshJ5g1LMSmpsyVor+BRpKEAAAAAloBxJwAAAANAAAAAQAAAAAAAAAAAAAAAAAAAAABAAAAAAAAAAAAAAAAAAAAAAAAAQAAAA4AAAAAAAAAAI4uD0KXOiTFreQAeellyBKKdeD5+7Vurn+sRPr2O2TcAAAAAk4WApwAAAANAAAAAQAAAAAAAAAAAAAAAAAAAAABAAAAAAAAAAAAAAAAAAAA
dbd964fcfdb336a30f21c240fffdaf73d7c75880ed1b99375c62f84e3e592570	14	2	AAAAABuTPVjtpHsbuHZY03dGErshJ5g1LMSmpsyVor+BRpKEAAAAZAAAAA0AAAABAAAAAAAAAAAAAAABAAAAAAAAAAYAAAABVVNEAAAAAACOLg9Clzokxa3kAHnpZcgSinXg+fu1bq5/rET69jtk3H//////////AAAAAAAAAAGBRpKEAAAAQGDAV/5Op2DmFUP84dmyT5G/gxn1WzgdMrkSSU7wfpu39ycq36Sg+gs2ypRjw5hxxeMUj/GVEKipcDGndei38Aw=	29lk/P2zNqMPIcJA//2vc9fHWIDtG5k3XGL4Tj5ZJXAAAAAAAAAAZAAAAAAAAAABAAAAAAAAAAYAAAAAAAAAAA==	AAAAAAAAAAEAAAACAAAAAAAAAA4AAAABAAAAABuTPVjtpHsbuHZY03dGErshJ5g1LMSmpsyVor+BRpKEAAAAAVVTRAAAAAAAji4PQpc6JMWt5AB56WXIEop14Pn7tW6uf6xE+vY7ZNwAAAAAAAAAAH//////////AAAAAQAAAAAAAAAAAAAAAQAAAA4AAAAAAAAAABuTPVjtpHsbuHZY03dGErshJ5g1LMSmpsyVor+BRpKEAAAAAloBxJwAAAANAAAAAQAAAAEAAAAAAAAAAAAAAAABAAAAAAAAAAAAAAAAAAAA
142c988b1f67984f74a1581de9caecf499e60f1e0eed496661aa2c559238764c	15	1	AAAAAI4uD0KXOiTFreQAeellyBKKdeD5+7Vurn+sRPr2O2TcAAAAZAAAAA0AAAACAAAAAAAAAAAAAAABAAAAAAAAAAEAAAAAG5M9WO2kexu4dljTd0YSuyEnmDUsxKamzJWiv4FGkoQAAAABVVNEAAAAAACOLg9Clzokxa3kAHnpZcgSinXg+fu1bq5/rET69jtk3AAAAAAF9eEAAAAAAAAAAAH2O2TcAAAAQJBUx5tWfjAwXxab9U5HOjZvBRv3u95jXbyzuqeZ/kjsyMsU0jO/g03Rf1zgect1hj4hDYGN8mW4oEot0sSTZgw=	FCyYix9nmE90oVgd6crs9JnmDx4O7UlmYaosVZI4dkwAAAAAAAAAZAAAAAAAAAABAAAAAAAAAAEAAAAAAAAAAA==	AAAAAAAAAAEAAAACAAAAAwAAAA4AAAABAAAAABuTPVjtpHsbuHZY03dGErshJ5g1LMSmpsyVor+BRpKEAAAAAVVTRAAAAAAAji4PQpc6JMWt5AB56WXIEop14Pn7tW6uf6xE+vY7ZNwAAAAAAAAAAH//////////AAAAAQAAAAAAAAAAAAAAAQAAAA8AAAABAAAAABuTPVjtpHsbuHZY03dGErshJ5g1LMSmpsyVor+BRpKEAAAAAVVTRAAAAAAAji4PQpc6JMWt5AB56WXIEop14Pn7tW6uf6xE+vY7ZNwAAAAABfXhAH//////////AAAAAQAAAAAAAAAA
6a056189b45760c607e331c90c5a8b4cd720961df8bc8cecfd4aa388b577a6cb	16	2	AAAAAGL8HQvQkbK2HA3WVjRrKmjX00fG8sLI7m0ERwJW/AX3AAAAZAAAAAAAAAAJAAAAAAAAAAAAAAABAAAAAAAAAAAAAAAABAjoBMEUiZNLUjsWXL1iK59D90Li4w56076b8HKxZfIAAAACVAvkAAAAAAAAAAABVvwF9wAAAEAxC5cl7tkjQI0cfFZTiIFDuo0SwyYnNqTUH2hxDBtm7h/vUkBG3cgwGXS87ninVkhmvdIpTWfeIeGiw7kgefUA	agVhibRXYMYH4zHJDFqLTNcglh34vIzs/UqjiLV3pssAAAAAAAAAZAAAAAAAAAABAAAAAAAAAAAAAAAAAAAAAA==	AAAAAAAAAAEAAAACAAAAAAAAABAAAAAAAAAAAAQI6ATBFImTS1I7Fly9YiufQ/dC4uMOetO+m/BysWXyAAAAAlQL5AAAAAAQAAAAAAAAAAAAAAAAAAAAAAAAAAABAAAAAAAAAAAAAAAAAAAAAAAAAQAAABAAAAAAAAAAAGL8HQvQkbK2HA3WVjRrKmjX00fG8sLI7m0ERwJW/AX3DeC2nsFHFBgAAAAAAAAACgAAAAAAAAAAAAAAAAAAAAABAAAAAAAAAAAAAAAAAAAA
18bf6cce20cfbb0f9079c4b8783718949d13bd12d173a60363d2b8e3a07efead	16	3	AAAAAGL8HQvQkbK2HA3WVjRrKmjX00fG8sLI7m0ERwJW/AX3AAAAZAAAAAAAAAAKAAAAAAAAAAAAAAABAAAAAAAAAAAAAAAALsLzczZPbcG7iR1Aap19uhmCNzGwnaUFPbeJ+hFUV7EAAAACVAvkAAAAAAAAAAABVvwF9wAAAEC/RVto6ytAqHpd6ZFWjwXQyXopKORz8QSvz0d8RoPrOEBgNEuAj8+kbyhS7QieOqwbiJrS0AU8YWaBQQ4zc+wL	GL9sziDPuw+QecS4eDcYlJ0TvRLRc6YDY9K446B+/q0AAAAAAAAAZAAAAAAAAAABAAAAAAAAAAAAAAAAAAAAAA==	AAAAAAAAAAEAAAACAAAAAAAAABAAAAAAAAAAAC7C83M2T23Bu4kdQGqdfboZgjcxsJ2lBT23ifoRVFexAAAAAlQL5AAAAAAQAAAAAAAAAAAAAAAAAAAAAAAAAAABAAAAAAAAAAAAAAAAAAAAAAAAAQAAABAAAAAAAAAAAGL8HQvQkbK2HA3WVjRrKmjX00fG8sLI7m0ERwJW/AX3DeC2nG07MBgAAAAAAAAACgAAAAAAAAAAAAAAAAAAAAABAAAAAAAAAAAAAAAAAAAA
d1f593eb5e14f97027bc79821fa46628c107034fba9a5acef6a9da79e051ee73	17	1	AAAAAAQI6ATBFImTS1I7Fly9YiufQ/dC4uMOetO+m/BysWXyAAAAZAAAABAAAAABAAAAAAAAAAAAAAABAAAAAAAAAAYAAAABRVVSAAAAAAAuwvNzNk9twbuJHUBqnX26GYI3MbCdpQU9t4n6EVRXsX//////////AAAAAAAAAAFysWXyAAAAQI7hbwZc1+KWfheVnYAq5TXFX9ancHJmJq0wV0c9ONIfG6U8trhIVeVoiED2eUFFmhx+bBtF9TPSvifF/mfDlQk=	0fWT614U+XAnvHmCH6RmKMEHA0+6mlrO9qnaeeBR7nMAAAAAAAAAZAAAAAAAAAABAAAAAAAAAAYAAAAAAAAAAA==	AAAAAAAAAAEAAAACAAAAAAAAABEAAAABAAAAAAQI6ATBFImTS1I7Fly9YiufQ/dC4uMOetO+m/BysWXyAAAAAUVVUgAAAAAALsLzczZPbcG7iR1Aap19uhmCNzGwnaUFPbeJ+hFUV7EAAAAAAAAAAH//////////AAAAAQAAAAAAAAAAAAAAAQAAABEAAAAAAAAAAAQI6ATBFImTS1I7Fly9YiufQ/dC4uMOetO+m/BysWXyAAAAAlQL45wAAAAQAAAAAQAAAAEAAAAAAAAAAAAAAAABAAAAAAAAAAAAAAAAAAAA
cdef45dd961d59375351ea7dd7ef6414ff49371a335723e84dafacea1e13665a	17	2	AAAAAONt/6wGI884Zi6sYDYC1GOV/drnh4OcRrTrqJPoOTUKAAAAZAAAABAAAAABAAAAAAAAAAAAAAABAAAAAAAAAAYAAAABVVNEAAAAAAAuwvNzNk9twbuJHUBqnX26GYI3MbCdpQU9t4n6EVRXsX//////////AAAAAAAAAAHoOTUKAAAAQIjLqcYXE8EAsH6Dx2hwPjiEfHGZ4jsMNZZc7PynNiJi9kFXjfvvLDlWizGAr2B9MFDrfDRDvjnBxKKhJifEcQM=	ze9F3ZYdWTdTUep91+9kFP9JNxozVyPoTa+s6h4TZloAAAAAAAAAZAAAAAAAAAABAAAAAAAAAAYAAAAAAAAAAA==	AAAAAAAAAAEAAAACAAAAAAAAABEAAAABAAAAAONt/6wGI884Zi6sYDYC1GOV/drnh4OcRrTrqJPoOTUKAAAAAVVTRAAAAAAALsLzczZPbcG7iR1Aap19uhmCNzGwnaUFPbeJ+hFUV7EAAAAAAAAAAH//////////AAAAAQAAAAAAAAAAAAAAAQAAABEAAAAAAAAAAONt/6wGI884Zi6sYDYC1GOV/drnh4OcRrTrqJPoOTUKAAAAAlQL45wAAAAQAAAAAQAAAAEAAAAAAAAAAAAAAAABAAAAAAAAAAAAAAAAAAAA
902b90c2322b9e6b335e7543389a7446b86e3039ebf59ec66dffb50eaec0dc85	18	1	AAAAAC7C83M2T23Bu4kdQGqdfboZgjcxsJ2lBT23ifoRVFexAAAAZAAAABAAAAABAAAAAAAAAAAAAAABAAAAAAAAAAEAAAAA423/rAYjzzhmLqxgNgLUY5X92ueHg5xGtOuok+g5NQoAAAABVVNEAAAAAAAuwvNzNk9twbuJHUBqnX26GYI3MbCdpQU9t4n6EVRXsQAAAAA7msoAAAAAAAAAAAERVFexAAAAQC9X2I3Zz1x3AQMqL4XCzePTlwnokv2BQnWGmT007oH59gai3eNu7/WVoHtW8hsgHjs1mZK709FzzRF2cbD2tQE=	kCuQwjIrnmszXnVDOJp0RrhuMDnr9Z7Gbf+1Dq7A3IUAAAAAAAAAZAAAAAAAAAABAAAAAAAAAAEAAAAAAAAAAA==	AAAAAAAAAAEAAAACAAAAAwAAABEAAAABAAAAAONt/6wGI884Zi6sYDYC1GOV/drnh4OcRrTrqJPoOTUKAAAAAVVTRAAAAAAALsLzczZPbcG7iR1Aap19uhmCNzGwnaUFPbeJ+hFUV7EAAAAAAAAAAH//////////AAAAAQAAAAAAAAAAAAAAAQAAABIAAAABAAAAAONt/6wGI884Zi6sYDYC1GOV/drnh4OcRrTrqJPoOTUKAAAAAVVTRAAAAAAALsLzczZPbcG7iR1Aap19uhmCNzGwnaUFPbeJ+hFUV7EAAAAAO5rKAH//////////AAAAAQAAAAAAAAAA
ca756d1519ceda79f8722042b12cea7ba004c3bd961adb62b59f88a867f86eb3	18	2	AAAAAC7C83M2T23Bu4kdQGqdfboZgjcxsJ2lBT23ifoRVFexAAAAZAAAABAAAAACAAAAAAAAAAAAAAABAAAAAAAAAAMAAAAAAAAAAVVTRAAAAAAALsLzczZPbcG7iR1Aap19uhmCNzGwnaUFPbeJ+hFUV7EAAAAA7msoAAAAAAEAAAACAAAAAAAAAAAAAAAAAAAAARFUV7EAAABALuai5QxceFbtAiC5nkntNVnvSPeWR+C+FgplPAdRgRS+PPESpUiSCyuiwuhmvuDw7kwxn+A6E0M4ca1s2qzMAg==	ynVtFRnO2nn4ciBCsSzqe6AEw72WGttitZ+IqGf4brMAAAAAAAAAZAAAAAAAAAABAAAAAAAAAAMAAAAAAAAAAAAAAAAAAAAALsLzczZPbcG7iR1Aap19uhmCNzGwnaUFPbeJ+hFUV7EAAAAAAAAAAQAAAAAAAAABVVNEAAAAAAAuwvNzNk9twbuJHUBqnX26GYI3MbCdpQU9t4n6EVRXsQAAAADuaygAAAAAAQAAAAIAAAAAAAAAAAAAAAA=	AAAAAAAAAAEAAAACAAAAAAAAABIAAAACAAAAAC7C83M2T23Bu4kdQGqdfboZgjcxsJ2lBT23ifoRVFexAAAAAAAAAAEAAAAAAAAAAVVTRAAAAAAALsLzczZPbcG7iR1Aap19uhmCNzGwnaUFPbeJ+hFUV7EAAAAA7msoAAAAAAEAAAACAAAAAAAAAAAAAAAAAAAAAQAAABIAAAAAAAAAAC7C83M2T23Bu4kdQGqdfboZgjcxsJ2lBT23ifoRVFexAAAAAlQL4tQAAAAQAAAAAwAAAAEAAAAAAAAAAAAAAAABAAAAAAAAAAAAAAAAAAAA
37bb79f6959c0e8e9b3d31f6c9308d8d084d9c6742cfa56ca094cfa6eae99423	18	3	AAAAAC7C83M2T23Bu4kdQGqdfboZgjcxsJ2lBT23ifoRVFexAAAAZAAAABAAAAADAAAAAAAAAAAAAAABAAAAAAAAAAMAAAABRVVSAAAAAAAuwvNzNk9twbuJHUBqnX26GYI3MbCdpQU9t4n6EVRXsQAAAAAAAAAAstBeAAAAAAEAAAABAAAAAAAAAAAAAAAAAAAAARFUV7EAAABArzp9Fxxql+yoysglDjXm9+rsJeNX2GsSa7TOy3AzHOu4Y5Z8ICx52Q885gQGQWMtEP0w6yh83d6+o6kjC/WuAg==	N7t59pWcDo6bPTH2yTCNjQhNnGdCz6VsoJTPpurplCMAAAAAAAAAZAAAAAAAAAABAAAAAAAAAAMAAAAAAAAAAAAAAAAAAAAALsLzczZPbcG7iR1Aap19uhmCNzGwnaUFPbeJ+hFUV7EAAAAAAAAAAgAAAAFFVVIAAAAAAC7C83M2T23Bu4kdQGqdfboZgjcxsJ2lBT23ifoRVFexAAAAAAAAAACy0F4AAAAAAQAAAAEAAAAAAAAAAAAAAAA=	AAAAAAAAAAEAAAACAAAAAAAAABIAAAACAAAAAC7C83M2T23Bu4kdQGqdfboZgjcxsJ2lBT23ifoRVFexAAAAAAAAAAIAAAABRVVSAAAAAAAuwvNzNk9twbuJHUBqnX26GYI3MbCdpQU9t4n6EVRXsQAAAAAAAAAAstBeAAAAAAEAAAABAAAAAAAAAAAAAAAAAAAAAQAAABIAAAAAAAAAAC7C83M2T23Bu4kdQGqdfboZgjcxsJ2lBT23ifoRVFexAAAAAlQL4tQAAAAQAAAAAwAAAAIAAAAAAAAAAAAAAAABAAAAAAAAAAAAAAAAAAAA
198844c8b472daacc5b717695a4ca16ac799a13fb2cf4152d19e2117ae1c56c3	19	1	AAAAAONt/6wGI884Zi6sYDYC1GOV/drnh4OcRrTrqJPoOTUKAAAAZAAAABAAAAACAAAAAAAAAAAAAAABAAAAAAAAAAIAAAABVVNEAAAAAAAuwvNzNk9twbuJHUBqnX26GYI3MbCdpQU9t4n6EVRXsQAAAAA7msoAAAAAAAQI6ATBFImTS1I7Fly9YiufQ/dC4uMOetO+m/BysWXyAAAAAUVVUgAAAAAALsLzczZPbcG7iR1Aap19uhmCNzGwnaUFPbeJ+hFUV7EAAAAAdzWUAAAAAAEAAAAAAAAAAAAAAAHoOTUKAAAAQMs9vNZ518oYUMp38TakovW//DDTbs/9oPj1RAix5ElC/d7gbWaaNNJxKQR7eMNO6rB+ntGqee4WurTJgA4k2ws=	GYhEyLRy2qzFtxdpWkyhaseZoT+yz0FS0Z4hF64cVsMAAAAAAAAAZAAAAAAAAAABAAAAAAAAAAIAAAAAAAAAAgAAAAAuwvNzNk9twbuJHUBqnX26GYI3MbCdpQU9t4n6EVRXsQAAAAAAAAABAAAAAAAAAAB3NZQAAAAAAVVTRAAAAAAALsLzczZPbcG7iR1Aap19uhmCNzGwnaUFPbeJ+hFUV7EAAAAAO5rKAAAAAAAuwvNzNk9twbuJHUBqnX26GYI3MbCdpQU9t4n6EVRXsQAAAAAAAAACAAAAAUVVUgAAAAAALsLzczZPbcG7iR1Aap19uhmCNzGwnaUFPbeJ+hFUV7EAAAAAdzWUAAAAAAAAAAAAdzWUAAAAAAAECOgEwRSJk0tSOxZcvWIrn0P3QuLjDnrTvpvwcrFl8gAAAAFFVVIAAAAAAC7C83M2T23Bu4kdQGqdfboZgjcxsJ2lBT23ifoRVFexAAAAAHc1lAAAAAAA	AAAAAAAAAAEAAAAKAAAAAwAAABIAAAAAAAAAAC7C83M2T23Bu4kdQGqdfboZgjcxsJ2lBT23ifoRVFexAAAAAlQL4tQAAAAQAAAAAwAAAAIAAAAAAAAAAAAAAAABAAAAAAAAAAAAAAAAAAAAAAAAAQAAABMAAAAAAAAAAC7C83M2T23Bu4kdQGqdfboZgjcxsJ2lBT23ifoRVFexAAAAAlQL4tQAAAAQAAAAAwAAAAIAAAAAAAAAAAAAAAABAAAAAAAAAAAAAAAAAAAAAAAAAwAAABEAAAABAAAAAAQI6ATBFImTS1I7Fly9YiufQ/dC4uMOetO+m/BysWXyAAAAAUVVUgAAAAAALsLzczZPbcG7iR1Aap19uhmCNzGwnaUFPbeJ+hFUV7EAAAAAAAAAAH//////////AAAAAQAAAAAAAAAAAAAAAQAAABMAAAABAAAAAAQI6ATBFImTS1I7Fly9YiufQ/dC4uMOetO+m/BysWXyAAAAAUVVUgAAAAAALsLzczZPbcG7iR1Aap19uhmCNzGwnaUFPbeJ+hFUV7EAAAAAdzWUAH//////////AAAAAQAAAAAAAAAAAAAAAwAAABIAAAABAAAAAONt/6wGI884Zi6sYDYC1GOV/drnh4OcRrTrqJPoOTUKAAAAAVVTRAAAAAAALsLzczZPbcG7iR1Aap19uhmCNzGwnaUFPbeJ+hFUV7EAAAAAO5rKAH//////////AAAAAQAAAAAAAAAAAAAAAQAAABMAAAABAAAAAONt/6wGI884Zi6sYDYC1GOV/drnh4OcRrTrqJPoOTUKAAAAAVVTRAAAAAAALsLzczZPbcG7iR1Aap19uhmCNzGwnaUFPbeJ+hFUV7EAAAAAAAAAAH//////////AAAAAQAAAAAAAAAAAAAAAwAAABIAAAACAAAAAC7C83M2T23Bu4kdQGqdfboZgjcxsJ2lBT23ifoRVFexAAAAAAAAAAEAAAAAAAAAAVVTRAAAAAAALsLzczZPbcG7iR1Aap19uhmCNzGwnaUFPbeJ+hFUV7EAAAAA7msoAAAAAAEAAAACAAAAAAAAAAAAAAAAAAAAAQAAABMAAAACAAAAAC7C83M2T23Bu4kdQGqdfboZgjcxsJ2lBT23ifoRVFexAAAAAAAAAAEAAAAAAAAAAVVTRAAAAAAALsLzczZPbcG7iR1Aap19uhmCNzGwnaUFPbeJ+hFUV7EAAAAAdzWUAAAAAAEAAAACAAAAAAAAAAAAAAAAAAAAAwAAABIAAAACAAAAAC7C83M2T23Bu4kdQGqdfboZgjcxsJ2lBT23ifoRVFexAAAAAAAAAAIAAAABRVVSAAAAAAAuwvNzNk9twbuJHUBqnX26GYI3MbCdpQU9t4n6EVRXsQAAAAAAAAAAstBeAAAAAAEAAAABAAAAAAAAAAAAAAAAAAAAAQAAABMAAAACAAAAAC7C83M2T23Bu4kdQGqdfboZgjcxsJ2lBT23ifoRVFexAAAAAAAAAAIAAAABRVVSAAAAAAAuwvNzNk9twbuJHUBqnX26GYI3MbCdpQU9t4n6EVRXsQAAAAAAAAAAO5rKAAAAAAEAAAABAAAAAAAAAAAAAAAA
f08dc1fec150f276562866ce4f5272f658cf0bd9fd8c1d96a22c196be2e1b25a	20	1	AAAAAONt/6wGI884Zi6sYDYC1GOV/drnh4OcRrTrqJPoOTUKAAAAZAAAABAAAAADAAAAAAAAAAAAAAABAAAAAAAAAAIAAAAAAAAAADuaygAAAAAABAjoBMEUiZNLUjsWXL1iK59D90Li4w56076b8HKxZfIAAAABRVVSAAAAAAAuwvNzNk9twbuJHUBqnX26GYI3MbCdpQU9t4n6EVRXsQAAAAA7msoAAAAAAAAAAAAAAAAB6Dk1CgAAAEB+7jxesBKKrF343onyycjp2tiQLZiGH2ETl+9fuOqotveY2rIgvt9ng+QJ2aDP3+PnDsYEa9ZUaA+Zne2nIGgE	8I3B/sFQ8nZWKGbOT1Jy9ljPC9n9jB2WoiwZa+LhsloAAAAAAAAAZAAAAAAAAAABAAAAAAAAAAIAAAAAAAAAAQAAAAAuwvNzNk9twbuJHUBqnX26GYI3MbCdpQU9t4n6EVRXsQAAAAAAAAACAAAAAUVVUgAAAAAALsLzczZPbcG7iR1Aap19uhmCNzGwnaUFPbeJ+hFUV7EAAAAAO5rKAAAAAAAAAAAAO5rKAAAAAAAECOgEwRSJk0tSOxZcvWIrn0P3QuLjDnrTvpvwcrFl8gAAAAFFVVIAAAAAAC7C83M2T23Bu4kdQGqdfboZgjcxsJ2lBT23ifoRVFexAAAAADuaygAAAAAA	AAAAAAAAAAEAAAAHAAAAAwAAABMAAAAAAAAAAC7C83M2T23Bu4kdQGqdfboZgjcxsJ2lBT23ifoRVFexAAAAAlQL4tQAAAAQAAAAAwAAAAIAAAAAAAAAAAAAAAABAAAAAAAAAAAAAAAAAAAAAAAAAQAAABQAAAAAAAAAAC7C83M2T23Bu4kdQGqdfboZgjcxsJ2lBT23ifoRVFexAAAAAo+mrNQAAAAQAAAAAwAAAAEAAAAAAAAAAAAAAAABAAAAAAAAAAAAAAAAAAAAAAAAAQAAABQAAAAAAAAAAONt/6wGI884Zi6sYDYC1GOV/drnh4OcRrTrqJPoOTUKAAAAAhhxGNQAAAAQAAAAAwAAAAEAAAAAAAAAAAAAAAABAAAAAAAAAAAAAAAAAAAAAAAAAwAAABMAAAABAAAAAAQI6ATBFImTS1I7Fly9YiufQ/dC4uMOetO+m/BysWXyAAAAAUVVUgAAAAAALsLzczZPbcG7iR1Aap19uhmCNzGwnaUFPbeJ+hFUV7EAAAAAdzWUAH//////////AAAAAQAAAAAAAAAAAAAAAQAAABQAAAABAAAAAAQI6ATBFImTS1I7Fly9YiufQ/dC4uMOetO+m/BysWXyAAAAAUVVUgAAAAAALsLzczZPbcG7iR1Aap19uhmCNzGwnaUFPbeJ+hFUV7EAAAAAstBeAH//////////AAAAAQAAAAAAAAAAAAAAAwAAABMAAAACAAAAAC7C83M2T23Bu4kdQGqdfboZgjcxsJ2lBT23ifoRVFexAAAAAAAAAAIAAAABRVVSAAAAAAAuwvNzNk9twbuJHUBqnX26GYI3MbCdpQU9t4n6EVRXsQAAAAAAAAAAO5rKAAAAAAEAAAABAAAAAAAAAAAAAAAAAAAAAgAAAAIAAAAALsLzczZPbcG7iR1Aap19uhmCNzGwnaUFPbeJ+hFUV7EAAAAAAAAAAg==
\.


--
-- Name: accountdata_pkey; Type: CONSTRAINT; Schema: public; Owner: -; Tablespace: 
--

ALTER TABLE ONLY accountdata
    ADD CONSTRAINT accountdata_pkey PRIMARY KEY (accountid, dataname);


--
-- Name: accounts_pkey; Type: CONSTRAINT; Schema: public; Owner: -; Tablespace: 
--

ALTER TABLE ONLY accounts
    ADD CONSTRAINT accounts_pkey PRIMARY KEY (accountid);


--
-- Name: ledgerheaders_ledgerseq_key; Type: CONSTRAINT; Schema: public; Owner: -; Tablespace: 
--

ALTER TABLE ONLY ledgerheaders
    ADD CONSTRAINT ledgerheaders_ledgerseq_key UNIQUE (ledgerseq);


--
-- Name: ledgerheaders_pkey; Type: CONSTRAINT; Schema: public; Owner: -; Tablespace: 
--

ALTER TABLE ONLY ledgerheaders
    ADD CONSTRAINT ledgerheaders_pkey PRIMARY KEY (ledgerhash);


--
-- Name: offers_pkey; Type: CONSTRAINT; Schema: public; Owner: -; Tablespace: 
--

ALTER TABLE ONLY offers
    ADD CONSTRAINT offers_pkey PRIMARY KEY (offerid);


--
-- Name: peers_pkey; Type: CONSTRAINT; Schema: public; Owner: -; Tablespace: 
--

ALTER TABLE ONLY peers
    ADD CONSTRAINT peers_pkey PRIMARY KEY (ip, port);


--
-- Name: publishqueue_pkey; Type: CONSTRAINT; Schema: public; Owner: -; Tablespace: 
--

ALTER TABLE ONLY publishqueue
    ADD CONSTRAINT publishqueue_pkey PRIMARY KEY (ledger);


--
-- Name: pubsub_pkey; Type: CONSTRAINT; Schema: public; Owner: -; Tablespace: 
--

ALTER TABLE ONLY pubsub
    ADD CONSTRAINT pubsub_pkey PRIMARY KEY (resid);


--
-- Name: scpquorums_pkey; Type: CONSTRAINT; Schema: public; Owner: -; Tablespace: 
--

ALTER TABLE ONLY scpquorums
    ADD CONSTRAINT scpquorums_pkey PRIMARY KEY (qsethash);


--
-- Name: signers_pkey; Type: CONSTRAINT; Schema: public; Owner: -; Tablespace: 
--

ALTER TABLE ONLY signers
    ADD CONSTRAINT signers_pkey PRIMARY KEY (accountid, publickey);


--
-- Name: storestate_pkey; Type: CONSTRAINT; Schema: public; Owner: -; Tablespace: 
--

ALTER TABLE ONLY storestate
    ADD CONSTRAINT storestate_pkey PRIMARY KEY (statename);


--
-- Name: trustlines_pkey; Type: CONSTRAINT; Schema: public; Owner: -; Tablespace: 
--

ALTER TABLE ONLY trustlines
    ADD CONSTRAINT trustlines_pkey PRIMARY KEY (accountid, issuer, assetcode);


--
-- Name: txfeehistory_pkey; Type: CONSTRAINT; Schema: public; Owner: -; Tablespace: 
--

ALTER TABLE ONLY txfeehistory
    ADD CONSTRAINT txfeehistory_pkey PRIMARY KEY (ledgerseq, txindex);


--
-- Name: txhistory_pkey; Type: CONSTRAINT; Schema: public; Owner: -; Tablespace: 
--

ALTER TABLE ONLY txhistory
    ADD CONSTRAINT txhistory_pkey PRIMARY KEY (ledgerseq, txindex);


--
-- Name: accountbalances; Type: INDEX; Schema: public; Owner: -; Tablespace: 
--

CREATE INDEX accountbalances ON accounts USING btree (balance) WHERE (balance >= 1000000000);


--
-- Name: buyingissuerindex; Type: INDEX; Schema: public; Owner: -; Tablespace: 
--

CREATE INDEX buyingissuerindex ON offers USING btree (buyingissuer);


--
-- Name: histbyseq; Type: INDEX; Schema: public; Owner: -; Tablespace: 
--

CREATE INDEX histbyseq ON txhistory USING btree (ledgerseq);


--
-- Name: histfeebyseq; Type: INDEX; Schema: public; Owner: -; Tablespace: 
--

CREATE INDEX histfeebyseq ON txfeehistory USING btree (ledgerseq);


--
-- Name: ledgersbyseq; Type: INDEX; Schema: public; Owner: -; Tablespace: 
--

CREATE INDEX ledgersbyseq ON ledgerheaders USING btree (ledgerseq);


--
-- Name: priceindex; Type: INDEX; Schema: public; Owner: -; Tablespace: 
--

CREATE INDEX priceindex ON offers USING btree (price);


--
-- Name: scpenvsbyseq; Type: INDEX; Schema: public; Owner: -; Tablespace: 
--

CREATE INDEX scpenvsbyseq ON scphistory USING btree (ledgerseq);


--
-- Name: sellingissuerindex; Type: INDEX; Schema: public; Owner: -; Tablespace: 
--

CREATE INDEX sellingissuerindex ON offers USING btree (sellingissuer);


--
-- Name: signersaccount; Type: INDEX; Schema: public; Owner: -; Tablespace: 
--

CREATE INDEX signersaccount ON signers USING btree (accountid);


--
-- PostgreSQL database dump complete
--

