--
-- PostgreSQL database dump
--

SET statement_timeout = 0;
SET lock_timeout = 0;
SET client_encoding = 'UTF8';
SET standard_conforming_strings = on;
SET check_function_bodies = false;
SET client_min_messages = warning;

SET search_path = public, pg_catalog;

DROP INDEX public.signersaccount;
DROP INDEX public.sellingissuerindex;
DROP INDEX public.scpenvsbyseq;
DROP INDEX public.priceindex;
DROP INDEX public.ledgersbyseq;
DROP INDEX public.histfeebyseq;
DROP INDEX public.histbyseq;
DROP INDEX public.buyingissuerindex;
DROP INDEX public.accountbalances;
ALTER TABLE ONLY public.txhistory DROP CONSTRAINT txhistory_pkey;
ALTER TABLE ONLY public.txfeehistory DROP CONSTRAINT txfeehistory_pkey;
ALTER TABLE ONLY public.trustlines DROP CONSTRAINT trustlines_pkey;
ALTER TABLE ONLY public.storestate DROP CONSTRAINT storestate_pkey;
ALTER TABLE ONLY public.signers DROP CONSTRAINT signers_pkey;
ALTER TABLE ONLY public.scpquorums DROP CONSTRAINT scpquorums_pkey;
ALTER TABLE ONLY public.pubsub DROP CONSTRAINT pubsub_pkey;
ALTER TABLE ONLY public.publishqueue DROP CONSTRAINT publishqueue_pkey;
ALTER TABLE ONLY public.peers DROP CONSTRAINT peers_pkey;
ALTER TABLE ONLY public.offers DROP CONSTRAINT offers_pkey;
ALTER TABLE ONLY public.ledgerheaders DROP CONSTRAINT ledgerheaders_pkey;
ALTER TABLE ONLY public.ledgerheaders DROP CONSTRAINT ledgerheaders_ledgerseq_key;
ALTER TABLE ONLY public.accounts DROP CONSTRAINT accounts_pkey;
ALTER TABLE ONLY public.accountdata DROP CONSTRAINT accountdata_pkey;
DROP TABLE public.txhistory;
DROP TABLE public.txfeehistory;
DROP TABLE public.trustlines;
DROP TABLE public.storestate;
DROP TABLE public.signers;
DROP TABLE public.scpquorums;
DROP TABLE public.scphistory;
DROP TABLE public.pubsub;
DROP TABLE public.publishqueue;
DROP TABLE public.peers;
DROP TABLE public.offers;
DROP TABLE public.ledgerheaders;
DROP TABLE public.accounts;
DROP TABLE public.accountdata;
DROP EXTENSION plpgsql;
DROP SCHEMA public;
--
-- Name: public; Type: SCHEMA; Schema: -; Owner: -
--

CREATE SCHEMA public;


--
-- Name: SCHEMA public; Type: COMMENT; Schema: -; Owner: -
--

COMMENT ON SCHEMA public IS 'standard public schema';


--
-- Name: plpgsql; Type: EXTENSION; Schema: -; Owner: -
--

CREATE EXTENSION IF NOT EXISTS plpgsql WITH SCHEMA pg_catalog;


--
-- Name: EXTENSION plpgsql; Type: COMMENT; Schema: -; Owner: -
--

COMMENT ON EXTENSION plpgsql IS 'PL/pgSQL procedural language';


SET search_path = public, pg_catalog;

SET default_tablespace = '';

SET default_with_oids = false;

--
-- Name: accountdata; Type: TABLE; Schema: public; Owner: -; Tablespace: 
--

CREATE TABLE accountdata (
    accountid character varying(56) NOT NULL,
    dataname character varying(64) NOT NULL,
    datavalue character varying(112) NOT NULL
);


--
-- Name: accounts; Type: TABLE; Schema: public; Owner: -; Tablespace: 
--

CREATE TABLE accounts (
    accountid character varying(56) NOT NULL,
    balance bigint NOT NULL,
    seqnum bigint NOT NULL,
    numsubentries integer NOT NULL,
    inflationdest character varying(56),
    homedomain character varying(32) NOT NULL,
    thresholds text NOT NULL,
    flags integer NOT NULL,
    lastmodified integer NOT NULL,
    CONSTRAINT accounts_balance_check CHECK ((balance >= 0)),
    CONSTRAINT accounts_numsubentries_check CHECK ((numsubentries >= 0))
);


--
-- Name: ledgerheaders; Type: TABLE; Schema: public; Owner: -; Tablespace: 
--

CREATE TABLE ledgerheaders (
    ledgerhash character(64) NOT NULL,
    prevhash character(64) NOT NULL,
    bucketlisthash character(64) NOT NULL,
    ledgerseq integer,
    closetime bigint NOT NULL,
    data text NOT NULL,
    CONSTRAINT ledgerheaders_closetime_check CHECK ((closetime >= 0)),
    CONSTRAINT ledgerheaders_ledgerseq_check CHECK ((ledgerseq >= 0))
);


--
-- Name: offers; Type: TABLE; Schema: public; Owner: -; Tablespace: 
--

CREATE TABLE offers (
    sellerid character varying(56) NOT NULL,
    offerid bigint NOT NULL,
    sellingassettype integer NOT NULL,
    sellingassetcode character varying(12),
    sellingissuer character varying(56),
    buyingassettype integer NOT NULL,
    buyingassetcode character varying(12),
    buyingissuer character varying(56),
    amount bigint NOT NULL,
    pricen integer NOT NULL,
    priced integer NOT NULL,
    price double precision NOT NULL,
    flags integer NOT NULL,
    lastmodified integer NOT NULL,
    CONSTRAINT offers_amount_check CHECK ((amount >= 0)),
    CONSTRAINT offers_offerid_check CHECK ((offerid >= 0))
);


--
-- Name: peers; Type: TABLE; Schema: public; Owner: -; Tablespace: 
--

CREATE TABLE peers (
    ip character varying(15) NOT NULL,
    port integer DEFAULT 0 NOT NULL,
    nextattempt timestamp without time zone NOT NULL,
    numfailures integer DEFAULT 0 NOT NULL,
    CONSTRAINT peers_numfailures_check CHECK ((numfailures >= 0)),
    CONSTRAINT peers_port_check CHECK (((port > 0) AND (port <= 65535)))
);


--
-- Name: publishqueue; Type: TABLE; Schema: public; Owner: -; Tablespace: 
--

CREATE TABLE publishqueue (
    ledger integer NOT NULL,
    state text
);


--
-- Name: pubsub; Type: TABLE; Schema: public; Owner: -; Tablespace: 
--

CREATE TABLE pubsub (
    resid character(32) NOT NULL,
    lastread integer
);


--
-- Name: scphistory; Type: TABLE; Schema: public; Owner: -; Tablespace: 
--

CREATE TABLE scphistory (
    nodeid character(56) NOT NULL,
    ledgerseq integer NOT NULL,
    envelope text NOT NULL,
    CONSTRAINT scphistory_ledgerseq_check CHECK ((ledgerseq >= 0))
);


--
-- Name: scpquorums; Type: TABLE; Schema: public; Owner: -; Tablespace: 
--

CREATE TABLE scpquorums (
    qsethash character(64) NOT NULL,
    lastledgerseq integer NOT NULL,
    qset text NOT NULL,
    CONSTRAINT scpquorums_lastledgerseq_check CHECK ((lastledgerseq >= 0))
);


--
-- Name: signers; Type: TABLE; Schema: public; Owner: -; Tablespace: 
--

CREATE TABLE signers (
    accountid character varying(56) NOT NULL,
    publickey character varying(56) NOT NULL,
    weight integer NOT NULL
);


--
-- Name: storestate; Type: TABLE; Schema: public; Owner: -; Tablespace: 
--

CREATE TABLE storestate (
    statename character(32) NOT NULL,
    state text
);


--
-- Name: trustlines; Type: TABLE; Schema: public; Owner: -; Tablespace: 
--

CREATE TABLE trustlines (
    accountid character varying(56) NOT NULL,
    assettype integer NOT NULL,
    issuer character varying(56) NOT NULL,
    assetcode character varying(12) NOT NULL,
    tlimit bigint NOT NULL,
    balance bigint NOT NULL,
    flags integer NOT NULL,
    lastmodified integer NOT NULL,
    CONSTRAINT trustlines_balance_check CHECK ((balance >= 0)),
    CONSTRAINT trustlines_tlimit_check CHECK ((tlimit > 0))
);


--
-- Name: txfeehistory; Type: TABLE; Schema: public; Owner: -; Tablespace: 
--

CREATE TABLE txfeehistory (
    txid character(64) NOT NULL,
    ledgerseq integer NOT NULL,
    txindex integer NOT NULL,
    txchanges text NOT NULL,
    CONSTRAINT txfeehistory_ledgerseq_check CHECK ((ledgerseq >= 0))
);


--
-- Name: txhistory; Type: TABLE; Schema: public; Owner: -; Tablespace: 
--

CREATE TABLE txhistory (
    txid character(64) NOT NULL,
    ledgerseq integer NOT NULL,
    txindex integer NOT NULL,
    txbody text NOT NULL,
    txresult text NOT NULL,
    txmeta text NOT NULL,
    CONSTRAINT txhistory_ledgerseq_check CHECK ((ledgerseq >= 0))
);


--
-- Data for Name: accountdata; Type: TABLE DATA; Schema: public; Owner: -
--

COPY accountdata (accountid, dataname, datavalue) FROM stdin;
\.


--
-- Data for Name: accounts; Type: TABLE DATA; Schema: public; Owner: -
--

COPY accounts (accountid, balance, seqnum, numsubentries, inflationdest, homedomain, thresholds, flags, lastmodified) FROM stdin;
GAXI33UCLQTCKM2NMRBS7XYBR535LLEVAHL5YBN4FTCB4HZHT7ZA5CVK	10000000000	12884901888	0	\N		AQAAAA==	0	3
GANZGPKY5WSHWG5YOZMNG52GCK5SCJ4YGUWMJJVGZSK2FP4BI2JIJN2C	10099999900	55834574849	1	\N		AQAAAA==	0	14
GCHC4D2CS45CJRNN4QAHT2LFZAJIU5PA7H53K3VOP6WEJ6XWHNSNZKQG	9899999800	55834574850	0	\N		AQAAAA==	0	15
GDXFAGJCSCI4CK2YHK6YRLA6TKEXFRX7BMGVMQOBMLIEUJRJ5YQNLMIB	9999999600	17179869188	1	\N		AgICAg==	0	6
GA46VRKBCLI2X6DXLX7AIEVRFLH3UA7XBE3NGNP6O74HQ5LXHMGTV2JB	9959999600	30064771076	0	\N		AQAAAA==	0	8
GAG52TW6QAB6TGNMOTL32Y4M3UQQLNNNHPEHYAIYRP6SFF6ZAVRF5ZQY	9799999800	38654705665	0	\N		AQAAAA==	0	10
GDCVTBGSEEU7KLXUMHMSXBALXJ2T4I2KOPXW2S5TRLKDRIAXD5UDHAYO	9499999900	47244640257	0	\N		AQAAAA==	0	12
GCB7FPYGLL6RJ37HKRAYW5TAWMFBGGFGM4IM6ERBCZXI2BZ4OOOX2UAY	500000000	51539607552	0	\N		AQAAAA==	0	12
GBOK7BOUSOWPHBANBYM6MIRYZJIDIPUYJPXHTHADF75UEVIVYWHHONQC	9799999800	90194313218	1	\N		AQAAAA==	0	24
GACAR2AEYEKITE2LKI5RMXF5MIVZ6Q7XILROGDT22O7JX4DSWFS7FDDP	9999999900	68719476737	1	\N		AQAAAA==	0	17
GB2QIYT2IAUFMRXKLSLLPRECC6OCOGJMADSPTRK7TGNT2SFR2YGWDARD	10199999900	90194313217	1	\N		AQAAAA==	0	24
GBRPYHIL2CI3FNQ4BXLFMNDLFJUNPU2HY3ZMFSHONUCEOASW7QC7OX2H	999999870239998700	13	0	\N		AQAAAA==	0	25
GAXMF43TGZHW3QN3REOUA2U5PW5BTARXGGYJ3JIFHW3YT6QRKRL3CPPU	10999999700	68719476739	1	\N		AQAAAA==	0	20
GDRW375MAYR46ODGF2WGANQC2RRZL7O246DYHHCGWTV2RE7IHE2QUQLD	8999999700	68719476739	1	\N		AQAAAA==	0	20
GB6GN3LJUW6JYR7EDOJ47VBH7D45M4JWHXGK6LHJRAEI5JBSN2DBQY7Q	9999999800	107374182402	2	\N		AQAAAA==	0	26
\.


--
-- Data for Name: ledgerheaders; Type: TABLE DATA; Schema: public; Owner: -
--

COPY ledgerheaders (ledgerhash, prevhash, bucketlisthash, ledgerseq, closetime, data) FROM stdin;
63d98f536ee68d1b27b5b89f23af5311b7569a24faf1403ad0b52b633b07be99	0000000000000000000000000000000000000000000000000000000000000000	572a2e32ff248a07b0e70fd1f6d318c1facd20b6cc08c33d5775259868125a16	1	0	AAAAAAAAAAAAAAAAAAAAAAAAAAAAAAAAAAAAAAAAAAAAAAAAAAAAAAAAAAAAAAAAAAAAAAAAAAAAAAAAAAAAAAAAAAAAAAAAAAAAAAAAAAAAAAAAAAAAAAAAAAAAAAAAAAAAAAAAAAAAAAAAAAAAAAAAAABXKi4y/ySKB7DnD9H20xjB+s0gtswIwz1XdSWYaBJaFgAAAAEN4Lazp2QAAAAAAAAAAAAAAAAAAAAAAAAAAAAAAAAAZAX14QAAAABkAAAAAAAAAAAAAAAAAAAAAAAAAAAAAAAAAAAAAAAAAAAAAAAAAAAAAAAAAAAAAAAAAAAAAAAAAAAAAAAAAAAAAAAAAAAAAAAAAAAAAAAAAAAAAAAAAAAAAAAAAAAAAAAAAAAAAAAAAAAAAAAAAAAAAAAAAAAAAAAAAAAAAAAAAAAAAAAA
540c968c1b867d8540896668b0550c874f1ea5ca4bdeaa73352a9bbb1ae6ca49	63d98f536ee68d1b27b5b89f23af5311b7569a24faf1403ad0b52b633b07be99	735227ed398461291237687b08446aa2c9b096e0c98a462dadda569f05dd2484	2	1457117386	AAAAAmPZj1Nu5o0bJ7W4nyOvUxG3Vpok+vFAOtC1K2M7B76ZuZRHr9UdXKbTKiclfOjy72YZFJUkJPVcKT5htvorm1QAAAAAVtnYygAAAAIAAAAIAAAAAQAAAAIAAAAIAAAAAwAAJxAAAAAA3z9hmASpL9tAVxktxD3XSOp3itxSvEmM6AUkwBS4ERlzUiftOYRhKRI3aHsIRGqiybCW4MmKRi2t2lafBd0khAAAAAIN4Lazp2QAAAAAAAAAAAAAAAAAAAAAAAAAAAAAAAAAZAX14QAAACcQAAAAAAAAAAAAAAAAAAAAAAAAAAAAAAAAAAAAAAAAAAAAAAAAAAAAAAAAAAAAAAAAAAAAAAAAAAAAAAAAAAAAAAAAAAAAAAAAAAAAAAAAAAAAAAAAAAAAAAAAAAAAAAAAAAAAAAAAAAAAAAAAAAAAAAAAAAAAAAAAAAAAAAAAAAAAAAAA
3a0fe03c8b5b3360bc5c33c2021e68caa076485eb098c1642950d902db1c3d36	540c968c1b867d8540896668b0550c874f1ea5ca4bdeaa73352a9bbb1ae6ca49	20152c0cf56a4d6052543eb7c6d403d5a94b255af3a67a69dfe5c37d79a1b632	3	1457117387	AAAAAlQMlowbhn2FQIlmaLBVDIdPHqXKS96qczUqm7sa5spJQjlsvC6SSu/rMJV9er7yQ4pE8PvjSDBoCo5b9g9waNQAAAAAVtnYywAAAAAAAAAAZTJXylqAKscpSC5cC1USBOQW1Z3eZDL/jbC3qM+wVn4gFSwM9WpNYFJUPrfG1APVqUslWvOmemnf5cN9eaG2MgAAAAMN4Lazp2QAAAAAAAAAAABkAAAAAAAAAAAAAAAAAAAAZAX14QAAACcQAAAAAAAAAAAAAAAAAAAAAAAAAAAAAAAAAAAAAAAAAAAAAAAAAAAAAAAAAAAAAAAAAAAAAAAAAAAAAAAAAAAAAAAAAAAAAAAAAAAAAAAAAAAAAAAAAAAAAAAAAAAAAAAAAAAAAAAAAAAAAAAAAAAAAAAAAAAAAAAAAAAAAAAAAAAAAAAA
5f6391e1ea82d87a56d866f922ff086aa0d579ed0cddd40fd24c7b757a46d2e9	3a0fe03c8b5b3360bc5c33c2021e68caa076485eb098c1642950d902db1c3d36	8be5d143c32720ed0325a6f350fe391fd4de4414b1822699ef5790ee5a3fb830	4	1457117388	AAAAAjoP4DyLWzNgvFwzwgIeaMqgdkhesJjBZClQ2QLbHD02aM3BEAv6ZM61YIxWDKvU/n81pxf0/GkmlIoYgfZJXy8AAAAAVtnYzAAAAAAAAAAAI8FeHEzJ0/4FO8/NG/43wTEny1CW/vcH2jcrQkzbbciL5dFDwycg7QMlpvNQ/jkf1N5EFLGCJpnvV5DuWj+4MAAAAAQN4Lazp2QAAAAAAAAAAADIAAAAAAAAAAAAAAAAAAAAZAX14QAAACcQAAAAAAAAAAAAAAAAAAAAAAAAAAAAAAAAAAAAAAAAAAAAAAAAAAAAAAAAAAAAAAAAAAAAAAAAAAAAAAAAAAAAAAAAAAAAAAAAAAAAAAAAAAAAAAAAAAAAAAAAAAAAAAAAAAAAAAAAAAAAAAAAAAAAAAAAAAAAAAAAAAAAAAAAAAAAAAAA
b63e3eab1828d0986a4860f6ae4161b7d7cb49e7f2b3f12fce295726979c78d2	5f6391e1ea82d87a56d866f922ff086aa0d579ed0cddd40fd24c7b757a46d2e9	58c7de194394de58bd5053f02504b43c88cbf4152ef6396e41d3f9d4fbde9402	5	1457117389	AAAAAl9jkeHqgth6Vthm+SL/CGqg1XntDN3UD9JMe3V6RtLpZ+GYaDoLZDESAOYQYqi/MlmmK7GgLP5Itm0WkBrSkDAAAAAAVtnYzQAAAAAAAAAAk6vO/KRxwZ0ynJMMrKUpOSf5WhbdkNk0LIO/zZxB+qdYx94ZQ5TeWL1QU/AlBLQ8iMv0FS72OW5B0/nU+96UAgAAAAUN4Lazp2QAAAAAAAAAAAH0AAAAAAAAAAAAAAAAAAAAZAX14QAAACcQAAAAAAAAAAAAAAAAAAAAAAAAAAAAAAAAAAAAAAAAAAAAAAAAAAAAAAAAAAAAAAAAAAAAAAAAAAAAAAAAAAAAAAAAAAAAAAAAAAAAAAAAAAAAAAAAAAAAAAAAAAAAAAAAAAAAAAAAAAAAAAAAAAAAAAAAAAAAAAAAAAAAAAAAAAAAAAAA
5bfb2f84986e0e27e276e03f93f6e58e06832572e32dce7589891fb61504d0aa	b63e3eab1828d0986a4860f6ae4161b7d7cb49e7f2b3f12fce295726979c78d2	a8f6213dc2ba3bc5ab397d5f2fb3dec1bc8ead45444e164c584795a2719693e4	6	1457117390	AAAAArY+PqsYKNCYakhg9q5BYbfXy0nn8rPxL84pVyaXnHjSjwyxG9aQcdMV56vQHQ9qIz5GhIS++A9ANZqfqb7+bqoAAAAAVtnYzgAAAAAAAAAAN8Q2AtCCsel4HIsK4udqXyLQqcraGjcAHVSUN815grGo9iE9wro7xas5fV8vs97BvI6tRUROFkxYR5WicZaT5AAAAAYN4Lazp2QAAAAAAAAAAAJYAAAAAAAAAAAAAAAAAAAAZAX14QAAACcQAAAAAAAAAAAAAAAAAAAAAAAAAAAAAAAAAAAAAAAAAAAAAAAAAAAAAAAAAAAAAAAAAAAAAAAAAAAAAAAAAAAAAAAAAAAAAAAAAAAAAAAAAAAAAAAAAAAAAAAAAAAAAAAAAAAAAAAAAAAAAAAAAAAAAAAAAAAAAAAAAAAAAAAAAAAAAAAA
321608a833d5dfd538dde2294732189a0c647e4a5f8f30e75c16a1123af7e026	5bfb2f84986e0e27e276e03f93f6e58e06832572e32dce7589891fb61504d0aa	d2622427bae38c5e460ebbe2ecd2d3c15062a055b26f248424be070dee8afd8c	7	1457117391	AAAAAlv7L4SYbg4n4nbgP5P25Y4GgyVy4y3OdYmJH7YVBNCqjjFpox9Fip0gT2RzlL+1PnpbIkQP8Xa0xxx9w1FLERYAAAAAVtnYzwAAAAAAAAAAk5HOQp3TCIyOUj8VmNGrhs2C+IXj942pn3qPVIAXXx7SYiQnuuOMXkYOu+Ls0tPBUGKgVbJvJIQkvgcN7or9jAAAAAcN4Lazp2QAAAAAAAAAAAK8AAAAAAAAAAAAAAAAAAAAZAX14QAAACcQAAAAAAAAAAAAAAAAAAAAAAAAAAAAAAAAAAAAAAAAAAAAAAAAAAAAAAAAAAAAAAAAAAAAAAAAAAAAAAAAAAAAAAAAAAAAAAAAAAAAAAAAAAAAAAAAAAAAAAAAAAAAAAAAAAAAAAAAAAAAAAAAAAAAAAAAAAAAAAAAAAAAAAAAAAAAAAAA
48a864343602703210eea71d6f95cc8a3150350d2f596dbff57c5cf19985c9cc	321608a833d5dfd538dde2294732189a0c647e4a5f8f30e75c16a1123af7e026	986b57cbd6b80c088ce5b04605de66ffb63553d801ec0c30b2516bed3697fb6c	8	1457117392	AAAAAjIWCKgz1d/VON3iKUcyGJoMZH5KX48w51wWoRI69+Am4qEUXIbDBDknizKGEoIHg/FXZyrNbOXkrpYsW6xh0MkAAAAAVtnY0AAAAAAAAAAA5fh0DRZ+OfeA4iH3GTMbG6cqJGEx0qC57216HbTwQPWYa1fL1rgMCIzlsEYF3mb/tjVT2AHsDDCyUWvtNpf7bAAAAAgN4Lazp2QAAAAAAAAAAARMAAAAAAAAAAAAAAAAAAAAZAX14QAAACcQAAAAAAAAAAAAAAAAAAAAAAAAAAAAAAAAAAAAAAAAAAAAAAAAAAAAAAAAAAAAAAAAAAAAAAAAAAAAAAAAAAAAAAAAAAAAAAAAAAAAAAAAAAAAAAAAAAAAAAAAAAAAAAAAAAAAAAAAAAAAAAAAAAAAAAAAAAAAAAAAAAAAAAAAAAAAAAAA
9916d6ceb1ee1a370532a762d3e2fad8a7a79f69ef77ee3008517896bfb760c1	48a864343602703210eea71d6f95cc8a3150350d2f596dbff57c5cf19985c9cc	d13a556871af4f62052eb5a887a90f2a6fb52896e04f668cbb4ef8a7746ba128	9	1457117393	AAAAAkioZDQ2AnAyEO6nHW+VzIoxUDUNL1ltv/V8XPGZhcnM4JYiGzZAVuR3XMb2gcsPWduyBlhEbZrqW0Kh3ydXZ3MAAAAAVtnY0QAAAAAAAAAAbXQLWug2IZ2G4RnwUrCTvIwO6TMpu21+S2UXhqLKWTHROlVoca9PYgUutaiHqQ8qb7UoluBPZoy7TvindGuhKAAAAAkN4Lazp2QAAAAAAAAAAASwAAAAAAAAAAAAAAAAAAAAZAX14QAAACcQAAAAAAAAAAAAAAAAAAAAAAAAAAAAAAAAAAAAAAAAAAAAAAAAAAAAAAAAAAAAAAAAAAAAAAAAAAAAAAAAAAAAAAAAAAAAAAAAAAAAAAAAAAAAAAAAAAAAAAAAAAAAAAAAAAAAAAAAAAAAAAAAAAAAAAAAAAAAAAAAAAAAAAAAAAAAAAAA
c0a2d9a708cd2e41758942934a7923d8c445056e67a7e2e903f2d297eb651348	9916d6ceb1ee1a370532a762d3e2fad8a7a79f69ef77ee3008517896bfb760c1	631ceeb1bdd5812bbae6d1f4473c4732b99315d6ce025097e2bff39ef386f9f7	10	1457117394	AAAAApkW1s6x7ho3BTKnYtPi+tinp59p73fuMAhReJa/t2DBQquOlY3eWwHTLFU0JJvz/nbQ5X6N2qNAY8G0CTs81TIAAAAAVtnY0gAAAAAAAAAA9+jjsWK6v6g0OYMFxTo1+Yogi2yDSjXhJ86N1AxJOvFjHO6xvdWBK7rm0fRHPEcyuZMV1s4CUJfiv/Oe84b59wAAAAoN4Lazp2QAAAAAAAAAAAV4AAAAAAAAAAAAAAAAAAAAZAX14QAAACcQAAAAAAAAAAAAAAAAAAAAAAAAAAAAAAAAAAAAAAAAAAAAAAAAAAAAAAAAAAAAAAAAAAAAAAAAAAAAAAAAAAAAAAAAAAAAAAAAAAAAAAAAAAAAAAAAAAAAAAAAAAAAAAAAAAAAAAAAAAAAAAAAAAAAAAAAAAAAAAAAAAAAAAAAAAAAAAAA
1d0e6aed6203ed24ba6d7968958460f27fea13ca2651bd4f14c9bf0883a95963	c0a2d9a708cd2e41758942934a7923d8c445056e67a7e2e903f2d297eb651348	5f1d5b3ae8d98988a642acc1528156c4b3d85ab80cbd034bda8d5bd521c55f88	11	1457117395	AAAAAsCi2acIzS5BdYlCk0p5I9jERQVuZ6fi6QPy0pfrZRNIKM3hjGvpKG9tR71PQ9n0mUrDpzJz69rTw+ILx421UiQAAAAAVtnY0wAAAAAAAAAApIxpaTPANJS3XftGXFSYrEJ0MhfN6GN1Oe5+YEP6099fHVs66NmJiKZCrMFSgVbEs9hauAy9A0vajVvVIcVfiAAAAAsN4Lazp2QAAAAAAAAAAAXcAAAAAAAAAAAAAAAAAAAAZAX14QAAACcQAAAAAAAAAAAAAAAAAAAAAAAAAAAAAAAAAAAAAAAAAAAAAAAAAAAAAAAAAAAAAAAAAAAAAAAAAAAAAAAAAAAAAAAAAAAAAAAAAAAAAAAAAAAAAAAAAAAAAAAAAAAAAAAAAAAAAAAAAAAAAAAAAAAAAAAAAAAAAAAAAAAAAAAAAAAAAAAA
0a7d179014722e9f7d4346f25dcd182f82435d37df50bb80a47e41847b4ed322	1d0e6aed6203ed24ba6d7968958460f27fea13ca2651bd4f14c9bf0883a95963	65b2957cd303df63dabccc032def78d14d38cb536eb3018cd91e196788c10492	12	1457117396	AAAAAh0Oau1iA+0kum15aJWEYPJ/6hPKJlG9TxTJvwiDqVljZxegf/j69gtP5pp0Pm+IiaEpWHljnqL8n2L137fRrdAAAAAAVtnY1AAAAAAAAAAAc4P3o+BJiJvXXIfj/eVQPF1RRIrnE2nfX0a4J7WFySplspV80wPfY9q8zAMt73jRTTjLU26zAYzZHhlniMEEkgAAAAwN4Lazp2QAAAAAAAAAAAZAAAAAAAAAAAAAAAAAAAAAZAX14QAAACcQAAAAAAAAAAAAAAAAAAAAAAAAAAAAAAAAAAAAAAAAAAAAAAAAAAAAAAAAAAAAAAAAAAAAAAAAAAAAAAAAAAAAAAAAAAAAAAAAAAAAAAAAAAAAAAAAAAAAAAAAAAAAAAAAAAAAAAAAAAAAAAAAAAAAAAAAAAAAAAAAAAAAAAAAAAAAAAAA
7ce4d5529a079f2cd9a2d2d1a4cd40b436e085caa68146071389c72e5f0e5f33	0a7d179014722e9f7d4346f25dcd182f82435d37df50bb80a47e41847b4ed322	97fc7d48d24088215fd449c74d9b001c1f148b0023c9cfec13b5b47b45fcf3a8	13	1457117397	AAAAAgp9F5AUci6ffUNG8l3NGC+CQ10331C7gKR+QYR7TtMiy4wmHtkzr4qaQHmZaGs/icb9duobTR67M8Q4+BBlNF4AAAAAVtnY1QAAAAAAAAAAFkWUNyF+w67R5n+HgDNebl5snV2YlBsz3xLTqBMQsQGX/H1I0kCIIV/UScdNmwAcHxSLACPJz+wTtbR7RfzzqAAAAA0N4Lazp2QAAAAAAAAAAAcIAAAAAAAAAAAAAAAAAAAAZAX14QAAACcQAAAAAAAAAAAAAAAAAAAAAAAAAAAAAAAAAAAAAAAAAAAAAAAAAAAAAAAAAAAAAAAAAAAAAAAAAAAAAAAAAAAAAAAAAAAAAAAAAAAAAAAAAAAAAAAAAAAAAAAAAAAAAAAAAAAAAAAAAAAAAAAAAAAAAAAAAAAAAAAAAAAAAAAAAAAAAAAA
909fea9f421e579b31e5357dbca7e7a4b78bb9b705fb67a1a873e766ac6d5af1	7ce4d5529a079f2cd9a2d2d1a4cd40b436e085caa68146071389c72e5f0e5f33	0a864c1fd969a9495109bd90cf5f86876ad998e3ce70a4cafad31ee3b3cbd38c	14	1457117398	AAAAAnzk1VKaB58s2aLS0aTNQLQ24IXKpoFGBxOJxy5fDl8zMIib4tRxWbKnVxwOZzK+njb7Bsvds5OaG9bFHPZUee0AAAAAVtnY1gAAAAAAAAAAkBsR4zZKGkuzmOMkFZMIwPdAxWuGy+ssPtEN7i6N7ekKhkwf2WmpSVEJvZDPX4aHatmY485wpMr60x7js8vTjAAAAA4N4Lazp2QAAAAAAAAAAAfQAAAAAAAAAAAAAAAAAAAAZAX14QAAACcQAAAAAAAAAAAAAAAAAAAAAAAAAAAAAAAAAAAAAAAAAAAAAAAAAAAAAAAAAAAAAAAAAAAAAAAAAAAAAAAAAAAAAAAAAAAAAAAAAAAAAAAAAAAAAAAAAAAAAAAAAAAAAAAAAAAAAAAAAAAAAAAAAAAAAAAAAAAAAAAAAAAAAAAAAAAAAAAA
3e8fd4e9b7df47f8373846e597642cdd385c4dee170963443be6e90b43b05c9a	909fea9f421e579b31e5357dbca7e7a4b78bb9b705fb67a1a873e766ac6d5af1	bfffb768c742b5f3e4d858244e25c8109b8d949bb20fd8d9eb6145896c671125	15	1457117399	AAAAApCf6p9CHlebMeU1fbyn56S3i7m3Bftnoahz52asbVrx4HZu+2wDQxRZ9jr43vxce3OcRDStPtEZkbe6IrNvHkYAAAAAVtnY1wAAAAAAAAAAUsjUlWJzXzXDGEu7ZX8NM4G3hXMJgTqm1o4qvEMfb6G//7dox0K18+TYWCROJcgQm42Um7IP2NnrYUWJbGcRJQAAAA8N4Lazp2QAAAAAAAAAAAg0AAAAAAAAAAAAAAAAAAAAZAX14QAAACcQAAAAAAAAAAAAAAAAAAAAAAAAAAAAAAAAAAAAAAAAAAAAAAAAAAAAAAAAAAAAAAAAAAAAAAAAAAAAAAAAAAAAAAAAAAAAAAAAAAAAAAAAAAAAAAAAAAAAAAAAAAAAAAAAAAAAAAAAAAAAAAAAAAAAAAAAAAAAAAAAAAAAAAAAAAAAAAAA
71450871bf4b8249c1d2ac913c9cad290406a3d8154f9754516cce8934464a61	3e8fd4e9b7df47f8373846e597642cdd385c4dee170963443be6e90b43b05c9a	45beaa9f2d82bdaa501990b1852214658d86a66c93986dbe63ebf229c7d2d995	16	1457117400	AAAAAj6P1Om330f4NzhG5ZdkLN04XE3uFwljRDvm6QtDsFya9SU/G+Ubl/gtg3aH9GzzdD04qEeFQeNO3qk/mk6xpIkAAAAAVtnY2AAAAAAAAAAAYKou7BkPtQtmD4O54/TToUgBAVUCmCl/O+9Tgq2hNHxFvqqfLYK9qlAZkLGFIhRljYambJOYbb5j6/Ipx9LZlQAAABAN4Lazp2QAAAAAAAAAAAlgAAAAAAAAAAAAAAAAAAAAZAX14QAAACcQAAAAAAAAAAAAAAAAAAAAAAAAAAAAAAAAAAAAAAAAAAAAAAAAAAAAAAAAAAAAAAAAAAAAAAAAAAAAAAAAAAAAAAAAAAAAAAAAAAAAAAAAAAAAAAAAAAAAAAAAAAAAAAAAAAAAAAAAAAAAAAAAAAAAAAAAAAAAAAAAAAAAAAAAAAAAAAAA
115981482755393db3130e39290e78f9a4455e5750c26fafab8e1604b9e0ca8c	71450871bf4b8249c1d2ac913c9cad290406a3d8154f9754516cce8934464a61	6f814eec3571a8288f02137ab66e7eee81ddd22e87351d96630c48676a9bbfc2	17	1457117401	AAAAAnFFCHG/S4JJwdKskTycrSkEBqPYFU+XVFFszok0Rkph7zqcMHbXcoKVa1v3JJ3OTTDoq4Yo0cEKSxkVTeBHUjwAAAAAVtnY2QAAAAAAAAAAqHWOFRdWDweK4ZIEBYTYOkzwi2q8iIoB9xFzAOqPS/dvgU7sNXGoKI8CE3q2bn7ugd3SLoc1HZZjDEhnapu/wgAAABEN4Lazp2QAAAAAAAAAAAooAAAAAAAAAAAAAAAAAAAAZAX14QAAACcQAAAAAAAAAAAAAAAAAAAAAAAAAAAAAAAAAAAAAAAAAAAAAAAAAAAAAAAAAAAAAAAAAAAAAAAAAAAAAAAAAAAAAAAAAAAAAAAAAAAAAAAAAAAAAAAAAAAAAAAAAAAAAAAAAAAAAAAAAAAAAAAAAAAAAAAAAAAAAAAAAAAAAAAAAAAAAAAA
5e06fc3d12d34d742863f3cef1e51cca7ee2e4e7553c681753e024b1a86c132c	115981482755393db3130e39290e78f9a4455e5750c26fafab8e1604b9e0ca8c	1c8caaa5a5234b8ac19516df61d828e067e0d2d05d3b3d90d311178184aa7637	18	1457117402	AAAAAhFZgUgnVTk9sxMOOSkOePmkRV5XUMJvr6uOFgS54MqMkt+xwbsGTchEUpXP0+WfDVJPAXtqO2da3myHcs9Fr5cAAAAAVtnY2gAAAAAAAAAANKxyAMoyM/gn59hBYzLxbU28Wbix3QHy7s086vpSY4ccjKqlpSNLisGVFt9h2CjgZ+DS0F07PZDTEReBhKp2NwAAABIN4Lazp2QAAAAAAAAAAAtUAAAAAAAAAAAAAAACAAAAZAX14QAAACcQAAAAAAAAAAAAAAAAAAAAAAAAAAAAAAAAAAAAAAAAAAAAAAAAAAAAAAAAAAAAAAAAAAAAAAAAAAAAAAAAAAAAAAAAAAAAAAAAAAAAAAAAAAAAAAAAAAAAAAAAAAAAAAAAAAAAAAAAAAAAAAAAAAAAAAAAAAAAAAAAAAAAAAAAAAAAAAAA
2c6e2bfb9dded22e1d6ea1119108339b81d9b2df72f2729a1c9003e3fc31376f	5e06fc3d12d34d742863f3cef1e51cca7ee2e4e7553c681753e024b1a86c132c	b989db41d7c804150a982854c45e3ad3e4617e6ccffe779e13917487d19dcc24	19	1457117403	AAAAAl4G/D0S0010KGPzzvHlHMp+4uTnVTxoF1PgJLGobBMsG1YXmCvLLgRyObF/78kj/Y5J90rwZ5nWjAHRG7Q3LOMAAAAAVtnY2wAAAAAAAAAAYzC64fmWjZOtqE4JjsKqwerdnzN6ywnJSvdsDWFPcu25idtB18gEFQqYKFTEXjrT5GF+bM/+d54TkXSH0Z3MJAAAABMN4Lazp2QAAAAAAAAAAAu4AAAAAAAAAAAAAAACAAAAZAX14QAAACcQAAAAAAAAAAAAAAAAAAAAAAAAAAAAAAAAAAAAAAAAAAAAAAAAAAAAAAAAAAAAAAAAAAAAAAAAAAAAAAAAAAAAAAAAAAAAAAAAAAAAAAAAAAAAAAAAAAAAAAAAAAAAAAAAAAAAAAAAAAAAAAAAAAAAAAAAAAAAAAAAAAAAAAAAAAAAAAAA
74911e6b3424daffe3878f0cd879b60437f9ca5d4048ff5cf1d2d2dc5ec55b8e	2c6e2bfb9dded22e1d6ea1119108339b81d9b2df72f2729a1c9003e3fc31376f	2996db01034194222c1e4ed64162a44b9fa48db3a2a9b67eac680dc8549de270	20	1457117404	AAAAAixuK/ud3tIuHW6hEZEIM5uB2bLfcvJymhyQA+P8MTdvbpxzZ9iqpXglNcR2FKAsu5c1KzqaGhNzocIg94F61psAAAAAVtnY3AAAAAAAAAAAx/hxaEW2XNJB3iDf23eYfGcwcQ862pSt7OJ6FF108IYpltsBA0GUIiweTtZBYqRLn6SNs6Kptn6saA3IVJ3icAAAABQN4Lazp2QAAAAAAAAAAAwcAAAAAAAAAAAAAAACAAAAZAX14QAAACcQAAAAAAAAAAAAAAAAAAAAAAAAAAAAAAAAAAAAAAAAAAAAAAAAAAAAAAAAAAAAAAAAAAAAAAAAAAAAAAAAAAAAAAAAAAAAAAAAAAAAAAAAAAAAAAAAAAAAAAAAAAAAAAAAAAAAAAAAAAAAAAAAAAAAAAAAAAAAAAAAAAAAAAAAAAAAAAAA
8d15103ce7cee35c9da3554dd53215853bd0397d67b780401d91a29bce3a6bfc	74911e6b3424daffe3878f0cd879b60437f9ca5d4048ff5cf1d2d2dc5ec55b8e	19266599367b5d4b67cf1598bbb4db845d7594fbb568c910d5080f691c0979bc	21	1457117405	AAAAAnSRHms0JNr/44ePDNh5tgQ3+cpdQEj/XPHS0txexVuOKYoz/BlT4JYKHHTP1ID/exqmt75vg/dTYKPU7j/QQ/oAAAAAVtnY3QAAAAAAAAAA3LAnNjSwmLo474ojoHgysfkXmeeBIXdgWbyOJwbnsx8ZJmWZNntdS2fPFZi7tNuEXXWU+7VoyRDVCA9pHAl5vAAAABUN4Lazp2QAAAAAAAAAAAzkAAAAAAAAAAAAAAACAAAAZAX14QAAACcQAAAAAAAAAAAAAAAAAAAAAAAAAAAAAAAAAAAAAAAAAAAAAAAAAAAAAAAAAAAAAAAAAAAAAAAAAAAAAAAAAAAAAAAAAAAAAAAAAAAAAAAAAAAAAAAAAAAAAAAAAAAAAAAAAAAAAAAAAAAAAAAAAAAAAAAAAAAAAAAAAAAAAAAAAAAAAAAA
9277b75186a36967b114a7c9089c48babf354a47c1b9b2eb52b9acf53da9e4a4	8d15103ce7cee35c9da3554dd53215853bd0397d67b780401d91a29bce3a6bfc	a9f519d97d7b3f4dd5e3916d6daffd314438eec2dda1f4ca077eb61a961355c5	22	1457117406	AAAAAo0VEDznzuNcnaNVTdUyFYU70Dl9Z7eAQB2RopvOOmv8cedNSKT8Yx7dslTsVAt211bmXoFe0UL8XoXnfzY/gcQAAAAAVtnY3gAAAAAAAAAA0AMiyT4CyDLLvayS0AmP97hen9j1rkIsoYeN0iQrjuqp9RnZfXs/TdXjkW1tr/0xRDjuwt2h9MoHfrYalhNVxQAAABYN4Lazp2QAAAAAAAAAAA1IAAAAAAAAAAAAAAACAAAAZAX14QAAACcQAAAAAAAAAAAAAAAAAAAAAAAAAAAAAAAAAAAAAAAAAAAAAAAAAAAAAAAAAAAAAAAAAAAAAAAAAAAAAAAAAAAAAAAAAAAAAAAAAAAAAAAAAAAAAAAAAAAAAAAAAAAAAAAAAAAAAAAAAAAAAAAAAAAAAAAAAAAAAAAAAAAAAAAAAAAAAAAA
2aa76bdcfd7b6d71e3c3d85c1ca321a460ef6e68014aefadd058adac0962faca	9277b75186a36967b114a7c9089c48babf354a47c1b9b2eb52b9acf53da9e4a4	83d3601164daa5d49430b63754171546c0f0ee47eff105f194e9d64d7ffb2c45	23	1457117407	AAAAApJ3t1GGo2lnsRSnyQicSLq/NUpHwbmy61K5rPU9qeSk0EF+ycLnHKXs83eyGJ1o/XoF5glMoynVz1G/2cnkwtwAAAAAVtnY3wAAAAAAAAAAeu6ZLz++eOyW3/HPY616v+oF2X756WCT8G93ApdHifqD02ARZNql1JQwtjdUFxVGwPDuR+/xBfGU6dZNf/ssRQAAABcN4Lazp2QAAAAAAAAAAA2sAAAAAAAAAAAAAAADAAAAZAX14QAAACcQAAAAAAAAAAAAAAAAAAAAAAAAAAAAAAAAAAAAAAAAAAAAAAAAAAAAAAAAAAAAAAAAAAAAAAAAAAAAAAAAAAAAAAAAAAAAAAAAAAAAAAAAAAAAAAAAAAAAAAAAAAAAAAAAAAAAAAAAAAAAAAAAAAAAAAAAAAAAAAAAAAAAAAAAAAAAAAAA
88e005637dbb452739d3f4a9f3e578f4104cf03f8b9f7867751491566fe70a49	2aa76bdcfd7b6d71e3c3d85c1ca321a460ef6e68014aefadd058adac0962faca	c93efa68bde0c7b9567cfe11a2d1cb0b1a6cfe48430c179528f302cda12a8010	24	1457117408	AAAAAiqna9z9e21x48PYXByjIaRg725oAUrvrdBYrawJYvrKwslIvXIxhja4pJt9vir7/eDxdaOVGMdVfJ3LfQdksNUAAAAAVtnY4AAAAAAAAAAA1ziHajubDrj1Iu5EQ8YZB24Czm29AJPdaJnsX3+A+fXJPvpoveDHuVZ8/hGi0csLGmz+SEMMF5Uo8wLNoSqAEAAAABgN4Lazp2QAAAAAAAAAAA4QAAAAAAAAAAAAAAAEAAAAZAX14QAAACcQAAAAAAAAAAAAAAAAAAAAAAAAAAAAAAAAAAAAAAAAAAAAAAAAAAAAAAAAAAAAAAAAAAAAAAAAAAAAAAAAAAAAAAAAAAAAAAAAAAAAAAAAAAAAAAAAAAAAAAAAAAAAAAAAAAAAAAAAAAAAAAAAAAAAAAAAAAAAAAAAAAAAAAAAAAAAAAAA
cd7c3263b635afd7819228fdfe1c757359a305f364d4bda4e36b0f4566b4ac94	88e005637dbb452739d3f4a9f3e578f4104cf03f8b9f7867751491566fe70a49	38388a3882151c1381a12ba86358fce79e38160faa1bd020ac70cd4a5cf8f3af	25	1457117409	AAAAAojgBWN9u0UnOdP0qfPlePQQTPA/i594Z3UUkVZv5wpJXA16IjgkH6Snmc15IEKC2DOUU/Yc8Q1Jj94ebnJx3e4AAAAAVtnY4QAAAAAAAAAAM9gLVDvjwMuVZ+njRjvvMxlhodRg/VJpuapiCb0y9SA4OIo4ghUcE4GhK6hjWPznnjgWD6ob0CCscM1KXPjzrwAAABkN4Lazp2QAAAAAAAAAAA50AAAAAAAAAAAAAAAEAAAAZAX14QAAACcQAAAAAAAAAAAAAAAAAAAAAAAAAAAAAAAAAAAAAAAAAAAAAAAAAAAAAAAAAAAAAAAAAAAAAAAAAAAAAAAAAAAAAAAAAAAAAAAAAAAAAAAAAAAAAAAAAAAAAAAAAAAAAAAAAAAAAAAAAAAAAAAAAAAAAAAAAAAAAAAAAAAAAAAAAAAAAAAA
4e266f70fc0112f2cf23270952cccdda5ae7167d0778eabcb83be2546cefca71	cd7c3263b635afd7819228fdfe1c757359a305f364d4bda4e36b0f4566b4ac94	815dda188bda63fb377342b5df4c6bc6defb2dff1fcae4650ce2830d65f88ae6	26	1457117410	AAAAAs18MmO2Na/XgZIo/f4cdXNZowXzZNS9pONrD0VmtKyUX86TBTAj5NwnIu3qX7RtrpcodO+UdZEMArXp1UzwNBEAAAAAVtnY4gAAAAAAAAAAGTKcjd5tsclF3P+ptDiMdUWp83tuYF+zlADp+X+gt+eBXdoYi9pj+zdzQrXfTGvG3vst/x/K5GUM4oMNZfiK5gAAABoN4Lazp2QAAAAAAAAAAA88AAAAAAAAAAAAAAAGAAAAZAX14QAAACcQAAAAAAAAAAAAAAAAAAAAAAAAAAAAAAAAAAAAAAAAAAAAAAAAAAAAAAAAAAAAAAAAAAAAAAAAAAAAAAAAAAAAAAAAAAAAAAAAAAAAAAAAAAAAAAAAAAAAAAAAAAAAAAAAAAAAAAAAAAAAAAAAAAAAAAAAAAAAAAAAAAAAAAAAAAAAAAAA
0893fe1ca56980843e3ba1f90ae4aae044d1ac633af67bd5facad93a6cee7e1e	4e266f70fc0112f2cf23270952cccdda5ae7167d0778eabcb83be2546cefca71	815dda188bda63fb377342b5df4c6bc6defb2dff1fcae4650ce2830d65f88ae6	27	1457117411	AAAAAk4mb3D8ARLyzyMnCVLMzdpa5xZ9B3jqvLg74lRs78pxzcp28AU7mrRtsM0qT3OVzkky3JRTZAtD5spC7zokI4kAAAAAVtnY4wAAAAAAAAAA3z9hmASpL9tAVxktxD3XSOp3itxSvEmM6AUkwBS4ERmBXdoYi9pj+zdzQrXfTGvG3vst/x/K5GUM4oMNZfiK5gAAABsN4Lazp2QAAAAAAAAAAA88AAAAAAAAAAAAAAAGAAAAZAX14QAAACcQAAAAAAAAAAAAAAAAAAAAAAAAAAAAAAAAAAAAAAAAAAAAAAAAAAAAAAAAAAAAAAAAAAAAAAAAAAAAAAAAAAAAAAAAAAAAAAAAAAAAAAAAAAAAAAAAAAAAAAAAAAAAAAAAAAAAAAAAAAAAAAAAAAAAAAAAAAAAAAAAAAAAAAAAAAAAAAAA
\.


--
-- Data for Name: offers; Type: TABLE DATA; Schema: public; Owner: -
--

COPY offers (sellerid, offerid, sellingassettype, sellingassetcode, sellingissuer, buyingassettype, buyingassetcode, buyingissuer, amount, pricen, priced, price, flags, lastmodified) FROM stdin;
GAXMF43TGZHW3QN3REOUA2U5PW5BTARXGGYJ3JIFHW3YT6QRKRL3CPPU	1	0	\N	\N	1	USD	GAXMF43TGZHW3QN3REOUA2U5PW5BTARXGGYJ3JIFHW3YT6QRKRL3CPPU	2000000000	1	2	0.5	0	19
GB2QIYT2IAUFMRXKLSLLPRECC6OCOGJMADSPTRK7TGNT2SFR2YGWDARD	4	1	USD	GB2QIYT2IAUFMRXKLSLLPRECC6OCOGJMADSPTRK7TGNT2SFR2YGWDARD	0	\N	\N	100000000	1	1	1	0	24
GB6GN3LJUW6JYR7EDOJ47VBH7D45M4JWHXGK6LHJRAEI5JBSN2DBQY7Q	5	1	USD	GB6GN3LJUW6JYR7EDOJ47VBH7D45M4JWHXGK6LHJRAEI5JBSN2DBQY7Q	0	\N	\N	2000000000	1	1	1	1	26
GB6GN3LJUW6JYR7EDOJ47VBH7D45M4JWHXGK6LHJRAEI5JBSN2DBQY7Q	6	0	\N	\N	1	USD	GB6GN3LJUW6JYR7EDOJ47VBH7D45M4JWHXGK6LHJRAEI5JBSN2DBQY7Q	2000000000	1	1	1	1	26
\.


--
-- Data for Name: peers; Type: TABLE DATA; Schema: public; Owner: -
--

COPY peers (ip, port, nextattempt, numfailures) FROM stdin;
\.


--
-- Data for Name: publishqueue; Type: TABLE DATA; Schema: public; Owner: -
--

COPY publishqueue (ledger, state) FROM stdin;
\.


--
-- Data for Name: pubsub; Type: TABLE DATA; Schema: public; Owner: -
--

COPY pubsub (resid, lastread) FROM stdin;
\.


--
-- Data for Name: scphistory; Type: TABLE DATA; Schema: public; Owner: -
--

COPY scphistory (nodeid, ledgerseq, envelope) FROM stdin;
GAWBDXOXICZ54JEX74V7SDGKARAL5H2B74DFOAZVXZ4REICWDJFHA2H5	2	AAAAACwR3ddAs94kl/8r+QzKBEC+n0H/BlcDNb55EiBWGkpwAAAAAAAAAAIAAAACAAAAAQAAAEi5lEev1R1cptMqJyV86PLvZhkUlSQk9VwpPmG2+iubVAAAAABW2djKAAAAAgAAAAgAAAABAAAAAgAAAAgAAAADAAAnEAAAAAAAAAABwKikeG7usGpWChvAGhm/ztuKYSL7NXX4JZBnb8fBAHIAAABA5SLo8OHZWL/6x0eH0ynLHLDptv0XIXQwTMtrTtnv4MMe5o0rjmSLlBjJ+wicI65DR880ylGmR8Wr7sgAfKCCAQ==
GAWBDXOXICZ54JEX74V7SDGKARAL5H2B74DFOAZVXZ4REICWDJFHA2H5	3	AAAAACwR3ddAs94kl/8r+QzKBEC+n0H/BlcDNb55EiBWGkpwAAAAAAAAAAMAAAACAAAAAQAAADBCOWy8LpJK7+swlX16vvJDikTw++NIMGgKjlv2D3Bo1AAAAABW2djLAAAAAAAAAAAAAAABwKikeG7usGpWChvAGhm/ztuKYSL7NXX4JZBnb8fBAHIAAABAwKXBiie6KFcS6X2Himb6ZoqUVKyfg7Wkm5pISsdTuZy1yECXdQjc6yn9X3vJFNv2Wf3KCjYvuNVM0I7UqezUDg==
GAWBDXOXICZ54JEX74V7SDGKARAL5H2B74DFOAZVXZ4REICWDJFHA2H5	4	AAAAACwR3ddAs94kl/8r+QzKBEC+n0H/BlcDNb55EiBWGkpwAAAAAAAAAAQAAAACAAAAAQAAADBozcEQC/pkzrVgjFYMq9T+fzWnF/T8aSaUihiB9klfLwAAAABW2djMAAAAAAAAAAAAAAABwKikeG7usGpWChvAGhm/ztuKYSL7NXX4JZBnb8fBAHIAAABAsiQUcuF3+mYxpC7QDqadUaSlBu6KoAPO6csgwsy/0YVjfE4rtj7ezkblrgAfROoBfmNaE2pacbOB4ns8UftgBw==
GAWBDXOXICZ54JEX74V7SDGKARAL5H2B74DFOAZVXZ4REICWDJFHA2H5	5	AAAAACwR3ddAs94kl/8r+QzKBEC+n0H/BlcDNb55EiBWGkpwAAAAAAAAAAUAAAACAAAAAQAAADBn4ZhoOgtkMRIA5hBiqL8yWaYrsaAs/ki2bRaQGtKQMAAAAABW2djNAAAAAAAAAAAAAAABwKikeG7usGpWChvAGhm/ztuKYSL7NXX4JZBnb8fBAHIAAABA46MhDo+mfSfDP1r+xRsTagrdkDbu6qGuIrZWua2/T9ULS+27pds+KYSCQwVixoQw6pchff/g6eWqiXK8sPJWBA==
GAWBDXOXICZ54JEX74V7SDGKARAL5H2B74DFOAZVXZ4REICWDJFHA2H5	6	AAAAACwR3ddAs94kl/8r+QzKBEC+n0H/BlcDNb55EiBWGkpwAAAAAAAAAAYAAAACAAAAAQAAADCPDLEb1pBx0xXnq9AdD2ojPkaEhL74D0A1mp+pvv5uqgAAAABW2djOAAAAAAAAAAAAAAABwKikeG7usGpWChvAGhm/ztuKYSL7NXX4JZBnb8fBAHIAAABAN6eJ+RI2Ca92WFwkMErh7yK72h4FVKH3ANxQr+5160BvcBP8fb+/SA5BgcQy0tXlkq9xsqxj3QnlRn55tRShBw==
GAWBDXOXICZ54JEX74V7SDGKARAL5H2B74DFOAZVXZ4REICWDJFHA2H5	7	AAAAACwR3ddAs94kl/8r+QzKBEC+n0H/BlcDNb55EiBWGkpwAAAAAAAAAAcAAAACAAAAAQAAADCOMWmjH0WKnSBPZHOUv7U+elsiRA/xdrTHHH3DUUsRFgAAAABW2djPAAAAAAAAAAAAAAABwKikeG7usGpWChvAGhm/ztuKYSL7NXX4JZBnb8fBAHIAAABAe57wWgbu/RuTlLJLytdxE63ILyuiFkTtayJqRzniAPlZim+D8bCGnIRUCfD9Bh9HxSWyINP6XweOzDpVKJJ5Bg==
GAWBDXOXICZ54JEX74V7SDGKARAL5H2B74DFOAZVXZ4REICWDJFHA2H5	8	AAAAACwR3ddAs94kl/8r+QzKBEC+n0H/BlcDNb55EiBWGkpwAAAAAAAAAAgAAAACAAAAAQAAADDioRRchsMEOSeLMoYSggeD8VdnKs1s5eSulixbrGHQyQAAAABW2djQAAAAAAAAAAAAAAABwKikeG7usGpWChvAGhm/ztuKYSL7NXX4JZBnb8fBAHIAAABAZ0H7xEoenarUdVV1Aq9uNCpIaKnrNVAc2pCjBbCxnwlXuJe+ITJVBYcwSiwEZqslLgX71dI5K30AeB4q124HCg==
GAWBDXOXICZ54JEX74V7SDGKARAL5H2B74DFOAZVXZ4REICWDJFHA2H5	9	AAAAACwR3ddAs94kl/8r+QzKBEC+n0H/BlcDNb55EiBWGkpwAAAAAAAAAAkAAAACAAAAAQAAADDgliIbNkBW5HdcxvaByw9Z27IGWERtmupbQqHfJ1dncwAAAABW2djRAAAAAAAAAAAAAAABwKikeG7usGpWChvAGhm/ztuKYSL7NXX4JZBnb8fBAHIAAABAuG+Ww2GbNKZ+3MfHQPw0EeSuyIO0qOwSnoNkjgQqJ3U98qUwF+UcQrS5HN9YtilXWJjk4FOYubxMTOswWp+GAg==
GAWBDXOXICZ54JEX74V7SDGKARAL5H2B74DFOAZVXZ4REICWDJFHA2H5	10	AAAAACwR3ddAs94kl/8r+QzKBEC+n0H/BlcDNb55EiBWGkpwAAAAAAAAAAoAAAACAAAAAQAAADBCq46Vjd5bAdMsVTQkm/P+dtDlfo3ao0BjwbQJOzzVMgAAAABW2djSAAAAAAAAAAAAAAABwKikeG7usGpWChvAGhm/ztuKYSL7NXX4JZBnb8fBAHIAAABAd1U0L+6DxbPKkcsexEihMFCSKEhwiQZcIerNbHeeV9BCsTuoDHEd8lfu2LzFIVBREj8dcsPA2xkIiDj1ViPNBw==
GAWBDXOXICZ54JEX74V7SDGKARAL5H2B74DFOAZVXZ4REICWDJFHA2H5	11	AAAAACwR3ddAs94kl/8r+QzKBEC+n0H/BlcDNb55EiBWGkpwAAAAAAAAAAsAAAACAAAAAQAAADAozeGMa+kob21HvU9D2fSZSsOnMnPr2tPD4gvHjbVSJAAAAABW2djTAAAAAAAAAAAAAAABwKikeG7usGpWChvAGhm/ztuKYSL7NXX4JZBnb8fBAHIAAABAwtDYrJAfaiTGgpLxEasx34Oke3RdelWkzIPaxyXSaVUSUXsEQfOqDvzr6yC8dKhN38Mi8Be1ztlGwdUvg76OAg==
GAWBDXOXICZ54JEX74V7SDGKARAL5H2B74DFOAZVXZ4REICWDJFHA2H5	12	AAAAACwR3ddAs94kl/8r+QzKBEC+n0H/BlcDNb55EiBWGkpwAAAAAAAAAAwAAAACAAAAAQAAADBnF6B/+Pr2C0/mmnQ+b4iJoSlYeWOeovyfYvXft9Gt0AAAAABW2djUAAAAAAAAAAAAAAABwKikeG7usGpWChvAGhm/ztuKYSL7NXX4JZBnb8fBAHIAAABA4+ySjRH9RsP+T8zkwOwvSwpzuE+zKdmBOFsBmzmNCgJ63rDpEVVV7TDP4Pa9iAaRnDdJopD9F4LZWSTmtBdpBw==
GAWBDXOXICZ54JEX74V7SDGKARAL5H2B74DFOAZVXZ4REICWDJFHA2H5	13	AAAAACwR3ddAs94kl/8r+QzKBEC+n0H/BlcDNb55EiBWGkpwAAAAAAAAAA0AAAACAAAAAQAAADDLjCYe2TOvippAeZloaz+Jxv126htNHrszxDj4EGU0XgAAAABW2djVAAAAAAAAAAAAAAABwKikeG7usGpWChvAGhm/ztuKYSL7NXX4JZBnb8fBAHIAAABAtVvkPHmi9WMGfVyl9ZVpacbQ/AGSDSKe3Nry0ij/ewJ740+D8DhNe/sPheQ7BguDPyfPyjDCglkI/P5sxvhkCA==
GAWBDXOXICZ54JEX74V7SDGKARAL5H2B74DFOAZVXZ4REICWDJFHA2H5	14	AAAAACwR3ddAs94kl/8r+QzKBEC+n0H/BlcDNb55EiBWGkpwAAAAAAAAAA4AAAACAAAAAQAAADAwiJvi1HFZsqdXHA5nMr6eNvsGy92zk5ob1sUc9lR57QAAAABW2djWAAAAAAAAAAAAAAABwKikeG7usGpWChvAGhm/ztuKYSL7NXX4JZBnb8fBAHIAAABAB0dpBWBuaM5Tjdq3304UF2Uer34q/vwpL8Nj2+MYzakdSSjz/BjXgexwqGNgQkyO2URwq65UMoh0O+Acj2enCw==
GAWBDXOXICZ54JEX74V7SDGKARAL5H2B74DFOAZVXZ4REICWDJFHA2H5	15	AAAAACwR3ddAs94kl/8r+QzKBEC+n0H/BlcDNb55EiBWGkpwAAAAAAAAAA8AAAACAAAAAQAAADDgdm77bANDFFn2Ovje/Fx7c5xENK0+0RmRt7ois28eRgAAAABW2djXAAAAAAAAAAAAAAABwKikeG7usGpWChvAGhm/ztuKYSL7NXX4JZBnb8fBAHIAAABA7/Nkp3daYHHcWn2mKDlK8GeppAe8PMVRE0siqbyv5mpUAvaDawvURXKUCEp/NsqE0h4+lpMlOQ8hIUj27E1SBA==
GAWBDXOXICZ54JEX74V7SDGKARAL5H2B74DFOAZVXZ4REICWDJFHA2H5	16	AAAAACwR3ddAs94kl/8r+QzKBEC+n0H/BlcDNb55EiBWGkpwAAAAAAAAABAAAAACAAAAAQAAADD1JT8b5RuX+C2Ddof0bPN0PTioR4VB407eqT+aTrGkiQAAAABW2djYAAAAAAAAAAAAAAABwKikeG7usGpWChvAGhm/ztuKYSL7NXX4JZBnb8fBAHIAAABAuk2vqww0tibS71JYMXuSzJGRr9eWZFcZPyQ0NzhfXYqeIYKDKB0M+wfY59Y6mN/Ukh58Y9xkxCeZ9l8JdRT3AA==
GAWBDXOXICZ54JEX74V7SDGKARAL5H2B74DFOAZVXZ4REICWDJFHA2H5	17	AAAAACwR3ddAs94kl/8r+QzKBEC+n0H/BlcDNb55EiBWGkpwAAAAAAAAABEAAAACAAAAAQAAADDvOpwwdtdygpVrW/cknc5NMOirhijRwQpLGRVN4EdSPAAAAABW2djZAAAAAAAAAAAAAAABwKikeG7usGpWChvAGhm/ztuKYSL7NXX4JZBnb8fBAHIAAABAXszKVKyLXX4K+lqXG6dDOjM8IZtV8THC90EL8kJy4JVZxI0SOHKFr6Nks4jtQd+xZYuQYXgQb1dPfRlsUAhjBw==
GAWBDXOXICZ54JEX74V7SDGKARAL5H2B74DFOAZVXZ4REICWDJFHA2H5	18	AAAAACwR3ddAs94kl/8r+QzKBEC+n0H/BlcDNb55EiBWGkpwAAAAAAAAABIAAAACAAAAAQAAADCS37HBuwZNyERSlc/T5Z8NUk8Be2o7Z1rebIdyz0WvlwAAAABW2djaAAAAAAAAAAAAAAABwKikeG7usGpWChvAGhm/ztuKYSL7NXX4JZBnb8fBAHIAAABAfaOQCVpi9iFHOYKjr6cquvjKmT/mhCwAglCg2D1C+U3TN+IvBq62/t2Bol8qO9Y0Rmf/hQ/Q9HOhFfoMSVUWDg==
GAWBDXOXICZ54JEX74V7SDGKARAL5H2B74DFOAZVXZ4REICWDJFHA2H5	19	AAAAACwR3ddAs94kl/8r+QzKBEC+n0H/BlcDNb55EiBWGkpwAAAAAAAAABMAAAACAAAAAQAAADAbVheYK8suBHI5sX/vySP9jkn3SvBnmdaMAdEbtDcs4wAAAABW2djbAAAAAAAAAAAAAAABwKikeG7usGpWChvAGhm/ztuKYSL7NXX4JZBnb8fBAHIAAABAj856NwBwgUW+dRONUk/e0daPfqwKHXNOvbMkz5g+GylsSxX7m4thEa7Z4oRUvc3TdQ3M7f3V3vmNvuhJyanlBQ==
GAWBDXOXICZ54JEX74V7SDGKARAL5H2B74DFOAZVXZ4REICWDJFHA2H5	20	AAAAACwR3ddAs94kl/8r+QzKBEC+n0H/BlcDNb55EiBWGkpwAAAAAAAAABQAAAACAAAAAQAAADBunHNn2KqleCU1xHYUoCy7lzUrOpoaE3OhwiD3gXrWmwAAAABW2djcAAAAAAAAAAAAAAABwKikeG7usGpWChvAGhm/ztuKYSL7NXX4JZBnb8fBAHIAAABAFGlYu13PFUsxRhG1jXCf8NneUdEjR4hrxDpwnltRQDQDnlklpqoOhlpJlFClcMaUTupr1AlJ2b9iyeoYcIuZBw==
GAWBDXOXICZ54JEX74V7SDGKARAL5H2B74DFOAZVXZ4REICWDJFHA2H5	21	AAAAACwR3ddAs94kl/8r+QzKBEC+n0H/BlcDNb55EiBWGkpwAAAAAAAAABUAAAACAAAAAQAAADApijP8GVPglgocdM/UgP97Gqa3vm+D91Ngo9TuP9BD+gAAAABW2djdAAAAAAAAAAAAAAABwKikeG7usGpWChvAGhm/ztuKYSL7NXX4JZBnb8fBAHIAAABA1ZTmerZ40LF0Zu4cR4oQiLM3m7loFQBcS5etpv28/T9Ge72/53WoX0qZ/Gzy+zgWrARPDT5cvdTjTgMlXuHQDg==
GAWBDXOXICZ54JEX74V7SDGKARAL5H2B74DFOAZVXZ4REICWDJFHA2H5	22	AAAAACwR3ddAs94kl/8r+QzKBEC+n0H/BlcDNb55EiBWGkpwAAAAAAAAABYAAAACAAAAAQAAADBx501IpPxjHt2yVOxUC3bXVuZegV7RQvxehed/Nj+BxAAAAABW2djeAAAAAAAAAAAAAAABwKikeG7usGpWChvAGhm/ztuKYSL7NXX4JZBnb8fBAHIAAABA9D8w1MV+W9GQifTJMqPFllKce6Kb5BQzoWbFBcCab6oJylpBM6MuC1fFPat/2p3u0YnoFvR/z2DVhXljF8U7Aw==
GAWBDXOXICZ54JEX74V7SDGKARAL5H2B74DFOAZVXZ4REICWDJFHA2H5	23	AAAAACwR3ddAs94kl/8r+QzKBEC+n0H/BlcDNb55EiBWGkpwAAAAAAAAABcAAAACAAAAAQAAADDQQX7Jwuccpezzd7IYnWj9egXmCUyjKdXPUb/ZyeTC3AAAAABW2djfAAAAAAAAAAAAAAABwKikeG7usGpWChvAGhm/ztuKYSL7NXX4JZBnb8fBAHIAAABAHMHWSbGBsJ4Z37nsVWsJ+uEwBN3T7hQVajkSqnwiEm5lQNOJJQZmTXMRfLNT0j1mFTykN2pN+EOW2U1d0o0SDQ==
GAWBDXOXICZ54JEX74V7SDGKARAL5H2B74DFOAZVXZ4REICWDJFHA2H5	24	AAAAACwR3ddAs94kl/8r+QzKBEC+n0H/BlcDNb55EiBWGkpwAAAAAAAAABgAAAACAAAAAQAAADDCyUi9cjGGNrikm32+Kvv94PF1o5UYx1V8nct9B2Sw1QAAAABW2djgAAAAAAAAAAAAAAABwKikeG7usGpWChvAGhm/ztuKYSL7NXX4JZBnb8fBAHIAAABAwBn3GCAoc0XTt7BAC6C/a4W2vI656R5BYMM5elaXjmxsRi2M72/71o2rHf1VrTEsjmlqOxnGV5GivyEeUMECBw==
GAWBDXOXICZ54JEX74V7SDGKARAL5H2B74DFOAZVXZ4REICWDJFHA2H5	25	AAAAACwR3ddAs94kl/8r+QzKBEC+n0H/BlcDNb55EiBWGkpwAAAAAAAAABkAAAACAAAAAQAAADBcDXoiOCQfpKeZzXkgQoLYM5RT9hzxDUmP3h5ucnHd7gAAAABW2djhAAAAAAAAAAAAAAABwKikeG7usGpWChvAGhm/ztuKYSL7NXX4JZBnb8fBAHIAAABASgc6I4wtcLr3M3zW/l0gdudBQUQ+mj6vmtcKAUeMyv75x58aYc2uWi+T86vpLoXH/TdycLRZ63U7vt6isMPjAg==
GAWBDXOXICZ54JEX74V7SDGKARAL5H2B74DFOAZVXZ4REICWDJFHA2H5	26	AAAAACwR3ddAs94kl/8r+QzKBEC+n0H/BlcDNb55EiBWGkpwAAAAAAAAABoAAAACAAAAAQAAADBfzpMFMCPk3Cci7epftG2ulyh075R1kQwCtenVTPA0EQAAAABW2djiAAAAAAAAAAAAAAABwKikeG7usGpWChvAGhm/ztuKYSL7NXX4JZBnb8fBAHIAAABANrKso0st5bgV8L5NjCSO5e7HzDhvzSyr4R2piyt7bJ9v6Ew4BvhXkviLinLlqR4yN4JaGakHc2am5hr3Loo1Bg==
GAWBDXOXICZ54JEX74V7SDGKARAL5H2B74DFOAZVXZ4REICWDJFHA2H5	27	AAAAACwR3ddAs94kl/8r+QzKBEC+n0H/BlcDNb55EiBWGkpwAAAAAAAAABsAAAACAAAAAQAAADDNynbwBTuatG2wzSpPc5XOSTLclFNkC0PmykLvOiQjiQAAAABW2djjAAAAAAAAAAAAAAABwKikeG7usGpWChvAGhm/ztuKYSL7NXX4JZBnb8fBAHIAAABAPPTh9fHYz5GjG3SIUqxuQ+EsYe9XUgNdqM0H3aTZQ40Ak679OYOrd97ublbXXlb0KVvVnBk0UREulUeKfR7PDw==
\.


--
-- Data for Name: scpquorums; Type: TABLE DATA; Schema: public; Owner: -
--

COPY scpquorums (qsethash, lastledgerseq, qset) FROM stdin;
c0a8a4786eeeb06a560a1bc01a19bfcedb8a6122fb3575f82590676fc7c10072	27	AAAAAQAAAAEAAAAALBHd10Cz3iSX/yv5DMoEQL6fQf8GVwM1vnkSIFYaSnAAAAAA
\.


--
-- Data for Name: signers; Type: TABLE DATA; Schema: public; Owner: -
--

COPY signers (accountid, publickey, weight) FROM stdin;
GDXFAGJCSCI4CK2YHK6YRLA6TKEXFRX7BMGVMQOBMLIEUJRJ5YQNLMIB	GD3E7HKMRNT6HGBGHBT6I6JE4N2S4W5KZ246TGJ4KQSXJ2P4BXCUPQMP	1
\.


--
-- Data for Name: storestate; Type: TABLE DATA; Schema: public; Owner: -
--

COPY storestate (statename, state) FROM stdin;
databaseschema                  	3
forcescponnextlaunch            	false
lastclosedledger                	0893fe1ca56980843e3ba1f90ae4aae044d1ac633af67bd5facad93a6cee7e1e
historyarchivestate             	{\n    "version": 1,\n    "server": "v0.4.1-61-gffd1ccd",\n    "currentLedger": 27,\n    "currentBuckets": [\n        {\n            "curr": "28ca1b6c312843ead51960e55d999f1499f3a2de50d5f4cb1604739427d5704c",\n            "next": {\n                "state": 0\n            },\n            "snap": "3a03f695cd4135df8a99e68cf2cfb0099e14e733f00436c4774e0085d077df24"\n        },\n        {\n            "curr": "885857ab581322a8dfb39cecc4b7131e343240f087afac189512e03e45aec656",\n            "next": {\n                "state": 1,\n                "output": "859f0dfbb8f0a180f855ddce55179167b5e1454eb8f5b16e82a6b54a2de8101c"\n            },\n            "snap": "7ba88210856c6afa05f210fe493780644c4138468a2e3a702e00b09447a299b0"\n        },\n        {\n            "curr": "8b1570ba3fbd3f4311a8c8bb1ae1ff5e2c34e80f127854dfae978f0bd58d2e47",\n            "next": {\n                "state": 1,\n                "output": "b55983616ec0c973f7247e4453cdd8d21629705e099e28d85a435065e9c01c39"\n            },\n            "snap": "0000000000000000000000000000000000000000000000000000000000000000"\n        },\n        {\n            "curr": "0000000000000000000000000000000000000000000000000000000000000000",\n            "next": {\n                "state": 0\n            },\n            "snap": "0000000000000000000000000000000000000000000000000000000000000000"\n        },\n        {\n            "curr": "0000000000000000000000000000000000000000000000000000000000000000",\n            "next": {\n                "state": 0\n            },\n            "snap": "0000000000000000000000000000000000000000000000000000000000000000"\n        },\n        {\n            "curr": "0000000000000000000000000000000000000000000000000000000000000000",\n            "next": {\n                "state": 0\n            },\n            "snap": "0000000000000000000000000000000000000000000000000000000000000000"\n        },\n        {\n            "curr": "0000000000000000000000000000000000000000000000000000000000000000",\n            "next": {\n                "state": 0\n            },\n            "snap": "0000000000000000000000000000000000000000000000000000000000000000"\n        },\n        {\n            "curr": "0000000000000000000000000000000000000000000000000000000000000000",\n            "next": {\n                "state": 0\n            },\n            "snap": "0000000000000000000000000000000000000000000000000000000000000000"\n        },\n        {\n            "curr": "0000000000000000000000000000000000000000000000000000000000000000",\n            "next": {\n                "state": 0\n            },\n            "snap": "0000000000000000000000000000000000000000000000000000000000000000"\n        },\n        {\n            "curr": "0000000000000000000000000000000000000000000000000000000000000000",\n            "next": {\n                "state": 0\n            },\n            "snap": "0000000000000000000000000000000000000000000000000000000000000000"\n        },\n        {\n            "curr": "0000000000000000000000000000000000000000000000000000000000000000",\n            "next": {\n                "state": 0\n            },\n            "snap": "0000000000000000000000000000000000000000000000000000000000000000"\n        }\n    ]\n}
lastscpdata                     	AAAAAgAAAAAsEd3XQLPeJJf/K/kMygRAvp9B/wZXAzW+eRIgVhpKcAAAAAAAAAAbAAAAA8CopHhu7rBqVgobwBoZv87bimEi+zV1+CWQZ2/HwQByAAAAAQAAADDNynbwBTuatG2wzSpPc5XOSTLclFNkC0PmykLvOiQjiQAAAABW2djjAAAAAAAAAAAAAAABAAAAMM3KdvAFO5q0bbDNKk9zlc5JMtyUU2QLQ+bKQu86JCOJAAAAAFbZ2OMAAAAAAAAAAAAAAEBfj/fl0JhnHFtqzcW2B1DvlxtqpDukdGal2rpxclScA3q4dRZsAUw+VPDoiKBQALBu5aCR8OJcgxdOrdvbeogAAAAAACwR3ddAs94kl/8r+QzKBEC+n0H/BlcDNb55EiBWGkpwAAAAAAAAABsAAAACAAAAAQAAADDNynbwBTuatG2wzSpPc5XOSTLclFNkC0PmykLvOiQjiQAAAABW2djjAAAAAAAAAAAAAAABwKikeG7usGpWChvAGhm/ztuKYSL7NXX4JZBnb8fBAHIAAABAPPTh9fHYz5GjG3SIUqxuQ+EsYe9XUgNdqM0H3aTZQ40Ak679OYOrd97ublbXXlb0KVvVnBk0UREulUeKfR7PDwAAAAFOJm9w/AES8s8jJwlSzM3aWucWfQd46ry4O+JUbO/KcQAAAAAAAAABAAAAAQAAAAEAAAAALBHd10Cz3iSX/yv5DMoEQL6fQf8GVwM1vnkSIFYaSnAAAAAA
\.


--
-- Data for Name: trustlines; Type: TABLE DATA; Schema: public; Owner: -
--

COPY trustlines (accountid, assettype, issuer, assetcode, tlimit, balance, flags, lastmodified) FROM stdin;
GANZGPKY5WSHWG5YOZMNG52GCK5SCJ4YGUWMJJVGZSK2FP4BI2JIJN2C	1	GCHC4D2CS45CJRNN4QAHT2LFZAJIU5PA7H53K3VOP6WEJ6XWHNSNZKQG	USD	9223372036854775807	100000000	1	15
GDRW375MAYR46ODGF2WGANQC2RRZL7O246DYHHCGWTV2RE7IHE2QUQLD	1	GAXMF43TGZHW3QN3REOUA2U5PW5BTARXGGYJ3JIFHW3YT6QRKRL3CPPU	USD	9223372036854775807	0	1	19
GACAR2AEYEKITE2LKI5RMXF5MIVZ6Q7XILROGDT22O7JX4DSWFS7FDDP	1	GAXMF43TGZHW3QN3REOUA2U5PW5BTARXGGYJ3JIFHW3YT6QRKRL3CPPU	EUR	9223372036854775807	3000000000	1	20
GBOK7BOUSOWPHBANBYM6MIRYZJIDIPUYJPXHTHADF75UEVIVYWHHONQC	1	GB2QIYT2IAUFMRXKLSLLPRECC6OCOGJMADSPTRK7TGNT2SFR2YGWDARD	USD	9223372036854775807	200000000	1	24
\.


--
-- Data for Name: txfeehistory; Type: TABLE DATA; Schema: public; Owner: -
--

COPY txfeehistory (txid, ledgerseq, txindex, txchanges) FROM stdin;
f5e0d1f500b2d0c4b42fb8a438d5ed764bc58d1392f4328f4713af407b1968ca	3	1	AAAAAgAAAAMAAAABAAAAAAAAAABi/B0L0JGythwN1lY0aypo19NHxvLCyO5tBEcCVvwF9w3gtrOnZAAAAAAAAAAAAAAAAAAAAAAAAAAAAAAAAAAAAQAAAAAAAAAAAAAAAAAAAAAAAAEAAAADAAAAAAAAAABi/B0L0JGythwN1lY0aypo19NHxvLCyO5tBEcCVvwF9w3gtrOnY/+cAAAAAAAAAAEAAAAAAAAAAAAAAAAAAAAAAQAAAAAAAAAAAAAAAAAAAA==
66e27fb28870cb5256ea92764bcb222adbbaa5fec2d89a62a9aa8c9c8e2ee9e9	4	1	AAAAAgAAAAMAAAADAAAAAAAAAABi/B0L0JGythwN1lY0aypo19NHxvLCyO5tBEcCVvwF9w3gtrFTWBucAAAAAAAAAAEAAAAAAAAAAAAAAAAAAAAAAQAAAAAAAAAAAAAAAAAAAAAAAAEAAAAEAAAAAAAAAABi/B0L0JGythwN1lY0aypo19NHxvLCyO5tBEcCVvwF9w3gtrFTWBs4AAAAAAAAAAIAAAAAAAAAAAAAAAAAAAAAAQAAAAAAAAAAAAAAAAAAAA==
e9d1a3000aea36743142f2ede106d3cb37c3d7e88508e3f21b496370b5863858	5	1	AAAAAgAAAAMAAAAEAAAAAAAAAADuUBkikJHBK1g6vYisHpqJcsb/Cw1WQcFi0EomKe4g1QAAAAJUC+QAAAAABAAAAAAAAAAAAAAAAAAAAAAAAAAAAQAAAAAAAAAAAAAAAAAAAAAAAAEAAAAFAAAAAAAAAADuUBkikJHBK1g6vYisHpqJcsb/Cw1WQcFi0EomKe4g1QAAAAJUC+OcAAAABAAAAAEAAAAAAAAAAAAAAAAAAAAAAQAAAAAAAAAAAAAAAAAAAA==
995b9269f9f9c4c1eace75501188766d6e8ae40c5413120811a50437683cb74c	5	2	AAAAAQAAAAEAAAAFAAAAAAAAAADuUBkikJHBK1g6vYisHpqJcsb/Cw1WQcFi0EomKe4g1QAAAAJUC+M4AAAABAAAAAIAAAAAAAAAAAAAAAAAAAAAAQAAAAAAAAAAAAAAAAAAAA==
f78dca926455579b4a43009ffe35a0229a6da4bed32d3c999d7a06ad26605a25	5	3	AAAAAQAAAAEAAAAFAAAAAAAAAADuUBkikJHBK1g6vYisHpqJcsb/Cw1WQcFi0EomKe4g1QAAAAJUC+LUAAAABAAAAAMAAAAAAAAAAAAAAAAAAAAAAQAAAAAAAAAAAAAAAAAAAA==
a9085e13fbe9f84e07e320a0d445536de1afc2cfd8c7e4186687807edd2b4897	6	1	AAAAAgAAAAMAAAAFAAAAAAAAAADuUBkikJHBK1g6vYisHpqJcsb/Cw1WQcFi0EomKe4g1QAAAAJUC+LUAAAABAAAAAMAAAABAAAAAAAAAAAAAAAAAQICAgAAAAEAAAAA9k+dTItn45gmOGfkeSTjdS5bqs656Zk8VCV06fwNxUcAAAABAAAAAAAAAAAAAAABAAAABgAAAAAAAAAA7lAZIpCRwStYOr2IrB6aiXLG/wsNVkHBYtBKJinuINUAAAACVAvicAAAAAQAAAAEAAAAAQAAAAAAAAAAAAAAAAECAgIAAAABAAAAAPZPnUyLZ+OYJjhn5Hkk43UuW6rOuemZPFQldOn8DcVHAAAAAQAAAAAAAAAA
0fb9c2e20946222b23e1d1d660de9d74576c41cfd9b199f9d565a013c1ef89ca	7	1	AAAAAgAAAAMAAAAEAAAAAAAAAABi/B0L0JGythwN1lY0aypo19NHxvLCyO5tBEcCVvwF9w3gtq7/TDc4AAAAAAAAAAIAAAAAAAAAAAAAAAAAAAAAAQAAAAAAAAAAAAAAAAAAAAAAAAEAAAAHAAAAAAAAAABi/B0L0JGythwN1lY0aypo19NHxvLCyO5tBEcCVvwF9w3gtq7/TDbUAAAAAAAAAAMAAAAAAAAAAAAAAAAAAAAAAQAAAAAAAAAAAAAAAAAAAA==
dd74eee27a59843b28a05ad08abf65eaa231b7debe4d05550c0a7a424cca5929	8	1	AAAAAgAAAAMAAAAHAAAAAAAAAAA56sVBEtGr+Hdd/gQSsSrPugP3CTbTNf53+Hh1dzsNOgAAAAJUC+QAAAAABwAAAAAAAAAAAAAAAAAAAAAAAAAAAQAAAAAAAAAAAAAAAAAAAAAAAAEAAAAIAAAAAAAAAAA56sVBEtGr+Hdd/gQSsSrPugP3CTbTNf53+Hh1dzsNOgAAAAJUC+OcAAAABwAAAAEAAAAAAAAAAAAAAAAAAAAAAQAAAAAAAAAAAAAAAAAAAA==
2551e76a3ce4881b7bc73fdfd89d670d511ea7d4e56156252b51777023202de7	8	2	AAAAAQAAAAEAAAAIAAAAAAAAAAA56sVBEtGr+Hdd/gQSsSrPugP3CTbTNf53+Hh1dzsNOgAAAAJUC+M4AAAABwAAAAIAAAAAAAAAAAAAAAAAAAAAAQAAAAAAAAAAAAAAAAAAAA==
3b36ecfbcc2adb0cfff08ae86199f64e12984f084bb03be9bb249611df82322b	8	3	AAAAAQAAAAEAAAAIAAAAAAAAAAA56sVBEtGr+Hdd/gQSsSrPugP3CTbTNf53+Hh1dzsNOgAAAAJUC+LUAAAABwAAAAMAAAAAAAAAAAAAAAAAAAAAAQAAAAAAAAAAAAAAAAAAAA==
e14885cb66af5f7f5e991b014eec475c61cc831292cf5526cdd0cda145300837	8	4	AAAAAQAAAAEAAAAIAAAAAAAAAAA56sVBEtGr+Hdd/gQSsSrPugP3CTbTNf53+Hh1dzsNOgAAAAJUC+JwAAAABwAAAAQAAAAAAAAAAAAAAAAAAAAAAQAAAAAAAAAAAAAAAAAAAA==
66c28c0ccd5a2e47026aacafa2ecd3c501fe5de349ef376c0f8afb893c7bb55d	9	1	AAAAAgAAAAMAAAAIAAAAAAAAAABi/B0L0JGythwN1lY0aypo19NHxvLCyO5tBEcCVvwF9w3gtqytoqzUAAAAAAAAAAMAAAAAAAAAAAAAAAAAAAAAAQAAAAAAAAAAAAAAAAAAAAAAAAEAAAAJAAAAAAAAAABi/B0L0JGythwN1lY0aypo19NHxvLCyO5tBEcCVvwF9w3gtqytoqxwAAAAAAAAAAQAAAAAAAAAAAAAAAAAAAAAAQAAAAAAAAAAAAAAAAAAAA==
fdb696a797b769176cbaed3a50e4a6a8671119621f65a3f954a3bcf100c7ef0c	10	1	AAAAAgAAAAMAAAAJAAAAAAAAAAAN3U7egAPpmax0171jjN0hBbWtO8h8ARiL/SKX2QViXgAAAAJUC+QAAAAACQAAAAAAAAAAAAAAAAAAAAAAAAAAAQAAAAAAAAAAAAAAAAAAAAAAAAEAAAAKAAAAAAAAAAAN3U7egAPpmax0171jjN0hBbWtO8h8ARiL/SKX2QViXgAAAAJUC+M4AAAACQAAAAEAAAAAAAAAAAAAAAAAAAAAAQAAAAAAAAAAAAAAAAAAAA==
67601a2ca212b84092a7d3c521172b67f4b93d72b726a06c540917d2ab83c1a1	11	1	AAAAAgAAAAMAAAAKAAAAAAAAAABi/B0L0JGythwN1lY0aypo19NHxvLCyO5tBEcCVvwF9w3gtqplgopwAAAAAAAAAAQAAAAAAAAAAAAAAAAAAAAAAQAAAAAAAAAAAAAAAAAAAAAAAAEAAAALAAAAAAAAAABi/B0L0JGythwN1lY0aypo19NHxvLCyO5tBEcCVvwF9w3gtqplgooMAAAAAAAAAAUAAAAAAAAAAAAAAAAAAAAAAQAAAAAAAAAAAAAAAAAAAA==
0e128647b2b93786b6b76e182dcda0173757066f8caf0523d1ba3b47fd6f720d	12	1	AAAAAgAAAAMAAAALAAAAAAAAAADFWYTSISn1LvRh2SuEC7p1PiNKc+9tS7OK1DigFx9oMwAAAAJUC+QAAAAACwAAAAAAAAAAAAAAAAAAAAAAAAAAAQAAAAAAAAAAAAAAAAAAAAAAAAEAAAAMAAAAAAAAAADFWYTSISn1LvRh2SuEC7p1PiNKc+9tS7OK1DigFx9oMwAAAAJUC+OcAAAACwAAAAEAAAAAAAAAAAAAAAAAAAAAAQAAAAAAAAAAAAAAAAAAAA==
cd8a8e9eb53fd268d1294e228995c27f422d90783c4054e44ab0028fc1da210a	13	1	AAAAAgAAAAMAAAALAAAAAAAAAABi/B0L0JGythwN1lY0aypo19NHxvLCyO5tBEcCVvwF9w3gtqgRdqYMAAAAAAAAAAUAAAAAAAAAAAAAAAAAAAAAAQAAAAAAAAAAAAAAAAAAAAAAAAEAAAANAAAAAAAAAABi/B0L0JGythwN1lY0aypo19NHxvLCyO5tBEcCVvwF9w3gtqgRdqWoAAAAAAAAAAYAAAAAAAAAAAAAAAAAAAAAAQAAAAAAAAAAAAAAAAAAAA==
bfbd5e9457d717bcf847291a6c24b7cd8db4ff784ecd4592be30d08146c0c264	13	2	AAAAAQAAAAEAAAANAAAAAAAAAABi/B0L0JGythwN1lY0aypo19NHxvLCyO5tBEcCVvwF9w3gtqgRdqVEAAAAAAAAAAcAAAAAAAAAAAAAAAAAAAAAAQAAAAAAAAAAAAAAAAAAAA==
dbd964fcfdb336a30f21c240fffdaf73d7c75880ed1b99375c62f84e3e592570	14	1	AAAAAgAAAAMAAAANAAAAAAAAAAAbkz1Y7aR7G7h2WNN3RhK7ISeYNSzEpqbMlaK/gUaShAAAAAJUC+QAAAAADQAAAAAAAAAAAAAAAAAAAAAAAAAAAQAAAAAAAAAAAAAAAAAAAAAAAAEAAAAOAAAAAAAAAAAbkz1Y7aR7G7h2WNN3RhK7ISeYNSzEpqbMlaK/gUaShAAAAAJUC+OcAAAADQAAAAEAAAAAAAAAAAAAAAAAAAAAAQAAAAAAAAAAAAAAAAAAAA==
30880dd42d8e402a30d8a3527b56c1e33e18e87c46e1332ea5cfc1721fd87cfb	14	2	AAAAAgAAAAMAAAANAAAAAAAAAACOLg9Clzokxa3kAHnpZcgSinXg+fu1bq5/rET69jtk3AAAAAJUC+QAAAAADQAAAAAAAAAAAAAAAAAAAAAAAAAAAQAAAAAAAAAAAAAAAAAAAAAAAAEAAAAOAAAAAAAAAACOLg9Clzokxa3kAHnpZcgSinXg+fu1bq5/rET69jtk3AAAAAJUC+OcAAAADQAAAAEAAAAAAAAAAAAAAAAAAAAAAQAAAAAAAAAAAAAAAAAAAA==
142c988b1f67984f74a1581de9caecf499e60f1e0eed496661aa2c559238764c	15	1	AAAAAgAAAAMAAAAOAAAAAAAAAACOLg9Clzokxa3kAHnpZcgSinXg+fu1bq5/rET69jtk3AAAAAJOFgKcAAAADQAAAAEAAAAAAAAAAAAAAAAAAAAAAQAAAAAAAAAAAAAAAAAAAAAAAAEAAAAPAAAAAAAAAACOLg9Clzokxa3kAHnpZcgSinXg+fu1bq5/rET69jtk3AAAAAJOFgI4AAAADQAAAAIAAAAAAAAAAAAAAAAAAAAAAQAAAAAAAAAAAAAAAAAAAA==
a5a9e3ca63e9cc155359c97337bcb14464cca56b230a4d0c7f27582644d16809	16	1	AAAAAgAAAAMAAAANAAAAAAAAAABi/B0L0JGythwN1lY0aypo19NHxvLCyO5tBEcCVvwF9w3gtqNpXt1EAAAAAAAAAAcAAAAAAAAAAAAAAAAAAAAAAQAAAAAAAAAAAAAAAAAAAAAAAAEAAAAQAAAAAAAAAABi/B0L0JGythwN1lY0aypo19NHxvLCyO5tBEcCVvwF9w3gtqNpXtzgAAAAAAAAAAgAAAAAAAAAAAAAAAAAAAAAAQAAAAAAAAAAAAAAAAAAAA==
6a056189b45760c607e331c90c5a8b4cd720961df8bc8cecfd4aa388b577a6cb	16	2	AAAAAQAAAAEAAAAQAAAAAAAAAABi/B0L0JGythwN1lY0aypo19NHxvLCyO5tBEcCVvwF9w3gtqNpXtx8AAAAAAAAAAkAAAAAAAAAAAAAAAAAAAAAAQAAAAAAAAAAAAAAAAAAAA==
18bf6cce20cfbb0f9079c4b8783718949d13bd12d173a60363d2b8e3a07efead	16	3	AAAAAQAAAAEAAAAQAAAAAAAAAABi/B0L0JGythwN1lY0aypo19NHxvLCyO5tBEcCVvwF9w3gtqNpXtwYAAAAAAAAAAoAAAAAAAAAAAAAAAAAAAAAAQAAAAAAAAAAAAAAAAAAAA==
cdef45dd961d59375351ea7dd7ef6414ff49371a335723e84dafacea1e13665a	17	1	AAAAAgAAAAMAAAAQAAAAAAAAAADjbf+sBiPPOGYurGA2AtRjlf3a54eDnEa066iT6Dk1CgAAAAJUC+QAAAAAEAAAAAAAAAAAAAAAAAAAAAAAAAAAAQAAAAAAAAAAAAAAAAAAAAAAAAEAAAARAAAAAAAAAADjbf+sBiPPOGYurGA2AtRjlf3a54eDnEa066iT6Dk1CgAAAAJUC+OcAAAAEAAAAAEAAAAAAAAAAAAAAAAAAAAAAQAAAAAAAAAAAAAAAAAAAA==
d1f593eb5e14f97027bc79821fa46628c107034fba9a5acef6a9da79e051ee73	17	2	AAAAAgAAAAMAAAAQAAAAAAAAAAAECOgEwRSJk0tSOxZcvWIrn0P3QuLjDnrTvpvwcrFl8gAAAAJUC+QAAAAAEAAAAAAAAAAAAAAAAAAAAAAAAAAAAQAAAAAAAAAAAAAAAAAAAAAAAAEAAAARAAAAAAAAAAAECOgEwRSJk0tSOxZcvWIrn0P3QuLjDnrTvpvwcrFl8gAAAAJUC+OcAAAAEAAAAAEAAAAAAAAAAAAAAAAAAAAAAQAAAAAAAAAAAAAAAAAAAA==
902b90c2322b9e6b335e7543389a7446b86e3039ebf59ec66dffb50eaec0dc85	18	1	AAAAAgAAAAMAAAAQAAAAAAAAAAAuwvNzNk9twbuJHUBqnX26GYI3MbCdpQU9t4n6EVRXsQAAAAJUC+QAAAAAEAAAAAAAAAAAAAAAAAAAAAAAAAAAAQAAAAAAAAAAAAAAAAAAAAAAAAEAAAASAAAAAAAAAAAuwvNzNk9twbuJHUBqnX26GYI3MbCdpQU9t4n6EVRXsQAAAAJUC+OcAAAAEAAAAAEAAAAAAAAAAAAAAAAAAAAAAQAAAAAAAAAAAAAAAAAAAA==
ca756d1519ceda79f8722042b12cea7ba004c3bd961adb62b59f88a867f86eb3	18	2	AAAAAQAAAAEAAAASAAAAAAAAAAAuwvNzNk9twbuJHUBqnX26GYI3MbCdpQU9t4n6EVRXsQAAAAJUC+M4AAAAEAAAAAIAAAAAAAAAAAAAAAAAAAAAAQAAAAAAAAAAAAAAAAAAAA==
37bb79f6959c0e8e9b3d31f6c9308d8d084d9c6742cfa56ca094cfa6eae99423	18	3	AAAAAQAAAAEAAAASAAAAAAAAAAAuwvNzNk9twbuJHUBqnX26GYI3MbCdpQU9t4n6EVRXsQAAAAJUC+LUAAAAEAAAAAMAAAAAAAAAAAAAAAAAAAAAAQAAAAAAAAAAAAAAAAAAAA==
198844c8b472daacc5b717695a4ca16ac799a13fb2cf4152d19e2117ae1c56c3	19	1	AAAAAgAAAAMAAAARAAAAAAAAAADjbf+sBiPPOGYurGA2AtRjlf3a54eDnEa066iT6Dk1CgAAAAJUC+OcAAAAEAAAAAEAAAABAAAAAAAAAAAAAAAAAQAAAAAAAAAAAAAAAAAAAAAAAAEAAAATAAAAAAAAAADjbf+sBiPPOGYurGA2AtRjlf3a54eDnEa066iT6Dk1CgAAAAJUC+M4AAAAEAAAAAIAAAABAAAAAAAAAAAAAAAAAQAAAAAAAAAAAAAAAAAAAA==
f08dc1fec150f276562866ce4f5272f658cf0bd9fd8c1d96a22c196be2e1b25a	20	1	AAAAAgAAAAMAAAATAAAAAAAAAADjbf+sBiPPOGYurGA2AtRjlf3a54eDnEa066iT6Dk1CgAAAAJUC+M4AAAAEAAAAAIAAAABAAAAAAAAAAAAAAAAAQAAAAAAAAAAAAAAAAAAAAAAAAEAAAAUAAAAAAAAAADjbf+sBiPPOGYurGA2AtRjlf3a54eDnEa066iT6Dk1CgAAAAJUC+LUAAAAEAAAAAMAAAABAAAAAAAAAAAAAAAAAQAAAAAAAAAAAAAAAAAAAA==
2a6987a6930eab7e3becacf9b76ed7a06802668c1f1eb0f82f5671014b4b636a	21	1	AAAAAgAAAAMAAAAQAAAAAAAAAABi/B0L0JGythwN1lY0aypo19NHxvLCyO5tBEcCVvwF9w3gtpxtOzAYAAAAAAAAAAoAAAAAAAAAAAAAAAAAAAAAAQAAAAAAAAAAAAAAAAAAAAAAAAEAAAAVAAAAAAAAAABi/B0L0JGythwN1lY0aypo19NHxvLCyO5tBEcCVvwF9w3gtpxtOy+0AAAAAAAAAAsAAAAAAAAAAAAAAAAAAAAAAQAAAAAAAAAAAAAAAAAAAA==
96415ac1d2f79621b26b1568f963fd8dd6c50c20a22c7428cefbfe9dee867588	21	2	AAAAAQAAAAEAAAAVAAAAAAAAAABi/B0L0JGythwN1lY0aypo19NHxvLCyO5tBEcCVvwF9w3gtpxtOy9QAAAAAAAAAAwAAAAAAAAAAAAAAAAAAAAAAQAAAAAAAAAAAAAAAAAAAA==
be05e4bd966d58689e1b6fae013e5aa77bde56e6acd2db9b96870e5e746a4ab7	22	1	AAAAAgAAAAMAAAAVAAAAAAAAAABcr4XUk6zzhA0OGeYiOMpQND6YS+55nAMv+0JVFcWOdwAAAAJUC+QAAAAAFQAAAAAAAAAAAAAAAAAAAAAAAAAAAQAAAAAAAAAAAAAAAAAAAAAAAAEAAAAWAAAAAAAAAABcr4XUk6zzhA0OGeYiOMpQND6YS+55nAMv+0JVFcWOdwAAAAJUC+OcAAAAFQAAAAEAAAAAAAAAAAAAAAAAAAAAAQAAAAAAAAAAAAAAAAAAAA==
d8b2508123656b1df1ee17c2767829bc22ab41959ad25e6ccc520e849516fba1	23	1	AAAAAgAAAAMAAAAWAAAAAAAAAABcr4XUk6zzhA0OGeYiOMpQND6YS+55nAMv+0JVFcWOdwAAAAJUC+OcAAAAFQAAAAEAAAABAAAAAAAAAAAAAAAAAQAAAAAAAAAAAAAAAAAAAAAAAAEAAAAXAAAAAAAAAABcr4XUk6zzhA0OGeYiOMpQND6YS+55nAMv+0JVFcWOdwAAAAJUC+M4AAAAFQAAAAIAAAABAAAAAAAAAAAAAAAAAQAAAAAAAAAAAAAAAAAAAA==
01346de1ca30ce03149d9f54945956a22f9cbed3d81f81c62bb59cf8cdd8b893	24	1	AAAAAgAAAAMAAAAVAAAAAAAAAAB1BGJ6QChWRupclrfEghecJxksAOT5xV+Zmz1IsdYNYQAAAAJUC+QAAAAAFQAAAAAAAAAAAAAAAAAAAAAAAAAAAQAAAAAAAAAAAAAAAAAAAAAAAAEAAAAYAAAAAAAAAAB1BGJ6QChWRupclrfEghecJxksAOT5xV+Zmz1IsdYNYQAAAAJUC+OcAAAAFQAAAAEAAAAAAAAAAAAAAAAAAAAAAQAAAAAAAAAAAAAAAAAAAA==
5065cd7c97cfb6fbf7da8493beed47ed2c7efb3b00b77a4c92692ed487fb86a4	25	1	AAAAAgAAAAMAAAAVAAAAAAAAAABi/B0L0JGythwN1lY0aypo19NHxvLCyO5tBEcCVvwF9w3gtpfFI2dQAAAAAAAAAAwAAAAAAAAAAAAAAAAAAAAAAQAAAAAAAAAAAAAAAAAAAAAAAAEAAAAZAAAAAAAAAABi/B0L0JGythwN1lY0aypo19NHxvLCyO5tBEcCVvwF9w3gtpfFI2bsAAAAAAAAAA0AAAAAAAAAAAAAAAAAAAAAAQAAAAAAAAAAAAAAAAAAAA==
a76e0260f6b83c6ea93f545d17de721c079dc31e81ee5edc41f159ec5fb48443	26	1	AAAAAgAAAAMAAAAZAAAAAAAAAAB8Zu1ppbycR+Qbk8/UJ/j51nE2PcyvLOmICI6kMm6GGAAAAAJUC+QAAAAAGQAAAAAAAAAAAAAAAAAAAAAAAAAAAQAAAAAAAAAAAAAAAAAAAAAAAAEAAAAaAAAAAAAAAAB8Zu1ppbycR+Qbk8/UJ/j51nE2PcyvLOmICI6kMm6GGAAAAAJUC+OcAAAAGQAAAAEAAAAAAAAAAAAAAAAAAAAAAQAAAAAAAAAAAAAAAAAAAA==
92a654c76966ac61acc9df0b75f91cbde3b551c9e9766730827af42d1e247cc3	26	2	AAAAAQAAAAEAAAAaAAAAAAAAAAB8Zu1ppbycR+Qbk8/UJ/j51nE2PcyvLOmICI6kMm6GGAAAAAJUC+M4AAAAGQAAAAIAAAAAAAAAAAAAAAAAAAAAAQAAAAAAAAAAAAAAAAAAAA==
\.


--
-- Data for Name: txhistory; Type: TABLE DATA; Schema: public; Owner: -
--

COPY txhistory (txid, ledgerseq, txindex, txbody, txresult, txmeta) FROM stdin;
f5e0d1f500b2d0c4b42fb8a438d5ed764bc58d1392f4328f4713af407b1968ca	3	1	AAAAAGL8HQvQkbK2HA3WVjRrKmjX00fG8sLI7m0ERwJW/AX3AAAAZAAAAAAAAAABAAAAAQAAAAAAAABkAAAAAF4MUYAAAAAAAAAAAQAAAAAAAAAAAAAAAC6N7oJcJiUzTWRDL98Bj3fVrJUB19wFvCzEHh8nn/IOAAAAAlQL5AAAAAAAAAAAAVb8BfcAAABAXK6PX0t3GL+4TcNTKBIB9vkqahUMix+Rf/7WY5d6YJsmeBQ+o5ULJWvzgfc3aTx4f/DCUXc54KcOfCfzqH0uDQ==	9eDR9QCy0MS0L7ikONXtdkvFjROS9DKPRxOvQHsZaMoAAAAAAAAAZAAAAAAAAAABAAAAAAAAAAAAAAAAAAAAAA==	AAAAAAAAAAEAAAACAAAAAAAAAAMAAAAAAAAAAC6N7oJcJiUzTWRDL98Bj3fVrJUB19wFvCzEHh8nn/IOAAAAAlQL5AAAAAADAAAAAAAAAAAAAAAAAAAAAAAAAAABAAAAAAAAAAAAAAAAAAAAAAAAAQAAAAMAAAAAAAAAAGL8HQvQkbK2HA3WVjRrKmjX00fG8sLI7m0ERwJW/AX3DeC2sVNYG5wAAAAAAAAAAQAAAAAAAAAAAAAAAAAAAAABAAAAAAAAAAAAAAAAAAAA
66e27fb28870cb5256ea92764bcb222adbbaa5fec2d89a62a9aa8c9c8e2ee9e9	4	1	AAAAAGL8HQvQkbK2HA3WVjRrKmjX00fG8sLI7m0ERwJW/AX3AAAAZAAAAAAAAAACAAAAAAAAAAAAAAABAAAAAAAAAAAAAAAA7lAZIpCRwStYOr2IrB6aiXLG/wsNVkHBYtBKJinuINUAAAACVAvkAAAAAAAAAAABVvwF9wAAAECAUpO+hxiga/YgRsV3rFpBJydgOyn0TPImJCaQCMikkiG+sNXrQBsYXjJrlOiGjGsU3rk4uvGl85AriYD9PNYH	ZuJ/sohwy1JW6pJ2S8siKtu6pf7C2JpiqaqMnI4u6ekAAAAAAAAAZAAAAAAAAAABAAAAAAAAAAAAAAAAAAAAAA==	AAAAAAAAAAEAAAACAAAAAAAAAAQAAAAAAAAAAO5QGSKQkcErWDq9iKwemolyxv8LDVZBwWLQSiYp7iDVAAAAAlQL5AAAAAAEAAAAAAAAAAAAAAAAAAAAAAAAAAABAAAAAAAAAAAAAAAAAAAAAAAAAQAAAAQAAAAAAAAAAGL8HQvQkbK2HA3WVjRrKmjX00fG8sLI7m0ERwJW/AX3DeC2rv9MNzgAAAAAAAAAAgAAAAAAAAAAAAAAAAAAAAABAAAAAAAAAAAAAAAAAAAA
e9d1a3000aea36743142f2ede106d3cb37c3d7e88508e3f21b496370b5863858	5	1	AAAAAO5QGSKQkcErWDq9iKwemolyxv8LDVZBwWLQSiYp7iDVAAAAZAAAAAQAAAABAAAAAAAAAAAAAAABAAAAAAAAAAUAAAAAAAAAAQAAAAAAAAABAAAAAAAAAAEAAAABAAAAAAAAAAAAAAAAAAAAAAAAAAAAAAAAAAAAASnuINUAAABASz0AtZeNzXSXkjPkKJfOE8aUTAuPR6pxMMbF337wxE3wzOTDaVcDQ2N5P3E9MKc+fbbFhZ9K+07+J0wMGltRBA==	6dGjAArqNnQxQvLt4QbTyzfD1+iFCOPyG0ljcLWGOFgAAAAAAAAAZAAAAAAAAAABAAAAAAAAAAUAAAAAAAAAAA==	AAAAAAAAAAEAAAABAAAAAQAAAAUAAAAAAAAAAO5QGSKQkcErWDq9iKwemolyxv8LDVZBwWLQSiYp7iDVAAAAAlQL4tQAAAAEAAAAAwAAAAAAAAAAAAAAAAAAAAABAAAAAAAAAAAAAAAAAAAA
995b9269f9f9c4c1eace75501188766d6e8ae40c5413120811a50437683cb74c	5	2	AAAAAO5QGSKQkcErWDq9iKwemolyxv8LDVZBwWLQSiYp7iDVAAAAZAAAAAQAAAACAAAAAAAAAAAAAAABAAAAAAAAAAUAAAAAAAAAAQAAAAAAAAABAAAAAAAAAAAAAAAAAAAAAAAAAAAAAAAAAAAAAQAAAAD2T51Mi2fjmCY4Z+R5JON1LluqzrnpmTxUJXTp/A3FRwAAAAEAAAAAAAAAASnuINUAAABADpkMMc7kkkYjDoPwfUlOE9tLYvWHI/m+BBe/gCKN1cVvEF1UBVeCCuGBTjury4TqoxplKl4NZHJST5/Orr4XCA==	mVuSafn5xMHqznVQEYh2bW6K5AxUExIIEaUEN2g8t0wAAAAAAAAAZAAAAAAAAAABAAAAAAAAAAUAAAAAAAAAAA==	AAAAAAAAAAEAAAABAAAAAQAAAAUAAAAAAAAAAO5QGSKQkcErWDq9iKwemolyxv8LDVZBwWLQSiYp7iDVAAAAAlQL4tQAAAAEAAAAAwAAAAEAAAAAAAAAAAAAAAABAAAAAAAAAQAAAAD2T51Mi2fjmCY4Z+R5JON1LluqzrnpmTxUJXTp/A3FRwAAAAEAAAAAAAAAAA==
f78dca926455579b4a43009ffe35a0229a6da4bed32d3c999d7a06ad26605a25	5	3	AAAAAO5QGSKQkcErWDq9iKwemolyxv8LDVZBwWLQSiYp7iDVAAAAZAAAAAQAAAADAAAAAAAAAAAAAAABAAAAAAAAAAUAAAAAAAAAAQAAAAAAAAABAAAAAAAAAAAAAAABAAAAAgAAAAEAAAACAAAAAQAAAAIAAAAAAAAAAAAAAAAAAAABKe4g1QAAAEDglRRymtLjw+ImmGwTiBTKE7X7+2CywlHw8qed+t520SbAggcqboy5KXJaEP51/wRSMxtZUgDOFfaDn9Df04EA	943KkmRVV5tKQwCf/jWgIpptpL7TLTyZnXoGrSZgWiUAAAAAAAAAZAAAAAAAAAABAAAAAAAAAAUAAAAAAAAAAA==	AAAAAAAAAAEAAAABAAAAAQAAAAUAAAAAAAAAAO5QGSKQkcErWDq9iKwemolyxv8LDVZBwWLQSiYp7iDVAAAAAlQL4tQAAAAEAAAAAwAAAAEAAAAAAAAAAAAAAAABAgICAAAAAQAAAAD2T51Mi2fjmCY4Z+R5JON1LluqzrnpmTxUJXTp/A3FRwAAAAEAAAAAAAAAAA==
a9085e13fbe9f84e07e320a0d445536de1afc2cfd8c7e4186687807edd2b4897	6	1	AAAAAO5QGSKQkcErWDq9iKwemolyxv8LDVZBwWLQSiYp7iDVAAAAZAAAAAQAAAAEAAAAAAAAAAAAAAABAAAAAAAAAAUAAAAAAAAAAQAAAAAAAAABAAAAAAAAAAEAAAACAAAAAAAAAAAAAAAAAAAAAAAAAAAAAAAAAAAAAinuINUAAABA4PRAe0en/05ZH2leCeTOsxbT0cUu3wgUiWUcuDk4ya8G/gI90hlV6pzOYyAB6Zt5fN7pRrPRL/tTlnjgUAjaBvwNxUcAAABAFmdGR6JZukKJUC3Vr2YEJ/24G3tesqTv4cV5UcAozRhS2+w0PYVVqe7QTmOMNSGX/C3LxP1tSvpXdU/OhYsODw==	qQheE/vp+E4H4yCg1EVTbeGvws/Yx+QYZoeAft0rSJcAAAAAAAAAZAAAAAAAAAABAAAAAAAAAAUAAAAAAAAAAA==	AAAAAAAAAAEAAAABAAAAAQAAAAYAAAAAAAAAAO5QGSKQkcErWDq9iKwemolyxv8LDVZBwWLQSiYp7iDVAAAAAlQL4nAAAAAEAAAABAAAAAEAAAAAAAAAAAAAAAACAgICAAAAAQAAAAD2T51Mi2fjmCY4Z+R5JON1LluqzrnpmTxUJXTp/A3FRwAAAAEAAAAAAAAAAA==
0fb9c2e20946222b23e1d1d660de9d74576c41cfd9b199f9d565a013c1ef89ca	7	1	AAAAAGL8HQvQkbK2HA3WVjRrKmjX00fG8sLI7m0ERwJW/AX3AAAAZAAAAAAAAAADAAAAAAAAAAAAAAABAAAAAAAAAAAAAAAAOerFQRLRq/h3Xf4EErEqz7oD9wk20zX+d/h4dXc7DToAAAACVAvkAAAAAAAAAAABVvwF9wAAAED8tIFyog9OeCqiaBNfxFdAlneNYTfjoNUMKi6FJCY5BqemnDBxGox3jKS/xx4zpxAToEFp3Y2M+NRJIU4g/H0J	D7nC4glGIisj4dHWYN6ddFdsQc/ZsZn51WWgE8HvicoAAAAAAAAAZAAAAAAAAAABAAAAAAAAAAAAAAAAAAAAAA==	AAAAAAAAAAEAAAACAAAAAAAAAAcAAAAAAAAAADnqxUES0av4d13+BBKxKs+6A/cJNtM1/nf4eHV3Ow06AAAAAlQL5AAAAAAHAAAAAAAAAAAAAAAAAAAAAAAAAAABAAAAAAAAAAAAAAAAAAAAAAAAAQAAAAcAAAAAAAAAAGL8HQvQkbK2HA3WVjRrKmjX00fG8sLI7m0ERwJW/AX3DeC2rKtAUtQAAAAAAAAAAwAAAAAAAAAAAAAAAAAAAAABAAAAAAAAAAAAAAAAAAAA
dd74eee27a59843b28a05ad08abf65eaa231b7debe4d05550c0a7a424cca5929	8	1	AAAAADnqxUES0av4d13+BBKxKs+6A/cJNtM1/nf4eHV3Ow06AAAAZAAAAAcAAAABAAAAAAAAAAIAAAAAAAAAewAAAAEAAAAAAAAAAQAAAABi/B0L0JGythwN1lY0aypo19NHxvLCyO5tBEcCVvwF9wAAAAAAAAAAAJiWgAAAAAAAAAABdzsNOgAAAEBjk5EFqV8GiL9xU62OUCKeScXxGMTMqJoD7ryiGf5jLPZJRSphbWC3ZycHE+pDuu/6EKSqcNUri5AXzQmM+GYB	3XTu4npZhDsooFrQir9l6qIxt96+TQVVDAp6QkzKWSkAAAAAAAAAZAAAAAAAAAABAAAAAAAAAAEAAAAAAAAAAA==	AAAAAAAAAAEAAAADAAAAAQAAAAgAAAAAAAAAADnqxUES0av4d13+BBKxKs+6A/cJNtM1/nf4eHV3Ow06AAAAAlNzS/AAAAAHAAAABAAAAAAAAAAAAAAAAAAAAAABAAAAAAAAAAAAAAAAAAAAAAAAAwAAAAcAAAAAAAAAAGL8HQvQkbK2HA3WVjRrKmjX00fG8sLI7m0ERwJW/AX3DeC2rKtAUtQAAAAAAAAAAwAAAAAAAAAAAAAAAAAAAAABAAAAAAAAAAAAAAAAAAAAAAAAAQAAAAgAAAAAAAAAAGL8HQvQkbK2HA3WVjRrKmjX00fG8sLI7m0ERwJW/AX3DeC2rKvY6VQAAAAAAAAAAwAAAAAAAAAAAAAAAAAAAAABAAAAAAAAAAAAAAAAAAAA
2551e76a3ce4881b7bc73fdfd89d670d511ea7d4e56156252b51777023202de7	8	2	AAAAADnqxUES0av4d13+BBKxKs+6A/cJNtM1/nf4eHV3Ow06AAAAZAAAAAcAAAACAAAAAAAAAAEAAAAFaGVsbG8AAAAAAAABAAAAAAAAAAEAAAAAYvwdC9CRsrYcDdZWNGsqaNfTR8bywsjubQRHAlb8BfcAAAAAAAAAAACYloAAAAAAAAAAAXc7DToAAABAS2+MaPA79AjD0B7qjl0qEz0N6CkDmoS4kgnXjZfbvdc9IkqNm0S+vKBNgV80pSfixY147L+jvS/ganovqbLiAQ==	JVHnajzkiBt7xz/f2J1nDVEep9TlYVYlK1F3cCMgLecAAAAAAAAAZAAAAAAAAAABAAAAAAAAAAEAAAAAAAAAAA==	AAAAAAAAAAEAAAACAAAAAQAAAAgAAAAAAAAAADnqxUES0av4d13+BBKxKs+6A/cJNtM1/nf4eHV3Ow06AAAAAlLatXAAAAAHAAAABAAAAAAAAAAAAAAAAAAAAAABAAAAAAAAAAAAAAAAAAAAAAAAAQAAAAgAAAAAAAAAAGL8HQvQkbK2HA3WVjRrKmjX00fG8sLI7m0ERwJW/AX3DeC2rKxxf9QAAAAAAAAAAwAAAAAAAAAAAAAAAAAAAAABAAAAAAAAAAAAAAAAAAAA
3b36ecfbcc2adb0cfff08ae86199f64e12984f084bb03be9bb249611df82322b	8	3	AAAAADnqxUES0av4d13+BBKxKs+6A/cJNtM1/nf4eHV3Ow06AAAAZAAAAAcAAAADAAAAAAAAAAMBAQEBAQEBAQEBAQEBAQEBAQEBAQEBAQEBAQEBAQEBAQAAAAEAAAAAAAAAAQAAAABi/B0L0JGythwN1lY0aypo19NHxvLCyO5tBEcCVvwF9wAAAAAAAAAAAJiWgAAAAAAAAAABdzsNOgAAAEDC9hMtMYZ6hbx1iAdXngRcCYQmf8eu4zcB9SLH2998tVYca6QYig5Dsgy2oCMD1J7khIL9jz/VWjcPhvTVvC8L	Ozbs+8wq2wz/8IroYZn2ThKYTwhLsDvpuySWEd+CMisAAAAAAAAAZAAAAAAAAAABAAAAAAAAAAEAAAAAAAAAAA==	AAAAAAAAAAEAAAACAAAAAQAAAAgAAAAAAAAAADnqxUES0av4d13+BBKxKs+6A/cJNtM1/nf4eHV3Ow06AAAAAlJCHvAAAAAHAAAABAAAAAAAAAAAAAAAAAAAAAABAAAAAAAAAAAAAAAAAAAAAAAAAQAAAAgAAAAAAAAAAGL8HQvQkbK2HA3WVjRrKmjX00fG8sLI7m0ERwJW/AX3DeC2rK0KFlQAAAAAAAAAAwAAAAAAAAAAAAAAAAAAAAABAAAAAAAAAAAAAAAAAAAA
a5a9e3ca63e9cc155359c97337bcb14464cca56b230a4d0c7f27582644d16809	16	1	AAAAAGL8HQvQkbK2HA3WVjRrKmjX00fG8sLI7m0ERwJW/AX3AAAAZAAAAAAAAAAIAAAAAAAAAAAAAAABAAAAAAAAAAAAAAAA423/rAYjzzhmLqxgNgLUY5X92ueHg5xGtOuok+g5NQoAAAACVAvkAAAAAAAAAAABVvwF9wAAAEBhFD/bYaTZZJ3VJ9xJqXoW5eeLK0AeFaATBH92cRfx0WUTFqp6rXx47fMBUxkWYq8bAHMfYCS5XXPRg86sAGUK	panjymPpzBVTWclzN7yxRGTMpWsjCk0MfydYJkTRaAkAAAAAAAAAZAAAAAAAAAABAAAAAAAAAAAAAAAAAAAAAA==	AAAAAAAAAAEAAAACAAAAAAAAABAAAAAAAAAAAONt/6wGI884Zi6sYDYC1GOV/drnh4OcRrTrqJPoOTUKAAAAAlQL5AAAAAAQAAAAAAAAAAAAAAAAAAAAAAAAAAABAAAAAAAAAAAAAAAAAAAAAAAAAQAAABAAAAAAAAAAAGL8HQvQkbK2HA3WVjRrKmjX00fG8sLI7m0ERwJW/AX3DeC2oRVS+BgAAAAAAAAACgAAAAAAAAAAAAAAAAAAAAABAAAAAAAAAAAAAAAAAAAA
e14885cb66af5f7f5e991b014eec475c61cc831292cf5526cdd0cda145300837	8	4	AAAAADnqxUES0av4d13+BBKxKs+6A/cJNtM1/nf4eHV3Ow06AAAAZAAAAAcAAAAEAAAAAAAAAAQCAgICAgICAgICAgICAgICAgICAgICAgICAgICAgICAgAAAAEAAAAAAAAAAQAAAABi/B0L0JGythwN1lY0aypo19NHxvLCyO5tBEcCVvwF9wAAAAAAAAAAAJiWgAAAAAAAAAABdzsNOgAAAEBOfq9PQ8EGcpjRWEaqGxvhBjSVuk6K5A2rthLYHnmAXmQ1JjJD3EddjiES3bPZUF5efGQvRjoEKgiB2dU3f2wF	4UiFy2avX39emRsBTuxHXGHMgxKSz1UmzdDNoUUwCDcAAAAAAAAAZAAAAAAAAAABAAAAAAAAAAEAAAAAAAAAAA==	AAAAAAAAAAEAAAACAAAAAQAAAAgAAAAAAAAAADnqxUES0av4d13+BBKxKs+6A/cJNtM1/nf4eHV3Ow06AAAAAlGpiHAAAAAHAAAABAAAAAAAAAAAAAAAAAAAAAABAAAAAAAAAAAAAAAAAAAAAAAAAQAAAAgAAAAAAAAAAGL8HQvQkbK2HA3WVjRrKmjX00fG8sLI7m0ERwJW/AX3DeC2rK2irNQAAAAAAAAAAwAAAAAAAAAAAAAAAAAAAAABAAAAAAAAAAAAAAAAAAAA
66c28c0ccd5a2e47026aacafa2ecd3c501fe5de349ef376c0f8afb893c7bb55d	9	1	AAAAAGL8HQvQkbK2HA3WVjRrKmjX00fG8sLI7m0ERwJW/AX3AAAAZAAAAAAAAAAEAAAAAAAAAAAAAAABAAAAAAAAAAAAAAAADd1O3oAD6ZmsdNe9Y4zdIQW1rTvIfAEYi/0il9kFYl4AAAACVAvkAAAAAAAAAAABVvwF9wAAAEARD6MVWgEASusfhr6JdF9K3Rie2XCRJKl/NoKyJcrd1kGs3ygpp55xu80YlFwgNVErZ/cEAHYOq06CwNfnE2sC	ZsKMDM1aLkcCaqyvouzTxQH+XeNJ7zdsD4r7iTx7tV0AAAAAAAAAZAAAAAAAAAABAAAAAAAAAAAAAAAAAAAAAA==	AAAAAAAAAAEAAAACAAAAAAAAAAkAAAAAAAAAAA3dTt6AA+mZrHTXvWOM3SEFta07yHwBGIv9IpfZBWJeAAAAAlQL5AAAAAAJAAAAAAAAAAAAAAAAAAAAAAAAAAABAAAAAAAAAAAAAAAAAAAAAAAAAQAAAAkAAAAAAAAAAGL8HQvQkbK2HA3WVjRrKmjX00fG8sLI7m0ERwJW/AX3DeC2qlmWyHAAAAAAAAAABAAAAAAAAAAAAAAAAAAAAAABAAAAAAAAAAAAAAAAAAAA
fdb696a797b769176cbaed3a50e4a6a8671119621f65a3f954a3bcf100c7ef0c	10	1	AAAAAA3dTt6AA+mZrHTXvWOM3SEFta07yHwBGIv9IpfZBWJeAAAAyAAAAAkAAAABAAAAAAAAAAAAAAACAAAAAAAAAAEAAAAAYvwdC9CRsrYcDdZWNGsqaNfTR8bywsjubQRHAlb8BfcAAAAAAAAAAAX14QAAAAAAAAAAAQAAAABi/B0L0JGythwN1lY0aypo19NHxvLCyO5tBEcCVvwF9wAAAAAAAAAABfXhAAAAAAAAAAAB2QViXgAAAEAxyl5gvCCDC7l0pq9b/Btd3cOUUcY9Rv0ALxVjul4EVSL1Vygr107GjDo11+YswdmlCuWf7KItU0chlogpns4L	/baWp5e3aRdsuu06UOSmqGcRGWIfZaP5VKO88QDH7wwAAAAAAAAAyAAAAAAAAAACAAAAAAAAAAEAAAAAAAAAAAAAAAEAAAAAAAAAAA==	AAAAAAAAAAIAAAADAAAAAQAAAAoAAAAAAAAAAA3dTt6AA+mZrHTXvWOM3SEFta07yHwBGIv9IpfZBWJeAAAAAk4WAjgAAAAJAAAAAQAAAAAAAAAAAAAAAAAAAAABAAAAAAAAAAAAAAAAAAAAAAAAAwAAAAkAAAAAAAAAAGL8HQvQkbK2HA3WVjRrKmjX00fG8sLI7m0ERwJW/AX3DeC2qlmWyHAAAAAAAAAABAAAAAAAAAAAAAAAAAAAAAABAAAAAAAAAAAAAAAAAAAAAAAAAQAAAAoAAAAAAAAAAGL8HQvQkbK2HA3WVjRrKmjX00fG8sLI7m0ERwJW/AX3DeC2ql+MqXAAAAAAAAAABAAAAAAAAAAAAAAAAAAAAAABAAAAAAAAAAAAAAAAAAAAAAAAAgAAAAEAAAAKAAAAAAAAAAAN3U7egAPpmax0171jjN0hBbWtO8h8ARiL/SKX2QViXgAAAAJIICE4AAAACQAAAAEAAAAAAAAAAAAAAAAAAAAAAQAAAAAAAAAAAAAAAAAAAAAAAAEAAAAKAAAAAAAAAABi/B0L0JGythwN1lY0aypo19NHxvLCyO5tBEcCVvwF9w3gtqplgopwAAAAAAAAAAQAAAAAAAAAAAAAAAAAAAAAAQAAAAAAAAAAAAAAAAAAAA==
67601a2ca212b84092a7d3c521172b67f4b93d72b726a06c540917d2ab83c1a1	11	1	AAAAAGL8HQvQkbK2HA3WVjRrKmjX00fG8sLI7m0ERwJW/AX3AAAAZAAAAAAAAAAFAAAAAAAAAAAAAAABAAAAAAAAAAAAAAAAxVmE0iEp9S70YdkrhAu6dT4jSnPvbUuzitQ4oBcfaDMAAAACVAvkAAAAAAAAAAABVvwF9wAAAEBHLko6/Tbv0v/5CWHkixXnbyoU6qQ6yewZGqPHFSzNxMfud86eYGkN0j4msMCXfLAou7iKOVn0MWyzlpvYRA0B	Z2AaLKISuECSp9PFIRcrZ/S5PXK3JqBsVAkX0quDwaEAAAAAAAAAZAAAAAAAAAABAAAAAAAAAAAAAAAAAAAAAA==	AAAAAAAAAAEAAAACAAAAAAAAAAsAAAAAAAAAAMVZhNIhKfUu9GHZK4QLunU+I0pz721Ls4rUOKAXH2gzAAAAAlQL5AAAAAALAAAAAAAAAAAAAAAAAAAAAAAAAAABAAAAAAAAAAAAAAAAAAAAAAAAAQAAAAsAAAAAAAAAAGL8HQvQkbK2HA3WVjRrKmjX00fG8sLI7m0ERwJW/AX3DeC2qBF2pgwAAAAAAAAABQAAAAAAAAAAAAAAAAAAAAABAAAAAAAAAAAAAAAAAAAA
0e128647b2b93786b6b76e182dcda0173757066f8caf0523d1ba3b47fd6f720d	12	1	AAAAAMVZhNIhKfUu9GHZK4QLunU+I0pz721Ls4rUOKAXH2gzAAAAZAAAAAsAAAABAAAAAAAAAAAAAAABAAAAAAAAAAAAAAAAg/K/Blr9FO/nVEGLdmCzChMYpmcQzxIhFm6NBzxznX0AAAAAHc1lAAAAAAAAAAABFx9oMwAAAEBwY9HQAR2SMPe3JPvmBBtBk2jfog0GFEFYkLNFzQNqvYl7iZitmO5FQmkKlv/NO5ZcaWBqXcHhOQpk0s2XSBQF	DhKGR7K5N4a2t24YLc2gFzdXBm+MrwUj0bo7R/1vcg0AAAAAAAAAZAAAAAAAAAABAAAAAAAAAAAAAAAAAAAAAA==	AAAAAAAAAAEAAAACAAAAAAAAAAwAAAAAAAAAAIPyvwZa/RTv51RBi3ZgswoTGKZnEM8SIRZujQc8c519AAAAAB3NZQAAAAAMAAAAAAAAAAAAAAAAAAAAAAAAAAABAAAAAAAAAAAAAAAAAAAAAAAAAQAAAAwAAAAAAAAAAMVZhNIhKfUu9GHZK4QLunU+I0pz721Ls4rUOKAXH2gzAAAAAjY+fpwAAAALAAAAAQAAAAAAAAAAAAAAAAAAAAABAAAAAAAAAAAAAAAAAAAA
cd8a8e9eb53fd268d1294e228995c27f422d90783c4054e44ab0028fc1da210a	13	1	AAAAAGL8HQvQkbK2HA3WVjRrKmjX00fG8sLI7m0ERwJW/AX3AAAAZAAAAAAAAAAGAAAAAAAAAAAAAAABAAAAAAAAAAAAAAAAji4PQpc6JMWt5AB56WXIEop14Pn7tW6uf6xE+vY7ZNwAAAACVAvkAAAAAAAAAAABVvwF9wAAAEAUtdYWyr64yv/rKPr0/vV4vYyonfsWxpxHsiYLHKJ3bm6k+ypiAByc8t0K+7bzxSLPjmjKKN5Prw7AdenlC7MB	zYqOnrU/0mjRKU4iiZXCf0ItkHg8QFTkSrACj8HaIQoAAAAAAAAAZAAAAAAAAAABAAAAAAAAAAAAAAAAAAAAAA==	AAAAAAAAAAEAAAACAAAAAAAAAA0AAAAAAAAAAI4uD0KXOiTFreQAeellyBKKdeD5+7Vurn+sRPr2O2TcAAAAAlQL5AAAAAANAAAAAAAAAAAAAAAAAAAAAAAAAAABAAAAAAAAAAAAAAAAAAAAAAAAAQAAAA0AAAAAAAAAAGL8HQvQkbK2HA3WVjRrKmjX00fG8sLI7m0ERwJW/AX3DeC2pb1qwUQAAAAAAAAABwAAAAAAAAAAAAAAAAAAAAABAAAAAAAAAAAAAAAAAAAA
bfbd5e9457d717bcf847291a6c24b7cd8db4ff784ecd4592be30d08146c0c264	13	2	AAAAAGL8HQvQkbK2HA3WVjRrKmjX00fG8sLI7m0ERwJW/AX3AAAAZAAAAAAAAAAHAAAAAAAAAAAAAAABAAAAAAAAAAAAAAAAG5M9WO2kexu4dljTd0YSuyEnmDUsxKamzJWiv4FGkoQAAAACVAvkAAAAAAAAAAABVvwF9wAAAEDY1TiMj+qj8+zYb2Vb60h+qWxZtFfSGwb0kvKttSFAHQhGOjIddiVQopx9LDRO6UgPmLLxFvQpIzeGnagh3vQD	v71elFfXF7z4RykabCS3zY20/3hOzUWSvjDQgUbAwmQAAAAAAAAAZAAAAAAAAAABAAAAAAAAAAAAAAAAAAAAAA==	AAAAAAAAAAEAAAACAAAAAAAAAA0AAAAAAAAAABuTPVjtpHsbuHZY03dGErshJ5g1LMSmpsyVor+BRpKEAAAAAlQL5AAAAAANAAAAAAAAAAAAAAAAAAAAAAAAAAABAAAAAAAAAAAAAAAAAAAAAAAAAQAAAA0AAAAAAAAAAGL8HQvQkbK2HA3WVjRrKmjX00fG8sLI7m0ERwJW/AX3DeC2o2le3UQAAAAAAAAABwAAAAAAAAAAAAAAAAAAAAABAAAAAAAAAAAAAAAAAAAA
dbd964fcfdb336a30f21c240fffdaf73d7c75880ed1b99375c62f84e3e592570	14	1	AAAAABuTPVjtpHsbuHZY03dGErshJ5g1LMSmpsyVor+BRpKEAAAAZAAAAA0AAAABAAAAAAAAAAAAAAABAAAAAAAAAAYAAAABVVNEAAAAAACOLg9Clzokxa3kAHnpZcgSinXg+fu1bq5/rET69jtk3H//////////AAAAAAAAAAGBRpKEAAAAQGDAV/5Op2DmFUP84dmyT5G/gxn1WzgdMrkSSU7wfpu39ycq36Sg+gs2ypRjw5hxxeMUj/GVEKipcDGndei38Aw=	29lk/P2zNqMPIcJA//2vc9fHWIDtG5k3XGL4Tj5ZJXAAAAAAAAAAZAAAAAAAAAABAAAAAAAAAAYAAAAAAAAAAA==	AAAAAAAAAAEAAAACAAAAAAAAAA4AAAABAAAAABuTPVjtpHsbuHZY03dGErshJ5g1LMSmpsyVor+BRpKEAAAAAVVTRAAAAAAAji4PQpc6JMWt5AB56WXIEop14Pn7tW6uf6xE+vY7ZNwAAAAAAAAAAH//////////AAAAAQAAAAAAAAAAAAAAAQAAAA4AAAAAAAAAABuTPVjtpHsbuHZY03dGErshJ5g1LMSmpsyVor+BRpKEAAAAAlQL45wAAAANAAAAAQAAAAEAAAAAAAAAAAAAAAABAAAAAAAAAAAAAAAAAAAA
30880dd42d8e402a30d8a3527b56c1e33e18e87c46e1332ea5cfc1721fd87cfb	14	2	AAAAAI4uD0KXOiTFreQAeellyBKKdeD5+7Vurn+sRPr2O2TcAAAAZAAAAA0AAAABAAAAAAAAAAAAAAABAAAAAAAAAAEAAAAAG5M9WO2kexu4dljTd0YSuyEnmDUsxKamzJWiv4FGkoQAAAAAAAAAAAX14QAAAAAAAAAAAfY7ZNwAAABAieZSSuOZqlwtyjnj5d/S0GUSGiQvy0ipPLynpl4UvO8qc7CDz3vsLROlN2g50qXirydSOdao56hvRhrEfRsGCA==	MIgN1C2OQCow2KNSe1bB4z4Y6HxG4TMupc/Bch/YfPsAAAAAAAAAZAAAAAAAAAABAAAAAAAAAAEAAAAAAAAAAA==	AAAAAAAAAAEAAAACAAAAAQAAAA4AAAAAAAAAABuTPVjtpHsbuHZY03dGErshJ5g1LMSmpsyVor+BRpKEAAAAAloBxJwAAAANAAAAAQAAAAEAAAAAAAAAAAAAAAABAAAAAAAAAAAAAAAAAAAAAAAAAQAAAA4AAAAAAAAAAI4uD0KXOiTFreQAeellyBKKdeD5+7Vurn+sRPr2O2TcAAAAAk4WApwAAAANAAAAAQAAAAAAAAAAAAAAAAAAAAABAAAAAAAAAAAAAAAAAAAA
142c988b1f67984f74a1581de9caecf499e60f1e0eed496661aa2c559238764c	15	1	AAAAAI4uD0KXOiTFreQAeellyBKKdeD5+7Vurn+sRPr2O2TcAAAAZAAAAA0AAAACAAAAAAAAAAAAAAABAAAAAAAAAAEAAAAAG5M9WO2kexu4dljTd0YSuyEnmDUsxKamzJWiv4FGkoQAAAABVVNEAAAAAACOLg9Clzokxa3kAHnpZcgSinXg+fu1bq5/rET69jtk3AAAAAAF9eEAAAAAAAAAAAH2O2TcAAAAQJBUx5tWfjAwXxab9U5HOjZvBRv3u95jXbyzuqeZ/kjsyMsU0jO/g03Rf1zgect1hj4hDYGN8mW4oEot0sSTZgw=	FCyYix9nmE90oVgd6crs9JnmDx4O7UlmYaosVZI4dkwAAAAAAAAAZAAAAAAAAAABAAAAAAAAAAEAAAAAAAAAAA==	AAAAAAAAAAEAAAACAAAAAwAAAA4AAAABAAAAABuTPVjtpHsbuHZY03dGErshJ5g1LMSmpsyVor+BRpKEAAAAAVVTRAAAAAAAji4PQpc6JMWt5AB56WXIEop14Pn7tW6uf6xE+vY7ZNwAAAAAAAAAAH//////////AAAAAQAAAAAAAAAAAAAAAQAAAA8AAAABAAAAABuTPVjtpHsbuHZY03dGErshJ5g1LMSmpsyVor+BRpKEAAAAAVVTRAAAAAAAji4PQpc6JMWt5AB56WXIEop14Pn7tW6uf6xE+vY7ZNwAAAAABfXhAH//////////AAAAAQAAAAAAAAAA
6a056189b45760c607e331c90c5a8b4cd720961df8bc8cecfd4aa388b577a6cb	16	2	AAAAAGL8HQvQkbK2HA3WVjRrKmjX00fG8sLI7m0ERwJW/AX3AAAAZAAAAAAAAAAJAAAAAAAAAAAAAAABAAAAAAAAAAAAAAAABAjoBMEUiZNLUjsWXL1iK59D90Li4w56076b8HKxZfIAAAACVAvkAAAAAAAAAAABVvwF9wAAAEAxC5cl7tkjQI0cfFZTiIFDuo0SwyYnNqTUH2hxDBtm7h/vUkBG3cgwGXS87ninVkhmvdIpTWfeIeGiw7kgefUA	agVhibRXYMYH4zHJDFqLTNcglh34vIzs/UqjiLV3pssAAAAAAAAAZAAAAAAAAAABAAAAAAAAAAAAAAAAAAAAAA==	AAAAAAAAAAEAAAACAAAAAAAAABAAAAAAAAAAAAQI6ATBFImTS1I7Fly9YiufQ/dC4uMOetO+m/BysWXyAAAAAlQL5AAAAAAQAAAAAAAAAAAAAAAAAAAAAAAAAAABAAAAAAAAAAAAAAAAAAAAAAAAAQAAABAAAAAAAAAAAGL8HQvQkbK2HA3WVjRrKmjX00fG8sLI7m0ERwJW/AX3DeC2nsFHFBgAAAAAAAAACgAAAAAAAAAAAAAAAAAAAAABAAAAAAAAAAAAAAAAAAAA
18bf6cce20cfbb0f9079c4b8783718949d13bd12d173a60363d2b8e3a07efead	16	3	AAAAAGL8HQvQkbK2HA3WVjRrKmjX00fG8sLI7m0ERwJW/AX3AAAAZAAAAAAAAAAKAAAAAAAAAAAAAAABAAAAAAAAAAAAAAAALsLzczZPbcG7iR1Aap19uhmCNzGwnaUFPbeJ+hFUV7EAAAACVAvkAAAAAAAAAAABVvwF9wAAAEC/RVto6ytAqHpd6ZFWjwXQyXopKORz8QSvz0d8RoPrOEBgNEuAj8+kbyhS7QieOqwbiJrS0AU8YWaBQQ4zc+wL	GL9sziDPuw+QecS4eDcYlJ0TvRLRc6YDY9K446B+/q0AAAAAAAAAZAAAAAAAAAABAAAAAAAAAAAAAAAAAAAAAA==	AAAAAAAAAAEAAAACAAAAAAAAABAAAAAAAAAAAC7C83M2T23Bu4kdQGqdfboZgjcxsJ2lBT23ifoRVFexAAAAAlQL5AAAAAAQAAAAAAAAAAAAAAAAAAAAAAAAAAABAAAAAAAAAAAAAAAAAAAAAAAAAQAAABAAAAAAAAAAAGL8HQvQkbK2HA3WVjRrKmjX00fG8sLI7m0ERwJW/AX3DeC2nG07MBgAAAAAAAAACgAAAAAAAAAAAAAAAAAAAAABAAAAAAAAAAAAAAAAAAAA
cdef45dd961d59375351ea7dd7ef6414ff49371a335723e84dafacea1e13665a	17	1	AAAAAONt/6wGI884Zi6sYDYC1GOV/drnh4OcRrTrqJPoOTUKAAAAZAAAABAAAAABAAAAAAAAAAAAAAABAAAAAAAAAAYAAAABVVNEAAAAAAAuwvNzNk9twbuJHUBqnX26GYI3MbCdpQU9t4n6EVRXsX//////////AAAAAAAAAAHoOTUKAAAAQIjLqcYXE8EAsH6Dx2hwPjiEfHGZ4jsMNZZc7PynNiJi9kFXjfvvLDlWizGAr2B9MFDrfDRDvjnBxKKhJifEcQM=	ze9F3ZYdWTdTUep91+9kFP9JNxozVyPoTa+s6h4TZloAAAAAAAAAZAAAAAAAAAABAAAAAAAAAAYAAAAAAAAAAA==	AAAAAAAAAAEAAAACAAAAAAAAABEAAAABAAAAAONt/6wGI884Zi6sYDYC1GOV/drnh4OcRrTrqJPoOTUKAAAAAVVTRAAAAAAALsLzczZPbcG7iR1Aap19uhmCNzGwnaUFPbeJ+hFUV7EAAAAAAAAAAH//////////AAAAAQAAAAAAAAAAAAAAAQAAABEAAAAAAAAAAONt/6wGI884Zi6sYDYC1GOV/drnh4OcRrTrqJPoOTUKAAAAAlQL45wAAAAQAAAAAQAAAAEAAAAAAAAAAAAAAAABAAAAAAAAAAAAAAAAAAAA
d1f593eb5e14f97027bc79821fa46628c107034fba9a5acef6a9da79e051ee73	17	2	AAAAAAQI6ATBFImTS1I7Fly9YiufQ/dC4uMOetO+m/BysWXyAAAAZAAAABAAAAABAAAAAAAAAAAAAAABAAAAAAAAAAYAAAABRVVSAAAAAAAuwvNzNk9twbuJHUBqnX26GYI3MbCdpQU9t4n6EVRXsX//////////AAAAAAAAAAFysWXyAAAAQI7hbwZc1+KWfheVnYAq5TXFX9ancHJmJq0wV0c9ONIfG6U8trhIVeVoiED2eUFFmhx+bBtF9TPSvifF/mfDlQk=	0fWT614U+XAnvHmCH6RmKMEHA0+6mlrO9qnaeeBR7nMAAAAAAAAAZAAAAAAAAAABAAAAAAAAAAYAAAAAAAAAAA==	AAAAAAAAAAEAAAACAAAAAAAAABEAAAABAAAAAAQI6ATBFImTS1I7Fly9YiufQ/dC4uMOetO+m/BysWXyAAAAAUVVUgAAAAAALsLzczZPbcG7iR1Aap19uhmCNzGwnaUFPbeJ+hFUV7EAAAAAAAAAAH//////////AAAAAQAAAAAAAAAAAAAAAQAAABEAAAAAAAAAAAQI6ATBFImTS1I7Fly9YiufQ/dC4uMOetO+m/BysWXyAAAAAlQL45wAAAAQAAAAAQAAAAEAAAAAAAAAAAAAAAABAAAAAAAAAAAAAAAAAAAA
902b90c2322b9e6b335e7543389a7446b86e3039ebf59ec66dffb50eaec0dc85	18	1	AAAAAC7C83M2T23Bu4kdQGqdfboZgjcxsJ2lBT23ifoRVFexAAAAZAAAABAAAAABAAAAAAAAAAAAAAABAAAAAAAAAAEAAAAA423/rAYjzzhmLqxgNgLUY5X92ueHg5xGtOuok+g5NQoAAAABVVNEAAAAAAAuwvNzNk9twbuJHUBqnX26GYI3MbCdpQU9t4n6EVRXsQAAAAA7msoAAAAAAAAAAAERVFexAAAAQC9X2I3Zz1x3AQMqL4XCzePTlwnokv2BQnWGmT007oH59gai3eNu7/WVoHtW8hsgHjs1mZK709FzzRF2cbD2tQE=	kCuQwjIrnmszXnVDOJp0RrhuMDnr9Z7Gbf+1Dq7A3IUAAAAAAAAAZAAAAAAAAAABAAAAAAAAAAEAAAAAAAAAAA==	AAAAAAAAAAEAAAACAAAAAwAAABEAAAABAAAAAONt/6wGI884Zi6sYDYC1GOV/drnh4OcRrTrqJPoOTUKAAAAAVVTRAAAAAAALsLzczZPbcG7iR1Aap19uhmCNzGwnaUFPbeJ+hFUV7EAAAAAAAAAAH//////////AAAAAQAAAAAAAAAAAAAAAQAAABIAAAABAAAAAONt/6wGI884Zi6sYDYC1GOV/drnh4OcRrTrqJPoOTUKAAAAAVVTRAAAAAAALsLzczZPbcG7iR1Aap19uhmCNzGwnaUFPbeJ+hFUV7EAAAAAO5rKAH//////////AAAAAQAAAAAAAAAA
ca756d1519ceda79f8722042b12cea7ba004c3bd961adb62b59f88a867f86eb3	18	2	AAAAAC7C83M2T23Bu4kdQGqdfboZgjcxsJ2lBT23ifoRVFexAAAAZAAAABAAAAACAAAAAAAAAAAAAAABAAAAAAAAAAMAAAAAAAAAAVVTRAAAAAAALsLzczZPbcG7iR1Aap19uhmCNzGwnaUFPbeJ+hFUV7EAAAAA7msoAAAAAAEAAAACAAAAAAAAAAAAAAAAAAAAARFUV7EAAABALuai5QxceFbtAiC5nkntNVnvSPeWR+C+FgplPAdRgRS+PPESpUiSCyuiwuhmvuDw7kwxn+A6E0M4ca1s2qzMAg==	ynVtFRnO2nn4ciBCsSzqe6AEw72WGttitZ+IqGf4brMAAAAAAAAAZAAAAAAAAAABAAAAAAAAAAMAAAAAAAAAAAAAAAAAAAAALsLzczZPbcG7iR1Aap19uhmCNzGwnaUFPbeJ+hFUV7EAAAAAAAAAAQAAAAAAAAABVVNEAAAAAAAuwvNzNk9twbuJHUBqnX26GYI3MbCdpQU9t4n6EVRXsQAAAADuaygAAAAAAQAAAAIAAAAAAAAAAAAAAAA=	AAAAAAAAAAEAAAACAAAAAAAAABIAAAACAAAAAC7C83M2T23Bu4kdQGqdfboZgjcxsJ2lBT23ifoRVFexAAAAAAAAAAEAAAAAAAAAAVVTRAAAAAAALsLzczZPbcG7iR1Aap19uhmCNzGwnaUFPbeJ+hFUV7EAAAAA7msoAAAAAAEAAAACAAAAAAAAAAAAAAAAAAAAAQAAABIAAAAAAAAAAC7C83M2T23Bu4kdQGqdfboZgjcxsJ2lBT23ifoRVFexAAAAAlQL4tQAAAAQAAAAAwAAAAEAAAAAAAAAAAAAAAABAAAAAAAAAAAAAAAAAAAA
37bb79f6959c0e8e9b3d31f6c9308d8d084d9c6742cfa56ca094cfa6eae99423	18	3	AAAAAC7C83M2T23Bu4kdQGqdfboZgjcxsJ2lBT23ifoRVFexAAAAZAAAABAAAAADAAAAAAAAAAAAAAABAAAAAAAAAAMAAAABRVVSAAAAAAAuwvNzNk9twbuJHUBqnX26GYI3MbCdpQU9t4n6EVRXsQAAAAAAAAAAstBeAAAAAAEAAAABAAAAAAAAAAAAAAAAAAAAARFUV7EAAABArzp9Fxxql+yoysglDjXm9+rsJeNX2GsSa7TOy3AzHOu4Y5Z8ICx52Q885gQGQWMtEP0w6yh83d6+o6kjC/WuAg==	N7t59pWcDo6bPTH2yTCNjQhNnGdCz6VsoJTPpurplCMAAAAAAAAAZAAAAAAAAAABAAAAAAAAAAMAAAAAAAAAAAAAAAAAAAAALsLzczZPbcG7iR1Aap19uhmCNzGwnaUFPbeJ+hFUV7EAAAAAAAAAAgAAAAFFVVIAAAAAAC7C83M2T23Bu4kdQGqdfboZgjcxsJ2lBT23ifoRVFexAAAAAAAAAACy0F4AAAAAAQAAAAEAAAAAAAAAAAAAAAA=	AAAAAAAAAAEAAAACAAAAAAAAABIAAAACAAAAAC7C83M2T23Bu4kdQGqdfboZgjcxsJ2lBT23ifoRVFexAAAAAAAAAAIAAAABRVVSAAAAAAAuwvNzNk9twbuJHUBqnX26GYI3MbCdpQU9t4n6EVRXsQAAAAAAAAAAstBeAAAAAAEAAAABAAAAAAAAAAAAAAAAAAAAAQAAABIAAAAAAAAAAC7C83M2T23Bu4kdQGqdfboZgjcxsJ2lBT23ifoRVFexAAAAAlQL4tQAAAAQAAAAAwAAAAIAAAAAAAAAAAAAAAABAAAAAAAAAAAAAAAAAAAA
198844c8b472daacc5b717695a4ca16ac799a13fb2cf4152d19e2117ae1c56c3	19	1	AAAAAONt/6wGI884Zi6sYDYC1GOV/drnh4OcRrTrqJPoOTUKAAAAZAAAABAAAAACAAAAAAAAAAAAAAABAAAAAAAAAAIAAAABVVNEAAAAAAAuwvNzNk9twbuJHUBqnX26GYI3MbCdpQU9t4n6EVRXsQAAAAA7msoAAAAAAAQI6ATBFImTS1I7Fly9YiufQ/dC4uMOetO+m/BysWXyAAAAAUVVUgAAAAAALsLzczZPbcG7iR1Aap19uhmCNzGwnaUFPbeJ+hFUV7EAAAAAdzWUAAAAAAEAAAAAAAAAAAAAAAHoOTUKAAAAQMs9vNZ518oYUMp38TakovW//DDTbs/9oPj1RAix5ElC/d7gbWaaNNJxKQR7eMNO6rB+ntGqee4WurTJgA4k2ws=	GYhEyLRy2qzFtxdpWkyhaseZoT+yz0FS0Z4hF64cVsMAAAAAAAAAZAAAAAAAAAABAAAAAAAAAAIAAAAAAAAAAgAAAAAuwvNzNk9twbuJHUBqnX26GYI3MbCdpQU9t4n6EVRXsQAAAAAAAAABAAAAAAAAAAB3NZQAAAAAAVVTRAAAAAAALsLzczZPbcG7iR1Aap19uhmCNzGwnaUFPbeJ+hFUV7EAAAAAO5rKAAAAAAAuwvNzNk9twbuJHUBqnX26GYI3MbCdpQU9t4n6EVRXsQAAAAAAAAACAAAAAUVVUgAAAAAALsLzczZPbcG7iR1Aap19uhmCNzGwnaUFPbeJ+hFUV7EAAAAAdzWUAAAAAAAAAAAAdzWUAAAAAAAECOgEwRSJk0tSOxZcvWIrn0P3QuLjDnrTvpvwcrFl8gAAAAFFVVIAAAAAAC7C83M2T23Bu4kdQGqdfboZgjcxsJ2lBT23ifoRVFexAAAAAHc1lAAAAAAA	AAAAAAAAAAEAAAAKAAAAAwAAABIAAAAAAAAAAC7C83M2T23Bu4kdQGqdfboZgjcxsJ2lBT23ifoRVFexAAAAAlQL4tQAAAAQAAAAAwAAAAIAAAAAAAAAAAAAAAABAAAAAAAAAAAAAAAAAAAAAAAAAQAAABMAAAAAAAAAAC7C83M2T23Bu4kdQGqdfboZgjcxsJ2lBT23ifoRVFexAAAAAlQL4tQAAAAQAAAAAwAAAAIAAAAAAAAAAAAAAAABAAAAAAAAAAAAAAAAAAAAAAAAAwAAABEAAAABAAAAAAQI6ATBFImTS1I7Fly9YiufQ/dC4uMOetO+m/BysWXyAAAAAUVVUgAAAAAALsLzczZPbcG7iR1Aap19uhmCNzGwnaUFPbeJ+hFUV7EAAAAAAAAAAH//////////AAAAAQAAAAAAAAAAAAAAAQAAABMAAAABAAAAAAQI6ATBFImTS1I7Fly9YiufQ/dC4uMOetO+m/BysWXyAAAAAUVVUgAAAAAALsLzczZPbcG7iR1Aap19uhmCNzGwnaUFPbeJ+hFUV7EAAAAAdzWUAH//////////AAAAAQAAAAAAAAAAAAAAAwAAABIAAAABAAAAAONt/6wGI884Zi6sYDYC1GOV/drnh4OcRrTrqJPoOTUKAAAAAVVTRAAAAAAALsLzczZPbcG7iR1Aap19uhmCNzGwnaUFPbeJ+hFUV7EAAAAAO5rKAH//////////AAAAAQAAAAAAAAAAAAAAAQAAABMAAAABAAAAAONt/6wGI884Zi6sYDYC1GOV/drnh4OcRrTrqJPoOTUKAAAAAVVTRAAAAAAALsLzczZPbcG7iR1Aap19uhmCNzGwnaUFPbeJ+hFUV7EAAAAAAAAAAH//////////AAAAAQAAAAAAAAAAAAAAAwAAABIAAAACAAAAAC7C83M2T23Bu4kdQGqdfboZgjcxsJ2lBT23ifoRVFexAAAAAAAAAAEAAAAAAAAAAVVTRAAAAAAALsLzczZPbcG7iR1Aap19uhmCNzGwnaUFPbeJ+hFUV7EAAAAA7msoAAAAAAEAAAACAAAAAAAAAAAAAAAAAAAAAQAAABMAAAACAAAAAC7C83M2T23Bu4kdQGqdfboZgjcxsJ2lBT23ifoRVFexAAAAAAAAAAEAAAAAAAAAAVVTRAAAAAAALsLzczZPbcG7iR1Aap19uhmCNzGwnaUFPbeJ+hFUV7EAAAAAdzWUAAAAAAEAAAACAAAAAAAAAAAAAAAAAAAAAwAAABIAAAACAAAAAC7C83M2T23Bu4kdQGqdfboZgjcxsJ2lBT23ifoRVFexAAAAAAAAAAIAAAABRVVSAAAAAAAuwvNzNk9twbuJHUBqnX26GYI3MbCdpQU9t4n6EVRXsQAAAAAAAAAAstBeAAAAAAEAAAABAAAAAAAAAAAAAAAAAAAAAQAAABMAAAACAAAAAC7C83M2T23Bu4kdQGqdfboZgjcxsJ2lBT23ifoRVFexAAAAAAAAAAIAAAABRVVSAAAAAAAuwvNzNk9twbuJHUBqnX26GYI3MbCdpQU9t4n6EVRXsQAAAAAAAAAAO5rKAAAAAAEAAAABAAAAAAAAAAAAAAAA
f08dc1fec150f276562866ce4f5272f658cf0bd9fd8c1d96a22c196be2e1b25a	20	1	AAAAAONt/6wGI884Zi6sYDYC1GOV/drnh4OcRrTrqJPoOTUKAAAAZAAAABAAAAADAAAAAAAAAAAAAAABAAAAAAAAAAIAAAAAAAAAADuaygAAAAAABAjoBMEUiZNLUjsWXL1iK59D90Li4w56076b8HKxZfIAAAABRVVSAAAAAAAuwvNzNk9twbuJHUBqnX26GYI3MbCdpQU9t4n6EVRXsQAAAAA7msoAAAAAAAAAAAAAAAAB6Dk1CgAAAEB+7jxesBKKrF343onyycjp2tiQLZiGH2ETl+9fuOqotveY2rIgvt9ng+QJ2aDP3+PnDsYEa9ZUaA+Zne2nIGgE	8I3B/sFQ8nZWKGbOT1Jy9ljPC9n9jB2WoiwZa+LhsloAAAAAAAAAZAAAAAAAAAABAAAAAAAAAAIAAAAAAAAAAQAAAAAuwvNzNk9twbuJHUBqnX26GYI3MbCdpQU9t4n6EVRXsQAAAAAAAAACAAAAAUVVUgAAAAAALsLzczZPbcG7iR1Aap19uhmCNzGwnaUFPbeJ+hFUV7EAAAAAO5rKAAAAAAAAAAAAO5rKAAAAAAAECOgEwRSJk0tSOxZcvWIrn0P3QuLjDnrTvpvwcrFl8gAAAAFFVVIAAAAAAC7C83M2T23Bu4kdQGqdfboZgjcxsJ2lBT23ifoRVFexAAAAADuaygAAAAAA	AAAAAAAAAAEAAAAHAAAAAwAAABMAAAAAAAAAAC7C83M2T23Bu4kdQGqdfboZgjcxsJ2lBT23ifoRVFexAAAAAlQL4tQAAAAQAAAAAwAAAAIAAAAAAAAAAAAAAAABAAAAAAAAAAAAAAAAAAAAAAAAAQAAABQAAAAAAAAAAC7C83M2T23Bu4kdQGqdfboZgjcxsJ2lBT23ifoRVFexAAAAAo+mrNQAAAAQAAAAAwAAAAEAAAAAAAAAAAAAAAABAAAAAAAAAAAAAAAAAAAAAAAAAQAAABQAAAAAAAAAAONt/6wGI884Zi6sYDYC1GOV/drnh4OcRrTrqJPoOTUKAAAAAhhxGNQAAAAQAAAAAwAAAAEAAAAAAAAAAAAAAAABAAAAAAAAAAAAAAAAAAAAAAAAAwAAABMAAAABAAAAAAQI6ATBFImTS1I7Fly9YiufQ/dC4uMOetO+m/BysWXyAAAAAUVVUgAAAAAALsLzczZPbcG7iR1Aap19uhmCNzGwnaUFPbeJ+hFUV7EAAAAAdzWUAH//////////AAAAAQAAAAAAAAAAAAAAAQAAABQAAAABAAAAAAQI6ATBFImTS1I7Fly9YiufQ/dC4uMOetO+m/BysWXyAAAAAUVVUgAAAAAALsLzczZPbcG7iR1Aap19uhmCNzGwnaUFPbeJ+hFUV7EAAAAAstBeAH//////////AAAAAQAAAAAAAAAAAAAAAwAAABMAAAACAAAAAC7C83M2T23Bu4kdQGqdfboZgjcxsJ2lBT23ifoRVFexAAAAAAAAAAIAAAABRVVSAAAAAAAuwvNzNk9twbuJHUBqnX26GYI3MbCdpQU9t4n6EVRXsQAAAAAAAAAAO5rKAAAAAAEAAAABAAAAAAAAAAAAAAAAAAAAAgAAAAIAAAAALsLzczZPbcG7iR1Aap19uhmCNzGwnaUFPbeJ+hFUV7EAAAAAAAAAAg==
2a6987a6930eab7e3becacf9b76ed7a06802668c1f1eb0f82f5671014b4b636a	21	1	AAAAAGL8HQvQkbK2HA3WVjRrKmjX00fG8sLI7m0ERwJW/AX3AAAAZAAAAAAAAAALAAAAAAAAAAAAAAABAAAAAAAAAAAAAAAAXK+F1JOs84QNDhnmIjjKUDQ+mEvueZwDL/tCVRXFjncAAAACVAvkAAAAAAAAAAABVvwF9wAAAEDfpUesb4kQ/RfBx1UxqNOtZ2+4R4S0XxzggPR1C3YyhZAr/K8KyZCg4ejDTFnhu9qAh4GLZLkbBraGncT9DcYF	KmmHppMOq3477Kz5t27XoGgCZowfHrD4L1ZxAUtLY2oAAAAAAAAAZAAAAAAAAAABAAAAAAAAAAAAAAAAAAAAAA==	AAAAAAAAAAEAAAACAAAAAAAAABUAAAAAAAAAAFyvhdSTrPOEDQ4Z5iI4ylA0PphL7nmcAy/7QlUVxY53AAAAAlQL5AAAAAAVAAAAAAAAAAAAAAAAAAAAAAAAAAABAAAAAAAAAAAAAAAAAAAAAAAAAQAAABUAAAAAAAAAAGL8HQvQkbK2HA3WVjRrKmjX00fG8sLI7m0ERwJW/AX3DeC2mhkvS1AAAAAAAAAADAAAAAAAAAAAAAAAAAAAAAABAAAAAAAAAAAAAAAAAAAA
96415ac1d2f79621b26b1568f963fd8dd6c50c20a22c7428cefbfe9dee867588	21	2	AAAAAGL8HQvQkbK2HA3WVjRrKmjX00fG8sLI7m0ERwJW/AX3AAAAZAAAAAAAAAAMAAAAAAAAAAAAAAABAAAAAAAAAAAAAAAAdQRiekAoVkbqXJa3xIIXnCcZLADk+cVfmZs9SLHWDWEAAAACVAvkAAAAAAAAAAABVvwF9wAAAEDdJGdvdZ2S4QoXdO+Odt8ZRdeVu7mBvq7FtP9okqr98pGD/jSAraklQvaRmCyMALIMD2kG8R2KjhKvy7oIL6IB	lkFawdL3liGyaxVo+WP9jdbFDCCiLHQozvv+ne6GdYgAAAAAAAAAZAAAAAAAAAABAAAAAAAAAAAAAAAAAAAAAA==	AAAAAAAAAAEAAAACAAAAAAAAABUAAAAAAAAAAHUEYnpAKFZG6lyWt8SCF5wnGSwA5PnFX5mbPUix1g1hAAAAAlQL5AAAAAAVAAAAAAAAAAAAAAAAAAAAAAAAAAABAAAAAAAAAAAAAAAAAAAAAAAAAQAAABUAAAAAAAAAAGL8HQvQkbK2HA3WVjRrKmjX00fG8sLI7m0ERwJW/AX3DeC2l8UjZ1AAAAAAAAAADAAAAAAAAAAAAAAAAAAAAAABAAAAAAAAAAAAAAAAAAAA
be05e4bd966d58689e1b6fae013e5aa77bde56e6acd2db9b96870e5e746a4ab7	22	1	AAAAAFyvhdSTrPOEDQ4Z5iI4ylA0PphL7nmcAy/7QlUVxY53AAAAZAAAABUAAAABAAAAAAAAAAAAAAABAAAAAAAAAAYAAAABVVNEAAAAAAB1BGJ6QChWRupclrfEghecJxksAOT5xV+Zmz1IsdYNYX//////////AAAAAAAAAAEVxY53AAAAQDMCWfC0eGNJuYIX3s5AUNLernpcHTn8O6ygq/Nw3S5vny/W42O5G4G6UsihVU1xd5bR4im2+VzQlQYQhe0jhwg=	vgXkvZZtWGieG2+uAT5ap3veVuas0tublocOXnRqSrcAAAAAAAAAZAAAAAAAAAABAAAAAAAAAAYAAAAAAAAAAA==	AAAAAAAAAAEAAAACAAAAAAAAABYAAAABAAAAAFyvhdSTrPOEDQ4Z5iI4ylA0PphL7nmcAy/7QlUVxY53AAAAAVVTRAAAAAAAdQRiekAoVkbqXJa3xIIXnCcZLADk+cVfmZs9SLHWDWEAAAAAAAAAAH//////////AAAAAQAAAAAAAAAAAAAAAQAAABYAAAAAAAAAAFyvhdSTrPOEDQ4Z5iI4ylA0PphL7nmcAy/7QlUVxY53AAAAAlQL45wAAAAVAAAAAQAAAAEAAAAAAAAAAAAAAAABAAAAAAAAAAAAAAAAAAAA
d8b2508123656b1df1ee17c2767829bc22ab41959ad25e6ccc520e849516fba1	23	1	AAAAAFyvhdSTrPOEDQ4Z5iI4ylA0PphL7nmcAy/7QlUVxY53AAAAZAAAABUAAAACAAAAAAAAAAAAAAABAAAAAAAAAAMAAAAAAAAAAVVTRAAAAAAAdQRiekAoVkbqXJa3xIIXnCcZLADk+cVfmZs9SLHWDWEAAAAAC+vCAAAAAAEAAAABAAAAAAAAAAAAAAAAAAAAARXFjncAAABATR48xYiKbu8AOoXFwvcvILZ0/pQkfGuwwAoIZNefr7ydIwlcuL44XPM7pJ/6jDSbqBudTNWdE2JRjuq7HI7IAA==	2LJQgSNlax3x7hfCdngpvCKrQZWa0l5szFIOhJUW+6EAAAAAAAAAZAAAAAAAAAABAAAAAAAAAAMAAAAAAAAAAAAAAAAAAAAAXK+F1JOs84QNDhnmIjjKUDQ+mEvueZwDL/tCVRXFjncAAAAAAAAAAwAAAAAAAAABVVNEAAAAAAB1BGJ6QChWRupclrfEghecJxksAOT5xV+Zmz1IsdYNYQAAAAAL68IAAAAAAQAAAAEAAAAAAAAAAAAAAAA=	AAAAAAAAAAEAAAACAAAAAAAAABcAAAACAAAAAFyvhdSTrPOEDQ4Z5iI4ylA0PphL7nmcAy/7QlUVxY53AAAAAAAAAAMAAAAAAAAAAVVTRAAAAAAAdQRiekAoVkbqXJa3xIIXnCcZLADk+cVfmZs9SLHWDWEAAAAAC+vCAAAAAAEAAAABAAAAAAAAAAAAAAAAAAAAAQAAABcAAAAAAAAAAFyvhdSTrPOEDQ4Z5iI4ylA0PphL7nmcAy/7QlUVxY53AAAAAlQL4zgAAAAVAAAAAgAAAAIAAAAAAAAAAAAAAAABAAAAAAAAAAAAAAAAAAAA
01346de1ca30ce03149d9f54945956a22f9cbed3d81f81c62bb59cf8cdd8b893	24	1	AAAAAHUEYnpAKFZG6lyWt8SCF5wnGSwA5PnFX5mbPUix1g1hAAAAZAAAABUAAAABAAAAAAAAAAAAAAABAAAAAAAAAAMAAAABVVNEAAAAAAB1BGJ6QChWRupclrfEghecJxksAOT5xV+Zmz1IsdYNYQAAAAAAAAAAEeGjAAAAAAEAAAABAAAAAAAAAAAAAAAAAAAAAbHWDWEAAABA0L+69D1hxpytAkX6cvPiBuO80ql8SQKZ15POVxx9wYl6mZrL+6UWGab/+6ng2M+a29E7ON+Xs46Y9MNqTh91AQ==	ATRt4cowzgMUnZ9UlFlWoi+cvtPYH4HGK7Wc+M3YuJMAAAAAAAAAZAAAAAAAAAABAAAAAAAAAAMAAAAAAAAAAQAAAABcr4XUk6zzhA0OGeYiOMpQND6YS+55nAMv+0JVFcWOdwAAAAAAAAADAAAAAAAAAAAL68IAAAAAAVVTRAAAAAAAdQRiekAoVkbqXJa3xIIXnCcZLADk+cVfmZs9SLHWDWEAAAAAC+vCAAAAAAAAAAAAdQRiekAoVkbqXJa3xIIXnCcZLADk+cVfmZs9SLHWDWEAAAAAAAAABAAAAAFVU0QAAAAAAHUEYnpAKFZG6lyWt8SCF5wnGSwA5PnFX5mbPUix1g1hAAAAAAAAAAAF9eEAAAAAAQAAAAEAAAAAAAAAAAAAAAA=	AAAAAAAAAAEAAAAHAAAAAAAAABgAAAACAAAAAHUEYnpAKFZG6lyWt8SCF5wnGSwA5PnFX5mbPUix1g1hAAAAAAAAAAQAAAABVVNEAAAAAAB1BGJ6QChWRupclrfEghecJxksAOT5xV+Zmz1IsdYNYQAAAAAAAAAABfXhAAAAAAEAAAABAAAAAAAAAAAAAAAAAAAAAwAAABcAAAAAAAAAAFyvhdSTrPOEDQ4Z5iI4ylA0PphL7nmcAy/7QlUVxY53AAAAAlQL4zgAAAAVAAAAAgAAAAIAAAAAAAAAAAAAAAABAAAAAAAAAAAAAAAAAAAAAAAAAQAAABgAAAAAAAAAAFyvhdSTrPOEDQ4Z5iI4ylA0PphL7nmcAy/7QlUVxY53AAAAAkggITgAAAAVAAAAAgAAAAEAAAAAAAAAAAAAAAABAAAAAAAAAAAAAAAAAAAAAAAAAQAAABgAAAAAAAAAAHUEYnpAKFZG6lyWt8SCF5wnGSwA5PnFX5mbPUix1g1hAAAAAl/3pZwAAAAVAAAAAQAAAAEAAAAAAAAAAAAAAAABAAAAAAAAAAAAAAAAAAAAAAAAAQAAABgAAAABAAAAAFyvhdSTrPOEDQ4Z5iI4ylA0PphL7nmcAy/7QlUVxY53AAAAAVVTRAAAAAAAdQRiekAoVkbqXJa3xIIXnCcZLADk+cVfmZs9SLHWDWEAAAAAC+vCAH//////////AAAAAQAAAAAAAAAAAAAAAwAAABcAAAACAAAAAFyvhdSTrPOEDQ4Z5iI4ylA0PphL7nmcAy/7QlUVxY53AAAAAAAAAAMAAAAAAAAAAVVTRAAAAAAAdQRiekAoVkbqXJa3xIIXnCcZLADk+cVfmZs9SLHWDWEAAAAAC+vCAAAAAAEAAAABAAAAAAAAAAAAAAAAAAAAAgAAAAIAAAAAXK+F1JOs84QNDhnmIjjKUDQ+mEvueZwDL/tCVRXFjncAAAAAAAAAAw==
5065cd7c97cfb6fbf7da8493beed47ed2c7efb3b00b77a4c92692ed487fb86a4	25	1	AAAAAGL8HQvQkbK2HA3WVjRrKmjX00fG8sLI7m0ERwJW/AX3AAAAZAAAAAAAAAANAAAAAAAAAAAAAAABAAAAAAAAAAAAAAAAfGbtaaW8nEfkG5PP1Cf4+dZxNj3MryzpiAiOpDJuhhgAAAACVAvkAAAAAAAAAAABVvwF9wAAAEBthwT3JCg5IZkKRNK3pHBa/eG8zq8Af9gFPWlYvEdRo6jzA5D9fYOcDpKD3dEAuPLNNAHj9tNbZUJA3rwxN94B	UGXNfJfPtvv32oSTvu1H7Sx++zsAt3pMkmku1If7hqQAAAAAAAAAZAAAAAAAAAABAAAAAAAAAAAAAAAAAAAAAA==	AAAAAAAAAAEAAAACAAAAAAAAABkAAAAAAAAAAHxm7WmlvJxH5BuTz9Qn+PnWcTY9zK8s6YgIjqQyboYYAAAAAlQL5AAAAAAZAAAAAAAAAAAAAAAAAAAAAAAAAAABAAAAAAAAAAAAAAAAAAAAAAAAAQAAABkAAAAAAAAAAGL8HQvQkbK2HA3WVjRrKmjX00fG8sLI7m0ERwJW/AX3DeC2lXEXguwAAAAAAAAADQAAAAAAAAAAAAAAAAAAAAABAAAAAAAAAAAAAAAAAAAA
a76e0260f6b83c6ea93f545d17de721c079dc31e81ee5edc41f159ec5fb48443	26	1	AAAAAHxm7WmlvJxH5BuTz9Qn+PnWcTY9zK8s6YgIjqQyboYYAAAAZAAAABkAAAABAAAAAAAAAAAAAAABAAAAAAAAAAQAAAABVVNEAAAAAAB8Zu1ppbycR+Qbk8/UJ/j51nE2PcyvLOmICI6kMm6GGAAAAAAAAAAAdzWUAAAAAAEAAAABAAAAAAAAAAEyboYYAAAAQBqzCYDuLYn/jXhfEVxEGigMCJGoOBCK92lUb3Um15PgwSJ63tNl+FpH8+y5c+mCs/rzcvdyo9uXdodd4LXWiQg=	p24CYPa4PG6pP1RdF95yHAedwx6B7l7cQfFZ7F+0hEMAAAAAAAAAZAAAAAAAAAABAAAAAAAAAAMAAAAAAAAAAAAAAAAAAAAAfGbtaaW8nEfkG5PP1Cf4+dZxNj3MryzpiAiOpDJuhhgAAAAAAAAABQAAAAFVU0QAAAAAAHxm7WmlvJxH5BuTz9Qn+PnWcTY9zK8s6YgIjqQyboYYAAAAAAAAAAB3NZQAAAAAAQAAAAEAAAABAAAAAAAAAAA=	AAAAAAAAAAEAAAACAAAAAAAAABoAAAACAAAAAHxm7WmlvJxH5BuTz9Qn+PnWcTY9zK8s6YgIjqQyboYYAAAAAAAAAAUAAAABVVNEAAAAAAB8Zu1ppbycR+Qbk8/UJ/j51nE2PcyvLOmICI6kMm6GGAAAAAAAAAAAdzWUAAAAAAEAAAABAAAAAQAAAAAAAAAAAAAAAQAAABoAAAAAAAAAAHxm7WmlvJxH5BuTz9Qn+PnWcTY9zK8s6YgIjqQyboYYAAAAAlQL4zgAAAAZAAAAAgAAAAEAAAAAAAAAAAAAAAABAAAAAAAAAAAAAAAAAAAA
92a654c76966ac61acc9df0b75f91cbde3b551c9e9766730827af42d1e247cc3	26	2	AAAAAHxm7WmlvJxH5BuTz9Qn+PnWcTY9zK8s6YgIjqQyboYYAAAAZAAAABkAAAACAAAAAAAAAAAAAAABAAAAAAAAAAQAAAAAAAAAAVVTRAAAAAAAfGbtaaW8nEfkG5PP1Cf4+dZxNj3MryzpiAiOpDJuhhgAAAAAdzWUAAAAAAEAAAABAAAAAAAAAAEyboYYAAAAQBbE9T7oBKoN0/S3AV7GoSRe+xT79SlWNCYEtL1RPExL8FLhw5EDsXLoAvIBbBvHIr9NKcPtWDyhcHlIuaZKIg8=	kqZUx2lmrGGsyd8LdfkcveO1Ucnpdmcwgnr0LR4kfMMAAAAAAAAAZAAAAAAAAAABAAAAAAAAAAMAAAAAAAAAAAAAAAAAAAAAfGbtaaW8nEfkG5PP1Cf4+dZxNj3MryzpiAiOpDJuhhgAAAAAAAAABgAAAAAAAAABVVNEAAAAAAB8Zu1ppbycR+Qbk8/UJ/j51nE2PcyvLOmICI6kMm6GGAAAAAB3NZQAAAAAAQAAAAEAAAABAAAAAAAAAAA=	AAAAAAAAAAEAAAACAAAAAAAAABoAAAACAAAAAHxm7WmlvJxH5BuTz9Qn+PnWcTY9zK8s6YgIjqQyboYYAAAAAAAAAAYAAAAAAAAAAVVTRAAAAAAAfGbtaaW8nEfkG5PP1Cf4+dZxNj3MryzpiAiOpDJuhhgAAAAAdzWUAAAAAAEAAAABAAAAAQAAAAAAAAAAAAAAAQAAABoAAAAAAAAAAHxm7WmlvJxH5BuTz9Qn+PnWcTY9zK8s6YgIjqQyboYYAAAAAlQL4zgAAAAZAAAAAgAAAAIAAAAAAAAAAAAAAAABAAAAAAAAAAAAAAAAAAAA
\.


--
-- Name: accountdata_pkey; Type: CONSTRAINT; Schema: public; Owner: -; Tablespace: 
--

ALTER TABLE ONLY accountdata
    ADD CONSTRAINT accountdata_pkey PRIMARY KEY (accountid, dataname);


--
-- Name: accounts_pkey; Type: CONSTRAINT; Schema: public; Owner: -; Tablespace: 
--

ALTER TABLE ONLY accounts
    ADD CONSTRAINT accounts_pkey PRIMARY KEY (accountid);


--
-- Name: ledgerheaders_ledgerseq_key; Type: CONSTRAINT; Schema: public; Owner: -; Tablespace: 
--

ALTER TABLE ONLY ledgerheaders
    ADD CONSTRAINT ledgerheaders_ledgerseq_key UNIQUE (ledgerseq);


--
-- Name: ledgerheaders_pkey; Type: CONSTRAINT; Schema: public; Owner: -; Tablespace: 
--

ALTER TABLE ONLY ledgerheaders
    ADD CONSTRAINT ledgerheaders_pkey PRIMARY KEY (ledgerhash);


--
-- Name: offers_pkey; Type: CONSTRAINT; Schema: public; Owner: -; Tablespace: 
--

ALTER TABLE ONLY offers
    ADD CONSTRAINT offers_pkey PRIMARY KEY (offerid);


--
-- Name: peers_pkey; Type: CONSTRAINT; Schema: public; Owner: -; Tablespace: 
--

ALTER TABLE ONLY peers
    ADD CONSTRAINT peers_pkey PRIMARY KEY (ip, port);


--
-- Name: publishqueue_pkey; Type: CONSTRAINT; Schema: public; Owner: -; Tablespace: 
--

ALTER TABLE ONLY publishqueue
    ADD CONSTRAINT publishqueue_pkey PRIMARY KEY (ledger);


--
-- Name: pubsub_pkey; Type: CONSTRAINT; Schema: public; Owner: -; Tablespace: 
--

ALTER TABLE ONLY pubsub
    ADD CONSTRAINT pubsub_pkey PRIMARY KEY (resid);


--
-- Name: scpquorums_pkey; Type: CONSTRAINT; Schema: public; Owner: -; Tablespace: 
--

ALTER TABLE ONLY scpquorums
    ADD CONSTRAINT scpquorums_pkey PRIMARY KEY (qsethash);


--
-- Name: signers_pkey; Type: CONSTRAINT; Schema: public; Owner: -; Tablespace: 
--

ALTER TABLE ONLY signers
    ADD CONSTRAINT signers_pkey PRIMARY KEY (accountid, publickey);


--
-- Name: storestate_pkey; Type: CONSTRAINT; Schema: public; Owner: -; Tablespace: 
--

ALTER TABLE ONLY storestate
    ADD CONSTRAINT storestate_pkey PRIMARY KEY (statename);


--
-- Name: trustlines_pkey; Type: CONSTRAINT; Schema: public; Owner: -; Tablespace: 
--

ALTER TABLE ONLY trustlines
    ADD CONSTRAINT trustlines_pkey PRIMARY KEY (accountid, issuer, assetcode);


--
-- Name: txfeehistory_pkey; Type: CONSTRAINT; Schema: public; Owner: -; Tablespace: 
--

ALTER TABLE ONLY txfeehistory
    ADD CONSTRAINT txfeehistory_pkey PRIMARY KEY (ledgerseq, txindex);


--
-- Name: txhistory_pkey; Type: CONSTRAINT; Schema: public; Owner: -; Tablespace: 
--

ALTER TABLE ONLY txhistory
    ADD CONSTRAINT txhistory_pkey PRIMARY KEY (ledgerseq, txindex);


--
-- Name: accountbalances; Type: INDEX; Schema: public; Owner: -; Tablespace: 
--

CREATE INDEX accountbalances ON accounts USING btree (balance) WHERE (balance >= 1000000000);


--
-- Name: buyingissuerindex; Type: INDEX; Schema: public; Owner: -; Tablespace: 
--

CREATE INDEX buyingissuerindex ON offers USING btree (buyingissuer);


--
-- Name: histbyseq; Type: INDEX; Schema: public; Owner: -; Tablespace: 
--

CREATE INDEX histbyseq ON txhistory USING btree (ledgerseq);


--
-- Name: histfeebyseq; Type: INDEX; Schema: public; Owner: -; Tablespace: 
--

CREATE INDEX histfeebyseq ON txfeehistory USING btree (ledgerseq);


--
-- Name: ledgersbyseq; Type: INDEX; Schema: public; Owner: -; Tablespace: 
--

CREATE INDEX ledgersbyseq ON ledgerheaders USING btree (ledgerseq);


--
-- Name: priceindex; Type: INDEX; Schema: public; Owner: -; Tablespace: 
--

CREATE INDEX priceindex ON offers USING btree (price);


--
-- Name: scpenvsbyseq; Type: INDEX; Schema: public; Owner: -; Tablespace: 
--

CREATE INDEX scpenvsbyseq ON scphistory USING btree (ledgerseq);


--
-- Name: sellingissuerindex; Type: INDEX; Schema: public; Owner: -; Tablespace: 
--

CREATE INDEX sellingissuerindex ON offers USING btree (sellingissuer);


--
-- Name: signersaccount; Type: INDEX; Schema: public; Owner: -; Tablespace: 
--

CREATE INDEX signersaccount ON signers USING btree (accountid);


--
-- PostgreSQL database dump complete
--

