--
-- PostgreSQL database dump
--

SET statement_timeout = 0;
SET lock_timeout = 0;
SET client_encoding = 'UTF8';
SET standard_conforming_strings = on;
SET check_function_bodies = false;
SET client_min_messages = warning;

SET search_path = public, pg_catalog;

DROP INDEX public.signersaccount;
DROP INDEX public.sellingissuerindex;
DROP INDEX public.scpenvsbyseq;
DROP INDEX public.priceindex;
DROP INDEX public.ledgersbyseq;
DROP INDEX public.histfeebyseq;
DROP INDEX public.histbyseq;
DROP INDEX public.buyingissuerindex;
DROP INDEX public.accountbalances;
ALTER TABLE ONLY public.txhistory DROP CONSTRAINT txhistory_pkey;
ALTER TABLE ONLY public.txfeehistory DROP CONSTRAINT txfeehistory_pkey;
ALTER TABLE ONLY public.trustlines DROP CONSTRAINT trustlines_pkey;
ALTER TABLE ONLY public.storestate DROP CONSTRAINT storestate_pkey;
ALTER TABLE ONLY public.signers DROP CONSTRAINT signers_pkey;
ALTER TABLE ONLY public.scpquorums DROP CONSTRAINT scpquorums_pkey;
ALTER TABLE ONLY public.pubsub DROP CONSTRAINT pubsub_pkey;
ALTER TABLE ONLY public.publishqueue DROP CONSTRAINT publishqueue_pkey;
ALTER TABLE ONLY public.peers DROP CONSTRAINT peers_pkey;
ALTER TABLE ONLY public.offers DROP CONSTRAINT offers_pkey;
ALTER TABLE ONLY public.ledgerheaders DROP CONSTRAINT ledgerheaders_pkey;
ALTER TABLE ONLY public.ledgerheaders DROP CONSTRAINT ledgerheaders_ledgerseq_key;
ALTER TABLE ONLY public.accounts DROP CONSTRAINT accounts_pkey;
ALTER TABLE ONLY public.accountdata DROP CONSTRAINT accountdata_pkey;
DROP TABLE public.txhistory;
DROP TABLE public.txfeehistory;
DROP TABLE public.trustlines;
DROP TABLE public.storestate;
DROP TABLE public.signers;
DROP TABLE public.scpquorums;
DROP TABLE public.scphistory;
DROP TABLE public.pubsub;
DROP TABLE public.publishqueue;
DROP TABLE public.peers;
DROP TABLE public.offers;
DROP TABLE public.ledgerheaders;
DROP TABLE public.accounts;
DROP TABLE public.accountdata;
DROP EXTENSION plpgsql;
DROP SCHEMA public;
--
-- Name: public; Type: SCHEMA; Schema: -; Owner: -
--

CREATE SCHEMA public;


--
-- Name: SCHEMA public; Type: COMMENT; Schema: -; Owner: -
--

COMMENT ON SCHEMA public IS 'standard public schema';


--
-- Name: plpgsql; Type: EXTENSION; Schema: -; Owner: -
--

CREATE EXTENSION IF NOT EXISTS plpgsql WITH SCHEMA pg_catalog;


--
-- Name: EXTENSION plpgsql; Type: COMMENT; Schema: -; Owner: -
--

COMMENT ON EXTENSION plpgsql IS 'PL/pgSQL procedural language';


SET search_path = public, pg_catalog;

SET default_tablespace = '';

SET default_with_oids = false;

--
-- Name: accountdata; Type: TABLE; Schema: public; Owner: -; Tablespace: 
--

CREATE TABLE accountdata (
    accountid character varying(56) NOT NULL,
    dataname character varying(64) NOT NULL,
    datavalue character varying(112) NOT NULL
);


--
-- Name: accounts; Type: TABLE; Schema: public; Owner: -; Tablespace: 
--

CREATE TABLE accounts (
    accountid character varying(56) NOT NULL,
    balance bigint NOT NULL,
    seqnum bigint NOT NULL,
    numsubentries integer NOT NULL,
    inflationdest character varying(56),
    homedomain character varying(32) NOT NULL,
    thresholds text NOT NULL,
    flags integer NOT NULL,
    lastmodified integer NOT NULL,
    CONSTRAINT accounts_balance_check CHECK ((balance >= 0)),
    CONSTRAINT accounts_numsubentries_check CHECK ((numsubentries >= 0))
);


--
-- Name: ledgerheaders; Type: TABLE; Schema: public; Owner: -; Tablespace: 
--

CREATE TABLE ledgerheaders (
    ledgerhash character(64) NOT NULL,
    prevhash character(64) NOT NULL,
    bucketlisthash character(64) NOT NULL,
    ledgerseq integer,
    closetime bigint NOT NULL,
    data text NOT NULL,
    CONSTRAINT ledgerheaders_closetime_check CHECK ((closetime >= 0)),
    CONSTRAINT ledgerheaders_ledgerseq_check CHECK ((ledgerseq >= 0))
);


--
-- Name: offers; Type: TABLE; Schema: public; Owner: -; Tablespace: 
--

CREATE TABLE offers (
    sellerid character varying(56) NOT NULL,
    offerid bigint NOT NULL,
    sellingassettype integer NOT NULL,
    sellingassetcode character varying(12),
    sellingissuer character varying(56),
    buyingassettype integer NOT NULL,
    buyingassetcode character varying(12),
    buyingissuer character varying(56),
    amount bigint NOT NULL,
    pricen integer NOT NULL,
    priced integer NOT NULL,
    price double precision NOT NULL,
    flags integer NOT NULL,
    lastmodified integer NOT NULL,
    CONSTRAINT offers_amount_check CHECK ((amount >= 0)),
    CONSTRAINT offers_offerid_check CHECK ((offerid >= 0))
);


--
-- Name: peers; Type: TABLE; Schema: public; Owner: -; Tablespace: 
--

CREATE TABLE peers (
    ip character varying(15) NOT NULL,
    port integer DEFAULT 0 NOT NULL,
    nextattempt timestamp without time zone NOT NULL,
    numfailures integer DEFAULT 0 NOT NULL,
    CONSTRAINT peers_numfailures_check CHECK ((numfailures >= 0)),
    CONSTRAINT peers_port_check CHECK (((port > 0) AND (port <= 65535)))
);


--
-- Name: publishqueue; Type: TABLE; Schema: public; Owner: -; Tablespace: 
--

CREATE TABLE publishqueue (
    ledger integer NOT NULL,
    state text
);


--
-- Name: pubsub; Type: TABLE; Schema: public; Owner: -; Tablespace: 
--

CREATE TABLE pubsub (
    resid character(32) NOT NULL,
    lastread integer
);


--
-- Name: scphistory; Type: TABLE; Schema: public; Owner: -; Tablespace: 
--

CREATE TABLE scphistory (
    nodeid character(56) NOT NULL,
    ledgerseq integer NOT NULL,
    envelope text NOT NULL,
    CONSTRAINT scphistory_ledgerseq_check CHECK ((ledgerseq >= 0))
);


--
-- Name: scpquorums; Type: TABLE; Schema: public; Owner: -; Tablespace: 
--

CREATE TABLE scpquorums (
    qsethash character(64) NOT NULL,
    lastledgerseq integer NOT NULL,
    qset text NOT NULL,
    CONSTRAINT scpquorums_lastledgerseq_check CHECK ((lastledgerseq >= 0))
);


--
-- Name: signers; Type: TABLE; Schema: public; Owner: -; Tablespace: 
--

CREATE TABLE signers (
    accountid character varying(56) NOT NULL,
    publickey character varying(56) NOT NULL,
    weight integer NOT NULL
);


--
-- Name: storestate; Type: TABLE; Schema: public; Owner: -; Tablespace: 
--

CREATE TABLE storestate (
    statename character(32) NOT NULL,
    state text
);


--
-- Name: trustlines; Type: TABLE; Schema: public; Owner: -; Tablespace: 
--

CREATE TABLE trustlines (
    accountid character varying(56) NOT NULL,
    assettype integer NOT NULL,
    issuer character varying(56) NOT NULL,
    assetcode character varying(12) NOT NULL,
    tlimit bigint NOT NULL,
    balance bigint NOT NULL,
    flags integer NOT NULL,
    lastmodified integer NOT NULL,
    CONSTRAINT trustlines_balance_check CHECK ((balance >= 0)),
    CONSTRAINT trustlines_tlimit_check CHECK ((tlimit > 0))
);


--
-- Name: txfeehistory; Type: TABLE; Schema: public; Owner: -; Tablespace: 
--

CREATE TABLE txfeehistory (
    txid character(64) NOT NULL,
    ledgerseq integer NOT NULL,
    txindex integer NOT NULL,
    txchanges text NOT NULL,
    CONSTRAINT txfeehistory_ledgerseq_check CHECK ((ledgerseq >= 0))
);


--
-- Name: txhistory; Type: TABLE; Schema: public; Owner: -; Tablespace: 
--

CREATE TABLE txhistory (
    txid character(64) NOT NULL,
    ledgerseq integer NOT NULL,
    txindex integer NOT NULL,
    txbody text NOT NULL,
    txresult text NOT NULL,
    txmeta text NOT NULL,
    CONSTRAINT txhistory_ledgerseq_check CHECK ((ledgerseq >= 0))
);


--
-- Data for Name: accountdata; Type: TABLE DATA; Schema: public; Owner: -
--

COPY accountdata (accountid, dataname, datavalue) FROM stdin;
\.


--
-- Data for Name: accounts; Type: TABLE DATA; Schema: public; Owner: -
--

COPY accounts (accountid, balance, seqnum, numsubentries, inflationdest, homedomain, thresholds, flags, lastmodified) FROM stdin;
GAXI33UCLQTCKM2NMRBS7XYBR535LLEVAHL5YBN4FTCB4HZHT7ZA5CVK	10000000000	12884901888	0	\N		AQAAAA==	0	3
GANZGPKY5WSHWG5YOZMNG52GCK5SCJ4YGUWMJJVGZSK2FP4BI2JIJN2C	10099999900	55834574849	1	\N		AQAAAA==	0	14
GCHC4D2CS45CJRNN4QAHT2LFZAJIU5PA7H53K3VOP6WEJ6XWHNSNZKQG	9899999800	55834574850	0	\N		AQAAAA==	0	15
GDXFAGJCSCI4CK2YHK6YRLA6TKEXFRX7BMGVMQOBMLIEUJRJ5YQNLMIB	9999999600	17179869188	1	\N		AgICAg==	0	6
GA46VRKBCLI2X6DXLX7AIEVRFLH3UA7XBE3NGNP6O74HQ5LXHMGTV2JB	9959999600	30064771076	0	\N		AQAAAA==	0	8
GAG52TW6QAB6TGNMOTL32Y4M3UQQLNNNHPEHYAIYRP6SFF6ZAVRF5ZQY	9799999800	38654705665	0	\N		AQAAAA==	0	10
GDCVTBGSEEU7KLXUMHMSXBALXJ2T4I2KOPXW2S5TRLKDRIAXD5UDHAYO	9499999900	47244640257	0	\N		AQAAAA==	0	12
GCB7FPYGLL6RJ37HKRAYW5TAWMFBGGFGM4IM6ERBCZXI2BZ4OOOX2UAY	500000000	51539607552	0	\N		AQAAAA==	0	12
GBOK7BOUSOWPHBANBYM6MIRYZJIDIPUYJPXHTHADF75UEVIVYWHHONQC	9799999800	90194313218	1	\N		AQAAAA==	0	24
GACAR2AEYEKITE2LKI5RMXF5MIVZ6Q7XILROGDT22O7JX4DSWFS7FDDP	9999999900	68719476737	1	\N		AQAAAA==	0	17
GB2QIYT2IAUFMRXKLSLLPRECC6OCOGJMADSPTRK7TGNT2SFR2YGWDARD	10199999900	90194313217	1	\N		AQAAAA==	0	24
GAXMF43TGZHW3QN3REOUA2U5PW5BTARXGGYJ3JIFHW3YT6QRKRL3CPPU	10999999700	68719476739	1	\N		AQAAAA==	0	20
GDRW375MAYR46ODGF2WGANQC2RRZL7O246DYHHCGWTV2RE7IHE2QUQLD	8999999700	68719476739	1	\N		AQAAAA==	0	20
GCIFFRQKHMH6JD7CK5OI4XVCYCMNRNF6PYA7JTCR3FPHPJZQTYYFB5ES	9999999000	115964117002	0	GBRPYHIL2CI3FNQ4BXLFMNDLFJUNPU2HY3ZMFSHONUCEOASW7QC7OX2H	example.com	AgACAg==	0	30
GB6GN3LJUW6JYR7EDOJ47VBH7D45M4JWHXGK6LHJRAEI5JBSN2DBQY7Q	9999999800	107374182402	2	\N		AQAAAA==	0	26
GBRPYHIL2CI3FNQ4BXLFMNDLFJUNPU2HY3ZMFSHONUCEOASW7QC7OX2H	999999860239998600	14	0	\N		AQAAAA==	0	27
\.


--
-- Data for Name: ledgerheaders; Type: TABLE DATA; Schema: public; Owner: -
--

COPY ledgerheaders (ledgerhash, prevhash, bucketlisthash, ledgerseq, closetime, data) FROM stdin;
63d98f536ee68d1b27b5b89f23af5311b7569a24faf1403ad0b52b633b07be99	0000000000000000000000000000000000000000000000000000000000000000	572a2e32ff248a07b0e70fd1f6d318c1facd20b6cc08c33d5775259868125a16	1	0	AAAAAAAAAAAAAAAAAAAAAAAAAAAAAAAAAAAAAAAAAAAAAAAAAAAAAAAAAAAAAAAAAAAAAAAAAAAAAAAAAAAAAAAAAAAAAAAAAAAAAAAAAAAAAAAAAAAAAAAAAAAAAAAAAAAAAAAAAAAAAAAAAAAAAAAAAABXKi4y/ySKB7DnD9H20xjB+s0gtswIwz1XdSWYaBJaFgAAAAEN4Lazp2QAAAAAAAAAAAAAAAAAAAAAAAAAAAAAAAAAZAX14QAAAABkAAAAAAAAAAAAAAAAAAAAAAAAAAAAAAAAAAAAAAAAAAAAAAAAAAAAAAAAAAAAAAAAAAAAAAAAAAAAAAAAAAAAAAAAAAAAAAAAAAAAAAAAAAAAAAAAAAAAAAAAAAAAAAAAAAAAAAAAAAAAAAAAAAAAAAAAAAAAAAAAAAAAAAAAAAAAAAAA
39a7fb552b231acde0ed4735b2a41e00ab42df9d82cb588489f48f12ebf5d48c	63d98f536ee68d1b27b5b89f23af5311b7569a24faf1403ad0b52b633b07be99	735227ed398461291237687b08446aa2c9b096e0c98a462dadda569f05dd2484	2	1457118508	AAAAAmPZj1Nu5o0bJ7W4nyOvUxG3Vpok+vFAOtC1K2M7B76ZuZRHr9UdXKbTKiclfOjy72YZFJUkJPVcKT5htvorm1QAAAAAVtndLAAAAAIAAAAIAAAAAQAAAAIAAAAIAAAAAwAAJxAAAAAA3z9hmASpL9tAVxktxD3XSOp3itxSvEmM6AUkwBS4ERlzUiftOYRhKRI3aHsIRGqiybCW4MmKRi2t2lafBd0khAAAAAIN4Lazp2QAAAAAAAAAAAAAAAAAAAAAAAAAAAAAAAAAZAX14QAAACcQAAAAAAAAAAAAAAAAAAAAAAAAAAAAAAAAAAAAAAAAAAAAAAAAAAAAAAAAAAAAAAAAAAAAAAAAAAAAAAAAAAAAAAAAAAAAAAAAAAAAAAAAAAAAAAAAAAAAAAAAAAAAAAAAAAAAAAAAAAAAAAAAAAAAAAAAAAAAAAAAAAAAAAAAAAAAAAAA
f04d2a574db0843c9cf66c7ccd7686a81e3195d7b6abf2cccefaeb3716cb7352	39a7fb552b231acde0ed4735b2a41e00ab42df9d82cb588489f48f12ebf5d48c	20152c0cf56a4d6052543eb7c6d403d5a94b255af3a67a69dfe5c37d79a1b632	3	1457118509	AAAAAjmn+1UrIxrN4O1HNbKkHgCrQt+dgstYhIn0jxLr9dSMmDRz7aWfg1fesMqEwd6tihO0xYdEUMKdBMl1jW3niHwAAAAAVtndLQAAAAAAAAAAZTJXylqAKscpSC5cC1USBOQW1Z3eZDL/jbC3qM+wVn4gFSwM9WpNYFJUPrfG1APVqUslWvOmemnf5cN9eaG2MgAAAAMN4Lazp2QAAAAAAAAAAABkAAAAAAAAAAAAAAAAAAAAZAX14QAAACcQAAAAAAAAAAAAAAAAAAAAAAAAAAAAAAAAAAAAAAAAAAAAAAAAAAAAAAAAAAAAAAAAAAAAAAAAAAAAAAAAAAAAAAAAAAAAAAAAAAAAAAAAAAAAAAAAAAAAAAAAAAAAAAAAAAAAAAAAAAAAAAAAAAAAAAAAAAAAAAAAAAAAAAAAAAAAAAAA
c2eb223b11ab2293f7c25c5faad9ab3c20cb486c43260a1298eb64903eae1875	f04d2a574db0843c9cf66c7ccd7686a81e3195d7b6abf2cccefaeb3716cb7352	8be5d143c32720ed0325a6f350fe391fd4de4414b1822699ef5790ee5a3fb830	4	1457118510	AAAAAvBNKldNsIQ8nPZsfM12hqgeMZXXtqvyzM766zcWy3NSiAq8Noofh1QyzX0OFRXBZypmpc1RKYcQEf5dGZcovsIAAAAAVtndLgAAAAAAAAAAI8FeHEzJ0/4FO8/NG/43wTEny1CW/vcH2jcrQkzbbciL5dFDwycg7QMlpvNQ/jkf1N5EFLGCJpnvV5DuWj+4MAAAAAQN4Lazp2QAAAAAAAAAAADIAAAAAAAAAAAAAAAAAAAAZAX14QAAACcQAAAAAAAAAAAAAAAAAAAAAAAAAAAAAAAAAAAAAAAAAAAAAAAAAAAAAAAAAAAAAAAAAAAAAAAAAAAAAAAAAAAAAAAAAAAAAAAAAAAAAAAAAAAAAAAAAAAAAAAAAAAAAAAAAAAAAAAAAAAAAAAAAAAAAAAAAAAAAAAAAAAAAAAAAAAAAAAA
aa7d9fff171b7cbe98c10f09706b9b1e23e4f836ef0f019d86c04b70f52f51f1	c2eb223b11ab2293f7c25c5faad9ab3c20cb486c43260a1298eb64903eae1875	58c7de194394de58bd5053f02504b43c88cbf4152ef6396e41d3f9d4fbde9402	5	1457118511	AAAAAsLrIjsRqyKT98JcX6rZqzwgy0hsQyYKEpjrZJA+rhh1lr5a9WlIuS3yr85VijDvLXEbP+Wb27yHyiyzmRHNTR8AAAAAVtndLwAAAAAAAAAAk6vO/KRxwZ0ynJMMrKUpOSf5WhbdkNk0LIO/zZxB+qdYx94ZQ5TeWL1QU/AlBLQ8iMv0FS72OW5B0/nU+96UAgAAAAUN4Lazp2QAAAAAAAAAAAH0AAAAAAAAAAAAAAAAAAAAZAX14QAAACcQAAAAAAAAAAAAAAAAAAAAAAAAAAAAAAAAAAAAAAAAAAAAAAAAAAAAAAAAAAAAAAAAAAAAAAAAAAAAAAAAAAAAAAAAAAAAAAAAAAAAAAAAAAAAAAAAAAAAAAAAAAAAAAAAAAAAAAAAAAAAAAAAAAAAAAAAAAAAAAAAAAAAAAAAAAAAAAAA
80d4037ba3354014ed320982d39eb0b459d527d01f8e0f04f18a85b0b132c8dd	aa7d9fff171b7cbe98c10f09706b9b1e23e4f836ef0f019d86c04b70f52f51f1	a8f6213dc2ba3bc5ab397d5f2fb3dec1bc8ead45444e164c584795a2719693e4	6	1457118512	AAAAAqp9n/8XG3y+mMEPCXBrmx4j5Pg27w8BnYbAS3D1L1Hx8aGSd+peVjOQ9HSfsX/Ow+5XWAPLErhLcG05ErzPlqQAAAAAVtndMAAAAAAAAAAAN8Q2AtCCsel4HIsK4udqXyLQqcraGjcAHVSUN815grGo9iE9wro7xas5fV8vs97BvI6tRUROFkxYR5WicZaT5AAAAAYN4Lazp2QAAAAAAAAAAAJYAAAAAAAAAAAAAAAAAAAAZAX14QAAACcQAAAAAAAAAAAAAAAAAAAAAAAAAAAAAAAAAAAAAAAAAAAAAAAAAAAAAAAAAAAAAAAAAAAAAAAAAAAAAAAAAAAAAAAAAAAAAAAAAAAAAAAAAAAAAAAAAAAAAAAAAAAAAAAAAAAAAAAAAAAAAAAAAAAAAAAAAAAAAAAAAAAAAAAAAAAAAAAA
ab7be050ee3a8a942faab58ece80cb1619a4cf430d14ed67c7273a154f7d585f	80d4037ba3354014ed320982d39eb0b459d527d01f8e0f04f18a85b0b132c8dd	d2622427bae38c5e460ebbe2ecd2d3c15062a055b26f248424be070dee8afd8c	7	1457118513	AAAAAoDUA3ujNUAU7TIJgtOesLRZ1SfQH44PBPGKhbCxMsjdTMAoy6763A234lOYgfTsWn6ubV69/B6ov76FG8hh8dUAAAAAVtndMQAAAAAAAAAAk5HOQp3TCIyOUj8VmNGrhs2C+IXj942pn3qPVIAXXx7SYiQnuuOMXkYOu+Ls0tPBUGKgVbJvJIQkvgcN7or9jAAAAAcN4Lazp2QAAAAAAAAAAAK8AAAAAAAAAAAAAAAAAAAAZAX14QAAACcQAAAAAAAAAAAAAAAAAAAAAAAAAAAAAAAAAAAAAAAAAAAAAAAAAAAAAAAAAAAAAAAAAAAAAAAAAAAAAAAAAAAAAAAAAAAAAAAAAAAAAAAAAAAAAAAAAAAAAAAAAAAAAAAAAAAAAAAAAAAAAAAAAAAAAAAAAAAAAAAAAAAAAAAAAAAAAAAA
7dd481be7b78580e5b8fdc1cdb174f5f203a165a5ae807f735cbcc0d85aadaf6	ab7be050ee3a8a942faab58ece80cb1619a4cf430d14ed67c7273a154f7d585f	986b57cbd6b80c088ce5b04605de66ffb63553d801ec0c30b2516bed3697fb6c	8	1457118514	AAAAAqt74FDuOoqUL6q1js6AyxYZpM9DDRTtZ8cnOhVPfVhftEYdjSOtZ64Owo+ZwENOp2RwQc1o8++0LJYfqcXkZAwAAAAAVtndMgAAAAAAAAAA5fh0DRZ+OfeA4iH3GTMbG6cqJGEx0qC57216HbTwQPWYa1fL1rgMCIzlsEYF3mb/tjVT2AHsDDCyUWvtNpf7bAAAAAgN4Lazp2QAAAAAAAAAAARMAAAAAAAAAAAAAAAAAAAAZAX14QAAACcQAAAAAAAAAAAAAAAAAAAAAAAAAAAAAAAAAAAAAAAAAAAAAAAAAAAAAAAAAAAAAAAAAAAAAAAAAAAAAAAAAAAAAAAAAAAAAAAAAAAAAAAAAAAAAAAAAAAAAAAAAAAAAAAAAAAAAAAAAAAAAAAAAAAAAAAAAAAAAAAAAAAAAAAAAAAAAAAA
537340a23e52a53acd66a01520ae776a89c07b8cae691f81168383af5d2549c4	7dd481be7b78580e5b8fdc1cdb174f5f203a165a5ae807f735cbcc0d85aadaf6	d13a556871af4f62052eb5a887a90f2a6fb52896e04f668cbb4ef8a7746ba128	9	1457118515	AAAAAn3Ugb57eFgOW4/cHNsXT18gOhZaWugH9zXLzA2Fqtr28yTnjvcx6A3ULtGXJi+SRcM7thyp/J55Et6F8fKGDT8AAAAAVtndMwAAAAAAAAAAbXQLWug2IZ2G4RnwUrCTvIwO6TMpu21+S2UXhqLKWTHROlVoca9PYgUutaiHqQ8qb7UoluBPZoy7TvindGuhKAAAAAkN4Lazp2QAAAAAAAAAAASwAAAAAAAAAAAAAAAAAAAAZAX14QAAACcQAAAAAAAAAAAAAAAAAAAAAAAAAAAAAAAAAAAAAAAAAAAAAAAAAAAAAAAAAAAAAAAAAAAAAAAAAAAAAAAAAAAAAAAAAAAAAAAAAAAAAAAAAAAAAAAAAAAAAAAAAAAAAAAAAAAAAAAAAAAAAAAAAAAAAAAAAAAAAAAAAAAAAAAAAAAAAAAA
e95851f96d1aee3e507fd462af4aa67703fbdf751b0386625d0f4cfa7d4f6248	537340a23e52a53acd66a01520ae776a89c07b8cae691f81168383af5d2549c4	631ceeb1bdd5812bbae6d1f4473c4732b99315d6ce025097e2bff39ef386f9f7	10	1457118516	AAAAAlNzQKI+UqU6zWagFSCud2qJwHuMrmkfgRaDg69dJUnEBHBGnLDyV8TxGLNgJ4+PKQ1RQ8ckaSxHbRBHDwKkgmoAAAAAVtndNAAAAAAAAAAA9+jjsWK6v6g0OYMFxTo1+Yogi2yDSjXhJ86N1AxJOvFjHO6xvdWBK7rm0fRHPEcyuZMV1s4CUJfiv/Oe84b59wAAAAoN4Lazp2QAAAAAAAAAAAV4AAAAAAAAAAAAAAAAAAAAZAX14QAAACcQAAAAAAAAAAAAAAAAAAAAAAAAAAAAAAAAAAAAAAAAAAAAAAAAAAAAAAAAAAAAAAAAAAAAAAAAAAAAAAAAAAAAAAAAAAAAAAAAAAAAAAAAAAAAAAAAAAAAAAAAAAAAAAAAAAAAAAAAAAAAAAAAAAAAAAAAAAAAAAAAAAAAAAAAAAAAAAAA
11ca274c238b3120d9eaa7d00d14a60c5c3851cad79ef7e67b5cf8d97d7cd556	e95851f96d1aee3e507fd462af4aa67703fbdf751b0386625d0f4cfa7d4f6248	5f1d5b3ae8d98988a642acc1528156c4b3d85ab80cbd034bda8d5bd521c55f88	11	1457118517	AAAAAulYUfltGu4+UH/UYq9KpncD+991GwOGYl0PTPp9T2JIsrts0cjxDanSyshIpRBv1KmAalBCB/ZOKTjCgGjgqLkAAAAAVtndNQAAAAAAAAAApIxpaTPANJS3XftGXFSYrEJ0MhfN6GN1Oe5+YEP6099fHVs66NmJiKZCrMFSgVbEs9hauAy9A0vajVvVIcVfiAAAAAsN4Lazp2QAAAAAAAAAAAXcAAAAAAAAAAAAAAAAAAAAZAX14QAAACcQAAAAAAAAAAAAAAAAAAAAAAAAAAAAAAAAAAAAAAAAAAAAAAAAAAAAAAAAAAAAAAAAAAAAAAAAAAAAAAAAAAAAAAAAAAAAAAAAAAAAAAAAAAAAAAAAAAAAAAAAAAAAAAAAAAAAAAAAAAAAAAAAAAAAAAAAAAAAAAAAAAAAAAAAAAAAAAAA
d6a41b31e367d07a2b70f47ff8cc2d7a0b6662a9661b0b18ad3024f014803696	11ca274c238b3120d9eaa7d00d14a60c5c3851cad79ef7e67b5cf8d97d7cd556	65b2957cd303df63dabccc032def78d14d38cb536eb3018cd91e196788c10492	12	1457118518	AAAAAhHKJ0wjizEg2eqn0A0UpgxcOFHK15735ntc+Nl9fNVWyvgs9GHlTbyRtLdbH2JmLHffjRdHLYblolZtWoo2AOUAAAAAVtndNgAAAAAAAAAAc4P3o+BJiJvXXIfj/eVQPF1RRIrnE2nfX0a4J7WFySplspV80wPfY9q8zAMt73jRTTjLU26zAYzZHhlniMEEkgAAAAwN4Lazp2QAAAAAAAAAAAZAAAAAAAAAAAAAAAAAAAAAZAX14QAAACcQAAAAAAAAAAAAAAAAAAAAAAAAAAAAAAAAAAAAAAAAAAAAAAAAAAAAAAAAAAAAAAAAAAAAAAAAAAAAAAAAAAAAAAAAAAAAAAAAAAAAAAAAAAAAAAAAAAAAAAAAAAAAAAAAAAAAAAAAAAAAAAAAAAAAAAAAAAAAAAAAAAAAAAAAAAAAAAAA
7d559210f47747e88e6c000a260c433a258e5529810b6bf7cbd6123fde477553	d6a41b31e367d07a2b70f47ff8cc2d7a0b6662a9661b0b18ad3024f014803696	97fc7d48d24088215fd449c74d9b001c1f148b0023c9cfec13b5b47b45fcf3a8	13	1457118519	AAAAAtakGzHjZ9B6K3D0f/jMLXoLZmKpZhsLGK0wJPAUgDaW0ibZ9hbYqUKhuxQnMLE6kBhRMd07559m8webfKOhi/YAAAAAVtndNwAAAAAAAAAAFkWUNyF+w67R5n+HgDNebl5snV2YlBsz3xLTqBMQsQGX/H1I0kCIIV/UScdNmwAcHxSLACPJz+wTtbR7RfzzqAAAAA0N4Lazp2QAAAAAAAAAAAcIAAAAAAAAAAAAAAAAAAAAZAX14QAAACcQAAAAAAAAAAAAAAAAAAAAAAAAAAAAAAAAAAAAAAAAAAAAAAAAAAAAAAAAAAAAAAAAAAAAAAAAAAAAAAAAAAAAAAAAAAAAAAAAAAAAAAAAAAAAAAAAAAAAAAAAAAAAAAAAAAAAAAAAAAAAAAAAAAAAAAAAAAAAAAAAAAAAAAAAAAAAAAAA
ae85a8eb5b180bccdbe10b86e8dd9c689ea0432e0b2bb7e4284c7f219f809d17	7d559210f47747e88e6c000a260c433a258e5529810b6bf7cbd6123fde477553	0a864c1fd969a9495109bd90cf5f86876ad998e3ce70a4cafad31ee3b3cbd38c	14	1457118520	AAAAAn1VkhD0d0fojmwACiYMQzoljlUpgQtr98vWEj/eR3VTtyi+1YGM36fP+urS7UGGeMQPYBpJhedbkX/ROQLujo0AAAAAVtndOAAAAAAAAAAAl8eMbvLJtOBoTCvorlEKxO6gpnsCesjn+1C1/HG0v1oKhkwf2WmpSVEJvZDPX4aHatmY485wpMr60x7js8vTjAAAAA4N4Lazp2QAAAAAAAAAAAfQAAAAAAAAAAAAAAAAAAAAZAX14QAAACcQAAAAAAAAAAAAAAAAAAAAAAAAAAAAAAAAAAAAAAAAAAAAAAAAAAAAAAAAAAAAAAAAAAAAAAAAAAAAAAAAAAAAAAAAAAAAAAAAAAAAAAAAAAAAAAAAAAAAAAAAAAAAAAAAAAAAAAAAAAAAAAAAAAAAAAAAAAAAAAAAAAAAAAAAAAAAAAAA
d443426d35c6c0b4099ea5d4775ac587d9e42468fb732b0ec669d0b00590e34b	ae85a8eb5b180bccdbe10b86e8dd9c689ea0432e0b2bb7e4284c7f219f809d17	bfffb768c742b5f3e4d858244e25c8109b8d949bb20fd8d9eb6145896c671125	15	1457118521	AAAAAq6FqOtbGAvM2+ELhujdnGieoEMuCyu35ChMfyGfgJ0XsuDBbPdtuADdSMMIcBOehKWoJCkOySABqjNqNicuZo4AAAAAVtndOQAAAAAAAAAAUsjUlWJzXzXDGEu7ZX8NM4G3hXMJgTqm1o4qvEMfb6G//7dox0K18+TYWCROJcgQm42Um7IP2NnrYUWJbGcRJQAAAA8N4Lazp2QAAAAAAAAAAAg0AAAAAAAAAAAAAAAAAAAAZAX14QAAACcQAAAAAAAAAAAAAAAAAAAAAAAAAAAAAAAAAAAAAAAAAAAAAAAAAAAAAAAAAAAAAAAAAAAAAAAAAAAAAAAAAAAAAAAAAAAAAAAAAAAAAAAAAAAAAAAAAAAAAAAAAAAAAAAAAAAAAAAAAAAAAAAAAAAAAAAAAAAAAAAAAAAAAAAAAAAAAAAA
be043a3b866b4ceeb4597d92c405b16a3f936c2867ab173c982b806540954713	d443426d35c6c0b4099ea5d4775ac587d9e42468fb732b0ec669d0b00590e34b	45beaa9f2d82bdaa501990b1852214658d86a66c93986dbe63ebf229c7d2d995	16	1457118522	AAAAAtRDQm01xsC0CZ6l1HdaxYfZ5CRo+3MrDsZp0LAFkONLYrpgBNOI2owvRBZ2A8ikRLe70X+plaEXz/i4GMRejIcAAAAAVtndOgAAAAAAAAAAYKou7BkPtQtmD4O54/TToUgBAVUCmCl/O+9Tgq2hNHxFvqqfLYK9qlAZkLGFIhRljYambJOYbb5j6/Ipx9LZlQAAABAN4Lazp2QAAAAAAAAAAAlgAAAAAAAAAAAAAAAAAAAAZAX14QAAACcQAAAAAAAAAAAAAAAAAAAAAAAAAAAAAAAAAAAAAAAAAAAAAAAAAAAAAAAAAAAAAAAAAAAAAAAAAAAAAAAAAAAAAAAAAAAAAAAAAAAAAAAAAAAAAAAAAAAAAAAAAAAAAAAAAAAAAAAAAAAAAAAAAAAAAAAAAAAAAAAAAAAAAAAAAAAAAAAA
8b1b1be71467f6ace003702564c652f47f30853430ac823a146ef6bf7ef8a62b	be043a3b866b4ceeb4597d92c405b16a3f936c2867ab173c982b806540954713	6f814eec3571a8288f02137ab66e7eee81ddd22e87351d96630c48676a9bbfc2	17	1457118523	AAAAAr4EOjuGa0zutFl9ksQFsWo/k2woZ6sXPJgrgGVAlUcTbOTR0f48dFnE9UluyOpTdwBu0UftUuFr5irEkTZ7X9cAAAAAVtndOwAAAAAAAAAAqHWOFRdWDweK4ZIEBYTYOkzwi2q8iIoB9xFzAOqPS/dvgU7sNXGoKI8CE3q2bn7ugd3SLoc1HZZjDEhnapu/wgAAABEN4Lazp2QAAAAAAAAAAAooAAAAAAAAAAAAAAAAAAAAZAX14QAAACcQAAAAAAAAAAAAAAAAAAAAAAAAAAAAAAAAAAAAAAAAAAAAAAAAAAAAAAAAAAAAAAAAAAAAAAAAAAAAAAAAAAAAAAAAAAAAAAAAAAAAAAAAAAAAAAAAAAAAAAAAAAAAAAAAAAAAAAAAAAAAAAAAAAAAAAAAAAAAAAAAAAAAAAAAAAAAAAAA
7d924061154806bdb47d25cf5ea5d6e51d6ebcd397d46a70542ea4efe60b149d	8b1b1be71467f6ace003702564c652f47f30853430ac823a146ef6bf7ef8a62b	1c8caaa5a5234b8ac19516df61d828e067e0d2d05d3b3d90d311178184aa7637	18	1457118524	AAAAAosbG+cUZ/as4ANwJWTGUvR/MIU0MKyCOhRu9r9++KYrP7BvTGKeT7XsNmGVamykjmstgu5H3Syu2Bx6BKeyipsAAAAAVtndPAAAAAAAAAAANKxyAMoyM/gn59hBYzLxbU28Wbix3QHy7s086vpSY4ccjKqlpSNLisGVFt9h2CjgZ+DS0F07PZDTEReBhKp2NwAAABIN4Lazp2QAAAAAAAAAAAtUAAAAAAAAAAAAAAACAAAAZAX14QAAACcQAAAAAAAAAAAAAAAAAAAAAAAAAAAAAAAAAAAAAAAAAAAAAAAAAAAAAAAAAAAAAAAAAAAAAAAAAAAAAAAAAAAAAAAAAAAAAAAAAAAAAAAAAAAAAAAAAAAAAAAAAAAAAAAAAAAAAAAAAAAAAAAAAAAAAAAAAAAAAAAAAAAAAAAAAAAAAAAA
3a77bfca1566f2343c7f5bbea2b8a57decec9bdb96192f4123f47690bc30af85	7d924061154806bdb47d25cf5ea5d6e51d6ebcd397d46a70542ea4efe60b149d	b989db41d7c804150a982854c45e3ad3e4617e6ccffe779e13917487d19dcc24	19	1457118525	AAAAAn2SQGEVSAa9tH0lz16l1uUdbrzTl9RqcFQupO/mCxSdrTE9+PZ0+sHjUzqTYmB3SdMXAuW09cgdSAFXLJyktF8AAAAAVtndPQAAAAAAAAAAYzC64fmWjZOtqE4JjsKqwerdnzN6ywnJSvdsDWFPcu25idtB18gEFQqYKFTEXjrT5GF+bM/+d54TkXSH0Z3MJAAAABMN4Lazp2QAAAAAAAAAAAu4AAAAAAAAAAAAAAACAAAAZAX14QAAACcQAAAAAAAAAAAAAAAAAAAAAAAAAAAAAAAAAAAAAAAAAAAAAAAAAAAAAAAAAAAAAAAAAAAAAAAAAAAAAAAAAAAAAAAAAAAAAAAAAAAAAAAAAAAAAAAAAAAAAAAAAAAAAAAAAAAAAAAAAAAAAAAAAAAAAAAAAAAAAAAAAAAAAAAAAAAAAAAA
f85cfe25850e8cf1d5b6a51d5834636a2c5a48caf4f54892a99734d1f17a07b0	3a77bfca1566f2343c7f5bbea2b8a57decec9bdb96192f4123f47690bc30af85	2996db01034194222c1e4ed64162a44b9fa48db3a2a9b67eac680dc8549de270	20	1457118526	AAAAAjp3v8oVZvI0PH9bvqK4pX3s7JvblhkvQSP0dpC8MK+F8hJXBPZJY4unafbjqrfgvBTSXxFQ4tpqPBejxrZ6WfgAAAAAVtndPgAAAAAAAAAAx/hxaEW2XNJB3iDf23eYfGcwcQ862pSt7OJ6FF108IYpltsBA0GUIiweTtZBYqRLn6SNs6Kptn6saA3IVJ3icAAAABQN4Lazp2QAAAAAAAAAAAwcAAAAAAAAAAAAAAACAAAAZAX14QAAACcQAAAAAAAAAAAAAAAAAAAAAAAAAAAAAAAAAAAAAAAAAAAAAAAAAAAAAAAAAAAAAAAAAAAAAAAAAAAAAAAAAAAAAAAAAAAAAAAAAAAAAAAAAAAAAAAAAAAAAAAAAAAAAAAAAAAAAAAAAAAAAAAAAAAAAAAAAAAAAAAAAAAAAAAAAAAAAAAA
b52ba06ade89847e086f059d8119f6ff677f2b9a3bd0de3412e66e6499443d24	f85cfe25850e8cf1d5b6a51d5834636a2c5a48caf4f54892a99734d1f17a07b0	19266599367b5d4b67cf1598bbb4db845d7594fbb568c910d5080f691c0979bc	21	1457118527	AAAAAvhc/iWFDozx1balHVg0Y2osWkjK9PVIkqmXNNHxegewgh4zPeFBatg3i/qf8zWTU7uTj6Ly0iO6aBJkdRtjAScAAAAAVtndPwAAAAAAAAAA3LAnNjSwmLo474ojoHgysfkXmeeBIXdgWbyOJwbnsx8ZJmWZNntdS2fPFZi7tNuEXXWU+7VoyRDVCA9pHAl5vAAAABUN4Lazp2QAAAAAAAAAAAzkAAAAAAAAAAAAAAACAAAAZAX14QAAACcQAAAAAAAAAAAAAAAAAAAAAAAAAAAAAAAAAAAAAAAAAAAAAAAAAAAAAAAAAAAAAAAAAAAAAAAAAAAAAAAAAAAAAAAAAAAAAAAAAAAAAAAAAAAAAAAAAAAAAAAAAAAAAAAAAAAAAAAAAAAAAAAAAAAAAAAAAAAAAAAAAAAAAAAAAAAAAAAA
40bb54b326b8333ec63e8da65f884121d5f1568d5c1ba6ebec64fda06c0d1b5a	b52ba06ade89847e086f059d8119f6ff677f2b9a3bd0de3412e66e6499443d24	a9f519d97d7b3f4dd5e3916d6daffd314438eec2dda1f4ca077eb61a961355c5	22	1457118528	AAAAArUroGreiYR+CG8FnYEZ9v9nfyuaO9DeNBLmbmSZRD0kXX8FOwuX8N9+e5YzLe2NfKiZacs1EMLo774icmhybNsAAAAAVtndQAAAAAAAAAAA0AMiyT4CyDLLvayS0AmP97hen9j1rkIsoYeN0iQrjuqp9RnZfXs/TdXjkW1tr/0xRDjuwt2h9MoHfrYalhNVxQAAABYN4Lazp2QAAAAAAAAAAA1IAAAAAAAAAAAAAAACAAAAZAX14QAAACcQAAAAAAAAAAAAAAAAAAAAAAAAAAAAAAAAAAAAAAAAAAAAAAAAAAAAAAAAAAAAAAAAAAAAAAAAAAAAAAAAAAAAAAAAAAAAAAAAAAAAAAAAAAAAAAAAAAAAAAAAAAAAAAAAAAAAAAAAAAAAAAAAAAAAAAAAAAAAAAAAAAAAAAAAAAAAAAAA
b32b9161fc6de6b59a614f628d4612cb2783081b543b3da2d9c603597317ec29	40bb54b326b8333ec63e8da65f884121d5f1568d5c1ba6ebec64fda06c0d1b5a	83d3601164daa5d49430b63754171546c0f0ee47eff105f194e9d64d7ffb2c45	23	1457118529	AAAAAkC7VLMmuDM+xj6Npl+IQSHV8VaNXBum6+xk/aBsDRtasPxpZPIMBlMxNrZruZ+QdU9yBzmxK+cv45RKZnSRd6QAAAAAVtndQQAAAAAAAAAAeu6ZLz++eOyW3/HPY616v+oF2X756WCT8G93ApdHifqD02ARZNql1JQwtjdUFxVGwPDuR+/xBfGU6dZNf/ssRQAAABcN4Lazp2QAAAAAAAAAAA2sAAAAAAAAAAAAAAADAAAAZAX14QAAACcQAAAAAAAAAAAAAAAAAAAAAAAAAAAAAAAAAAAAAAAAAAAAAAAAAAAAAAAAAAAAAAAAAAAAAAAAAAAAAAAAAAAAAAAAAAAAAAAAAAAAAAAAAAAAAAAAAAAAAAAAAAAAAAAAAAAAAAAAAAAAAAAAAAAAAAAAAAAAAAAAAAAAAAAAAAAAAAAA
b99fcfb83ee26cc0b6ad012902d2ae9258314bc13df1f88d765b7a38bf1123c9	b32b9161fc6de6b59a614f628d4612cb2783081b543b3da2d9c603597317ec29	c93efa68bde0c7b9567cfe11a2d1cb0b1a6cfe48430c179528f302cda12a8010	24	1457118530	AAAAArMrkWH8bea1mmFPYo1GEssngwgbVDs9otnGA1lzF+wpYU1Uuj0s6bEIiWoiaMz3L48WZ38yZoJXDdnJMceKvMAAAAAAVtndQgAAAAAAAAAA1ziHajubDrj1Iu5EQ8YZB24Czm29AJPdaJnsX3+A+fXJPvpoveDHuVZ8/hGi0csLGmz+SEMMF5Uo8wLNoSqAEAAAABgN4Lazp2QAAAAAAAAAAA4QAAAAAAAAAAAAAAAEAAAAZAX14QAAACcQAAAAAAAAAAAAAAAAAAAAAAAAAAAAAAAAAAAAAAAAAAAAAAAAAAAAAAAAAAAAAAAAAAAAAAAAAAAAAAAAAAAAAAAAAAAAAAAAAAAAAAAAAAAAAAAAAAAAAAAAAAAAAAAAAAAAAAAAAAAAAAAAAAAAAAAAAAAAAAAAAAAAAAAAAAAAAAAA
df3a2b79cbc7a62ce8c968fb09f1f893983496fbdf67eef495954ec273ff8874	b99fcfb83ee26cc0b6ad012902d2ae9258314bc13df1f88d765b7a38bf1123c9	38388a3882151c1381a12ba86358fce79e38160faa1bd020ac70cd4a5cf8f3af	25	1457118531	AAAAArmfz7g+4mzAtq0BKQLSrpJYMUvBPfH4jXZbeji/ESPJDjjX3B/FmPq6ehHBAevO2QzVRLq6qud3GXWve5Oh80wAAAAAVtndQwAAAAAAAAAAM9gLVDvjwMuVZ+njRjvvMxlhodRg/VJpuapiCb0y9SA4OIo4ghUcE4GhK6hjWPznnjgWD6ob0CCscM1KXPjzrwAAABkN4Lazp2QAAAAAAAAAAA50AAAAAAAAAAAAAAAEAAAAZAX14QAAACcQAAAAAAAAAAAAAAAAAAAAAAAAAAAAAAAAAAAAAAAAAAAAAAAAAAAAAAAAAAAAAAAAAAAAAAAAAAAAAAAAAAAAAAAAAAAAAAAAAAAAAAAAAAAAAAAAAAAAAAAAAAAAAAAAAAAAAAAAAAAAAAAAAAAAAAAAAAAAAAAAAAAAAAAAAAAAAAAA
91a576e92f758302aaee59939e41e0ef35045020715aa1907d6560960121bfe0	df3a2b79cbc7a62ce8c968fb09f1f893983496fbdf67eef495954ec273ff8874	815dda188bda63fb377342b5df4c6bc6defb2dff1fcae4650ce2830d65f88ae6	26	1457118532	AAAAAt86K3nLx6Ys6Mlo+wnx+JOYNJb732fu9JWVTsJz/4h0bS0fsWXvFmRCUTgLWgcQjODzBJGD+lrypCHscdhj15gAAAAAVtndRAAAAAAAAAAAGTKcjd5tsclF3P+ptDiMdUWp83tuYF+zlADp+X+gt+eBXdoYi9pj+zdzQrXfTGvG3vst/x/K5GUM4oMNZfiK5gAAABoN4Lazp2QAAAAAAAAAAA88AAAAAAAAAAAAAAAGAAAAZAX14QAAACcQAAAAAAAAAAAAAAAAAAAAAAAAAAAAAAAAAAAAAAAAAAAAAAAAAAAAAAAAAAAAAAAAAAAAAAAAAAAAAAAAAAAAAAAAAAAAAAAAAAAAAAAAAAAAAAAAAAAAAAAAAAAAAAAAAAAAAAAAAAAAAAAAAAAAAAAAAAAAAAAAAAAAAAAAAAAAAAAA
d12798f50dc26effe12987ffa9182059c0705bc3ff72b8c97866d4f86cd80915	91a576e92f758302aaee59939e41e0ef35045020715aa1907d6560960121bfe0	f1c375714e4fb46eb5dca33b4611b546fb93efc105c9f3eb179398a260f70864	27	1457118533	AAAAApGldukvdYMCqu5Zk55B4O81BFAgcVqhkH1lYJYBIb/gYrq5UpWvfMrF/C6klTb+bJT8sV3Cn82Hw2W4RAnALu0AAAAAVtndRQAAAAAAAAAAkpeXdNXfmh1EnUjCYIMebdzV8PlgCe6J6eJq8Mb4SXbxw3VxTk+0brXcoztGEbVG+5PvwQXJ8+sXk5iiYPcIZAAAABsN4Lazp2QAAAAAAAAAAA+gAAAAAAAAAAAAAAAGAAAAZAX14QAAACcQAAAAAAAAAAAAAAAAAAAAAAAAAAAAAAAAAAAAAAAAAAAAAAAAAAAAAAAAAAAAAAAAAAAAAAAAAAAAAAAAAAAAAAAAAAAAAAAAAAAAAAAAAAAAAAAAAAAAAAAAAAAAAAAAAAAAAAAAAAAAAAAAAAAAAAAAAAAAAAAAAAAAAAAAAAAAAAAA
29cb26a8dc9b4085bdc9c3dbfb2d3034021ceb7ba0f536cffcdf3ab7c5e7d260	d12798f50dc26effe12987ffa9182059c0705bc3ff72b8c97866d4f86cd80915	017a5fb20fca08be262354b3ad6aff8e3b2d26b9a8c1f92099e3158f1fa92d1a	28	1457118534	AAAAAtEnmPUNwm7/4SmH/6kYIFnAcFvD/3K4yXhm1Phs2AkVZavOLImFc86EyI6q/HDyOPBACg1PJIZxgqzWRAwrsJgAAAAAVtndRgAAAAAAAAAAdQ/T4yJNKn9hiJoTuxDsNbd9ibRWf2hNHJhsiqBKWD0Bel+yD8oIviYjVLOtav+OOy0muajB+SCZ4xWPH6ktGgAAABwN4Lazp2QAAAAAAAAAABJcAAAAAAAAAAAAAAAGAAAAZAX14QAAACcQAAAAAAAAAAAAAAAAAAAAAAAAAAAAAAAAAAAAAAAAAAAAAAAAAAAAAAAAAAAAAAAAAAAAAAAAAAAAAAAAAAAAAAAAAAAAAAAAAAAAAAAAAAAAAAAAAAAAAAAAAAAAAAAAAAAAAAAAAAAAAAAAAAAAAAAAAAAAAAAAAAAAAAAAAAAAAAAA
0c26c568c7a23967acb48ef425b7acfdb5aaf8acfb716a17185a6ba3fa5d25c1	29cb26a8dc9b4085bdc9c3dbfb2d3034021ceb7ba0f536cffcdf3ab7c5e7d260	254492a9caf1af658b6c352c788d201285f53908d777c27b39b5e03e3bcda2f1	29	1457118535	AAAAAinLJqjcm0CFvcnD2/stMDQCHOt7oPU2z/zfOrfF59JgZyLnyL1SBs0zV3urQPb2OLhhJPDbEgA73ODJT1ka3cMAAAAAVtndRwAAAAAAAAAAX1T3pzstQkJTWiYJF9BAgocrqS9jeZhcFCLaPrmHMy4lRJKpyvGvZYtsNSx4jSAShfU5CNd3wns5teA+O82i8QAAAB0N4Lazp2QAAAAAAAAAABLAAAAAAAAAAAAAAAAGAAAAZAX14QAAACcQAAAAAAAAAAAAAAAAAAAAAAAAAAAAAAAAAAAAAAAAAAAAAAAAAAAAAAAAAAAAAAAAAAAAAAAAAAAAAAAAAAAAAAAAAAAAAAAAAAAAAAAAAAAAAAAAAAAAAAAAAAAAAAAAAAAAAAAAAAAAAAAAAAAAAAAAAAAAAAAAAAAAAAAAAAAAAAAA
3cd590dd5f89bd88623537644b6c8173f3a7e016bc5356f9431e6c0083e7e5f8	0c26c568c7a23967acb48ef425b7acfdb5aaf8acfb716a17185a6ba3fa5d25c1	caf301706cda070a50bdbb1ecbac72c0ed0f45285a5b26dbae783f6cff389775	30	1457118536	AAAAAgwmxWjHojlnrLSO9CW3rP21qvis+3FqFxhaa6P6XSXBLJcRvjwTitsp3dl/o4jdHyI+TJNcfllbjTzh8YoZdAUAAAAAVtndSAAAAAAAAAAA2Mnf3gC3grhvF/idd8l5D4ULpbCpmYalh4mdqH8phwvK8wFwbNoHClC9ux7LrHLA7Q9FKFpbJtuueD9s/ziXdQAAAB4N4Lazp2QAAAAAAAAAABOIAAAAAAAAAAAAAAAGAAAAZAX14QAAACcQAAAAAAAAAAAAAAAAAAAAAAAAAAAAAAAAAAAAAAAAAAAAAAAAAAAAAAAAAAAAAAAAAAAAAAAAAAAAAAAAAAAAAAAAAAAAAAAAAAAAAAAAAAAAAAAAAAAAAAAAAAAAAAAAAAAAAAAAAAAAAAAAAAAAAAAAAAAAAAAAAAAAAAAAAAAAAAAA
1c5113396327261db2c5358ad16cddba3e8abcdbf44ac5b4ddc8e0532cdb5675	3cd590dd5f89bd88623537644b6c8173f3a7e016bc5356f9431e6c0083e7e5f8	caf301706cda070a50bdbb1ecbac72c0ed0f45285a5b26dbae783f6cff389775	31	1457118537	AAAAAjzVkN1fib2IYjU3ZEtsgXPzp+AWvFNW+UMebACD5+X4Jmg/OKd9wh8mdkkrUKIFwKANvMxoOWUMhkslMR6X1AIAAAAAVtndSQAAAAAAAAAA3z9hmASpL9tAVxktxD3XSOp3itxSvEmM6AUkwBS4ERnK8wFwbNoHClC9ux7LrHLA7Q9FKFpbJtuueD9s/ziXdQAAAB8N4Lazp2QAAAAAAAAAABOIAAAAAAAAAAAAAAAGAAAAZAX14QAAACcQAAAAAAAAAAAAAAAAAAAAAAAAAAAAAAAAAAAAAAAAAAAAAAAAAAAAAAAAAAAAAAAAAAAAAAAAAAAAAAAAAAAAAAAAAAAAAAAAAAAAAAAAAAAAAAAAAAAAAAAAAAAAAAAAAAAAAAAAAAAAAAAAAAAAAAAAAAAAAAAAAAAAAAAAAAAAAAAA
\.


--
-- Data for Name: offers; Type: TABLE DATA; Schema: public; Owner: -
--

COPY offers (sellerid, offerid, sellingassettype, sellingassetcode, sellingissuer, buyingassettype, buyingassetcode, buyingissuer, amount, pricen, priced, price, flags, lastmodified) FROM stdin;
GAXMF43TGZHW3QN3REOUA2U5PW5BTARXGGYJ3JIFHW3YT6QRKRL3CPPU	1	0	\N	\N	1	USD	GAXMF43TGZHW3QN3REOUA2U5PW5BTARXGGYJ3JIFHW3YT6QRKRL3CPPU	2000000000	1	2	0.5	0	19
GB2QIYT2IAUFMRXKLSLLPRECC6OCOGJMADSPTRK7TGNT2SFR2YGWDARD	4	1	USD	GB2QIYT2IAUFMRXKLSLLPRECC6OCOGJMADSPTRK7TGNT2SFR2YGWDARD	0	\N	\N	100000000	1	1	1	0	24
GB6GN3LJUW6JYR7EDOJ47VBH7D45M4JWHXGK6LHJRAEI5JBSN2DBQY7Q	5	1	USD	GB6GN3LJUW6JYR7EDOJ47VBH7D45M4JWHXGK6LHJRAEI5JBSN2DBQY7Q	0	\N	\N	2000000000	1	1	1	1	26
GB6GN3LJUW6JYR7EDOJ47VBH7D45M4JWHXGK6LHJRAEI5JBSN2DBQY7Q	6	0	\N	\N	1	USD	GB6GN3LJUW6JYR7EDOJ47VBH7D45M4JWHXGK6LHJRAEI5JBSN2DBQY7Q	2000000000	1	1	1	1	26
\.


--
-- Data for Name: peers; Type: TABLE DATA; Schema: public; Owner: -
--

COPY peers (ip, port, nextattempt, numfailures) FROM stdin;
\.


--
-- Data for Name: publishqueue; Type: TABLE DATA; Schema: public; Owner: -
--

COPY publishqueue (ledger, state) FROM stdin;
\.


--
-- Data for Name: pubsub; Type: TABLE DATA; Schema: public; Owner: -
--

COPY pubsub (resid, lastread) FROM stdin;
\.


--
-- Data for Name: scphistory; Type: TABLE DATA; Schema: public; Owner: -
--

COPY scphistory (nodeid, ledgerseq, envelope) FROM stdin;
GDJ4IWEQE5DWNQEDOKEN7B4NSBRSDXN2QR4TZYCQHPKR35BTFQM6L7S6	2	AAAAANPEWJAnR2bAg3KI34eNkGMh3bqEeTzgUDvVHfQzLBnlAAAAAAAAAAIAAAACAAAAAQAAAEi5lEev1R1cptMqJyV86PLvZhkUlSQk9VwpPmG2+iubVAAAAABW2d0sAAAAAgAAAAgAAAABAAAAAgAAAAgAAAADAAAnEAAAAAAAAAABCvtA1twvrnNnw1ybBLW58qWL1oFFpiGO6+ug5jKdk8sAAABAVWVR0FUYYkUhPVge9o0SmFe/2Jc9ikyrNw48DzUs/U+zl5WBQjW4X3F6YR7gHe3aGvfWPmLI95pca0yT6eplDQ==
GDJ4IWEQE5DWNQEDOKEN7B4NSBRSDXN2QR4TZYCQHPKR35BTFQM6L7S6	3	AAAAANPEWJAnR2bAg3KI34eNkGMh3bqEeTzgUDvVHfQzLBnlAAAAAAAAAAMAAAACAAAAAQAAADCYNHPtpZ+DV96wyoTB3q2KE7TFh0RQwp0EyXWNbeeIfAAAAABW2d0tAAAAAAAAAAAAAAABCvtA1twvrnNnw1ybBLW58qWL1oFFpiGO6+ug5jKdk8sAAABABZ8rvU0vuZZSR9BBAOrb0ONlDvQj21EYHM1iQzXYUnHZxG2g0IwOc/y48TYhJRIhj1IAvi6mCCNu3uPboGoVDQ==
GDJ4IWEQE5DWNQEDOKEN7B4NSBRSDXN2QR4TZYCQHPKR35BTFQM6L7S6	4	AAAAANPEWJAnR2bAg3KI34eNkGMh3bqEeTzgUDvVHfQzLBnlAAAAAAAAAAQAAAACAAAAAQAAADCICrw2ih+HVDLNfQ4VFcFnKmalzVEphxAR/l0Zlyi+wgAAAABW2d0uAAAAAAAAAAAAAAABCvtA1twvrnNnw1ybBLW58qWL1oFFpiGO6+ug5jKdk8sAAABAGnNoaR2ZtyQFk367X97VzTKOo2A1dnw51CENGr/S225t0vW77Z7siRATn0cja8KdSmfzORNFTqU18yxQhP0eCw==
GDJ4IWEQE5DWNQEDOKEN7B4NSBRSDXN2QR4TZYCQHPKR35BTFQM6L7S6	5	AAAAANPEWJAnR2bAg3KI34eNkGMh3bqEeTzgUDvVHfQzLBnlAAAAAAAAAAUAAAACAAAAAQAAADCWvlr1aUi5LfKvzlWKMO8tcRs/5ZvbvIfKLLOZEc1NHwAAAABW2d0vAAAAAAAAAAAAAAABCvtA1twvrnNnw1ybBLW58qWL1oFFpiGO6+ug5jKdk8sAAABAayjW2cam/2d03zXV2TquXHWV/S4oAweMVbs6QEOf4Vt1+IRnMChyH8DpwTajt8B1Ri4aCZWDzzVs2clISTM8DA==
GDJ4IWEQE5DWNQEDOKEN7B4NSBRSDXN2QR4TZYCQHPKR35BTFQM6L7S6	6	AAAAANPEWJAnR2bAg3KI34eNkGMh3bqEeTzgUDvVHfQzLBnlAAAAAAAAAAYAAAACAAAAAQAAADDxoZJ36l5WM5D0dJ+xf87D7ldYA8sSuEtwbTkSvM+WpAAAAABW2d0wAAAAAAAAAAAAAAABCvtA1twvrnNnw1ybBLW58qWL1oFFpiGO6+ug5jKdk8sAAABAzt5B8S0IQP6QZGCj68Uj80TdHGIDUgr2eIiRwLIsVC6pMR38L+Md6HLj6dL9gNyT41+Mf/VoLcr7O1nm6mTzBg==
GDJ4IWEQE5DWNQEDOKEN7B4NSBRSDXN2QR4TZYCQHPKR35BTFQM6L7S6	7	AAAAANPEWJAnR2bAg3KI34eNkGMh3bqEeTzgUDvVHfQzLBnlAAAAAAAAAAcAAAACAAAAAQAAADBMwCjLrvrcDbfiU5iB9Oxafq5tXr38Hqi/voUbyGHx1QAAAABW2d0xAAAAAAAAAAAAAAABCvtA1twvrnNnw1ybBLW58qWL1oFFpiGO6+ug5jKdk8sAAABAVGfipK/kVM6udZZlE9K+0hp5JeBRW3/DxoTvfusOLN3Jrq5UFaLrSoXjAKj7nJq8K/E4amw+YOKBB+QOE//UBw==
GDJ4IWEQE5DWNQEDOKEN7B4NSBRSDXN2QR4TZYCQHPKR35BTFQM6L7S6	8	AAAAANPEWJAnR2bAg3KI34eNkGMh3bqEeTzgUDvVHfQzLBnlAAAAAAAAAAgAAAACAAAAAQAAADC0Rh2NI61nrg7Cj5nAQ06nZHBBzWjz77Qslh+pxeRkDAAAAABW2d0yAAAAAAAAAAAAAAABCvtA1twvrnNnw1ybBLW58qWL1oFFpiGO6+ug5jKdk8sAAABA/rY6w1Fh/1Kr8moWMqK6387QOO8DWZ3Vpp/eWtUJGdA18l7e+RIBtho5zw2FYKV2QFmEJLtHt731AmJrGPYHAQ==
GDJ4IWEQE5DWNQEDOKEN7B4NSBRSDXN2QR4TZYCQHPKR35BTFQM6L7S6	9	AAAAANPEWJAnR2bAg3KI34eNkGMh3bqEeTzgUDvVHfQzLBnlAAAAAAAAAAkAAAACAAAAAQAAADDzJOeO9zHoDdQu0ZcmL5JFwzu2HKn8nnkS3oXx8oYNPwAAAABW2d0zAAAAAAAAAAAAAAABCvtA1twvrnNnw1ybBLW58qWL1oFFpiGO6+ug5jKdk8sAAABATqYxvyRuljbk7zTiQEfg0yxrE1M2NVm6hsU5ZKTHKely2pgMl7gOVNORLDi7JjO4hvSKssFkl9I8A+v85YqUAQ==
GDJ4IWEQE5DWNQEDOKEN7B4NSBRSDXN2QR4TZYCQHPKR35BTFQM6L7S6	10	AAAAANPEWJAnR2bAg3KI34eNkGMh3bqEeTzgUDvVHfQzLBnlAAAAAAAAAAoAAAACAAAAAQAAADAEcEacsPJXxPEYs2Anj48pDVFDxyRpLEdtEEcPAqSCagAAAABW2d00AAAAAAAAAAAAAAABCvtA1twvrnNnw1ybBLW58qWL1oFFpiGO6+ug5jKdk8sAAABApMwISelG6KTyx5cd95fx49SLYs9Vmy1qtZ4b1tU5gEYXjeefvH2fVpGiZ09Yh0BZ+ooMzxRPMtOrTQ2Gcv4kCQ==
GDJ4IWEQE5DWNQEDOKEN7B4NSBRSDXN2QR4TZYCQHPKR35BTFQM6L7S6	11	AAAAANPEWJAnR2bAg3KI34eNkGMh3bqEeTzgUDvVHfQzLBnlAAAAAAAAAAsAAAACAAAAAQAAADCyu2zRyPENqdLKyEilEG/UqYBqUEIH9k4pOMKAaOCouQAAAABW2d01AAAAAAAAAAAAAAABCvtA1twvrnNnw1ybBLW58qWL1oFFpiGO6+ug5jKdk8sAAABA6nsZv78P5qt8AlrZrPjibJi7A8RyveGatkXxEm4srkDHYeh2bt5f9mOiLl09biaIRp1A7mgn8KfirKBH6PjUAA==
GDJ4IWEQE5DWNQEDOKEN7B4NSBRSDXN2QR4TZYCQHPKR35BTFQM6L7S6	12	AAAAANPEWJAnR2bAg3KI34eNkGMh3bqEeTzgUDvVHfQzLBnlAAAAAAAAAAwAAAACAAAAAQAAADDK+Cz0YeVNvJG0t1sfYmYsd9+NF0cthuWiVm1aijYA5QAAAABW2d02AAAAAAAAAAAAAAABCvtA1twvrnNnw1ybBLW58qWL1oFFpiGO6+ug5jKdk8sAAABAu4LTpvMUkyx8WL1qyeTiqdHJ+eXSPDUm1ZtMoyiqb89cfqJh8AyDNSTuyt6xJDR0defPLgvZZe6Gp9F5W3pFCQ==
GDJ4IWEQE5DWNQEDOKEN7B4NSBRSDXN2QR4TZYCQHPKR35BTFQM6L7S6	13	AAAAANPEWJAnR2bAg3KI34eNkGMh3bqEeTzgUDvVHfQzLBnlAAAAAAAAAA0AAAACAAAAAQAAADDSJtn2FtipQqG7FCcwsTqQGFEx3Tvnn2bzB5t8o6GL9gAAAABW2d03AAAAAAAAAAAAAAABCvtA1twvrnNnw1ybBLW58qWL1oFFpiGO6+ug5jKdk8sAAABACLaDzht75D8OeUlMQwBK2xj8e6JgccEZBxw04FbC4hN8Ov1fBPaVSVG89cDKaJev6zzK3bzQyF++8TMTDkSjBg==
GDJ4IWEQE5DWNQEDOKEN7B4NSBRSDXN2QR4TZYCQHPKR35BTFQM6L7S6	14	AAAAANPEWJAnR2bAg3KI34eNkGMh3bqEeTzgUDvVHfQzLBnlAAAAAAAAAA4AAAACAAAAAQAAADC3KL7VgYzfp8/66tLtQYZ4xA9gGkmF51uRf9E5Au6OjQAAAABW2d04AAAAAAAAAAAAAAABCvtA1twvrnNnw1ybBLW58qWL1oFFpiGO6+ug5jKdk8sAAABAv+//78gZVTuWa5zWmm9xdUV3cJEMah0C4G73E+Ds8mE9F4GmQ5MV1Ev1SptJMa+69wDvYT+yFI/xqmHYWXytBw==
GDJ4IWEQE5DWNQEDOKEN7B4NSBRSDXN2QR4TZYCQHPKR35BTFQM6L7S6	15	AAAAANPEWJAnR2bAg3KI34eNkGMh3bqEeTzgUDvVHfQzLBnlAAAAAAAAAA8AAAACAAAAAQAAADCy4MFs9224AN1IwwhwE56EpagkKQ7JIAGqM2o2Jy5mjgAAAABW2d05AAAAAAAAAAAAAAABCvtA1twvrnNnw1ybBLW58qWL1oFFpiGO6+ug5jKdk8sAAABATOKve30h/jPasvYQCvMPJd9aquz9qy0cjuZc87xOGkOBbkyOU6eEknZkNofe2IeizvfgrKi5N9BfwI5BUlmVCw==
GDJ4IWEQE5DWNQEDOKEN7B4NSBRSDXN2QR4TZYCQHPKR35BTFQM6L7S6	16	AAAAANPEWJAnR2bAg3KI34eNkGMh3bqEeTzgUDvVHfQzLBnlAAAAAAAAABAAAAACAAAAAQAAADBiumAE04jajC9EFnYDyKREt7vRf6mVoRfP+LgYxF6MhwAAAABW2d06AAAAAAAAAAAAAAABCvtA1twvrnNnw1ybBLW58qWL1oFFpiGO6+ug5jKdk8sAAABAtoofMM82gweLmr0ais41DMMmi/bEul+pDcvQLD55GpHOjfWk/nrTAhsfbyfwzhxxDpb/X6pJHeqpECDbuqltBg==
GDJ4IWEQE5DWNQEDOKEN7B4NSBRSDXN2QR4TZYCQHPKR35BTFQM6L7S6	17	AAAAANPEWJAnR2bAg3KI34eNkGMh3bqEeTzgUDvVHfQzLBnlAAAAAAAAABEAAAACAAAAAQAAADBs5NHR/jx0WcT1SW7I6lN3AG7RR+1S4WvmKsSRNntf1wAAAABW2d07AAAAAAAAAAAAAAABCvtA1twvrnNnw1ybBLW58qWL1oFFpiGO6+ug5jKdk8sAAABA0ot8gd3s6WxyIve9o1NNA9aXvWkRPNEvzIH0uEm5InwfoI4dObaIKHeOvaX6nS0z9gZ8ATPED5oOYgh2A66tBw==
GDJ4IWEQE5DWNQEDOKEN7B4NSBRSDXN2QR4TZYCQHPKR35BTFQM6L7S6	18	AAAAANPEWJAnR2bAg3KI34eNkGMh3bqEeTzgUDvVHfQzLBnlAAAAAAAAABIAAAACAAAAAQAAADA/sG9MYp5Ptew2YZVqbKSOay2C7kfdLK7YHHoEp7KKmwAAAABW2d08AAAAAAAAAAAAAAABCvtA1twvrnNnw1ybBLW58qWL1oFFpiGO6+ug5jKdk8sAAABANtMm+xesAJ3v0geLRTTLZno/kcsZslr1XJyXeBy9ZY5Nq5ZbsCQR+Z7kW6rYEFpFe0OJDNndtvMJP+81SgZPCg==
GDJ4IWEQE5DWNQEDOKEN7B4NSBRSDXN2QR4TZYCQHPKR35BTFQM6L7S6	19	AAAAANPEWJAnR2bAg3KI34eNkGMh3bqEeTzgUDvVHfQzLBnlAAAAAAAAABMAAAACAAAAAQAAADCtMT349nT6weNTOpNiYHdJ0xcC5bT1yB1IAVcsnKS0XwAAAABW2d09AAAAAAAAAAAAAAABCvtA1twvrnNnw1ybBLW58qWL1oFFpiGO6+ug5jKdk8sAAABAel0dnozItq2XnGxXWhAPdjj6U+1D3MfP+xyu6sLkQuLHbqkYDzrqkt4bxRiMjQ/rgEwt5GEnQln/vvx2yFtdDw==
GDJ4IWEQE5DWNQEDOKEN7B4NSBRSDXN2QR4TZYCQHPKR35BTFQM6L7S6	20	AAAAANPEWJAnR2bAg3KI34eNkGMh3bqEeTzgUDvVHfQzLBnlAAAAAAAAABQAAAACAAAAAQAAADDyElcE9klji6dp9uOqt+C8FNJfEVDi2mo8F6PGtnpZ+AAAAABW2d0+AAAAAAAAAAAAAAABCvtA1twvrnNnw1ybBLW58qWL1oFFpiGO6+ug5jKdk8sAAABAJVjxkjRiPLpN5O7LW4QEQMO21xUCouIDaBMny9Pdio4dyCJCZGYSdmvRrTIGY+9tRsD1B6dDEqLKXd4AbyiYCQ==
GDJ4IWEQE5DWNQEDOKEN7B4NSBRSDXN2QR4TZYCQHPKR35BTFQM6L7S6	21	AAAAANPEWJAnR2bAg3KI34eNkGMh3bqEeTzgUDvVHfQzLBnlAAAAAAAAABUAAAACAAAAAQAAADCCHjM94UFq2DeL+p/zNZNTu5OPovLSI7poEmR1G2MBJwAAAABW2d0/AAAAAAAAAAAAAAABCvtA1twvrnNnw1ybBLW58qWL1oFFpiGO6+ug5jKdk8sAAABAquLtETcZY6iDXAyXlTP+0UpdkYwOVaulv9s1IxtZ74ZbnD4E2mx2ivWNEZIuEJWNZ/KkqVDiq1F3Wp6Mf/2XAA==
GDJ4IWEQE5DWNQEDOKEN7B4NSBRSDXN2QR4TZYCQHPKR35BTFQM6L7S6	22	AAAAANPEWJAnR2bAg3KI34eNkGMh3bqEeTzgUDvVHfQzLBnlAAAAAAAAABYAAAACAAAAAQAAADBdfwU7C5fw3357ljMt7Y18qJlpyzUQwujvviJyaHJs2wAAAABW2d1AAAAAAAAAAAAAAAABCvtA1twvrnNnw1ybBLW58qWL1oFFpiGO6+ug5jKdk8sAAABAc65XUUzuarEVl+6cZbmp/cGaZHjfcgVthwHWi4ohuwalo7E54EzAK6/4MCAUjOUI7G3RgFGLMKwapchCQ+GnBg==
GDJ4IWEQE5DWNQEDOKEN7B4NSBRSDXN2QR4TZYCQHPKR35BTFQM6L7S6	23	AAAAANPEWJAnR2bAg3KI34eNkGMh3bqEeTzgUDvVHfQzLBnlAAAAAAAAABcAAAACAAAAAQAAADCw/Glk8gwGUzE2tmu5n5B1T3IHObEr5y/jlEpmdJF3pAAAAABW2d1BAAAAAAAAAAAAAAABCvtA1twvrnNnw1ybBLW58qWL1oFFpiGO6+ug5jKdk8sAAABA4MRrxmOQl/5sQ9sIMNNyL1nqKv2obl6Ed82odS6i7aSlxUWxbbhPvsNEZLCOfkMbkK/7HX79d5CsfbRmWC6vBw==
GDJ4IWEQE5DWNQEDOKEN7B4NSBRSDXN2QR4TZYCQHPKR35BTFQM6L7S6	24	AAAAANPEWJAnR2bAg3KI34eNkGMh3bqEeTzgUDvVHfQzLBnlAAAAAAAAABgAAAACAAAAAQAAADBhTVS6PSzpsQiJaiJozPcvjxZnfzJmglcN2ckxx4q8wAAAAABW2d1CAAAAAAAAAAAAAAABCvtA1twvrnNnw1ybBLW58qWL1oFFpiGO6+ug5jKdk8sAAABAL7WEuEwVlIRtHBUB4kCpm1G5EpCTTAvhOC+dNukmd4MmEuVbIzA3CnsMpgW9Cdg1l8OdDfvDIj6ohyBJ76w1CA==
GDJ4IWEQE5DWNQEDOKEN7B4NSBRSDXN2QR4TZYCQHPKR35BTFQM6L7S6	25	AAAAANPEWJAnR2bAg3KI34eNkGMh3bqEeTzgUDvVHfQzLBnlAAAAAAAAABkAAAACAAAAAQAAADAOONfcH8WY+rp6EcEB687ZDNVEurqq53cZda97k6HzTAAAAABW2d1DAAAAAAAAAAAAAAABCvtA1twvrnNnw1ybBLW58qWL1oFFpiGO6+ug5jKdk8sAAABA3loxCR4ibLuU2B5ZAxMg3roSlI6tYMhU69irHaucfjbWQj+d1B9Pc599jqeFjrrfqFY2NXETNHmumL+3zyrpCw==
GDJ4IWEQE5DWNQEDOKEN7B4NSBRSDXN2QR4TZYCQHPKR35BTFQM6L7S6	26	AAAAANPEWJAnR2bAg3KI34eNkGMh3bqEeTzgUDvVHfQzLBnlAAAAAAAAABoAAAACAAAAAQAAADBtLR+xZe8WZEJROAtaBxCM4PMEkYP6WvKkIexx2GPXmAAAAABW2d1EAAAAAAAAAAAAAAABCvtA1twvrnNnw1ybBLW58qWL1oFFpiGO6+ug5jKdk8sAAABAFG9Bcji0CR67SnW2t9w+F3YMwEqRGu2HTom+x0VSzjurwVr4hZ5y3e+GODI6PYR6ENErfPPofaeNGl6J2wIHCA==
GDJ4IWEQE5DWNQEDOKEN7B4NSBRSDXN2QR4TZYCQHPKR35BTFQM6L7S6	27	AAAAANPEWJAnR2bAg3KI34eNkGMh3bqEeTzgUDvVHfQzLBnlAAAAAAAAABsAAAACAAAAAQAAADBiurlSla98ysX8LqSVNv5slPyxXcKfzYfDZbhECcAu7QAAAABW2d1FAAAAAAAAAAAAAAABCvtA1twvrnNnw1ybBLW58qWL1oFFpiGO6+ug5jKdk8sAAABAy6La1QrM3bskVyFz9FcwGJ7WgCpLv88jbQJRL4au816dsdjm579v7TnpdsezAqDFMQDO3IV0Z4UqGgVVW5mxCA==
GDJ4IWEQE5DWNQEDOKEN7B4NSBRSDXN2QR4TZYCQHPKR35BTFQM6L7S6	28	AAAAANPEWJAnR2bAg3KI34eNkGMh3bqEeTzgUDvVHfQzLBnlAAAAAAAAABwAAAACAAAAAQAAADBlq84siYVzzoTIjqr8cPI48EAKDU8khnGCrNZEDCuwmAAAAABW2d1GAAAAAAAAAAAAAAABCvtA1twvrnNnw1ybBLW58qWL1oFFpiGO6+ug5jKdk8sAAABAe3GPR/94qUsEs3x9bfCNfwaE50WBlmViQiEqvvb0EVRj3s/QF7hOQFZvasv0WKa/e/d2hgtlm3X4VZMsMlNUCg==
GDJ4IWEQE5DWNQEDOKEN7B4NSBRSDXN2QR4TZYCQHPKR35BTFQM6L7S6	29	AAAAANPEWJAnR2bAg3KI34eNkGMh3bqEeTzgUDvVHfQzLBnlAAAAAAAAAB0AAAACAAAAAQAAADBnIufIvVIGzTNXe6tA9vY4uGEk8NsSADvc4MlPWRrdwwAAAABW2d1HAAAAAAAAAAAAAAABCvtA1twvrnNnw1ybBLW58qWL1oFFpiGO6+ug5jKdk8sAAABALPeqDuEr06QIWQUVvL0l8tFLFizDXWggW7Omo1uNNhparlLhjyIJ9UXIGAzzSxjM8/UTRsqDT9UqDY6fLcQFDw==
GDJ4IWEQE5DWNQEDOKEN7B4NSBRSDXN2QR4TZYCQHPKR35BTFQM6L7S6	30	AAAAANPEWJAnR2bAg3KI34eNkGMh3bqEeTzgUDvVHfQzLBnlAAAAAAAAAB4AAAACAAAAAQAAADAslxG+PBOK2ynd2X+jiN0fIj5Mk1x+WVuNPOHxihl0BQAAAABW2d1IAAAAAAAAAAAAAAABCvtA1twvrnNnw1ybBLW58qWL1oFFpiGO6+ug5jKdk8sAAABAjSmRCA26DBi4gp/SrWwX/Ux/jde5uChWn9G6+ZLAYcX0IdBR29CHux7Gx8039K8ty4g4pf4BbgKNKh/UYlEeDA==
GDJ4IWEQE5DWNQEDOKEN7B4NSBRSDXN2QR4TZYCQHPKR35BTFQM6L7S6	31	AAAAANPEWJAnR2bAg3KI34eNkGMh3bqEeTzgUDvVHfQzLBnlAAAAAAAAAB8AAAACAAAAAQAAADAmaD84p33CHyZ2SStQogXAoA28zGg5ZQyGSyUxHpfUAgAAAABW2d1JAAAAAAAAAAAAAAABCvtA1twvrnNnw1ybBLW58qWL1oFFpiGO6+ug5jKdk8sAAABAqI9NNMpG4pfbZVEie6KvhgVyBmMFwHNrcJYDl4MKPyKI750Fd55Y/sLZefE6v0raBQStHt1aHElJj8kueb4/DQ==
\.


--
-- Data for Name: scpquorums; Type: TABLE DATA; Schema: public; Owner: -
--

COPY scpquorums (qsethash, lastledgerseq, qset) FROM stdin;
0afb40d6dc2fae7367c35c9b04b5b9f2a58bd68145a6218eebeba0e6329d93cb	31	AAAAAQAAAAEAAAAA08RYkCdHZsCDcojfh42QYyHduoR5POBQO9Ud9DMsGeUAAAAA
\.


--
-- Data for Name: signers; Type: TABLE DATA; Schema: public; Owner: -
--

COPY signers (accountid, publickey, weight) FROM stdin;
GDXFAGJCSCI4CK2YHK6YRLA6TKEXFRX7BMGVMQOBMLIEUJRJ5YQNLMIB	GD3E7HKMRNT6HGBGHBT6I6JE4N2S4W5KZ246TGJ4KQSXJ2P4BXCUPQMP	1
\.


--
-- Data for Name: storestate; Type: TABLE DATA; Schema: public; Owner: -
--

COPY storestate (statename, state) FROM stdin;
lastclosedledger                	1c5113396327261db2c5358ad16cddba3e8abcdbf44ac5b4ddc8e0532cdb5675
databaseschema                  	3
forcescponnextlaunch            	false
historyarchivestate             	{\n    "version": 1,\n    "server": "v0.4.1-61-gffd1ccd",\n    "currentLedger": 31,\n    "currentBuckets": [\n        {\n            "curr": "868029ff3b54309f2df8b1b24005363532960ae23f948cbdf884a9febcb72786",\n            "next": {\n                "state": 0\n            },\n            "snap": "10517da67c7a93344ae0b49f6b2c060a531dbe13cbb5a77b6f06915d9ed8650b"\n        },\n        {\n            "curr": "9c5c7f8280067b651a940790ad3996256edba10c692e5a107b68549989970a2a",\n            "next": {\n                "state": 1,\n                "output": "10517da67c7a93344ae0b49f6b2c060a531dbe13cbb5a77b6f06915d9ed8650b"\n            },\n            "snap": "7ba88210856c6afa05f210fe493780644c4138468a2e3a702e00b09447a299b0"\n        },\n        {\n            "curr": "8b1570ba3fbd3f4311a8c8bb1ae1ff5e2c34e80f127854dfae978f0bd58d2e47",\n            "next": {\n                "state": 1,\n                "output": "b55983616ec0c973f7247e4453cdd8d21629705e099e28d85a435065e9c01c39"\n            },\n            "snap": "0000000000000000000000000000000000000000000000000000000000000000"\n        },\n        {\n            "curr": "0000000000000000000000000000000000000000000000000000000000000000",\n            "next": {\n                "state": 0\n            },\n            "snap": "0000000000000000000000000000000000000000000000000000000000000000"\n        },\n        {\n            "curr": "0000000000000000000000000000000000000000000000000000000000000000",\n            "next": {\n                "state": 0\n            },\n            "snap": "0000000000000000000000000000000000000000000000000000000000000000"\n        },\n        {\n            "curr": "0000000000000000000000000000000000000000000000000000000000000000",\n            "next": {\n                "state": 0\n            },\n            "snap": "0000000000000000000000000000000000000000000000000000000000000000"\n        },\n        {\n            "curr": "0000000000000000000000000000000000000000000000000000000000000000",\n            "next": {\n                "state": 0\n            },\n            "snap": "0000000000000000000000000000000000000000000000000000000000000000"\n        },\n        {\n            "curr": "0000000000000000000000000000000000000000000000000000000000000000",\n            "next": {\n                "state": 0\n            },\n            "snap": "0000000000000000000000000000000000000000000000000000000000000000"\n        },\n        {\n            "curr": "0000000000000000000000000000000000000000000000000000000000000000",\n            "next": {\n                "state": 0\n            },\n            "snap": "0000000000000000000000000000000000000000000000000000000000000000"\n        },\n        {\n            "curr": "0000000000000000000000000000000000000000000000000000000000000000",\n            "next": {\n                "state": 0\n            },\n            "snap": "0000000000000000000000000000000000000000000000000000000000000000"\n        },\n        {\n            "curr": "0000000000000000000000000000000000000000000000000000000000000000",\n            "next": {\n                "state": 0\n            },\n            "snap": "0000000000000000000000000000000000000000000000000000000000000000"\n        }\n    ]\n}
lastscpdata                     	AAAAAgAAAADTxFiQJ0dmwINyiN+HjZBjId26hHk84FA71R30MywZ5QAAAAAAAAAfAAAAAwr7QNbcL65zZ8NcmwS1ufKli9aBRaYhjuvroOYynZPLAAAAAQAAADAmaD84p33CHyZ2SStQogXAoA28zGg5ZQyGSyUxHpfUAgAAAABW2d1JAAAAAAAAAAAAAAABAAAAMCZoPzinfcIfJnZJK1CiBcCgDbzMaDllDIZLJTEel9QCAAAAAFbZ3UkAAAAAAAAAAAAAAECP8zTyc/JiIYfZ+FvhkKuYbw+14nNlcc2jfBwdzkiIPCFCtpUy/wCQYINFb02OfZUOj/uVDvrZmVj2zHBlgscLAAAAANPEWJAnR2bAg3KI34eNkGMh3bqEeTzgUDvVHfQzLBnlAAAAAAAAAB8AAAACAAAAAQAAADAmaD84p33CHyZ2SStQogXAoA28zGg5ZQyGSyUxHpfUAgAAAABW2d1JAAAAAAAAAAAAAAABCvtA1twvrnNnw1ybBLW58qWL1oFFpiGO6+ug5jKdk8sAAABAqI9NNMpG4pfbZVEie6KvhgVyBmMFwHNrcJYDl4MKPyKI750Fd55Y/sLZefE6v0raBQStHt1aHElJj8kueb4/DQAAAAE81ZDdX4m9iGI1N2RLbIFz86fgFrxTVvlDHmwAg+fl+AAAAAAAAAABAAAAAQAAAAEAAAAA08RYkCdHZsCDcojfh42QYyHduoR5POBQO9Ud9DMsGeUAAAAA
\.


--
-- Data for Name: trustlines; Type: TABLE DATA; Schema: public; Owner: -
--

COPY trustlines (accountid, assettype, issuer, assetcode, tlimit, balance, flags, lastmodified) FROM stdin;
GANZGPKY5WSHWG5YOZMNG52GCK5SCJ4YGUWMJJVGZSK2FP4BI2JIJN2C	1	GCHC4D2CS45CJRNN4QAHT2LFZAJIU5PA7H53K3VOP6WEJ6XWHNSNZKQG	USD	9223372036854775807	100000000	1	15
GDRW375MAYR46ODGF2WGANQC2RRZL7O246DYHHCGWTV2RE7IHE2QUQLD	1	GAXMF43TGZHW3QN3REOUA2U5PW5BTARXGGYJ3JIFHW3YT6QRKRL3CPPU	USD	9223372036854775807	0	1	19
GACAR2AEYEKITE2LKI5RMXF5MIVZ6Q7XILROGDT22O7JX4DSWFS7FDDP	1	GAXMF43TGZHW3QN3REOUA2U5PW5BTARXGGYJ3JIFHW3YT6QRKRL3CPPU	EUR	9223372036854775807	3000000000	1	20
GBOK7BOUSOWPHBANBYM6MIRYZJIDIPUYJPXHTHADF75UEVIVYWHHONQC	1	GB2QIYT2IAUFMRXKLSLLPRECC6OCOGJMADSPTRK7TGNT2SFR2YGWDARD	USD	9223372036854775807	200000000	1	24
\.


--
-- Data for Name: txfeehistory; Type: TABLE DATA; Schema: public; Owner: -
--

COPY txfeehistory (txid, ledgerseq, txindex, txchanges) FROM stdin;
f5e0d1f500b2d0c4b42fb8a438d5ed764bc58d1392f4328f4713af407b1968ca	3	1	AAAAAgAAAAMAAAABAAAAAAAAAABi/B0L0JGythwN1lY0aypo19NHxvLCyO5tBEcCVvwF9w3gtrOnZAAAAAAAAAAAAAAAAAAAAAAAAAAAAAAAAAAAAQAAAAAAAAAAAAAAAAAAAAAAAAEAAAADAAAAAAAAAABi/B0L0JGythwN1lY0aypo19NHxvLCyO5tBEcCVvwF9w3gtrOnY/+cAAAAAAAAAAEAAAAAAAAAAAAAAAAAAAAAAQAAAAAAAAAAAAAAAAAAAA==
66e27fb28870cb5256ea92764bcb222adbbaa5fec2d89a62a9aa8c9c8e2ee9e9	4	1	AAAAAgAAAAMAAAADAAAAAAAAAABi/B0L0JGythwN1lY0aypo19NHxvLCyO5tBEcCVvwF9w3gtrFTWBucAAAAAAAAAAEAAAAAAAAAAAAAAAAAAAAAAQAAAAAAAAAAAAAAAAAAAAAAAAEAAAAEAAAAAAAAAABi/B0L0JGythwN1lY0aypo19NHxvLCyO5tBEcCVvwF9w3gtrFTWBs4AAAAAAAAAAIAAAAAAAAAAAAAAAAAAAAAAQAAAAAAAAAAAAAAAAAAAA==
e9d1a3000aea36743142f2ede106d3cb37c3d7e88508e3f21b496370b5863858	5	1	AAAAAgAAAAMAAAAEAAAAAAAAAADuUBkikJHBK1g6vYisHpqJcsb/Cw1WQcFi0EomKe4g1QAAAAJUC+QAAAAABAAAAAAAAAAAAAAAAAAAAAAAAAAAAQAAAAAAAAAAAAAAAAAAAAAAAAEAAAAFAAAAAAAAAADuUBkikJHBK1g6vYisHpqJcsb/Cw1WQcFi0EomKe4g1QAAAAJUC+OcAAAABAAAAAEAAAAAAAAAAAAAAAAAAAAAAQAAAAAAAAAAAAAAAAAAAA==
995b9269f9f9c4c1eace75501188766d6e8ae40c5413120811a50437683cb74c	5	2	AAAAAQAAAAEAAAAFAAAAAAAAAADuUBkikJHBK1g6vYisHpqJcsb/Cw1WQcFi0EomKe4g1QAAAAJUC+M4AAAABAAAAAIAAAAAAAAAAAAAAAAAAAAAAQAAAAAAAAAAAAAAAAAAAA==
f78dca926455579b4a43009ffe35a0229a6da4bed32d3c999d7a06ad26605a25	5	3	AAAAAQAAAAEAAAAFAAAAAAAAAADuUBkikJHBK1g6vYisHpqJcsb/Cw1WQcFi0EomKe4g1QAAAAJUC+LUAAAABAAAAAMAAAAAAAAAAAAAAAAAAAAAAQAAAAAAAAAAAAAAAAAAAA==
a9085e13fbe9f84e07e320a0d445536de1afc2cfd8c7e4186687807edd2b4897	6	1	AAAAAgAAAAMAAAAFAAAAAAAAAADuUBkikJHBK1g6vYisHpqJcsb/Cw1WQcFi0EomKe4g1QAAAAJUC+LUAAAABAAAAAMAAAABAAAAAAAAAAAAAAAAAQICAgAAAAEAAAAA9k+dTItn45gmOGfkeSTjdS5bqs656Zk8VCV06fwNxUcAAAABAAAAAAAAAAAAAAABAAAABgAAAAAAAAAA7lAZIpCRwStYOr2IrB6aiXLG/wsNVkHBYtBKJinuINUAAAACVAvicAAAAAQAAAAEAAAAAQAAAAAAAAAAAAAAAAECAgIAAAABAAAAAPZPnUyLZ+OYJjhn5Hkk43UuW6rOuemZPFQldOn8DcVHAAAAAQAAAAAAAAAA
0fb9c2e20946222b23e1d1d660de9d74576c41cfd9b199f9d565a013c1ef89ca	7	1	AAAAAgAAAAMAAAAEAAAAAAAAAABi/B0L0JGythwN1lY0aypo19NHxvLCyO5tBEcCVvwF9w3gtq7/TDc4AAAAAAAAAAIAAAAAAAAAAAAAAAAAAAAAAQAAAAAAAAAAAAAAAAAAAAAAAAEAAAAHAAAAAAAAAABi/B0L0JGythwN1lY0aypo19NHxvLCyO5tBEcCVvwF9w3gtq7/TDbUAAAAAAAAAAMAAAAAAAAAAAAAAAAAAAAAAQAAAAAAAAAAAAAAAAAAAA==
dd74eee27a59843b28a05ad08abf65eaa231b7debe4d05550c0a7a424cca5929	8	1	AAAAAgAAAAMAAAAHAAAAAAAAAAA56sVBEtGr+Hdd/gQSsSrPugP3CTbTNf53+Hh1dzsNOgAAAAJUC+QAAAAABwAAAAAAAAAAAAAAAAAAAAAAAAAAAQAAAAAAAAAAAAAAAAAAAAAAAAEAAAAIAAAAAAAAAAA56sVBEtGr+Hdd/gQSsSrPugP3CTbTNf53+Hh1dzsNOgAAAAJUC+OcAAAABwAAAAEAAAAAAAAAAAAAAAAAAAAAAQAAAAAAAAAAAAAAAAAAAA==
2551e76a3ce4881b7bc73fdfd89d670d511ea7d4e56156252b51777023202de7	8	2	AAAAAQAAAAEAAAAIAAAAAAAAAAA56sVBEtGr+Hdd/gQSsSrPugP3CTbTNf53+Hh1dzsNOgAAAAJUC+M4AAAABwAAAAIAAAAAAAAAAAAAAAAAAAAAAQAAAAAAAAAAAAAAAAAAAA==
3b36ecfbcc2adb0cfff08ae86199f64e12984f084bb03be9bb249611df82322b	8	3	AAAAAQAAAAEAAAAIAAAAAAAAAAA56sVBEtGr+Hdd/gQSsSrPugP3CTbTNf53+Hh1dzsNOgAAAAJUC+LUAAAABwAAAAMAAAAAAAAAAAAAAAAAAAAAAQAAAAAAAAAAAAAAAAAAAA==
e14885cb66af5f7f5e991b014eec475c61cc831292cf5526cdd0cda145300837	8	4	AAAAAQAAAAEAAAAIAAAAAAAAAAA56sVBEtGr+Hdd/gQSsSrPugP3CTbTNf53+Hh1dzsNOgAAAAJUC+JwAAAABwAAAAQAAAAAAAAAAAAAAAAAAAAAAQAAAAAAAAAAAAAAAAAAAA==
66c28c0ccd5a2e47026aacafa2ecd3c501fe5de349ef376c0f8afb893c7bb55d	9	1	AAAAAgAAAAMAAAAIAAAAAAAAAABi/B0L0JGythwN1lY0aypo19NHxvLCyO5tBEcCVvwF9w3gtqytoqzUAAAAAAAAAAMAAAAAAAAAAAAAAAAAAAAAAQAAAAAAAAAAAAAAAAAAAAAAAAEAAAAJAAAAAAAAAABi/B0L0JGythwN1lY0aypo19NHxvLCyO5tBEcCVvwF9w3gtqytoqxwAAAAAAAAAAQAAAAAAAAAAAAAAAAAAAAAAQAAAAAAAAAAAAAAAAAAAA==
fdb696a797b769176cbaed3a50e4a6a8671119621f65a3f954a3bcf100c7ef0c	10	1	AAAAAgAAAAMAAAAJAAAAAAAAAAAN3U7egAPpmax0171jjN0hBbWtO8h8ARiL/SKX2QViXgAAAAJUC+QAAAAACQAAAAAAAAAAAAAAAAAAAAAAAAAAAQAAAAAAAAAAAAAAAAAAAAAAAAEAAAAKAAAAAAAAAAAN3U7egAPpmax0171jjN0hBbWtO8h8ARiL/SKX2QViXgAAAAJUC+M4AAAACQAAAAEAAAAAAAAAAAAAAAAAAAAAAQAAAAAAAAAAAAAAAAAAAA==
67601a2ca212b84092a7d3c521172b67f4b93d72b726a06c540917d2ab83c1a1	11	1	AAAAAgAAAAMAAAAKAAAAAAAAAABi/B0L0JGythwN1lY0aypo19NHxvLCyO5tBEcCVvwF9w3gtqplgopwAAAAAAAAAAQAAAAAAAAAAAAAAAAAAAAAAQAAAAAAAAAAAAAAAAAAAAAAAAEAAAALAAAAAAAAAABi/B0L0JGythwN1lY0aypo19NHxvLCyO5tBEcCVvwF9w3gtqplgooMAAAAAAAAAAUAAAAAAAAAAAAAAAAAAAAAAQAAAAAAAAAAAAAAAAAAAA==
0e128647b2b93786b6b76e182dcda0173757066f8caf0523d1ba3b47fd6f720d	12	1	AAAAAgAAAAMAAAALAAAAAAAAAADFWYTSISn1LvRh2SuEC7p1PiNKc+9tS7OK1DigFx9oMwAAAAJUC+QAAAAACwAAAAAAAAAAAAAAAAAAAAAAAAAAAQAAAAAAAAAAAAAAAAAAAAAAAAEAAAAMAAAAAAAAAADFWYTSISn1LvRh2SuEC7p1PiNKc+9tS7OK1DigFx9oMwAAAAJUC+OcAAAACwAAAAEAAAAAAAAAAAAAAAAAAAAAAQAAAAAAAAAAAAAAAAAAAA==
cd8a8e9eb53fd268d1294e228995c27f422d90783c4054e44ab0028fc1da210a	13	1	AAAAAgAAAAMAAAALAAAAAAAAAABi/B0L0JGythwN1lY0aypo19NHxvLCyO5tBEcCVvwF9w3gtqgRdqYMAAAAAAAAAAUAAAAAAAAAAAAAAAAAAAAAAQAAAAAAAAAAAAAAAAAAAAAAAAEAAAANAAAAAAAAAABi/B0L0JGythwN1lY0aypo19NHxvLCyO5tBEcCVvwF9w3gtqgRdqWoAAAAAAAAAAYAAAAAAAAAAAAAAAAAAAAAAQAAAAAAAAAAAAAAAAAAAA==
bfbd5e9457d717bcf847291a6c24b7cd8db4ff784ecd4592be30d08146c0c264	13	2	AAAAAQAAAAEAAAANAAAAAAAAAABi/B0L0JGythwN1lY0aypo19NHxvLCyO5tBEcCVvwF9w3gtqgRdqVEAAAAAAAAAAcAAAAAAAAAAAAAAAAAAAAAAQAAAAAAAAAAAAAAAAAAAA==
30880dd42d8e402a30d8a3527b56c1e33e18e87c46e1332ea5cfc1721fd87cfb	14	1	AAAAAgAAAAMAAAANAAAAAAAAAACOLg9Clzokxa3kAHnpZcgSinXg+fu1bq5/rET69jtk3AAAAAJUC+QAAAAADQAAAAAAAAAAAAAAAAAAAAAAAAAAAQAAAAAAAAAAAAAAAAAAAAAAAAEAAAAOAAAAAAAAAACOLg9Clzokxa3kAHnpZcgSinXg+fu1bq5/rET69jtk3AAAAAJUC+OcAAAADQAAAAEAAAAAAAAAAAAAAAAAAAAAAQAAAAAAAAAAAAAAAAAAAA==
dbd964fcfdb336a30f21c240fffdaf73d7c75880ed1b99375c62f84e3e592570	14	2	AAAAAgAAAAMAAAANAAAAAAAAAAAbkz1Y7aR7G7h2WNN3RhK7ISeYNSzEpqbMlaK/gUaShAAAAAJUC+QAAAAADQAAAAAAAAAAAAAAAAAAAAAAAAAAAQAAAAAAAAAAAAAAAAAAAAAAAAEAAAAOAAAAAAAAAAAbkz1Y7aR7G7h2WNN3RhK7ISeYNSzEpqbMlaK/gUaShAAAAAJUC+OcAAAADQAAAAEAAAAAAAAAAAAAAAAAAAAAAQAAAAAAAAAAAAAAAAAAAA==
142c988b1f67984f74a1581de9caecf499e60f1e0eed496661aa2c559238764c	15	1	AAAAAgAAAAMAAAAOAAAAAAAAAACOLg9Clzokxa3kAHnpZcgSinXg+fu1bq5/rET69jtk3AAAAAJOFgKcAAAADQAAAAEAAAAAAAAAAAAAAAAAAAAAAQAAAAAAAAAAAAAAAAAAAAAAAAEAAAAPAAAAAAAAAACOLg9Clzokxa3kAHnpZcgSinXg+fu1bq5/rET69jtk3AAAAAJOFgI4AAAADQAAAAIAAAAAAAAAAAAAAAAAAAAAAQAAAAAAAAAAAAAAAAAAAA==
a5a9e3ca63e9cc155359c97337bcb14464cca56b230a4d0c7f27582644d16809	16	1	AAAAAgAAAAMAAAANAAAAAAAAAABi/B0L0JGythwN1lY0aypo19NHxvLCyO5tBEcCVvwF9w3gtqNpXt1EAAAAAAAAAAcAAAAAAAAAAAAAAAAAAAAAAQAAAAAAAAAAAAAAAAAAAAAAAAEAAAAQAAAAAAAAAABi/B0L0JGythwN1lY0aypo19NHxvLCyO5tBEcCVvwF9w3gtqNpXtzgAAAAAAAAAAgAAAAAAAAAAAAAAAAAAAAAAQAAAAAAAAAAAAAAAAAAAA==
6a056189b45760c607e331c90c5a8b4cd720961df8bc8cecfd4aa388b577a6cb	16	2	AAAAAQAAAAEAAAAQAAAAAAAAAABi/B0L0JGythwN1lY0aypo19NHxvLCyO5tBEcCVvwF9w3gtqNpXtx8AAAAAAAAAAkAAAAAAAAAAAAAAAAAAAAAAQAAAAAAAAAAAAAAAAAAAA==
18bf6cce20cfbb0f9079c4b8783718949d13bd12d173a60363d2b8e3a07efead	16	3	AAAAAQAAAAEAAAAQAAAAAAAAAABi/B0L0JGythwN1lY0aypo19NHxvLCyO5tBEcCVvwF9w3gtqNpXtwYAAAAAAAAAAoAAAAAAAAAAAAAAAAAAAAAAQAAAAAAAAAAAAAAAAAAAA==
cdef45dd961d59375351ea7dd7ef6414ff49371a335723e84dafacea1e13665a	17	1	AAAAAgAAAAMAAAAQAAAAAAAAAADjbf+sBiPPOGYurGA2AtRjlf3a54eDnEa066iT6Dk1CgAAAAJUC+QAAAAAEAAAAAAAAAAAAAAAAAAAAAAAAAAAAQAAAAAAAAAAAAAAAAAAAAAAAAEAAAARAAAAAAAAAADjbf+sBiPPOGYurGA2AtRjlf3a54eDnEa066iT6Dk1CgAAAAJUC+OcAAAAEAAAAAEAAAAAAAAAAAAAAAAAAAAAAQAAAAAAAAAAAAAAAAAAAA==
d1f593eb5e14f97027bc79821fa46628c107034fba9a5acef6a9da79e051ee73	17	2	AAAAAgAAAAMAAAAQAAAAAAAAAAAECOgEwRSJk0tSOxZcvWIrn0P3QuLjDnrTvpvwcrFl8gAAAAJUC+QAAAAAEAAAAAAAAAAAAAAAAAAAAAAAAAAAAQAAAAAAAAAAAAAAAAAAAAAAAAEAAAARAAAAAAAAAAAECOgEwRSJk0tSOxZcvWIrn0P3QuLjDnrTvpvwcrFl8gAAAAJUC+OcAAAAEAAAAAEAAAAAAAAAAAAAAAAAAAAAAQAAAAAAAAAAAAAAAAAAAA==
902b90c2322b9e6b335e7543389a7446b86e3039ebf59ec66dffb50eaec0dc85	18	1	AAAAAgAAAAMAAAAQAAAAAAAAAAAuwvNzNk9twbuJHUBqnX26GYI3MbCdpQU9t4n6EVRXsQAAAAJUC+QAAAAAEAAAAAAAAAAAAAAAAAAAAAAAAAAAAQAAAAAAAAAAAAAAAAAAAAAAAAEAAAASAAAAAAAAAAAuwvNzNk9twbuJHUBqnX26GYI3MbCdpQU9t4n6EVRXsQAAAAJUC+OcAAAAEAAAAAEAAAAAAAAAAAAAAAAAAAAAAQAAAAAAAAAAAAAAAAAAAA==
ca756d1519ceda79f8722042b12cea7ba004c3bd961adb62b59f88a867f86eb3	18	2	AAAAAQAAAAEAAAASAAAAAAAAAAAuwvNzNk9twbuJHUBqnX26GYI3MbCdpQU9t4n6EVRXsQAAAAJUC+M4AAAAEAAAAAIAAAAAAAAAAAAAAAAAAAAAAQAAAAAAAAAAAAAAAAAAAA==
37bb79f6959c0e8e9b3d31f6c9308d8d084d9c6742cfa56ca094cfa6eae99423	18	3	AAAAAQAAAAEAAAASAAAAAAAAAAAuwvNzNk9twbuJHUBqnX26GYI3MbCdpQU9t4n6EVRXsQAAAAJUC+LUAAAAEAAAAAMAAAAAAAAAAAAAAAAAAAAAAQAAAAAAAAAAAAAAAAAAAA==
198844c8b472daacc5b717695a4ca16ac799a13fb2cf4152d19e2117ae1c56c3	19	1	AAAAAgAAAAMAAAARAAAAAAAAAADjbf+sBiPPOGYurGA2AtRjlf3a54eDnEa066iT6Dk1CgAAAAJUC+OcAAAAEAAAAAEAAAABAAAAAAAAAAAAAAAAAQAAAAAAAAAAAAAAAAAAAAAAAAEAAAATAAAAAAAAAADjbf+sBiPPOGYurGA2AtRjlf3a54eDnEa066iT6Dk1CgAAAAJUC+M4AAAAEAAAAAIAAAABAAAAAAAAAAAAAAAAAQAAAAAAAAAAAAAAAAAAAA==
f08dc1fec150f276562866ce4f5272f658cf0bd9fd8c1d96a22c196be2e1b25a	20	1	AAAAAgAAAAMAAAATAAAAAAAAAADjbf+sBiPPOGYurGA2AtRjlf3a54eDnEa066iT6Dk1CgAAAAJUC+M4AAAAEAAAAAIAAAABAAAAAAAAAAAAAAAAAQAAAAAAAAAAAAAAAAAAAAAAAAEAAAAUAAAAAAAAAADjbf+sBiPPOGYurGA2AtRjlf3a54eDnEa066iT6Dk1CgAAAAJUC+LUAAAAEAAAAAMAAAABAAAAAAAAAAAAAAAAAQAAAAAAAAAAAAAAAAAAAA==
2a6987a6930eab7e3becacf9b76ed7a06802668c1f1eb0f82f5671014b4b636a	21	1	AAAAAgAAAAMAAAAQAAAAAAAAAABi/B0L0JGythwN1lY0aypo19NHxvLCyO5tBEcCVvwF9w3gtpxtOzAYAAAAAAAAAAoAAAAAAAAAAAAAAAAAAAAAAQAAAAAAAAAAAAAAAAAAAAAAAAEAAAAVAAAAAAAAAABi/B0L0JGythwN1lY0aypo19NHxvLCyO5tBEcCVvwF9w3gtpxtOy+0AAAAAAAAAAsAAAAAAAAAAAAAAAAAAAAAAQAAAAAAAAAAAAAAAAAAAA==
96415ac1d2f79621b26b1568f963fd8dd6c50c20a22c7428cefbfe9dee867588	21	2	AAAAAQAAAAEAAAAVAAAAAAAAAABi/B0L0JGythwN1lY0aypo19NHxvLCyO5tBEcCVvwF9w3gtpxtOy9QAAAAAAAAAAwAAAAAAAAAAAAAAAAAAAAAAQAAAAAAAAAAAAAAAAAAAA==
be05e4bd966d58689e1b6fae013e5aa77bde56e6acd2db9b96870e5e746a4ab7	22	1	AAAAAgAAAAMAAAAVAAAAAAAAAABcr4XUk6zzhA0OGeYiOMpQND6YS+55nAMv+0JVFcWOdwAAAAJUC+QAAAAAFQAAAAAAAAAAAAAAAAAAAAAAAAAAAQAAAAAAAAAAAAAAAAAAAAAAAAEAAAAWAAAAAAAAAABcr4XUk6zzhA0OGeYiOMpQND6YS+55nAMv+0JVFcWOdwAAAAJUC+OcAAAAFQAAAAEAAAAAAAAAAAAAAAAAAAAAAQAAAAAAAAAAAAAAAAAAAA==
d8b2508123656b1df1ee17c2767829bc22ab41959ad25e6ccc520e849516fba1	23	1	AAAAAgAAAAMAAAAWAAAAAAAAAABcr4XUk6zzhA0OGeYiOMpQND6YS+55nAMv+0JVFcWOdwAAAAJUC+OcAAAAFQAAAAEAAAABAAAAAAAAAAAAAAAAAQAAAAAAAAAAAAAAAAAAAAAAAAEAAAAXAAAAAAAAAABcr4XUk6zzhA0OGeYiOMpQND6YS+55nAMv+0JVFcWOdwAAAAJUC+M4AAAAFQAAAAIAAAABAAAAAAAAAAAAAAAAAQAAAAAAAAAAAAAAAAAAAA==
01346de1ca30ce03149d9f54945956a22f9cbed3d81f81c62bb59cf8cdd8b893	24	1	AAAAAgAAAAMAAAAVAAAAAAAAAAB1BGJ6QChWRupclrfEghecJxksAOT5xV+Zmz1IsdYNYQAAAAJUC+QAAAAAFQAAAAAAAAAAAAAAAAAAAAAAAAAAAQAAAAAAAAAAAAAAAAAAAAAAAAEAAAAYAAAAAAAAAAB1BGJ6QChWRupclrfEghecJxksAOT5xV+Zmz1IsdYNYQAAAAJUC+OcAAAAFQAAAAEAAAAAAAAAAAAAAAAAAAAAAQAAAAAAAAAAAAAAAAAAAA==
5065cd7c97cfb6fbf7da8493beed47ed2c7efb3b00b77a4c92692ed487fb86a4	25	1	AAAAAgAAAAMAAAAVAAAAAAAAAABi/B0L0JGythwN1lY0aypo19NHxvLCyO5tBEcCVvwF9w3gtpfFI2dQAAAAAAAAAAwAAAAAAAAAAAAAAAAAAAAAAQAAAAAAAAAAAAAAAAAAAAAAAAEAAAAZAAAAAAAAAABi/B0L0JGythwN1lY0aypo19NHxvLCyO5tBEcCVvwF9w3gtpfFI2bsAAAAAAAAAA0AAAAAAAAAAAAAAAAAAAAAAQAAAAAAAAAAAAAAAAAAAA==
a76e0260f6b83c6ea93f545d17de721c079dc31e81ee5edc41f159ec5fb48443	26	1	AAAAAgAAAAMAAAAZAAAAAAAAAAB8Zu1ppbycR+Qbk8/UJ/j51nE2PcyvLOmICI6kMm6GGAAAAAJUC+QAAAAAGQAAAAAAAAAAAAAAAAAAAAAAAAAAAQAAAAAAAAAAAAAAAAAAAAAAAAEAAAAaAAAAAAAAAAB8Zu1ppbycR+Qbk8/UJ/j51nE2PcyvLOmICI6kMm6GGAAAAAJUC+OcAAAAGQAAAAEAAAAAAAAAAAAAAAAAAAAAAQAAAAAAAAAAAAAAAAAAAA==
92a654c76966ac61acc9df0b75f91cbde3b551c9e9766730827af42d1e247cc3	26	2	AAAAAQAAAAEAAAAaAAAAAAAAAAB8Zu1ppbycR+Qbk8/UJ/j51nE2PcyvLOmICI6kMm6GGAAAAAJUC+M4AAAAGQAAAAIAAAAAAAAAAAAAAAAAAAAAAQAAAAAAAAAAAAAAAAAAAA==
700fa44bb40e6ad2c5888656cd2e7b8d86de3d3557b653ae6874466175d64927	27	1	AAAAAgAAAAMAAAAZAAAAAAAAAABi/B0L0JGythwN1lY0aypo19NHxvLCyO5tBEcCVvwF9w3gtpVxF4LsAAAAAAAAAA0AAAAAAAAAAAAAAAAAAAAAAQAAAAAAAAAAAAAAAAAAAAAAAAEAAAAbAAAAAAAAAABi/B0L0JGythwN1lY0aypo19NHxvLCyO5tBEcCVvwF9w3gtpVxF4KIAAAAAAAAAA4AAAAAAAAAAAAAAAAAAAAAAQAAAAAAAAAAAAAAAAAAAA==
fe3707fbd5c844395c598f31dc719c61218d4cea4e8dddadb6733f4866089100	28	1	AAAAAgAAAAMAAAAbAAAAAAAAAACQUsYKOw/kj+JXXI5eosCY2LS+fgH0zFHZXnenMJ4wUAAAAAJUC+QAAAAAGwAAAAAAAAAAAAAAAAAAAAAAAAAAAQAAAAAAAAAAAAAAAAAAAAAAAAEAAAAcAAAAAAAAAACQUsYKOw/kj+JXXI5eosCY2LS+fgH0zFHZXnenMJ4wUAAAAAJUC+OcAAAAGwAAAAEAAAAAAAAAAAAAAAAAAAAAAQAAAAAAAAAAAAAAAAAAAA==
345ef7f85c6ea297e3f994feef279b63812628681bd173a1f615185a4368e482	28	2	AAAAAQAAAAEAAAAcAAAAAAAAAACQUsYKOw/kj+JXXI5eosCY2LS+fgH0zFHZXnenMJ4wUAAAAAJUC+M4AAAAGwAAAAIAAAAAAAAAAAAAAAAAAAAAAQAAAAAAAAAAAAAAAAAAAA==
2a14735d7b05109359444acdd87e7fe92c98e9295d2ba61b05e25d1f7ee10fd3	28	3	AAAAAQAAAAEAAAAcAAAAAAAAAACQUsYKOw/kj+JXXI5eosCY2LS+fgH0zFHZXnenMJ4wUAAAAAJUC+LUAAAAGwAAAAMAAAAAAAAAAAAAAAAAAAAAAQAAAAAAAAAAAAAAAAAAAA==
4f9598206ab17cf27b5c3eb9e906d63ebee2626654112eabdd2bce7bf12cccf2	28	4	AAAAAQAAAAEAAAAcAAAAAAAAAACQUsYKOw/kj+JXXI5eosCY2LS+fgH0zFHZXnenMJ4wUAAAAAJUC+JwAAAAGwAAAAQAAAAAAAAAAAAAAAAAAAAAAQAAAAAAAAAAAAAAAAAAAA==
852ba25e0e4aa149a22dc193bcb645ae9eba23e7f7432707f3b910474e9b6a5b	28	5	AAAAAQAAAAEAAAAcAAAAAAAAAACQUsYKOw/kj+JXXI5eosCY2LS+fgH0zFHZXnenMJ4wUAAAAAJUC+IMAAAAGwAAAAUAAAAAAAAAAAAAAAAAAAAAAQAAAAAAAAAAAAAAAAAAAA==
8ccc0c28c3e99a63cc59bad7dec3f5c56eb3942c548ecd40bc39c509d6b081d4	28	6	AAAAAQAAAAEAAAAcAAAAAAAAAACQUsYKOw/kj+JXXI5eosCY2LS+fgH0zFHZXnenMJ4wUAAAAAJUC+GoAAAAGwAAAAYAAAAAAAAAAAAAAAAAAAAAAQAAAAAAAAAAAAAAAAAAAA==
83201014880073f8eff6f21ae76e51c2c4faf533e550ecd3c2205b48a092960a	28	7	AAAAAQAAAAEAAAAcAAAAAAAAAACQUsYKOw/kj+JXXI5eosCY2LS+fgH0zFHZXnenMJ4wUAAAAAJUC+FEAAAAGwAAAAcAAAAAAAAAAAAAAAAAAAAAAQAAAAAAAAAAAAAAAAAAAA==
87feecc1145089663b08e8a928be4cd2eab7945e482b7e83aeaf4cb5c5af632f	29	1	AAAAAgAAAAMAAAAcAAAAAAAAAACQUsYKOw/kj+JXXI5eosCY2LS+fgH0zFHZXnenMJ4wUAAAAAJUC+FEAAAAGwAAAAcAAAABAAAAAQAAAABi/B0L0JGythwN1lY0aypo19NHxvLCyO5tBEcCVvwF9wAAAAMAAAALZXhhbXBsZS5jb20AAgACAgAAAAEAAAAAfJ3Zy1YgTyqjyQHEjYWc3Nph+30O0bcxshQPJhZDE5AAAAABAAAAAAAAAAAAAAABAAAAHQAAAAAAAAAAkFLGCjsP5I/iV1yOXqLAmNi0vn4B9MxR2V53pzCeMFAAAAACVAvg4AAAABsAAAAIAAAAAQAAAAEAAAAAYvwdC9CRsrYcDdZWNGsqaNfTR8bywsjubQRHAlb8BfcAAAADAAAAC2V4YW1wbGUuY29tAAIAAgIAAAABAAAAAHyd2ctWIE8qo8kBxI2FnNzaYft9DtG3MbIUDyYWQxOQAAAAAQAAAAAAAAAA
b86519ef0eaffe2ed72ef14cd2dcf71e07768d801b2ea93710466fa3ff345452	30	1	AAAAAgAAAAMAAAAdAAAAAAAAAACQUsYKOw/kj+JXXI5eosCY2LS+fgH0zFHZXnenMJ4wUAAAAAJUC+DgAAAAGwAAAAgAAAABAAAAAQAAAABi/B0L0JGythwN1lY0aypo19NHxvLCyO5tBEcCVvwF9wAAAAMAAAALZXhhbXBsZS5jb20AAgACAgAAAAEAAAAAfJ3Zy1YgTyqjyQHEjYWc3Nph+30O0bcxshQPJhZDE5AAAAAFAAAAAAAAAAAAAAABAAAAHgAAAAAAAAAAkFLGCjsP5I/iV1yOXqLAmNi0vn4B9MxR2V53pzCeMFAAAAACVAvgfAAAABsAAAAJAAAAAQAAAAEAAAAAYvwdC9CRsrYcDdZWNGsqaNfTR8bywsjubQRHAlb8BfcAAAADAAAAC2V4YW1wbGUuY29tAAIAAgIAAAABAAAAAHyd2ctWIE8qo8kBxI2FnNzaYft9DtG3MbIUDyYWQxOQAAAABQAAAAAAAAAA
5d8eb8ab1e0755856ef88f4e05f9c6017556212025581a3f799dcf5009d38ac3	30	2	AAAAAQAAAAEAAAAeAAAAAAAAAACQUsYKOw/kj+JXXI5eosCY2LS+fgH0zFHZXnenMJ4wUAAAAAJUC+AYAAAAGwAAAAoAAAABAAAAAQAAAABi/B0L0JGythwN1lY0aypo19NHxvLCyO5tBEcCVvwF9wAAAAMAAAALZXhhbXBsZS5jb20AAgACAgAAAAEAAAAAfJ3Zy1YgTyqjyQHEjYWc3Nph+30O0bcxshQPJhZDE5AAAAAFAAAAAAAAAAA=
\.


--
-- Data for Name: txhistory; Type: TABLE DATA; Schema: public; Owner: -
--

COPY txhistory (txid, ledgerseq, txindex, txbody, txresult, txmeta) FROM stdin;
f5e0d1f500b2d0c4b42fb8a438d5ed764bc58d1392f4328f4713af407b1968ca	3	1	AAAAAGL8HQvQkbK2HA3WVjRrKmjX00fG8sLI7m0ERwJW/AX3AAAAZAAAAAAAAAABAAAAAQAAAAAAAABkAAAAAF4MUYAAAAAAAAAAAQAAAAAAAAAAAAAAAC6N7oJcJiUzTWRDL98Bj3fVrJUB19wFvCzEHh8nn/IOAAAAAlQL5AAAAAAAAAAAAVb8BfcAAABAXK6PX0t3GL+4TcNTKBIB9vkqahUMix+Rf/7WY5d6YJsmeBQ+o5ULJWvzgfc3aTx4f/DCUXc54KcOfCfzqH0uDQ==	9eDR9QCy0MS0L7ikONXtdkvFjROS9DKPRxOvQHsZaMoAAAAAAAAAZAAAAAAAAAABAAAAAAAAAAAAAAAAAAAAAA==	AAAAAAAAAAEAAAACAAAAAAAAAAMAAAAAAAAAAC6N7oJcJiUzTWRDL98Bj3fVrJUB19wFvCzEHh8nn/IOAAAAAlQL5AAAAAADAAAAAAAAAAAAAAAAAAAAAAAAAAABAAAAAAAAAAAAAAAAAAAAAAAAAQAAAAMAAAAAAAAAAGL8HQvQkbK2HA3WVjRrKmjX00fG8sLI7m0ERwJW/AX3DeC2sVNYG5wAAAAAAAAAAQAAAAAAAAAAAAAAAAAAAAABAAAAAAAAAAAAAAAAAAAA
66e27fb28870cb5256ea92764bcb222adbbaa5fec2d89a62a9aa8c9c8e2ee9e9	4	1	AAAAAGL8HQvQkbK2HA3WVjRrKmjX00fG8sLI7m0ERwJW/AX3AAAAZAAAAAAAAAACAAAAAAAAAAAAAAABAAAAAAAAAAAAAAAA7lAZIpCRwStYOr2IrB6aiXLG/wsNVkHBYtBKJinuINUAAAACVAvkAAAAAAAAAAABVvwF9wAAAECAUpO+hxiga/YgRsV3rFpBJydgOyn0TPImJCaQCMikkiG+sNXrQBsYXjJrlOiGjGsU3rk4uvGl85AriYD9PNYH	ZuJ/sohwy1JW6pJ2S8siKtu6pf7C2JpiqaqMnI4u6ekAAAAAAAAAZAAAAAAAAAABAAAAAAAAAAAAAAAAAAAAAA==	AAAAAAAAAAEAAAACAAAAAAAAAAQAAAAAAAAAAO5QGSKQkcErWDq9iKwemolyxv8LDVZBwWLQSiYp7iDVAAAAAlQL5AAAAAAEAAAAAAAAAAAAAAAAAAAAAAAAAAABAAAAAAAAAAAAAAAAAAAAAAAAAQAAAAQAAAAAAAAAAGL8HQvQkbK2HA3WVjRrKmjX00fG8sLI7m0ERwJW/AX3DeC2rv9MNzgAAAAAAAAAAgAAAAAAAAAAAAAAAAAAAAABAAAAAAAAAAAAAAAAAAAA
e9d1a3000aea36743142f2ede106d3cb37c3d7e88508e3f21b496370b5863858	5	1	AAAAAO5QGSKQkcErWDq9iKwemolyxv8LDVZBwWLQSiYp7iDVAAAAZAAAAAQAAAABAAAAAAAAAAAAAAABAAAAAAAAAAUAAAAAAAAAAQAAAAAAAAABAAAAAAAAAAEAAAABAAAAAAAAAAAAAAAAAAAAAAAAAAAAAAAAAAAAASnuINUAAABASz0AtZeNzXSXkjPkKJfOE8aUTAuPR6pxMMbF337wxE3wzOTDaVcDQ2N5P3E9MKc+fbbFhZ9K+07+J0wMGltRBA==	6dGjAArqNnQxQvLt4QbTyzfD1+iFCOPyG0ljcLWGOFgAAAAAAAAAZAAAAAAAAAABAAAAAAAAAAUAAAAAAAAAAA==	AAAAAAAAAAEAAAABAAAAAQAAAAUAAAAAAAAAAO5QGSKQkcErWDq9iKwemolyxv8LDVZBwWLQSiYp7iDVAAAAAlQL4tQAAAAEAAAAAwAAAAAAAAAAAAAAAAAAAAABAAAAAAAAAAAAAAAAAAAA
995b9269f9f9c4c1eace75501188766d6e8ae40c5413120811a50437683cb74c	5	2	AAAAAO5QGSKQkcErWDq9iKwemolyxv8LDVZBwWLQSiYp7iDVAAAAZAAAAAQAAAACAAAAAAAAAAAAAAABAAAAAAAAAAUAAAAAAAAAAQAAAAAAAAABAAAAAAAAAAAAAAAAAAAAAAAAAAAAAAAAAAAAAQAAAAD2T51Mi2fjmCY4Z+R5JON1LluqzrnpmTxUJXTp/A3FRwAAAAEAAAAAAAAAASnuINUAAABADpkMMc7kkkYjDoPwfUlOE9tLYvWHI/m+BBe/gCKN1cVvEF1UBVeCCuGBTjury4TqoxplKl4NZHJST5/Orr4XCA==	mVuSafn5xMHqznVQEYh2bW6K5AxUExIIEaUEN2g8t0wAAAAAAAAAZAAAAAAAAAABAAAAAAAAAAUAAAAAAAAAAA==	AAAAAAAAAAEAAAABAAAAAQAAAAUAAAAAAAAAAO5QGSKQkcErWDq9iKwemolyxv8LDVZBwWLQSiYp7iDVAAAAAlQL4tQAAAAEAAAAAwAAAAEAAAAAAAAAAAAAAAABAAAAAAAAAQAAAAD2T51Mi2fjmCY4Z+R5JON1LluqzrnpmTxUJXTp/A3FRwAAAAEAAAAAAAAAAA==
f78dca926455579b4a43009ffe35a0229a6da4bed32d3c999d7a06ad26605a25	5	3	AAAAAO5QGSKQkcErWDq9iKwemolyxv8LDVZBwWLQSiYp7iDVAAAAZAAAAAQAAAADAAAAAAAAAAAAAAABAAAAAAAAAAUAAAAAAAAAAQAAAAAAAAABAAAAAAAAAAAAAAABAAAAAgAAAAEAAAACAAAAAQAAAAIAAAAAAAAAAAAAAAAAAAABKe4g1QAAAEDglRRymtLjw+ImmGwTiBTKE7X7+2CywlHw8qed+t520SbAggcqboy5KXJaEP51/wRSMxtZUgDOFfaDn9Df04EA	943KkmRVV5tKQwCf/jWgIpptpL7TLTyZnXoGrSZgWiUAAAAAAAAAZAAAAAAAAAABAAAAAAAAAAUAAAAAAAAAAA==	AAAAAAAAAAEAAAABAAAAAQAAAAUAAAAAAAAAAO5QGSKQkcErWDq9iKwemolyxv8LDVZBwWLQSiYp7iDVAAAAAlQL4tQAAAAEAAAAAwAAAAEAAAAAAAAAAAAAAAABAgICAAAAAQAAAAD2T51Mi2fjmCY4Z+R5JON1LluqzrnpmTxUJXTp/A3FRwAAAAEAAAAAAAAAAA==
a9085e13fbe9f84e07e320a0d445536de1afc2cfd8c7e4186687807edd2b4897	6	1	AAAAAO5QGSKQkcErWDq9iKwemolyxv8LDVZBwWLQSiYp7iDVAAAAZAAAAAQAAAAEAAAAAAAAAAAAAAABAAAAAAAAAAUAAAAAAAAAAQAAAAAAAAABAAAAAAAAAAEAAAACAAAAAAAAAAAAAAAAAAAAAAAAAAAAAAAAAAAAAinuINUAAABA4PRAe0en/05ZH2leCeTOsxbT0cUu3wgUiWUcuDk4ya8G/gI90hlV6pzOYyAB6Zt5fN7pRrPRL/tTlnjgUAjaBvwNxUcAAABAFmdGR6JZukKJUC3Vr2YEJ/24G3tesqTv4cV5UcAozRhS2+w0PYVVqe7QTmOMNSGX/C3LxP1tSvpXdU/OhYsODw==	qQheE/vp+E4H4yCg1EVTbeGvws/Yx+QYZoeAft0rSJcAAAAAAAAAZAAAAAAAAAABAAAAAAAAAAUAAAAAAAAAAA==	AAAAAAAAAAEAAAABAAAAAQAAAAYAAAAAAAAAAO5QGSKQkcErWDq9iKwemolyxv8LDVZBwWLQSiYp7iDVAAAAAlQL4nAAAAAEAAAABAAAAAEAAAAAAAAAAAAAAAACAgICAAAAAQAAAAD2T51Mi2fjmCY4Z+R5JON1LluqzrnpmTxUJXTp/A3FRwAAAAEAAAAAAAAAAA==
0fb9c2e20946222b23e1d1d660de9d74576c41cfd9b199f9d565a013c1ef89ca	7	1	AAAAAGL8HQvQkbK2HA3WVjRrKmjX00fG8sLI7m0ERwJW/AX3AAAAZAAAAAAAAAADAAAAAAAAAAAAAAABAAAAAAAAAAAAAAAAOerFQRLRq/h3Xf4EErEqz7oD9wk20zX+d/h4dXc7DToAAAACVAvkAAAAAAAAAAABVvwF9wAAAED8tIFyog9OeCqiaBNfxFdAlneNYTfjoNUMKi6FJCY5BqemnDBxGox3jKS/xx4zpxAToEFp3Y2M+NRJIU4g/H0J	D7nC4glGIisj4dHWYN6ddFdsQc/ZsZn51WWgE8HvicoAAAAAAAAAZAAAAAAAAAABAAAAAAAAAAAAAAAAAAAAAA==	AAAAAAAAAAEAAAACAAAAAAAAAAcAAAAAAAAAADnqxUES0av4d13+BBKxKs+6A/cJNtM1/nf4eHV3Ow06AAAAAlQL5AAAAAAHAAAAAAAAAAAAAAAAAAAAAAAAAAABAAAAAAAAAAAAAAAAAAAAAAAAAQAAAAcAAAAAAAAAAGL8HQvQkbK2HA3WVjRrKmjX00fG8sLI7m0ERwJW/AX3DeC2rKtAUtQAAAAAAAAAAwAAAAAAAAAAAAAAAAAAAAABAAAAAAAAAAAAAAAAAAAA
dd74eee27a59843b28a05ad08abf65eaa231b7debe4d05550c0a7a424cca5929	8	1	AAAAADnqxUES0av4d13+BBKxKs+6A/cJNtM1/nf4eHV3Ow06AAAAZAAAAAcAAAABAAAAAAAAAAIAAAAAAAAAewAAAAEAAAAAAAAAAQAAAABi/B0L0JGythwN1lY0aypo19NHxvLCyO5tBEcCVvwF9wAAAAAAAAAAAJiWgAAAAAAAAAABdzsNOgAAAEBjk5EFqV8GiL9xU62OUCKeScXxGMTMqJoD7ryiGf5jLPZJRSphbWC3ZycHE+pDuu/6EKSqcNUri5AXzQmM+GYB	3XTu4npZhDsooFrQir9l6qIxt96+TQVVDAp6QkzKWSkAAAAAAAAAZAAAAAAAAAABAAAAAAAAAAEAAAAAAAAAAA==	AAAAAAAAAAEAAAADAAAAAQAAAAgAAAAAAAAAADnqxUES0av4d13+BBKxKs+6A/cJNtM1/nf4eHV3Ow06AAAAAlNzS/AAAAAHAAAABAAAAAAAAAAAAAAAAAAAAAABAAAAAAAAAAAAAAAAAAAAAAAAAwAAAAcAAAAAAAAAAGL8HQvQkbK2HA3WVjRrKmjX00fG8sLI7m0ERwJW/AX3DeC2rKtAUtQAAAAAAAAAAwAAAAAAAAAAAAAAAAAAAAABAAAAAAAAAAAAAAAAAAAAAAAAAQAAAAgAAAAAAAAAAGL8HQvQkbK2HA3WVjRrKmjX00fG8sLI7m0ERwJW/AX3DeC2rKvY6VQAAAAAAAAAAwAAAAAAAAAAAAAAAAAAAAABAAAAAAAAAAAAAAAAAAAA
2551e76a3ce4881b7bc73fdfd89d670d511ea7d4e56156252b51777023202de7	8	2	AAAAADnqxUES0av4d13+BBKxKs+6A/cJNtM1/nf4eHV3Ow06AAAAZAAAAAcAAAACAAAAAAAAAAEAAAAFaGVsbG8AAAAAAAABAAAAAAAAAAEAAAAAYvwdC9CRsrYcDdZWNGsqaNfTR8bywsjubQRHAlb8BfcAAAAAAAAAAACYloAAAAAAAAAAAXc7DToAAABAS2+MaPA79AjD0B7qjl0qEz0N6CkDmoS4kgnXjZfbvdc9IkqNm0S+vKBNgV80pSfixY147L+jvS/ganovqbLiAQ==	JVHnajzkiBt7xz/f2J1nDVEep9TlYVYlK1F3cCMgLecAAAAAAAAAZAAAAAAAAAABAAAAAAAAAAEAAAAAAAAAAA==	AAAAAAAAAAEAAAACAAAAAQAAAAgAAAAAAAAAADnqxUES0av4d13+BBKxKs+6A/cJNtM1/nf4eHV3Ow06AAAAAlLatXAAAAAHAAAABAAAAAAAAAAAAAAAAAAAAAABAAAAAAAAAAAAAAAAAAAAAAAAAQAAAAgAAAAAAAAAAGL8HQvQkbK2HA3WVjRrKmjX00fG8sLI7m0ERwJW/AX3DeC2rKxxf9QAAAAAAAAAAwAAAAAAAAAAAAAAAAAAAAABAAAAAAAAAAAAAAAAAAAA
3b36ecfbcc2adb0cfff08ae86199f64e12984f084bb03be9bb249611df82322b	8	3	AAAAADnqxUES0av4d13+BBKxKs+6A/cJNtM1/nf4eHV3Ow06AAAAZAAAAAcAAAADAAAAAAAAAAMBAQEBAQEBAQEBAQEBAQEBAQEBAQEBAQEBAQEBAQEBAQAAAAEAAAAAAAAAAQAAAABi/B0L0JGythwN1lY0aypo19NHxvLCyO5tBEcCVvwF9wAAAAAAAAAAAJiWgAAAAAAAAAABdzsNOgAAAEDC9hMtMYZ6hbx1iAdXngRcCYQmf8eu4zcB9SLH2998tVYca6QYig5Dsgy2oCMD1J7khIL9jz/VWjcPhvTVvC8L	Ozbs+8wq2wz/8IroYZn2ThKYTwhLsDvpuySWEd+CMisAAAAAAAAAZAAAAAAAAAABAAAAAAAAAAEAAAAAAAAAAA==	AAAAAAAAAAEAAAACAAAAAQAAAAgAAAAAAAAAADnqxUES0av4d13+BBKxKs+6A/cJNtM1/nf4eHV3Ow06AAAAAlJCHvAAAAAHAAAABAAAAAAAAAAAAAAAAAAAAAABAAAAAAAAAAAAAAAAAAAAAAAAAQAAAAgAAAAAAAAAAGL8HQvQkbK2HA3WVjRrKmjX00fG8sLI7m0ERwJW/AX3DeC2rK0KFlQAAAAAAAAAAwAAAAAAAAAAAAAAAAAAAAABAAAAAAAAAAAAAAAAAAAA
a5a9e3ca63e9cc155359c97337bcb14464cca56b230a4d0c7f27582644d16809	16	1	AAAAAGL8HQvQkbK2HA3WVjRrKmjX00fG8sLI7m0ERwJW/AX3AAAAZAAAAAAAAAAIAAAAAAAAAAAAAAABAAAAAAAAAAAAAAAA423/rAYjzzhmLqxgNgLUY5X92ueHg5xGtOuok+g5NQoAAAACVAvkAAAAAAAAAAABVvwF9wAAAEBhFD/bYaTZZJ3VJ9xJqXoW5eeLK0AeFaATBH92cRfx0WUTFqp6rXx47fMBUxkWYq8bAHMfYCS5XXPRg86sAGUK	panjymPpzBVTWclzN7yxRGTMpWsjCk0MfydYJkTRaAkAAAAAAAAAZAAAAAAAAAABAAAAAAAAAAAAAAAAAAAAAA==	AAAAAAAAAAEAAAACAAAAAAAAABAAAAAAAAAAAONt/6wGI884Zi6sYDYC1GOV/drnh4OcRrTrqJPoOTUKAAAAAlQL5AAAAAAQAAAAAAAAAAAAAAAAAAAAAAAAAAABAAAAAAAAAAAAAAAAAAAAAAAAAQAAABAAAAAAAAAAAGL8HQvQkbK2HA3WVjRrKmjX00fG8sLI7m0ERwJW/AX3DeC2oRVS+BgAAAAAAAAACgAAAAAAAAAAAAAAAAAAAAABAAAAAAAAAAAAAAAAAAAA
e14885cb66af5f7f5e991b014eec475c61cc831292cf5526cdd0cda145300837	8	4	AAAAADnqxUES0av4d13+BBKxKs+6A/cJNtM1/nf4eHV3Ow06AAAAZAAAAAcAAAAEAAAAAAAAAAQCAgICAgICAgICAgICAgICAgICAgICAgICAgICAgICAgAAAAEAAAAAAAAAAQAAAABi/B0L0JGythwN1lY0aypo19NHxvLCyO5tBEcCVvwF9wAAAAAAAAAAAJiWgAAAAAAAAAABdzsNOgAAAEBOfq9PQ8EGcpjRWEaqGxvhBjSVuk6K5A2rthLYHnmAXmQ1JjJD3EddjiES3bPZUF5efGQvRjoEKgiB2dU3f2wF	4UiFy2avX39emRsBTuxHXGHMgxKSz1UmzdDNoUUwCDcAAAAAAAAAZAAAAAAAAAABAAAAAAAAAAEAAAAAAAAAAA==	AAAAAAAAAAEAAAACAAAAAQAAAAgAAAAAAAAAADnqxUES0av4d13+BBKxKs+6A/cJNtM1/nf4eHV3Ow06AAAAAlGpiHAAAAAHAAAABAAAAAAAAAAAAAAAAAAAAAABAAAAAAAAAAAAAAAAAAAAAAAAAQAAAAgAAAAAAAAAAGL8HQvQkbK2HA3WVjRrKmjX00fG8sLI7m0ERwJW/AX3DeC2rK2irNQAAAAAAAAAAwAAAAAAAAAAAAAAAAAAAAABAAAAAAAAAAAAAAAAAAAA
66c28c0ccd5a2e47026aacafa2ecd3c501fe5de349ef376c0f8afb893c7bb55d	9	1	AAAAAGL8HQvQkbK2HA3WVjRrKmjX00fG8sLI7m0ERwJW/AX3AAAAZAAAAAAAAAAEAAAAAAAAAAAAAAABAAAAAAAAAAAAAAAADd1O3oAD6ZmsdNe9Y4zdIQW1rTvIfAEYi/0il9kFYl4AAAACVAvkAAAAAAAAAAABVvwF9wAAAEARD6MVWgEASusfhr6JdF9K3Rie2XCRJKl/NoKyJcrd1kGs3ygpp55xu80YlFwgNVErZ/cEAHYOq06CwNfnE2sC	ZsKMDM1aLkcCaqyvouzTxQH+XeNJ7zdsD4r7iTx7tV0AAAAAAAAAZAAAAAAAAAABAAAAAAAAAAAAAAAAAAAAAA==	AAAAAAAAAAEAAAACAAAAAAAAAAkAAAAAAAAAAA3dTt6AA+mZrHTXvWOM3SEFta07yHwBGIv9IpfZBWJeAAAAAlQL5AAAAAAJAAAAAAAAAAAAAAAAAAAAAAAAAAABAAAAAAAAAAAAAAAAAAAAAAAAAQAAAAkAAAAAAAAAAGL8HQvQkbK2HA3WVjRrKmjX00fG8sLI7m0ERwJW/AX3DeC2qlmWyHAAAAAAAAAABAAAAAAAAAAAAAAAAAAAAAABAAAAAAAAAAAAAAAAAAAA
fdb696a797b769176cbaed3a50e4a6a8671119621f65a3f954a3bcf100c7ef0c	10	1	AAAAAA3dTt6AA+mZrHTXvWOM3SEFta07yHwBGIv9IpfZBWJeAAAAyAAAAAkAAAABAAAAAAAAAAAAAAACAAAAAAAAAAEAAAAAYvwdC9CRsrYcDdZWNGsqaNfTR8bywsjubQRHAlb8BfcAAAAAAAAAAAX14QAAAAAAAAAAAQAAAABi/B0L0JGythwN1lY0aypo19NHxvLCyO5tBEcCVvwF9wAAAAAAAAAABfXhAAAAAAAAAAAB2QViXgAAAEAxyl5gvCCDC7l0pq9b/Btd3cOUUcY9Rv0ALxVjul4EVSL1Vygr107GjDo11+YswdmlCuWf7KItU0chlogpns4L	/baWp5e3aRdsuu06UOSmqGcRGWIfZaP5VKO88QDH7wwAAAAAAAAAyAAAAAAAAAACAAAAAAAAAAEAAAAAAAAAAAAAAAEAAAAAAAAAAA==	AAAAAAAAAAIAAAADAAAAAQAAAAoAAAAAAAAAAA3dTt6AA+mZrHTXvWOM3SEFta07yHwBGIv9IpfZBWJeAAAAAk4WAjgAAAAJAAAAAQAAAAAAAAAAAAAAAAAAAAABAAAAAAAAAAAAAAAAAAAAAAAAAwAAAAkAAAAAAAAAAGL8HQvQkbK2HA3WVjRrKmjX00fG8sLI7m0ERwJW/AX3DeC2qlmWyHAAAAAAAAAABAAAAAAAAAAAAAAAAAAAAAABAAAAAAAAAAAAAAAAAAAAAAAAAQAAAAoAAAAAAAAAAGL8HQvQkbK2HA3WVjRrKmjX00fG8sLI7m0ERwJW/AX3DeC2ql+MqXAAAAAAAAAABAAAAAAAAAAAAAAAAAAAAAABAAAAAAAAAAAAAAAAAAAAAAAAAgAAAAEAAAAKAAAAAAAAAAAN3U7egAPpmax0171jjN0hBbWtO8h8ARiL/SKX2QViXgAAAAJIICE4AAAACQAAAAEAAAAAAAAAAAAAAAAAAAAAAQAAAAAAAAAAAAAAAAAAAAAAAAEAAAAKAAAAAAAAAABi/B0L0JGythwN1lY0aypo19NHxvLCyO5tBEcCVvwF9w3gtqplgopwAAAAAAAAAAQAAAAAAAAAAAAAAAAAAAAAAQAAAAAAAAAAAAAAAAAAAA==
67601a2ca212b84092a7d3c521172b67f4b93d72b726a06c540917d2ab83c1a1	11	1	AAAAAGL8HQvQkbK2HA3WVjRrKmjX00fG8sLI7m0ERwJW/AX3AAAAZAAAAAAAAAAFAAAAAAAAAAAAAAABAAAAAAAAAAAAAAAAxVmE0iEp9S70YdkrhAu6dT4jSnPvbUuzitQ4oBcfaDMAAAACVAvkAAAAAAAAAAABVvwF9wAAAEBHLko6/Tbv0v/5CWHkixXnbyoU6qQ6yewZGqPHFSzNxMfud86eYGkN0j4msMCXfLAou7iKOVn0MWyzlpvYRA0B	Z2AaLKISuECSp9PFIRcrZ/S5PXK3JqBsVAkX0quDwaEAAAAAAAAAZAAAAAAAAAABAAAAAAAAAAAAAAAAAAAAAA==	AAAAAAAAAAEAAAACAAAAAAAAAAsAAAAAAAAAAMVZhNIhKfUu9GHZK4QLunU+I0pz721Ls4rUOKAXH2gzAAAAAlQL5AAAAAALAAAAAAAAAAAAAAAAAAAAAAAAAAABAAAAAAAAAAAAAAAAAAAAAAAAAQAAAAsAAAAAAAAAAGL8HQvQkbK2HA3WVjRrKmjX00fG8sLI7m0ERwJW/AX3DeC2qBF2pgwAAAAAAAAABQAAAAAAAAAAAAAAAAAAAAABAAAAAAAAAAAAAAAAAAAA
0e128647b2b93786b6b76e182dcda0173757066f8caf0523d1ba3b47fd6f720d	12	1	AAAAAMVZhNIhKfUu9GHZK4QLunU+I0pz721Ls4rUOKAXH2gzAAAAZAAAAAsAAAABAAAAAAAAAAAAAAABAAAAAAAAAAAAAAAAg/K/Blr9FO/nVEGLdmCzChMYpmcQzxIhFm6NBzxznX0AAAAAHc1lAAAAAAAAAAABFx9oMwAAAEBwY9HQAR2SMPe3JPvmBBtBk2jfog0GFEFYkLNFzQNqvYl7iZitmO5FQmkKlv/NO5ZcaWBqXcHhOQpk0s2XSBQF	DhKGR7K5N4a2t24YLc2gFzdXBm+MrwUj0bo7R/1vcg0AAAAAAAAAZAAAAAAAAAABAAAAAAAAAAAAAAAAAAAAAA==	AAAAAAAAAAEAAAACAAAAAAAAAAwAAAAAAAAAAIPyvwZa/RTv51RBi3ZgswoTGKZnEM8SIRZujQc8c519AAAAAB3NZQAAAAAMAAAAAAAAAAAAAAAAAAAAAAAAAAABAAAAAAAAAAAAAAAAAAAAAAAAAQAAAAwAAAAAAAAAAMVZhNIhKfUu9GHZK4QLunU+I0pz721Ls4rUOKAXH2gzAAAAAjY+fpwAAAALAAAAAQAAAAAAAAAAAAAAAAAAAAABAAAAAAAAAAAAAAAAAAAA
cd8a8e9eb53fd268d1294e228995c27f422d90783c4054e44ab0028fc1da210a	13	1	AAAAAGL8HQvQkbK2HA3WVjRrKmjX00fG8sLI7m0ERwJW/AX3AAAAZAAAAAAAAAAGAAAAAAAAAAAAAAABAAAAAAAAAAAAAAAAji4PQpc6JMWt5AB56WXIEop14Pn7tW6uf6xE+vY7ZNwAAAACVAvkAAAAAAAAAAABVvwF9wAAAEAUtdYWyr64yv/rKPr0/vV4vYyonfsWxpxHsiYLHKJ3bm6k+ypiAByc8t0K+7bzxSLPjmjKKN5Prw7AdenlC7MB	zYqOnrU/0mjRKU4iiZXCf0ItkHg8QFTkSrACj8HaIQoAAAAAAAAAZAAAAAAAAAABAAAAAAAAAAAAAAAAAAAAAA==	AAAAAAAAAAEAAAACAAAAAAAAAA0AAAAAAAAAAI4uD0KXOiTFreQAeellyBKKdeD5+7Vurn+sRPr2O2TcAAAAAlQL5AAAAAANAAAAAAAAAAAAAAAAAAAAAAAAAAABAAAAAAAAAAAAAAAAAAAAAAAAAQAAAA0AAAAAAAAAAGL8HQvQkbK2HA3WVjRrKmjX00fG8sLI7m0ERwJW/AX3DeC2pb1qwUQAAAAAAAAABwAAAAAAAAAAAAAAAAAAAAABAAAAAAAAAAAAAAAAAAAA
bfbd5e9457d717bcf847291a6c24b7cd8db4ff784ecd4592be30d08146c0c264	13	2	AAAAAGL8HQvQkbK2HA3WVjRrKmjX00fG8sLI7m0ERwJW/AX3AAAAZAAAAAAAAAAHAAAAAAAAAAAAAAABAAAAAAAAAAAAAAAAG5M9WO2kexu4dljTd0YSuyEnmDUsxKamzJWiv4FGkoQAAAACVAvkAAAAAAAAAAABVvwF9wAAAEDY1TiMj+qj8+zYb2Vb60h+qWxZtFfSGwb0kvKttSFAHQhGOjIddiVQopx9LDRO6UgPmLLxFvQpIzeGnagh3vQD	v71elFfXF7z4RykabCS3zY20/3hOzUWSvjDQgUbAwmQAAAAAAAAAZAAAAAAAAAABAAAAAAAAAAAAAAAAAAAAAA==	AAAAAAAAAAEAAAACAAAAAAAAAA0AAAAAAAAAABuTPVjtpHsbuHZY03dGErshJ5g1LMSmpsyVor+BRpKEAAAAAlQL5AAAAAANAAAAAAAAAAAAAAAAAAAAAAAAAAABAAAAAAAAAAAAAAAAAAAAAAAAAQAAAA0AAAAAAAAAAGL8HQvQkbK2HA3WVjRrKmjX00fG8sLI7m0ERwJW/AX3DeC2o2le3UQAAAAAAAAABwAAAAAAAAAAAAAAAAAAAAABAAAAAAAAAAAAAAAAAAAA
30880dd42d8e402a30d8a3527b56c1e33e18e87c46e1332ea5cfc1721fd87cfb	14	1	AAAAAI4uD0KXOiTFreQAeellyBKKdeD5+7Vurn+sRPr2O2TcAAAAZAAAAA0AAAABAAAAAAAAAAAAAAABAAAAAAAAAAEAAAAAG5M9WO2kexu4dljTd0YSuyEnmDUsxKamzJWiv4FGkoQAAAAAAAAAAAX14QAAAAAAAAAAAfY7ZNwAAABAieZSSuOZqlwtyjnj5d/S0GUSGiQvy0ipPLynpl4UvO8qc7CDz3vsLROlN2g50qXirydSOdao56hvRhrEfRsGCA==	MIgN1C2OQCow2KNSe1bB4z4Y6HxG4TMupc/Bch/YfPsAAAAAAAAAZAAAAAAAAAABAAAAAAAAAAEAAAAAAAAAAA==	AAAAAAAAAAEAAAACAAAAAQAAAA4AAAAAAAAAABuTPVjtpHsbuHZY03dGErshJ5g1LMSmpsyVor+BRpKEAAAAAloBxJwAAAANAAAAAQAAAAAAAAAAAAAAAAAAAAABAAAAAAAAAAAAAAAAAAAAAAAAAQAAAA4AAAAAAAAAAI4uD0KXOiTFreQAeellyBKKdeD5+7Vurn+sRPr2O2TcAAAAAk4WApwAAAANAAAAAQAAAAAAAAAAAAAAAAAAAAABAAAAAAAAAAAAAAAAAAAA
dbd964fcfdb336a30f21c240fffdaf73d7c75880ed1b99375c62f84e3e592570	14	2	AAAAABuTPVjtpHsbuHZY03dGErshJ5g1LMSmpsyVor+BRpKEAAAAZAAAAA0AAAABAAAAAAAAAAAAAAABAAAAAAAAAAYAAAABVVNEAAAAAACOLg9Clzokxa3kAHnpZcgSinXg+fu1bq5/rET69jtk3H//////////AAAAAAAAAAGBRpKEAAAAQGDAV/5Op2DmFUP84dmyT5G/gxn1WzgdMrkSSU7wfpu39ycq36Sg+gs2ypRjw5hxxeMUj/GVEKipcDGndei38Aw=	29lk/P2zNqMPIcJA//2vc9fHWIDtG5k3XGL4Tj5ZJXAAAAAAAAAAZAAAAAAAAAABAAAAAAAAAAYAAAAAAAAAAA==	AAAAAAAAAAEAAAACAAAAAAAAAA4AAAABAAAAABuTPVjtpHsbuHZY03dGErshJ5g1LMSmpsyVor+BRpKEAAAAAVVTRAAAAAAAji4PQpc6JMWt5AB56WXIEop14Pn7tW6uf6xE+vY7ZNwAAAAAAAAAAH//////////AAAAAQAAAAAAAAAAAAAAAQAAAA4AAAAAAAAAABuTPVjtpHsbuHZY03dGErshJ5g1LMSmpsyVor+BRpKEAAAAAloBxJwAAAANAAAAAQAAAAEAAAAAAAAAAAAAAAABAAAAAAAAAAAAAAAAAAAA
142c988b1f67984f74a1581de9caecf499e60f1e0eed496661aa2c559238764c	15	1	AAAAAI4uD0KXOiTFreQAeellyBKKdeD5+7Vurn+sRPr2O2TcAAAAZAAAAA0AAAACAAAAAAAAAAAAAAABAAAAAAAAAAEAAAAAG5M9WO2kexu4dljTd0YSuyEnmDUsxKamzJWiv4FGkoQAAAABVVNEAAAAAACOLg9Clzokxa3kAHnpZcgSinXg+fu1bq5/rET69jtk3AAAAAAF9eEAAAAAAAAAAAH2O2TcAAAAQJBUx5tWfjAwXxab9U5HOjZvBRv3u95jXbyzuqeZ/kjsyMsU0jO/g03Rf1zgect1hj4hDYGN8mW4oEot0sSTZgw=	FCyYix9nmE90oVgd6crs9JnmDx4O7UlmYaosVZI4dkwAAAAAAAAAZAAAAAAAAAABAAAAAAAAAAEAAAAAAAAAAA==	AAAAAAAAAAEAAAACAAAAAwAAAA4AAAABAAAAABuTPVjtpHsbuHZY03dGErshJ5g1LMSmpsyVor+BRpKEAAAAAVVTRAAAAAAAji4PQpc6JMWt5AB56WXIEop14Pn7tW6uf6xE+vY7ZNwAAAAAAAAAAH//////////AAAAAQAAAAAAAAAAAAAAAQAAAA8AAAABAAAAABuTPVjtpHsbuHZY03dGErshJ5g1LMSmpsyVor+BRpKEAAAAAVVTRAAAAAAAji4PQpc6JMWt5AB56WXIEop14Pn7tW6uf6xE+vY7ZNwAAAAABfXhAH//////////AAAAAQAAAAAAAAAA
6a056189b45760c607e331c90c5a8b4cd720961df8bc8cecfd4aa388b577a6cb	16	2	AAAAAGL8HQvQkbK2HA3WVjRrKmjX00fG8sLI7m0ERwJW/AX3AAAAZAAAAAAAAAAJAAAAAAAAAAAAAAABAAAAAAAAAAAAAAAABAjoBMEUiZNLUjsWXL1iK59D90Li4w56076b8HKxZfIAAAACVAvkAAAAAAAAAAABVvwF9wAAAEAxC5cl7tkjQI0cfFZTiIFDuo0SwyYnNqTUH2hxDBtm7h/vUkBG3cgwGXS87ninVkhmvdIpTWfeIeGiw7kgefUA	agVhibRXYMYH4zHJDFqLTNcglh34vIzs/UqjiLV3pssAAAAAAAAAZAAAAAAAAAABAAAAAAAAAAAAAAAAAAAAAA==	AAAAAAAAAAEAAAACAAAAAAAAABAAAAAAAAAAAAQI6ATBFImTS1I7Fly9YiufQ/dC4uMOetO+m/BysWXyAAAAAlQL5AAAAAAQAAAAAAAAAAAAAAAAAAAAAAAAAAABAAAAAAAAAAAAAAAAAAAAAAAAAQAAABAAAAAAAAAAAGL8HQvQkbK2HA3WVjRrKmjX00fG8sLI7m0ERwJW/AX3DeC2nsFHFBgAAAAAAAAACgAAAAAAAAAAAAAAAAAAAAABAAAAAAAAAAAAAAAAAAAA
18bf6cce20cfbb0f9079c4b8783718949d13bd12d173a60363d2b8e3a07efead	16	3	AAAAAGL8HQvQkbK2HA3WVjRrKmjX00fG8sLI7m0ERwJW/AX3AAAAZAAAAAAAAAAKAAAAAAAAAAAAAAABAAAAAAAAAAAAAAAALsLzczZPbcG7iR1Aap19uhmCNzGwnaUFPbeJ+hFUV7EAAAACVAvkAAAAAAAAAAABVvwF9wAAAEC/RVto6ytAqHpd6ZFWjwXQyXopKORz8QSvz0d8RoPrOEBgNEuAj8+kbyhS7QieOqwbiJrS0AU8YWaBQQ4zc+wL	GL9sziDPuw+QecS4eDcYlJ0TvRLRc6YDY9K446B+/q0AAAAAAAAAZAAAAAAAAAABAAAAAAAAAAAAAAAAAAAAAA==	AAAAAAAAAAEAAAACAAAAAAAAABAAAAAAAAAAAC7C83M2T23Bu4kdQGqdfboZgjcxsJ2lBT23ifoRVFexAAAAAlQL5AAAAAAQAAAAAAAAAAAAAAAAAAAAAAAAAAABAAAAAAAAAAAAAAAAAAAAAAAAAQAAABAAAAAAAAAAAGL8HQvQkbK2HA3WVjRrKmjX00fG8sLI7m0ERwJW/AX3DeC2nG07MBgAAAAAAAAACgAAAAAAAAAAAAAAAAAAAAABAAAAAAAAAAAAAAAAAAAA
cdef45dd961d59375351ea7dd7ef6414ff49371a335723e84dafacea1e13665a	17	1	AAAAAONt/6wGI884Zi6sYDYC1GOV/drnh4OcRrTrqJPoOTUKAAAAZAAAABAAAAABAAAAAAAAAAAAAAABAAAAAAAAAAYAAAABVVNEAAAAAAAuwvNzNk9twbuJHUBqnX26GYI3MbCdpQU9t4n6EVRXsX//////////AAAAAAAAAAHoOTUKAAAAQIjLqcYXE8EAsH6Dx2hwPjiEfHGZ4jsMNZZc7PynNiJi9kFXjfvvLDlWizGAr2B9MFDrfDRDvjnBxKKhJifEcQM=	ze9F3ZYdWTdTUep91+9kFP9JNxozVyPoTa+s6h4TZloAAAAAAAAAZAAAAAAAAAABAAAAAAAAAAYAAAAAAAAAAA==	AAAAAAAAAAEAAAACAAAAAAAAABEAAAABAAAAAONt/6wGI884Zi6sYDYC1GOV/drnh4OcRrTrqJPoOTUKAAAAAVVTRAAAAAAALsLzczZPbcG7iR1Aap19uhmCNzGwnaUFPbeJ+hFUV7EAAAAAAAAAAH//////////AAAAAQAAAAAAAAAAAAAAAQAAABEAAAAAAAAAAONt/6wGI884Zi6sYDYC1GOV/drnh4OcRrTrqJPoOTUKAAAAAlQL45wAAAAQAAAAAQAAAAEAAAAAAAAAAAAAAAABAAAAAAAAAAAAAAAAAAAA
d1f593eb5e14f97027bc79821fa46628c107034fba9a5acef6a9da79e051ee73	17	2	AAAAAAQI6ATBFImTS1I7Fly9YiufQ/dC4uMOetO+m/BysWXyAAAAZAAAABAAAAABAAAAAAAAAAAAAAABAAAAAAAAAAYAAAABRVVSAAAAAAAuwvNzNk9twbuJHUBqnX26GYI3MbCdpQU9t4n6EVRXsX//////////AAAAAAAAAAFysWXyAAAAQI7hbwZc1+KWfheVnYAq5TXFX9ancHJmJq0wV0c9ONIfG6U8trhIVeVoiED2eUFFmhx+bBtF9TPSvifF/mfDlQk=	0fWT614U+XAnvHmCH6RmKMEHA0+6mlrO9qnaeeBR7nMAAAAAAAAAZAAAAAAAAAABAAAAAAAAAAYAAAAAAAAAAA==	AAAAAAAAAAEAAAACAAAAAAAAABEAAAABAAAAAAQI6ATBFImTS1I7Fly9YiufQ/dC4uMOetO+m/BysWXyAAAAAUVVUgAAAAAALsLzczZPbcG7iR1Aap19uhmCNzGwnaUFPbeJ+hFUV7EAAAAAAAAAAH//////////AAAAAQAAAAAAAAAAAAAAAQAAABEAAAAAAAAAAAQI6ATBFImTS1I7Fly9YiufQ/dC4uMOetO+m/BysWXyAAAAAlQL45wAAAAQAAAAAQAAAAEAAAAAAAAAAAAAAAABAAAAAAAAAAAAAAAAAAAA
902b90c2322b9e6b335e7543389a7446b86e3039ebf59ec66dffb50eaec0dc85	18	1	AAAAAC7C83M2T23Bu4kdQGqdfboZgjcxsJ2lBT23ifoRVFexAAAAZAAAABAAAAABAAAAAAAAAAAAAAABAAAAAAAAAAEAAAAA423/rAYjzzhmLqxgNgLUY5X92ueHg5xGtOuok+g5NQoAAAABVVNEAAAAAAAuwvNzNk9twbuJHUBqnX26GYI3MbCdpQU9t4n6EVRXsQAAAAA7msoAAAAAAAAAAAERVFexAAAAQC9X2I3Zz1x3AQMqL4XCzePTlwnokv2BQnWGmT007oH59gai3eNu7/WVoHtW8hsgHjs1mZK709FzzRF2cbD2tQE=	kCuQwjIrnmszXnVDOJp0RrhuMDnr9Z7Gbf+1Dq7A3IUAAAAAAAAAZAAAAAAAAAABAAAAAAAAAAEAAAAAAAAAAA==	AAAAAAAAAAEAAAACAAAAAwAAABEAAAABAAAAAONt/6wGI884Zi6sYDYC1GOV/drnh4OcRrTrqJPoOTUKAAAAAVVTRAAAAAAALsLzczZPbcG7iR1Aap19uhmCNzGwnaUFPbeJ+hFUV7EAAAAAAAAAAH//////////AAAAAQAAAAAAAAAAAAAAAQAAABIAAAABAAAAAONt/6wGI884Zi6sYDYC1GOV/drnh4OcRrTrqJPoOTUKAAAAAVVTRAAAAAAALsLzczZPbcG7iR1Aap19uhmCNzGwnaUFPbeJ+hFUV7EAAAAAO5rKAH//////////AAAAAQAAAAAAAAAA
ca756d1519ceda79f8722042b12cea7ba004c3bd961adb62b59f88a867f86eb3	18	2	AAAAAC7C83M2T23Bu4kdQGqdfboZgjcxsJ2lBT23ifoRVFexAAAAZAAAABAAAAACAAAAAAAAAAAAAAABAAAAAAAAAAMAAAAAAAAAAVVTRAAAAAAALsLzczZPbcG7iR1Aap19uhmCNzGwnaUFPbeJ+hFUV7EAAAAA7msoAAAAAAEAAAACAAAAAAAAAAAAAAAAAAAAARFUV7EAAABALuai5QxceFbtAiC5nkntNVnvSPeWR+C+FgplPAdRgRS+PPESpUiSCyuiwuhmvuDw7kwxn+A6E0M4ca1s2qzMAg==	ynVtFRnO2nn4ciBCsSzqe6AEw72WGttitZ+IqGf4brMAAAAAAAAAZAAAAAAAAAABAAAAAAAAAAMAAAAAAAAAAAAAAAAAAAAALsLzczZPbcG7iR1Aap19uhmCNzGwnaUFPbeJ+hFUV7EAAAAAAAAAAQAAAAAAAAABVVNEAAAAAAAuwvNzNk9twbuJHUBqnX26GYI3MbCdpQU9t4n6EVRXsQAAAADuaygAAAAAAQAAAAIAAAAAAAAAAAAAAAA=	AAAAAAAAAAEAAAACAAAAAAAAABIAAAACAAAAAC7C83M2T23Bu4kdQGqdfboZgjcxsJ2lBT23ifoRVFexAAAAAAAAAAEAAAAAAAAAAVVTRAAAAAAALsLzczZPbcG7iR1Aap19uhmCNzGwnaUFPbeJ+hFUV7EAAAAA7msoAAAAAAEAAAACAAAAAAAAAAAAAAAAAAAAAQAAABIAAAAAAAAAAC7C83M2T23Bu4kdQGqdfboZgjcxsJ2lBT23ifoRVFexAAAAAlQL4tQAAAAQAAAAAwAAAAEAAAAAAAAAAAAAAAABAAAAAAAAAAAAAAAAAAAA
37bb79f6959c0e8e9b3d31f6c9308d8d084d9c6742cfa56ca094cfa6eae99423	18	3	AAAAAC7C83M2T23Bu4kdQGqdfboZgjcxsJ2lBT23ifoRVFexAAAAZAAAABAAAAADAAAAAAAAAAAAAAABAAAAAAAAAAMAAAABRVVSAAAAAAAuwvNzNk9twbuJHUBqnX26GYI3MbCdpQU9t4n6EVRXsQAAAAAAAAAAstBeAAAAAAEAAAABAAAAAAAAAAAAAAAAAAAAARFUV7EAAABArzp9Fxxql+yoysglDjXm9+rsJeNX2GsSa7TOy3AzHOu4Y5Z8ICx52Q885gQGQWMtEP0w6yh83d6+o6kjC/WuAg==	N7t59pWcDo6bPTH2yTCNjQhNnGdCz6VsoJTPpurplCMAAAAAAAAAZAAAAAAAAAABAAAAAAAAAAMAAAAAAAAAAAAAAAAAAAAALsLzczZPbcG7iR1Aap19uhmCNzGwnaUFPbeJ+hFUV7EAAAAAAAAAAgAAAAFFVVIAAAAAAC7C83M2T23Bu4kdQGqdfboZgjcxsJ2lBT23ifoRVFexAAAAAAAAAACy0F4AAAAAAQAAAAEAAAAAAAAAAAAAAAA=	AAAAAAAAAAEAAAACAAAAAAAAABIAAAACAAAAAC7C83M2T23Bu4kdQGqdfboZgjcxsJ2lBT23ifoRVFexAAAAAAAAAAIAAAABRVVSAAAAAAAuwvNzNk9twbuJHUBqnX26GYI3MbCdpQU9t4n6EVRXsQAAAAAAAAAAstBeAAAAAAEAAAABAAAAAAAAAAAAAAAAAAAAAQAAABIAAAAAAAAAAC7C83M2T23Bu4kdQGqdfboZgjcxsJ2lBT23ifoRVFexAAAAAlQL4tQAAAAQAAAAAwAAAAIAAAAAAAAAAAAAAAABAAAAAAAAAAAAAAAAAAAA
198844c8b472daacc5b717695a4ca16ac799a13fb2cf4152d19e2117ae1c56c3	19	1	AAAAAONt/6wGI884Zi6sYDYC1GOV/drnh4OcRrTrqJPoOTUKAAAAZAAAABAAAAACAAAAAAAAAAAAAAABAAAAAAAAAAIAAAABVVNEAAAAAAAuwvNzNk9twbuJHUBqnX26GYI3MbCdpQU9t4n6EVRXsQAAAAA7msoAAAAAAAQI6ATBFImTS1I7Fly9YiufQ/dC4uMOetO+m/BysWXyAAAAAUVVUgAAAAAALsLzczZPbcG7iR1Aap19uhmCNzGwnaUFPbeJ+hFUV7EAAAAAdzWUAAAAAAEAAAAAAAAAAAAAAAHoOTUKAAAAQMs9vNZ518oYUMp38TakovW//DDTbs/9oPj1RAix5ElC/d7gbWaaNNJxKQR7eMNO6rB+ntGqee4WurTJgA4k2ws=	GYhEyLRy2qzFtxdpWkyhaseZoT+yz0FS0Z4hF64cVsMAAAAAAAAAZAAAAAAAAAABAAAAAAAAAAIAAAAAAAAAAgAAAAAuwvNzNk9twbuJHUBqnX26GYI3MbCdpQU9t4n6EVRXsQAAAAAAAAABAAAAAAAAAAB3NZQAAAAAAVVTRAAAAAAALsLzczZPbcG7iR1Aap19uhmCNzGwnaUFPbeJ+hFUV7EAAAAAO5rKAAAAAAAuwvNzNk9twbuJHUBqnX26GYI3MbCdpQU9t4n6EVRXsQAAAAAAAAACAAAAAUVVUgAAAAAALsLzczZPbcG7iR1Aap19uhmCNzGwnaUFPbeJ+hFUV7EAAAAAdzWUAAAAAAAAAAAAdzWUAAAAAAAECOgEwRSJk0tSOxZcvWIrn0P3QuLjDnrTvpvwcrFl8gAAAAFFVVIAAAAAAC7C83M2T23Bu4kdQGqdfboZgjcxsJ2lBT23ifoRVFexAAAAAHc1lAAAAAAA	AAAAAAAAAAEAAAAKAAAAAwAAABIAAAAAAAAAAC7C83M2T23Bu4kdQGqdfboZgjcxsJ2lBT23ifoRVFexAAAAAlQL4tQAAAAQAAAAAwAAAAIAAAAAAAAAAAAAAAABAAAAAAAAAAAAAAAAAAAAAAAAAQAAABMAAAAAAAAAAC7C83M2T23Bu4kdQGqdfboZgjcxsJ2lBT23ifoRVFexAAAAAlQL4tQAAAAQAAAAAwAAAAIAAAAAAAAAAAAAAAABAAAAAAAAAAAAAAAAAAAAAAAAAwAAABEAAAABAAAAAAQI6ATBFImTS1I7Fly9YiufQ/dC4uMOetO+m/BysWXyAAAAAUVVUgAAAAAALsLzczZPbcG7iR1Aap19uhmCNzGwnaUFPbeJ+hFUV7EAAAAAAAAAAH//////////AAAAAQAAAAAAAAAAAAAAAQAAABMAAAABAAAAAAQI6ATBFImTS1I7Fly9YiufQ/dC4uMOetO+m/BysWXyAAAAAUVVUgAAAAAALsLzczZPbcG7iR1Aap19uhmCNzGwnaUFPbeJ+hFUV7EAAAAAdzWUAH//////////AAAAAQAAAAAAAAAAAAAAAwAAABIAAAABAAAAAONt/6wGI884Zi6sYDYC1GOV/drnh4OcRrTrqJPoOTUKAAAAAVVTRAAAAAAALsLzczZPbcG7iR1Aap19uhmCNzGwnaUFPbeJ+hFUV7EAAAAAO5rKAH//////////AAAAAQAAAAAAAAAAAAAAAQAAABMAAAABAAAAAONt/6wGI884Zi6sYDYC1GOV/drnh4OcRrTrqJPoOTUKAAAAAVVTRAAAAAAALsLzczZPbcG7iR1Aap19uhmCNzGwnaUFPbeJ+hFUV7EAAAAAAAAAAH//////////AAAAAQAAAAAAAAAAAAAAAwAAABIAAAACAAAAAC7C83M2T23Bu4kdQGqdfboZgjcxsJ2lBT23ifoRVFexAAAAAAAAAAEAAAAAAAAAAVVTRAAAAAAALsLzczZPbcG7iR1Aap19uhmCNzGwnaUFPbeJ+hFUV7EAAAAA7msoAAAAAAEAAAACAAAAAAAAAAAAAAAAAAAAAQAAABMAAAACAAAAAC7C83M2T23Bu4kdQGqdfboZgjcxsJ2lBT23ifoRVFexAAAAAAAAAAEAAAAAAAAAAVVTRAAAAAAALsLzczZPbcG7iR1Aap19uhmCNzGwnaUFPbeJ+hFUV7EAAAAAdzWUAAAAAAEAAAACAAAAAAAAAAAAAAAAAAAAAwAAABIAAAACAAAAAC7C83M2T23Bu4kdQGqdfboZgjcxsJ2lBT23ifoRVFexAAAAAAAAAAIAAAABRVVSAAAAAAAuwvNzNk9twbuJHUBqnX26GYI3MbCdpQU9t4n6EVRXsQAAAAAAAAAAstBeAAAAAAEAAAABAAAAAAAAAAAAAAAAAAAAAQAAABMAAAACAAAAAC7C83M2T23Bu4kdQGqdfboZgjcxsJ2lBT23ifoRVFexAAAAAAAAAAIAAAABRVVSAAAAAAAuwvNzNk9twbuJHUBqnX26GYI3MbCdpQU9t4n6EVRXsQAAAAAAAAAAO5rKAAAAAAEAAAABAAAAAAAAAAAAAAAA
87feecc1145089663b08e8a928be4cd2eab7945e482b7e83aeaf4cb5c5af632f	29	1	AAAAAJBSxgo7D+SP4ldcjl6iwJjYtL5+AfTMUdled6cwnjBQAAAAZAAAABsAAAAIAAAAAAAAAAAAAAABAAAAAAAAAAUAAAAAAAAAAQAAAAAAAAABAAAAAAAAAAAAAAAAAAAAAAAAAAAAAAAAAAAAAQAAAAB8ndnLViBPKqPJAcSNhZzc2mH7fQ7RtzGyFA8mFkMTkAAAAAUAAAAAAAAAATCeMFAAAABAOAUO8rIdt2uf22MnvJNCqI1PssCFOWBHhf1+FMArGpP04tncdwxjBqq4T4bcRG+WtX26BeL+sGAbozZD+7WbDA==	h/7swRRQiWY7COipKL5M0uq3lF5IK36Drq9MtcWvYy8AAAAAAAAAZAAAAAAAAAABAAAAAAAAAAUAAAAAAAAAAA==	AAAAAAAAAAEAAAABAAAAAQAAAB0AAAAAAAAAAJBSxgo7D+SP4ldcjl6iwJjYtL5+AfTMUdled6cwnjBQAAAAAlQL4OAAAAAbAAAACAAAAAEAAAABAAAAAGL8HQvQkbK2HA3WVjRrKmjX00fG8sLI7m0ERwJW/AX3AAAAAwAAAAtleGFtcGxlLmNvbQACAAICAAAAAQAAAAB8ndnLViBPKqPJAcSNhZzc2mH7fQ7RtzGyFA8mFkMTkAAAAAUAAAAAAAAAAA==
f08dc1fec150f276562866ce4f5272f658cf0bd9fd8c1d96a22c196be2e1b25a	20	1	AAAAAONt/6wGI884Zi6sYDYC1GOV/drnh4OcRrTrqJPoOTUKAAAAZAAAABAAAAADAAAAAAAAAAAAAAABAAAAAAAAAAIAAAAAAAAAADuaygAAAAAABAjoBMEUiZNLUjsWXL1iK59D90Li4w56076b8HKxZfIAAAABRVVSAAAAAAAuwvNzNk9twbuJHUBqnX26GYI3MbCdpQU9t4n6EVRXsQAAAAA7msoAAAAAAAAAAAAAAAAB6Dk1CgAAAEB+7jxesBKKrF343onyycjp2tiQLZiGH2ETl+9fuOqotveY2rIgvt9ng+QJ2aDP3+PnDsYEa9ZUaA+Zne2nIGgE	8I3B/sFQ8nZWKGbOT1Jy9ljPC9n9jB2WoiwZa+LhsloAAAAAAAAAZAAAAAAAAAABAAAAAAAAAAIAAAAAAAAAAQAAAAAuwvNzNk9twbuJHUBqnX26GYI3MbCdpQU9t4n6EVRXsQAAAAAAAAACAAAAAUVVUgAAAAAALsLzczZPbcG7iR1Aap19uhmCNzGwnaUFPbeJ+hFUV7EAAAAAO5rKAAAAAAAAAAAAO5rKAAAAAAAECOgEwRSJk0tSOxZcvWIrn0P3QuLjDnrTvpvwcrFl8gAAAAFFVVIAAAAAAC7C83M2T23Bu4kdQGqdfboZgjcxsJ2lBT23ifoRVFexAAAAADuaygAAAAAA	AAAAAAAAAAEAAAAHAAAAAwAAABMAAAAAAAAAAC7C83M2T23Bu4kdQGqdfboZgjcxsJ2lBT23ifoRVFexAAAAAlQL4tQAAAAQAAAAAwAAAAIAAAAAAAAAAAAAAAABAAAAAAAAAAAAAAAAAAAAAAAAAQAAABQAAAAAAAAAAC7C83M2T23Bu4kdQGqdfboZgjcxsJ2lBT23ifoRVFexAAAAAo+mrNQAAAAQAAAAAwAAAAEAAAAAAAAAAAAAAAABAAAAAAAAAAAAAAAAAAAAAAAAAQAAABQAAAAAAAAAAONt/6wGI884Zi6sYDYC1GOV/drnh4OcRrTrqJPoOTUKAAAAAhhxGNQAAAAQAAAAAwAAAAEAAAAAAAAAAAAAAAABAAAAAAAAAAAAAAAAAAAAAAAAAwAAABMAAAABAAAAAAQI6ATBFImTS1I7Fly9YiufQ/dC4uMOetO+m/BysWXyAAAAAUVVUgAAAAAALsLzczZPbcG7iR1Aap19uhmCNzGwnaUFPbeJ+hFUV7EAAAAAdzWUAH//////////AAAAAQAAAAAAAAAAAAAAAQAAABQAAAABAAAAAAQI6ATBFImTS1I7Fly9YiufQ/dC4uMOetO+m/BysWXyAAAAAUVVUgAAAAAALsLzczZPbcG7iR1Aap19uhmCNzGwnaUFPbeJ+hFUV7EAAAAAstBeAH//////////AAAAAQAAAAAAAAAAAAAAAwAAABMAAAACAAAAAC7C83M2T23Bu4kdQGqdfboZgjcxsJ2lBT23ifoRVFexAAAAAAAAAAIAAAABRVVSAAAAAAAuwvNzNk9twbuJHUBqnX26GYI3MbCdpQU9t4n6EVRXsQAAAAAAAAAAO5rKAAAAAAEAAAABAAAAAAAAAAAAAAAAAAAAAgAAAAIAAAAALsLzczZPbcG7iR1Aap19uhmCNzGwnaUFPbeJ+hFUV7EAAAAAAAAAAg==
2a6987a6930eab7e3becacf9b76ed7a06802668c1f1eb0f82f5671014b4b636a	21	1	AAAAAGL8HQvQkbK2HA3WVjRrKmjX00fG8sLI7m0ERwJW/AX3AAAAZAAAAAAAAAALAAAAAAAAAAAAAAABAAAAAAAAAAAAAAAAXK+F1JOs84QNDhnmIjjKUDQ+mEvueZwDL/tCVRXFjncAAAACVAvkAAAAAAAAAAABVvwF9wAAAEDfpUesb4kQ/RfBx1UxqNOtZ2+4R4S0XxzggPR1C3YyhZAr/K8KyZCg4ejDTFnhu9qAh4GLZLkbBraGncT9DcYF	KmmHppMOq3477Kz5t27XoGgCZowfHrD4L1ZxAUtLY2oAAAAAAAAAZAAAAAAAAAABAAAAAAAAAAAAAAAAAAAAAA==	AAAAAAAAAAEAAAACAAAAAAAAABUAAAAAAAAAAFyvhdSTrPOEDQ4Z5iI4ylA0PphL7nmcAy/7QlUVxY53AAAAAlQL5AAAAAAVAAAAAAAAAAAAAAAAAAAAAAAAAAABAAAAAAAAAAAAAAAAAAAAAAAAAQAAABUAAAAAAAAAAGL8HQvQkbK2HA3WVjRrKmjX00fG8sLI7m0ERwJW/AX3DeC2mhkvS1AAAAAAAAAADAAAAAAAAAAAAAAAAAAAAAABAAAAAAAAAAAAAAAAAAAA
96415ac1d2f79621b26b1568f963fd8dd6c50c20a22c7428cefbfe9dee867588	21	2	AAAAAGL8HQvQkbK2HA3WVjRrKmjX00fG8sLI7m0ERwJW/AX3AAAAZAAAAAAAAAAMAAAAAAAAAAAAAAABAAAAAAAAAAAAAAAAdQRiekAoVkbqXJa3xIIXnCcZLADk+cVfmZs9SLHWDWEAAAACVAvkAAAAAAAAAAABVvwF9wAAAEDdJGdvdZ2S4QoXdO+Odt8ZRdeVu7mBvq7FtP9okqr98pGD/jSAraklQvaRmCyMALIMD2kG8R2KjhKvy7oIL6IB	lkFawdL3liGyaxVo+WP9jdbFDCCiLHQozvv+ne6GdYgAAAAAAAAAZAAAAAAAAAABAAAAAAAAAAAAAAAAAAAAAA==	AAAAAAAAAAEAAAACAAAAAAAAABUAAAAAAAAAAHUEYnpAKFZG6lyWt8SCF5wnGSwA5PnFX5mbPUix1g1hAAAAAlQL5AAAAAAVAAAAAAAAAAAAAAAAAAAAAAAAAAABAAAAAAAAAAAAAAAAAAAAAAAAAQAAABUAAAAAAAAAAGL8HQvQkbK2HA3WVjRrKmjX00fG8sLI7m0ERwJW/AX3DeC2l8UjZ1AAAAAAAAAADAAAAAAAAAAAAAAAAAAAAAABAAAAAAAAAAAAAAAAAAAA
be05e4bd966d58689e1b6fae013e5aa77bde56e6acd2db9b96870e5e746a4ab7	22	1	AAAAAFyvhdSTrPOEDQ4Z5iI4ylA0PphL7nmcAy/7QlUVxY53AAAAZAAAABUAAAABAAAAAAAAAAAAAAABAAAAAAAAAAYAAAABVVNEAAAAAAB1BGJ6QChWRupclrfEghecJxksAOT5xV+Zmz1IsdYNYX//////////AAAAAAAAAAEVxY53AAAAQDMCWfC0eGNJuYIX3s5AUNLernpcHTn8O6ygq/Nw3S5vny/W42O5G4G6UsihVU1xd5bR4im2+VzQlQYQhe0jhwg=	vgXkvZZtWGieG2+uAT5ap3veVuas0tublocOXnRqSrcAAAAAAAAAZAAAAAAAAAABAAAAAAAAAAYAAAAAAAAAAA==	AAAAAAAAAAEAAAACAAAAAAAAABYAAAABAAAAAFyvhdSTrPOEDQ4Z5iI4ylA0PphL7nmcAy/7QlUVxY53AAAAAVVTRAAAAAAAdQRiekAoVkbqXJa3xIIXnCcZLADk+cVfmZs9SLHWDWEAAAAAAAAAAH//////////AAAAAQAAAAAAAAAAAAAAAQAAABYAAAAAAAAAAFyvhdSTrPOEDQ4Z5iI4ylA0PphL7nmcAy/7QlUVxY53AAAAAlQL45wAAAAVAAAAAQAAAAEAAAAAAAAAAAAAAAABAAAAAAAAAAAAAAAAAAAA
d8b2508123656b1df1ee17c2767829bc22ab41959ad25e6ccc520e849516fba1	23	1	AAAAAFyvhdSTrPOEDQ4Z5iI4ylA0PphL7nmcAy/7QlUVxY53AAAAZAAAABUAAAACAAAAAAAAAAAAAAABAAAAAAAAAAMAAAAAAAAAAVVTRAAAAAAAdQRiekAoVkbqXJa3xIIXnCcZLADk+cVfmZs9SLHWDWEAAAAAC+vCAAAAAAEAAAABAAAAAAAAAAAAAAAAAAAAARXFjncAAABATR48xYiKbu8AOoXFwvcvILZ0/pQkfGuwwAoIZNefr7ydIwlcuL44XPM7pJ/6jDSbqBudTNWdE2JRjuq7HI7IAA==	2LJQgSNlax3x7hfCdngpvCKrQZWa0l5szFIOhJUW+6EAAAAAAAAAZAAAAAAAAAABAAAAAAAAAAMAAAAAAAAAAAAAAAAAAAAAXK+F1JOs84QNDhnmIjjKUDQ+mEvueZwDL/tCVRXFjncAAAAAAAAAAwAAAAAAAAABVVNEAAAAAAB1BGJ6QChWRupclrfEghecJxksAOT5xV+Zmz1IsdYNYQAAAAAL68IAAAAAAQAAAAEAAAAAAAAAAAAAAAA=	AAAAAAAAAAEAAAACAAAAAAAAABcAAAACAAAAAFyvhdSTrPOEDQ4Z5iI4ylA0PphL7nmcAy/7QlUVxY53AAAAAAAAAAMAAAAAAAAAAVVTRAAAAAAAdQRiekAoVkbqXJa3xIIXnCcZLADk+cVfmZs9SLHWDWEAAAAAC+vCAAAAAAEAAAABAAAAAAAAAAAAAAAAAAAAAQAAABcAAAAAAAAAAFyvhdSTrPOEDQ4Z5iI4ylA0PphL7nmcAy/7QlUVxY53AAAAAlQL4zgAAAAVAAAAAgAAAAIAAAAAAAAAAAAAAAABAAAAAAAAAAAAAAAAAAAA
01346de1ca30ce03149d9f54945956a22f9cbed3d81f81c62bb59cf8cdd8b893	24	1	AAAAAHUEYnpAKFZG6lyWt8SCF5wnGSwA5PnFX5mbPUix1g1hAAAAZAAAABUAAAABAAAAAAAAAAAAAAABAAAAAAAAAAMAAAABVVNEAAAAAAB1BGJ6QChWRupclrfEghecJxksAOT5xV+Zmz1IsdYNYQAAAAAAAAAAEeGjAAAAAAEAAAABAAAAAAAAAAAAAAAAAAAAAbHWDWEAAABA0L+69D1hxpytAkX6cvPiBuO80ql8SQKZ15POVxx9wYl6mZrL+6UWGab/+6ng2M+a29E7ON+Xs46Y9MNqTh91AQ==	ATRt4cowzgMUnZ9UlFlWoi+cvtPYH4HGK7Wc+M3YuJMAAAAAAAAAZAAAAAAAAAABAAAAAAAAAAMAAAAAAAAAAQAAAABcr4XUk6zzhA0OGeYiOMpQND6YS+55nAMv+0JVFcWOdwAAAAAAAAADAAAAAAAAAAAL68IAAAAAAVVTRAAAAAAAdQRiekAoVkbqXJa3xIIXnCcZLADk+cVfmZs9SLHWDWEAAAAAC+vCAAAAAAAAAAAAdQRiekAoVkbqXJa3xIIXnCcZLADk+cVfmZs9SLHWDWEAAAAAAAAABAAAAAFVU0QAAAAAAHUEYnpAKFZG6lyWt8SCF5wnGSwA5PnFX5mbPUix1g1hAAAAAAAAAAAF9eEAAAAAAQAAAAEAAAAAAAAAAAAAAAA=	AAAAAAAAAAEAAAAHAAAAAAAAABgAAAACAAAAAHUEYnpAKFZG6lyWt8SCF5wnGSwA5PnFX5mbPUix1g1hAAAAAAAAAAQAAAABVVNEAAAAAAB1BGJ6QChWRupclrfEghecJxksAOT5xV+Zmz1IsdYNYQAAAAAAAAAABfXhAAAAAAEAAAABAAAAAAAAAAAAAAAAAAAAAwAAABcAAAAAAAAAAFyvhdSTrPOEDQ4Z5iI4ylA0PphL7nmcAy/7QlUVxY53AAAAAlQL4zgAAAAVAAAAAgAAAAIAAAAAAAAAAAAAAAABAAAAAAAAAAAAAAAAAAAAAAAAAQAAABgAAAAAAAAAAFyvhdSTrPOEDQ4Z5iI4ylA0PphL7nmcAy/7QlUVxY53AAAAAkggITgAAAAVAAAAAgAAAAEAAAAAAAAAAAAAAAABAAAAAAAAAAAAAAAAAAAAAAAAAQAAABgAAAAAAAAAAHUEYnpAKFZG6lyWt8SCF5wnGSwA5PnFX5mbPUix1g1hAAAAAl/3pZwAAAAVAAAAAQAAAAEAAAAAAAAAAAAAAAABAAAAAAAAAAAAAAAAAAAAAAAAAQAAABgAAAABAAAAAFyvhdSTrPOEDQ4Z5iI4ylA0PphL7nmcAy/7QlUVxY53AAAAAVVTRAAAAAAAdQRiekAoVkbqXJa3xIIXnCcZLADk+cVfmZs9SLHWDWEAAAAAC+vCAH//////////AAAAAQAAAAAAAAAAAAAAAwAAABcAAAACAAAAAFyvhdSTrPOEDQ4Z5iI4ylA0PphL7nmcAy/7QlUVxY53AAAAAAAAAAMAAAAAAAAAAVVTRAAAAAAAdQRiekAoVkbqXJa3xIIXnCcZLADk+cVfmZs9SLHWDWEAAAAAC+vCAAAAAAEAAAABAAAAAAAAAAAAAAAAAAAAAgAAAAIAAAAAXK+F1JOs84QNDhnmIjjKUDQ+mEvueZwDL/tCVRXFjncAAAAAAAAAAw==
5065cd7c97cfb6fbf7da8493beed47ed2c7efb3b00b77a4c92692ed487fb86a4	25	1	AAAAAGL8HQvQkbK2HA3WVjRrKmjX00fG8sLI7m0ERwJW/AX3AAAAZAAAAAAAAAANAAAAAAAAAAAAAAABAAAAAAAAAAAAAAAAfGbtaaW8nEfkG5PP1Cf4+dZxNj3MryzpiAiOpDJuhhgAAAACVAvkAAAAAAAAAAABVvwF9wAAAEBthwT3JCg5IZkKRNK3pHBa/eG8zq8Af9gFPWlYvEdRo6jzA5D9fYOcDpKD3dEAuPLNNAHj9tNbZUJA3rwxN94B	UGXNfJfPtvv32oSTvu1H7Sx++zsAt3pMkmku1If7hqQAAAAAAAAAZAAAAAAAAAABAAAAAAAAAAAAAAAAAAAAAA==	AAAAAAAAAAEAAAACAAAAAAAAABkAAAAAAAAAAHxm7WmlvJxH5BuTz9Qn+PnWcTY9zK8s6YgIjqQyboYYAAAAAlQL5AAAAAAZAAAAAAAAAAAAAAAAAAAAAAAAAAABAAAAAAAAAAAAAAAAAAAAAAAAAQAAABkAAAAAAAAAAGL8HQvQkbK2HA3WVjRrKmjX00fG8sLI7m0ERwJW/AX3DeC2lXEXguwAAAAAAAAADQAAAAAAAAAAAAAAAAAAAAABAAAAAAAAAAAAAAAAAAAA
a76e0260f6b83c6ea93f545d17de721c079dc31e81ee5edc41f159ec5fb48443	26	1	AAAAAHxm7WmlvJxH5BuTz9Qn+PnWcTY9zK8s6YgIjqQyboYYAAAAZAAAABkAAAABAAAAAAAAAAAAAAABAAAAAAAAAAQAAAABVVNEAAAAAAB8Zu1ppbycR+Qbk8/UJ/j51nE2PcyvLOmICI6kMm6GGAAAAAAAAAAAdzWUAAAAAAEAAAABAAAAAAAAAAEyboYYAAAAQBqzCYDuLYn/jXhfEVxEGigMCJGoOBCK92lUb3Um15PgwSJ63tNl+FpH8+y5c+mCs/rzcvdyo9uXdodd4LXWiQg=	p24CYPa4PG6pP1RdF95yHAedwx6B7l7cQfFZ7F+0hEMAAAAAAAAAZAAAAAAAAAABAAAAAAAAAAMAAAAAAAAAAAAAAAAAAAAAfGbtaaW8nEfkG5PP1Cf4+dZxNj3MryzpiAiOpDJuhhgAAAAAAAAABQAAAAFVU0QAAAAAAHxm7WmlvJxH5BuTz9Qn+PnWcTY9zK8s6YgIjqQyboYYAAAAAAAAAAB3NZQAAAAAAQAAAAEAAAABAAAAAAAAAAA=	AAAAAAAAAAEAAAACAAAAAAAAABoAAAACAAAAAHxm7WmlvJxH5BuTz9Qn+PnWcTY9zK8s6YgIjqQyboYYAAAAAAAAAAUAAAABVVNEAAAAAAB8Zu1ppbycR+Qbk8/UJ/j51nE2PcyvLOmICI6kMm6GGAAAAAAAAAAAdzWUAAAAAAEAAAABAAAAAQAAAAAAAAAAAAAAAQAAABoAAAAAAAAAAHxm7WmlvJxH5BuTz9Qn+PnWcTY9zK8s6YgIjqQyboYYAAAAAlQL4zgAAAAZAAAAAgAAAAEAAAAAAAAAAAAAAAABAAAAAAAAAAAAAAAAAAAA
92a654c76966ac61acc9df0b75f91cbde3b551c9e9766730827af42d1e247cc3	26	2	AAAAAHxm7WmlvJxH5BuTz9Qn+PnWcTY9zK8s6YgIjqQyboYYAAAAZAAAABkAAAACAAAAAAAAAAAAAAABAAAAAAAAAAQAAAAAAAAAAVVTRAAAAAAAfGbtaaW8nEfkG5PP1Cf4+dZxNj3MryzpiAiOpDJuhhgAAAAAdzWUAAAAAAEAAAABAAAAAAAAAAEyboYYAAAAQBbE9T7oBKoN0/S3AV7GoSRe+xT79SlWNCYEtL1RPExL8FLhw5EDsXLoAvIBbBvHIr9NKcPtWDyhcHlIuaZKIg8=	kqZUx2lmrGGsyd8LdfkcveO1Ucnpdmcwgnr0LR4kfMMAAAAAAAAAZAAAAAAAAAABAAAAAAAAAAMAAAAAAAAAAAAAAAAAAAAAfGbtaaW8nEfkG5PP1Cf4+dZxNj3MryzpiAiOpDJuhhgAAAAAAAAABgAAAAAAAAABVVNEAAAAAAB8Zu1ppbycR+Qbk8/UJ/j51nE2PcyvLOmICI6kMm6GGAAAAAB3NZQAAAAAAQAAAAEAAAABAAAAAAAAAAA=	AAAAAAAAAAEAAAACAAAAAAAAABoAAAACAAAAAHxm7WmlvJxH5BuTz9Qn+PnWcTY9zK8s6YgIjqQyboYYAAAAAAAAAAYAAAAAAAAAAVVTRAAAAAAAfGbtaaW8nEfkG5PP1Cf4+dZxNj3MryzpiAiOpDJuhhgAAAAAdzWUAAAAAAEAAAABAAAAAQAAAAAAAAAAAAAAAQAAABoAAAAAAAAAAHxm7WmlvJxH5BuTz9Qn+PnWcTY9zK8s6YgIjqQyboYYAAAAAlQL4zgAAAAZAAAAAgAAAAIAAAAAAAAAAAAAAAABAAAAAAAAAAAAAAAAAAAA
700fa44bb40e6ad2c5888656cd2e7b8d86de3d3557b653ae6874466175d64927	27	1	AAAAAGL8HQvQkbK2HA3WVjRrKmjX00fG8sLI7m0ERwJW/AX3AAAAZAAAAAAAAAAOAAAAAAAAAAAAAAABAAAAAAAAAAAAAAAAkFLGCjsP5I/iV1yOXqLAmNi0vn4B9MxR2V53pzCeMFAAAAACVAvkAAAAAAAAAAABVvwF9wAAAEBq3GPDVeRPfwqtW45GZNiUdQ9j6E9Nsz/lMYWcWDWGCZADSsEiEoXar1HWFK6drptsGEl9P6I9f7C2GBKb4YQM	cA+kS7QOatLFiIZWzS57jYbePTVXtlOuaHRGYXXWSScAAAAAAAAAZAAAAAAAAAABAAAAAAAAAAAAAAAAAAAAAA==	AAAAAAAAAAEAAAACAAAAAAAAABsAAAAAAAAAAJBSxgo7D+SP4ldcjl6iwJjYtL5+AfTMUdled6cwnjBQAAAAAlQL5AAAAAAbAAAAAAAAAAAAAAAAAAAAAAAAAAABAAAAAAAAAAAAAAAAAAAAAAAAAQAAABsAAAAAAAAAAGL8HQvQkbK2HA3WVjRrKmjX00fG8sLI7m0ERwJW/AX3DeC2kx0LnogAAAAAAAAADgAAAAAAAAAAAAAAAAAAAAABAAAAAAAAAAAAAAAAAAAA
fe3707fbd5c844395c598f31dc719c61218d4cea4e8dddadb6733f4866089100	28	1	AAAAAJBSxgo7D+SP4ldcjl6iwJjYtL5+AfTMUdled6cwnjBQAAAAZAAAABsAAAABAAAAAAAAAAAAAAABAAAAAAAAAAUAAAABAAAAAGL8HQvQkbK2HA3WVjRrKmjX00fG8sLI7m0ERwJW/AX3AAAAAQAAAAAAAAABAAAAAAAAAAAAAAAAAAAAAAAAAAAAAAAAAAAAAAAAAAAAAAABMJ4wUAAAAEA/GIgE9sYPGwbCiIdLdhoEu25CyB0ZAcmjQonQItu6SE0gaSBVT/le355A/dw1NPaoXY9P/u0ou9D7h5Vb1fcK	/jcH+9XIRDlcWY8x3HGcYSGNTOpOjd2ttnM/SGYIkQAAAAAAAAAAZAAAAAAAAAABAAAAAAAAAAUAAAAAAAAAAA==	AAAAAAAAAAEAAAABAAAAAQAAABwAAAAAAAAAAJBSxgo7D+SP4ldcjl6iwJjYtL5+AfTMUdled6cwnjBQAAAAAlQL4UQAAAAbAAAABwAAAAAAAAABAAAAAGL8HQvQkbK2HA3WVjRrKmjX00fG8sLI7m0ERwJW/AX3AAAAAAAAAAABAAAAAAAAAAAAAAAAAAAA
345ef7f85c6ea297e3f994feef279b63812628681bd173a1f615185a4368e482	28	2	AAAAAJBSxgo7D+SP4ldcjl6iwJjYtL5+AfTMUdled6cwnjBQAAAAZAAAABsAAAACAAAAAAAAAAAAAAABAAAAAAAAAAUAAAAAAAAAAQAAAAAAAAABAAAAAQAAAAAAAAAAAAAAAAAAAAAAAAAAAAAAAAAAAAAAAAABMJ4wUAAAAEDYxq3zpaFIC2JcuJUbrQ3MFXzqvu+5G7XUi4NnHlfbLutn76ylQcjuwLgbUG2lqcQfl75doPUZyurKtFP1rkMO	NF73+Fxuopfj+ZT+7yebY4EmKGgb0XOh9hUYWkNo5IIAAAAAAAAAZAAAAAAAAAABAAAAAAAAAAUAAAAAAAAAAA==	AAAAAAAAAAEAAAABAAAAAQAAABwAAAAAAAAAAJBSxgo7D+SP4ldcjl6iwJjYtL5+AfTMUdled6cwnjBQAAAAAlQL4UQAAAAbAAAABwAAAAAAAAABAAAAAGL8HQvQkbK2HA3WVjRrKmjX00fG8sLI7m0ERwJW/AX3AAAAAQAAAAABAAAAAAAAAAAAAAAAAAAA
2a14735d7b05109359444acdd87e7fe92c98e9295d2ba61b05e25d1f7ee10fd3	28	3	AAAAAJBSxgo7D+SP4ldcjl6iwJjYtL5+AfTMUdled6cwnjBQAAAAZAAAABsAAAADAAAAAAAAAAAAAAABAAAAAAAAAAUAAAAAAAAAAQAAAAAAAAABAAAAAgAAAAAAAAAAAAAAAAAAAAAAAAAAAAAAAAAAAAAAAAABMJ4wUAAAAEAKuQ1exMu8hdf8dOPeULX2DG7DZx5WWIUFHXJMWGG9KmVrQoZDt2S6a/1uYEVJnvvY/EoJM5RpVjh2ZCs30VYA	KhRzXXsFEJNZRErN2H5/6SyY6SldK6YbBeJdH37hD9MAAAAAAAAAZAAAAAAAAAABAAAAAAAAAAUAAAAAAAAAAA==	AAAAAAAAAAEAAAABAAAAAQAAABwAAAAAAAAAAJBSxgo7D+SP4ldcjl6iwJjYtL5+AfTMUdled6cwnjBQAAAAAlQL4UQAAAAbAAAABwAAAAAAAAABAAAAAGL8HQvQkbK2HA3WVjRrKmjX00fG8sLI7m0ERwJW/AX3AAAAAwAAAAABAAAAAAAAAAAAAAAAAAAA
4f9598206ab17cf27b5c3eb9e906d63ebee2626654112eabdd2bce7bf12cccf2	28	4	AAAAAJBSxgo7D+SP4ldcjl6iwJjYtL5+AfTMUdled6cwnjBQAAAAZAAAABsAAAAEAAAAAAAAAAAAAAABAAAAAAAAAAUAAAAAAAAAAQAAAAAAAAABAAAAAAAAAAEAAAACAAAAAAAAAAAAAAAAAAAAAAAAAAAAAAAAAAAAATCeMFAAAABAAd6MzHDjUdRtHozzDnD3jJA+uRDCar3PQtuH/43pnROzk1HkovJPQ1YyzcpOb/NeuU/LKNzseL0PJNasVX1lAQ==	T5WYIGqxfPJ7XD656QbWPr7iYmZUES6r3SvOe/EszPIAAAAAAAAAZAAAAAAAAAABAAAAAAAAAAUAAAAAAAAAAA==	AAAAAAAAAAEAAAABAAAAAQAAABwAAAAAAAAAAJBSxgo7D+SP4ldcjl6iwJjYtL5+AfTMUdled6cwnjBQAAAAAlQL4UQAAAAbAAAABwAAAAAAAAABAAAAAGL8HQvQkbK2HA3WVjRrKmjX00fG8sLI7m0ERwJW/AX3AAAAAwAAAAACAAAAAAAAAAAAAAAAAAAA
852ba25e0e4aa149a22dc193bcb645ae9eba23e7f7432707f3b910474e9b6a5b	28	5	AAAAAJBSxgo7D+SP4ldcjl6iwJjYtL5+AfTMUdled6cwnjBQAAAAZAAAABsAAAAFAAAAAAAAAAAAAAABAAAAAAAAAAUAAAAAAAAAAQAAAAAAAAABAAAAAAAAAAAAAAABAAAAAAAAAAEAAAACAAAAAQAAAAIAAAAAAAAAAAAAAAAAAAABMJ4wUAAAAEAnFzc6kqweyIL4TzIDbr+8GUOGGs1W5jcX5iSNw4DeonzQARlejYJ9NOn/XkrcoC9Hvd8hc5lNx+1h991GxJUJ	hSuiXg5KoUmiLcGTvLZFrp66I+f3QycH87kQR06balsAAAAAAAAAZAAAAAAAAAABAAAAAAAAAAUAAAAAAAAAAA==	AAAAAAAAAAEAAAABAAAAAQAAABwAAAAAAAAAAJBSxgo7D+SP4ldcjl6iwJjYtL5+AfTMUdled6cwnjBQAAAAAlQL4UQAAAAbAAAABwAAAAAAAAABAAAAAGL8HQvQkbK2HA3WVjRrKmjX00fG8sLI7m0ERwJW/AX3AAAAAwAAAAACAAICAAAAAAAAAAAAAAAA
8ccc0c28c3e99a63cc59bad7dec3f5c56eb3942c548ecd40bc39c509d6b081d4	28	6	AAAAAJBSxgo7D+SP4ldcjl6iwJjYtL5+AfTMUdled6cwnjBQAAAAZAAAABsAAAAGAAAAAAAAAAAAAAABAAAAAAAAAAUAAAAAAAAAAQAAAAAAAAABAAAAAAAAAAAAAAAAAAAAAAAAAAAAAAABAAAAC2V4YW1wbGUuY29tAAAAAAAAAAAAAAAAATCeMFAAAABAkID6CkBHP9eovLQXkMQJ7QkE6NWlmdKGmLxaiI1YaVKZaKJxz5P85x+6wzpYxxbs6Bd2l4qxVjS7Q36DwRiqBA==	jMwMKMPpmmPMWbrX3sP1xW6zlCxUjs1AvDnFCdawgdQAAAAAAAAAZAAAAAAAAAABAAAAAAAAAAUAAAAAAAAAAA==	AAAAAAAAAAEAAAABAAAAAQAAABwAAAAAAAAAAJBSxgo7D+SP4ldcjl6iwJjYtL5+AfTMUdled6cwnjBQAAAAAlQL4UQAAAAbAAAABwAAAAAAAAABAAAAAGL8HQvQkbK2HA3WVjRrKmjX00fG8sLI7m0ERwJW/AX3AAAAAwAAAAtleGFtcGxlLmNvbQACAAICAAAAAAAAAAAAAAAA
83201014880073f8eff6f21ae76e51c2c4faf533e550ecd3c2205b48a092960a	28	7	AAAAAJBSxgo7D+SP4ldcjl6iwJjYtL5+AfTMUdled6cwnjBQAAAAZAAAABsAAAAHAAAAAAAAAAAAAAABAAAAAAAAAAUAAAAAAAAAAQAAAAAAAAABAAAAAAAAAAAAAAAAAAAAAAAAAAAAAAAAAAAAAQAAAAB8ndnLViBPKqPJAcSNhZzc2mH7fQ7RtzGyFA8mFkMTkAAAAAEAAAAAAAAAATCeMFAAAABAtYtlsqMReQo1UoU2GYjb3h52wEKvnouCSO6LQO1xm/ArhtQO/sX5q35St8BjaYWEiFnp+SQj2FZC89OswCldAw==	gyAQFIgAc/jv9vIa525RwsT69TPlUOzTwiBbSKCSlgoAAAAAAAAAZAAAAAAAAAABAAAAAAAAAAUAAAAAAAAAAA==	AAAAAAAAAAEAAAABAAAAAQAAABwAAAAAAAAAAJBSxgo7D+SP4ldcjl6iwJjYtL5+AfTMUdled6cwnjBQAAAAAlQL4UQAAAAbAAAABwAAAAEAAAABAAAAAGL8HQvQkbK2HA3WVjRrKmjX00fG8sLI7m0ERwJW/AX3AAAAAwAAAAtleGFtcGxlLmNvbQACAAICAAAAAQAAAAB8ndnLViBPKqPJAcSNhZzc2mH7fQ7RtzGyFA8mFkMTkAAAAAEAAAAAAAAAAA==
b86519ef0eaffe2ed72ef14cd2dcf71e07768d801b2ea93710466fa3ff345452	30	1	AAAAAJBSxgo7D+SP4ldcjl6iwJjYtL5+AfTMUdled6cwnjBQAAAAZAAAABsAAAAJAAAAAAAAAAAAAAABAAAAAAAAAAUAAAAAAAAAAQAAAAMAAAABAAAAAAAAAAAAAAAAAAAAAAAAAAAAAAAAAAAAAAAAAAAAAAABMJ4wUAAAAECjmzpclH6ss/jqfE/BP3puZsonU/88MZSCZiIDCDWFpxwvAs/dMzcZZ+fz1VXCDYaiXpSE1gcFAwndmCbA6EIO	uGUZ7w6v/i7XLvFM0tz3Hgd2jYAbLqk3EEZvo/80VFIAAAAAAAAAZAAAAAAAAAABAAAAAAAAAAUAAAAAAAAAAA==	AAAAAAAAAAEAAAABAAAAAQAAAB4AAAAAAAAAAJBSxgo7D+SP4ldcjl6iwJjYtL5+AfTMUdled6cwnjBQAAAAAlQL4BgAAAAbAAAACgAAAAEAAAABAAAAAGL8HQvQkbK2HA3WVjRrKmjX00fG8sLI7m0ERwJW/AX3AAAAAAAAAAtleGFtcGxlLmNvbQACAAICAAAAAQAAAAB8ndnLViBPKqPJAcSNhZzc2mH7fQ7RtzGyFA8mFkMTkAAAAAUAAAAAAAAAAA==
5d8eb8ab1e0755856ef88f4e05f9c6017556212025581a3f799dcf5009d38ac3	30	2	AAAAAJBSxgo7D+SP4ldcjl6iwJjYtL5+AfTMUdled6cwnjBQAAAAZAAAABsAAAAKAAAAAAAAAAAAAAABAAAAAAAAAAUAAAAAAAAAAQAAAAAAAAABAAAAAAAAAAAAAAAAAAAAAAAAAAAAAAAAAAAAAQAAAAB8ndnLViBPKqPJAcSNhZzc2mH7fQ7RtzGyFA8mFkMTkAAAAAAAAAAAAAAAATCeMFAAAABAf6oFGtOaKuZ8Aoi8Kz0K5RtlkOOonIxT6KdCbbd6hqLiItokXucBNHsQA/Dx5Z82vonxl1CGq4kyVUq+sAOIBA==	XY64qx4HVYVu+I9OBfnGAXVWISAlWBo/eZ3PUAnTisMAAAAAAAAAZAAAAAAAAAABAAAAAAAAAAUAAAAAAAAAAA==	AAAAAAAAAAEAAAABAAAAAQAAAB4AAAAAAAAAAJBSxgo7D+SP4ldcjl6iwJjYtL5+AfTMUdled6cwnjBQAAAAAlQL4BgAAAAbAAAACgAAAAAAAAABAAAAAGL8HQvQkbK2HA3WVjRrKmjX00fG8sLI7m0ERwJW/AX3AAAAAAAAAAtleGFtcGxlLmNvbQACAAICAAAAAAAAAAAAAAAA
\.


--
-- Name: accountdata_pkey; Type: CONSTRAINT; Schema: public; Owner: -; Tablespace: 
--

ALTER TABLE ONLY accountdata
    ADD CONSTRAINT accountdata_pkey PRIMARY KEY (accountid, dataname);


--
-- Name: accounts_pkey; Type: CONSTRAINT; Schema: public; Owner: -; Tablespace: 
--

ALTER TABLE ONLY accounts
    ADD CONSTRAINT accounts_pkey PRIMARY KEY (accountid);


--
-- Name: ledgerheaders_ledgerseq_key; Type: CONSTRAINT; Schema: public; Owner: -; Tablespace: 
--

ALTER TABLE ONLY ledgerheaders
    ADD CONSTRAINT ledgerheaders_ledgerseq_key UNIQUE (ledgerseq);


--
-- Name: ledgerheaders_pkey; Type: CONSTRAINT; Schema: public; Owner: -; Tablespace: 
--

ALTER TABLE ONLY ledgerheaders
    ADD CONSTRAINT ledgerheaders_pkey PRIMARY KEY (ledgerhash);


--
-- Name: offers_pkey; Type: CONSTRAINT; Schema: public; Owner: -; Tablespace: 
--

ALTER TABLE ONLY offers
    ADD CONSTRAINT offers_pkey PRIMARY KEY (offerid);


--
-- Name: peers_pkey; Type: CONSTRAINT; Schema: public; Owner: -; Tablespace: 
--

ALTER TABLE ONLY peers
    ADD CONSTRAINT peers_pkey PRIMARY KEY (ip, port);


--
-- Name: publishqueue_pkey; Type: CONSTRAINT; Schema: public; Owner: -; Tablespace: 
--

ALTER TABLE ONLY publishqueue
    ADD CONSTRAINT publishqueue_pkey PRIMARY KEY (ledger);


--
-- Name: pubsub_pkey; Type: CONSTRAINT; Schema: public; Owner: -; Tablespace: 
--

ALTER TABLE ONLY pubsub
    ADD CONSTRAINT pubsub_pkey PRIMARY KEY (resid);


--
-- Name: scpquorums_pkey; Type: CONSTRAINT; Schema: public; Owner: -; Tablespace: 
--

ALTER TABLE ONLY scpquorums
    ADD CONSTRAINT scpquorums_pkey PRIMARY KEY (qsethash);


--
-- Name: signers_pkey; Type: CONSTRAINT; Schema: public; Owner: -; Tablespace: 
--

ALTER TABLE ONLY signers
    ADD CONSTRAINT signers_pkey PRIMARY KEY (accountid, publickey);


--
-- Name: storestate_pkey; Type: CONSTRAINT; Schema: public; Owner: -; Tablespace: 
--

ALTER TABLE ONLY storestate
    ADD CONSTRAINT storestate_pkey PRIMARY KEY (statename);


--
-- Name: trustlines_pkey; Type: CONSTRAINT; Schema: public; Owner: -; Tablespace: 
--

ALTER TABLE ONLY trustlines
    ADD CONSTRAINT trustlines_pkey PRIMARY KEY (accountid, issuer, assetcode);


--
-- Name: txfeehistory_pkey; Type: CONSTRAINT; Schema: public; Owner: -; Tablespace: 
--

ALTER TABLE ONLY txfeehistory
    ADD CONSTRAINT txfeehistory_pkey PRIMARY KEY (ledgerseq, txindex);


--
-- Name: txhistory_pkey; Type: CONSTRAINT; Schema: public; Owner: -; Tablespace: 
--

ALTER TABLE ONLY txhistory
    ADD CONSTRAINT txhistory_pkey PRIMARY KEY (ledgerseq, txindex);


--
-- Name: accountbalances; Type: INDEX; Schema: public; Owner: -; Tablespace: 
--

CREATE INDEX accountbalances ON accounts USING btree (balance) WHERE (balance >= 1000000000);


--
-- Name: buyingissuerindex; Type: INDEX; Schema: public; Owner: -; Tablespace: 
--

CREATE INDEX buyingissuerindex ON offers USING btree (buyingissuer);


--
-- Name: histbyseq; Type: INDEX; Schema: public; Owner: -; Tablespace: 
--

CREATE INDEX histbyseq ON txhistory USING btree (ledgerseq);


--
-- Name: histfeebyseq; Type: INDEX; Schema: public; Owner: -; Tablespace: 
--

CREATE INDEX histfeebyseq ON txfeehistory USING btree (ledgerseq);


--
-- Name: ledgersbyseq; Type: INDEX; Schema: public; Owner: -; Tablespace: 
--

CREATE INDEX ledgersbyseq ON ledgerheaders USING btree (ledgerseq);


--
-- Name: priceindex; Type: INDEX; Schema: public; Owner: -; Tablespace: 
--

CREATE INDEX priceindex ON offers USING btree (price);


--
-- Name: scpenvsbyseq; Type: INDEX; Schema: public; Owner: -; Tablespace: 
--

CREATE INDEX scpenvsbyseq ON scphistory USING btree (ledgerseq);


--
-- Name: sellingissuerindex; Type: INDEX; Schema: public; Owner: -; Tablespace: 
--

CREATE INDEX sellingissuerindex ON offers USING btree (sellingissuer);


--
-- Name: signersaccount; Type: INDEX; Schema: public; Owner: -; Tablespace: 
--

CREATE INDEX signersaccount ON signers USING btree (accountid);


--
-- PostgreSQL database dump complete
--

