--
-- PostgreSQL database dump
--

SET statement_timeout = 0;
SET lock_timeout = 0;
SET client_encoding = 'UTF8';
SET standard_conforming_strings = on;
SET check_function_bodies = false;
SET client_min_messages = warning;

SET search_path = public, pg_catalog;

DROP INDEX public.signersaccount;
DROP INDEX public.sellingissuerindex;
DROP INDEX public.scpenvsbyseq;
DROP INDEX public.priceindex;
DROP INDEX public.ledgersbyseq;
DROP INDEX public.histfeebyseq;
DROP INDEX public.histbyseq;
DROP INDEX public.buyingissuerindex;
DROP INDEX public.accountbalances;
ALTER TABLE ONLY public.txhistory DROP CONSTRAINT txhistory_pkey;
ALTER TABLE ONLY public.txfeehistory DROP CONSTRAINT txfeehistory_pkey;
ALTER TABLE ONLY public.trustlines DROP CONSTRAINT trustlines_pkey;
ALTER TABLE ONLY public.storestate DROP CONSTRAINT storestate_pkey;
ALTER TABLE ONLY public.signers DROP CONSTRAINT signers_pkey;
ALTER TABLE ONLY public.scpquorums DROP CONSTRAINT scpquorums_pkey;
ALTER TABLE ONLY public.pubsub DROP CONSTRAINT pubsub_pkey;
ALTER TABLE ONLY public.publishqueue DROP CONSTRAINT publishqueue_pkey;
ALTER TABLE ONLY public.peers DROP CONSTRAINT peers_pkey;
ALTER TABLE ONLY public.offers DROP CONSTRAINT offers_pkey;
ALTER TABLE ONLY public.ledgerheaders DROP CONSTRAINT ledgerheaders_pkey;
ALTER TABLE ONLY public.ledgerheaders DROP CONSTRAINT ledgerheaders_ledgerseq_key;
ALTER TABLE ONLY public.accounts DROP CONSTRAINT accounts_pkey;
ALTER TABLE ONLY public.accountdata DROP CONSTRAINT accountdata_pkey;
DROP TABLE public.txhistory;
DROP TABLE public.txfeehistory;
DROP TABLE public.trustlines;
DROP TABLE public.storestate;
DROP TABLE public.signers;
DROP TABLE public.scpquorums;
DROP TABLE public.scphistory;
DROP TABLE public.pubsub;
DROP TABLE public.publishqueue;
DROP TABLE public.peers;
DROP TABLE public.offers;
DROP TABLE public.ledgerheaders;
DROP TABLE public.accounts;
DROP TABLE public.accountdata;
DROP EXTENSION plpgsql;
DROP SCHEMA public;
--
-- Name: public; Type: SCHEMA; Schema: -; Owner: -
--

CREATE SCHEMA public;


--
-- Name: SCHEMA public; Type: COMMENT; Schema: -; Owner: -
--

COMMENT ON SCHEMA public IS 'standard public schema';


--
-- Name: plpgsql; Type: EXTENSION; Schema: -; Owner: -
--

CREATE EXTENSION IF NOT EXISTS plpgsql WITH SCHEMA pg_catalog;


--
-- Name: EXTENSION plpgsql; Type: COMMENT; Schema: -; Owner: -
--

COMMENT ON EXTENSION plpgsql IS 'PL/pgSQL procedural language';


SET search_path = public, pg_catalog;

SET default_tablespace = '';

SET default_with_oids = false;

--
-- Name: accountdata; Type: TABLE; Schema: public; Owner: -; Tablespace: 
--

CREATE TABLE accountdata (
    accountid character varying(56) NOT NULL,
    dataname character varying(64) NOT NULL,
    datavalue character varying(112) NOT NULL
);


--
-- Name: accounts; Type: TABLE; Schema: public; Owner: -; Tablespace: 
--

CREATE TABLE accounts (
    accountid character varying(56) NOT NULL,
    balance bigint NOT NULL,
    seqnum bigint NOT NULL,
    numsubentries integer NOT NULL,
    inflationdest character varying(56),
    homedomain character varying(32) NOT NULL,
    thresholds text NOT NULL,
    flags integer NOT NULL,
    lastmodified integer NOT NULL,
    CONSTRAINT accounts_balance_check CHECK ((balance >= 0)),
    CONSTRAINT accounts_numsubentries_check CHECK ((numsubentries >= 0))
);


--
-- Name: ledgerheaders; Type: TABLE; Schema: public; Owner: -; Tablespace: 
--

CREATE TABLE ledgerheaders (
    ledgerhash character(64) NOT NULL,
    prevhash character(64) NOT NULL,
    bucketlisthash character(64) NOT NULL,
    ledgerseq integer,
    closetime bigint NOT NULL,
    data text NOT NULL,
    CONSTRAINT ledgerheaders_closetime_check CHECK ((closetime >= 0)),
    CONSTRAINT ledgerheaders_ledgerseq_check CHECK ((ledgerseq >= 0))
);


--
-- Name: offers; Type: TABLE; Schema: public; Owner: -; Tablespace: 
--

CREATE TABLE offers (
    sellerid character varying(56) NOT NULL,
    offerid bigint NOT NULL,
    sellingassettype integer NOT NULL,
    sellingassetcode character varying(12),
    sellingissuer character varying(56),
    buyingassettype integer NOT NULL,
    buyingassetcode character varying(12),
    buyingissuer character varying(56),
    amount bigint NOT NULL,
    pricen integer NOT NULL,
    priced integer NOT NULL,
    price double precision NOT NULL,
    flags integer NOT NULL,
    lastmodified integer NOT NULL,
    CONSTRAINT offers_amount_check CHECK ((amount >= 0)),
    CONSTRAINT offers_offerid_check CHECK ((offerid >= 0))
);


--
-- Name: peers; Type: TABLE; Schema: public; Owner: -; Tablespace: 
--

CREATE TABLE peers (
    ip character varying(15) NOT NULL,
    port integer DEFAULT 0 NOT NULL,
    nextattempt timestamp without time zone NOT NULL,
    numfailures integer DEFAULT 0 NOT NULL,
    CONSTRAINT peers_numfailures_check CHECK ((numfailures >= 0)),
    CONSTRAINT peers_port_check CHECK (((port > 0) AND (port <= 65535)))
);


--
-- Name: publishqueue; Type: TABLE; Schema: public; Owner: -; Tablespace: 
--

CREATE TABLE publishqueue (
    ledger integer NOT NULL,
    state text
);


--
-- Name: pubsub; Type: TABLE; Schema: public; Owner: -; Tablespace: 
--

CREATE TABLE pubsub (
    resid character(32) NOT NULL,
    lastread integer
);


--
-- Name: scphistory; Type: TABLE; Schema: public; Owner: -; Tablespace: 
--

CREATE TABLE scphistory (
    nodeid character(56) NOT NULL,
    ledgerseq integer NOT NULL,
    envelope text NOT NULL,
    CONSTRAINT scphistory_ledgerseq_check CHECK ((ledgerseq >= 0))
);


--
-- Name: scpquorums; Type: TABLE; Schema: public; Owner: -; Tablespace: 
--

CREATE TABLE scpquorums (
    qsethash character(64) NOT NULL,
    lastledgerseq integer NOT NULL,
    qset text NOT NULL,
    CONSTRAINT scpquorums_lastledgerseq_check CHECK ((lastledgerseq >= 0))
);


--
-- Name: signers; Type: TABLE; Schema: public; Owner: -; Tablespace: 
--

CREATE TABLE signers (
    accountid character varying(56) NOT NULL,
    publickey character varying(56) NOT NULL,
    weight integer NOT NULL
);


--
-- Name: storestate; Type: TABLE; Schema: public; Owner: -; Tablespace: 
--

CREATE TABLE storestate (
    statename character(32) NOT NULL,
    state text
);


--
-- Name: trustlines; Type: TABLE; Schema: public; Owner: -; Tablespace: 
--

CREATE TABLE trustlines (
    accountid character varying(56) NOT NULL,
    assettype integer NOT NULL,
    issuer character varying(56) NOT NULL,
    assetcode character varying(12) NOT NULL,
    tlimit bigint NOT NULL,
    balance bigint NOT NULL,
    flags integer NOT NULL,
    lastmodified integer NOT NULL,
    CONSTRAINT trustlines_balance_check CHECK ((balance >= 0)),
    CONSTRAINT trustlines_tlimit_check CHECK ((tlimit > 0))
);


--
-- Name: txfeehistory; Type: TABLE; Schema: public; Owner: -; Tablespace: 
--

CREATE TABLE txfeehistory (
    txid character(64) NOT NULL,
    ledgerseq integer NOT NULL,
    txindex integer NOT NULL,
    txchanges text NOT NULL,
    CONSTRAINT txfeehistory_ledgerseq_check CHECK ((ledgerseq >= 0))
);


--
-- Name: txhistory; Type: TABLE; Schema: public; Owner: -; Tablespace: 
--

CREATE TABLE txhistory (
    txid character(64) NOT NULL,
    ledgerseq integer NOT NULL,
    txindex integer NOT NULL,
    txbody text NOT NULL,
    txresult text NOT NULL,
    txmeta text NOT NULL,
    CONSTRAINT txhistory_ledgerseq_check CHECK ((ledgerseq >= 0))
);


--
-- Data for Name: accountdata; Type: TABLE DATA; Schema: public; Owner: -
--

COPY accountdata (accountid, dataname, datavalue) FROM stdin;
\.


--
-- Data for Name: accounts; Type: TABLE DATA; Schema: public; Owner: -
--

COPY accounts (accountid, balance, seqnum, numsubentries, inflationdest, homedomain, thresholds, flags, lastmodified) FROM stdin;
GAXI33UCLQTCKM2NMRBS7XYBR535LLEVAHL5YBN4FTCB4HZHT7ZA5CVK	10000000000	12884901888	0	\N		AQAAAA==	0	3
GANZGPKY5WSHWG5YOZMNG52GCK5SCJ4YGUWMJJVGZSK2FP4BI2JIJN2C	10099999900	55834574849	1	\N		AQAAAA==	0	14
GCHC4D2CS45CJRNN4QAHT2LFZAJIU5PA7H53K3VOP6WEJ6XWHNSNZKQG	9899999800	55834574850	0	\N		AQAAAA==	0	15
GDXFAGJCSCI4CK2YHK6YRLA6TKEXFRX7BMGVMQOBMLIEUJRJ5YQNLMIB	9999999600	17179869188	1	\N		AgICAg==	0	6
GA46VRKBCLI2X6DXLX7AIEVRFLH3UA7XBE3NGNP6O74HQ5LXHMGTV2JB	9959999600	30064771076	0	\N		AQAAAA==	0	8
GAG52TW6QAB6TGNMOTL32Y4M3UQQLNNNHPEHYAIYRP6SFF6ZAVRF5ZQY	9799999800	38654705665	0	\N		AQAAAA==	0	10
GDCVTBGSEEU7KLXUMHMSXBALXJ2T4I2KOPXW2S5TRLKDRIAXD5UDHAYO	9499999900	47244640257	0	\N		AQAAAA==	0	12
GCB7FPYGLL6RJ37HKRAYW5TAWMFBGGFGM4IM6ERBCZXI2BZ4OOOX2UAY	500000000	51539607552	0	\N		AQAAAA==	0	12
GBOK7BOUSOWPHBANBYM6MIRYZJIDIPUYJPXHTHADF75UEVIVYWHHONQC	9799999800	90194313218	1	\N		AQAAAA==	0	24
GACAR2AEYEKITE2LKI5RMXF5MIVZ6Q7XILROGDT22O7JX4DSWFS7FDDP	9999999900	68719476737	1	\N		AQAAAA==	0	17
GB2QIYT2IAUFMRXKLSLLPRECC6OCOGJMADSPTRK7TGNT2SFR2YGWDARD	10199999900	90194313217	1	\N		AQAAAA==	0	24
GAXMF43TGZHW3QN3REOUA2U5PW5BTARXGGYJ3JIFHW3YT6QRKRL3CPPU	10999999700	68719476739	1	\N		AQAAAA==	0	20
GDRW375MAYR46ODGF2WGANQC2RRZL7O246DYHHCGWTV2RE7IHE2QUQLD	8999999700	68719476739	1	\N		AQAAAA==	0	20
GBRPYHIL2CI3FNQ4BXLFMNDLFJUNPU2HY3ZMFSHONUCEOASW7QC7OX2H	999999880239998800	12	0	\N		AQAAAA==	0	21
\.


--
-- Data for Name: ledgerheaders; Type: TABLE DATA; Schema: public; Owner: -
--

COPY ledgerheaders (ledgerhash, prevhash, bucketlisthash, ledgerseq, closetime, data) FROM stdin;
63d98f536ee68d1b27b5b89f23af5311b7569a24faf1403ad0b52b633b07be99	0000000000000000000000000000000000000000000000000000000000000000	572a2e32ff248a07b0e70fd1f6d318c1facd20b6cc08c33d5775259868125a16	1	0	AAAAAAAAAAAAAAAAAAAAAAAAAAAAAAAAAAAAAAAAAAAAAAAAAAAAAAAAAAAAAAAAAAAAAAAAAAAAAAAAAAAAAAAAAAAAAAAAAAAAAAAAAAAAAAAAAAAAAAAAAAAAAAAAAAAAAAAAAAAAAAAAAAAAAAAAAABXKi4y/ySKB7DnD9H20xjB+s0gtswIwz1XdSWYaBJaFgAAAAEN4Lazp2QAAAAAAAAAAAAAAAAAAAAAAAAAAAAAAAAAZAX14QAAAABkAAAAAAAAAAAAAAAAAAAAAAAAAAAAAAAAAAAAAAAAAAAAAAAAAAAAAAAAAAAAAAAAAAAAAAAAAAAAAAAAAAAAAAAAAAAAAAAAAAAAAAAAAAAAAAAAAAAAAAAAAAAAAAAAAAAAAAAAAAAAAAAAAAAAAAAAAAAAAAAAAAAAAAAAAAAAAAAA
b073cfa7ccee85f06e3ba6cca9b00e371d309ceddf9c3bb59d41f7ab46c252cb	63d98f536ee68d1b27b5b89f23af5311b7569a24faf1403ad0b52b633b07be99	735227ed398461291237687b08446aa2c9b096e0c98a462dadda569f05dd2484	2	1457117200	AAAAAmPZj1Nu5o0bJ7W4nyOvUxG3Vpok+vFAOtC1K2M7B76ZuZRHr9UdXKbTKiclfOjy72YZFJUkJPVcKT5htvorm1QAAAAAVtnYEAAAAAIAAAAIAAAAAQAAAAIAAAAIAAAAAwAAJxAAAAAA3z9hmASpL9tAVxktxD3XSOp3itxSvEmM6AUkwBS4ERlzUiftOYRhKRI3aHsIRGqiybCW4MmKRi2t2lafBd0khAAAAAIN4Lazp2QAAAAAAAAAAAAAAAAAAAAAAAAAAAAAAAAAZAX14QAAACcQAAAAAAAAAAAAAAAAAAAAAAAAAAAAAAAAAAAAAAAAAAAAAAAAAAAAAAAAAAAAAAAAAAAAAAAAAAAAAAAAAAAAAAAAAAAAAAAAAAAAAAAAAAAAAAAAAAAAAAAAAAAAAAAAAAAAAAAAAAAAAAAAAAAAAAAAAAAAAAAAAAAAAAAAAAAAAAAA
3ba84743189fa8227a0aa23d05f596541ca02243b79bb5906aa9940ca6a92065	b073cfa7ccee85f06e3ba6cca9b00e371d309ceddf9c3bb59d41f7ab46c252cb	20152c0cf56a4d6052543eb7c6d403d5a94b255af3a67a69dfe5c37d79a1b632	3	1457117201	AAAAArBzz6fM7oXwbjumzKmwDjcdMJzt35w7tZ1B96tGwlLLsyaCv6YhIPcuYHFMSOP45CGwSw+EBKMPtYLyKt3UlaoAAAAAVtnYEQAAAAAAAAAAZTJXylqAKscpSC5cC1USBOQW1Z3eZDL/jbC3qM+wVn4gFSwM9WpNYFJUPrfG1APVqUslWvOmemnf5cN9eaG2MgAAAAMN4Lazp2QAAAAAAAAAAABkAAAAAAAAAAAAAAAAAAAAZAX14QAAACcQAAAAAAAAAAAAAAAAAAAAAAAAAAAAAAAAAAAAAAAAAAAAAAAAAAAAAAAAAAAAAAAAAAAAAAAAAAAAAAAAAAAAAAAAAAAAAAAAAAAAAAAAAAAAAAAAAAAAAAAAAAAAAAAAAAAAAAAAAAAAAAAAAAAAAAAAAAAAAAAAAAAAAAAAAAAAAAAA
5b7f709939787c92a8a9d534ba0504cafd3830fb30da42e3ae3281ee483ddc78	3ba84743189fa8227a0aa23d05f596541ca02243b79bb5906aa9940ca6a92065	8be5d143c32720ed0325a6f350fe391fd4de4414b1822699ef5790ee5a3fb830	4	1457117202	AAAAAjuoR0MYn6giegqiPQX1llQcoCJDt5u1kGqplAymqSBlQ5RKWnHFLob4CaWFm9JzmAb++JbSGBW9MMiex+kVqLwAAAAAVtnYEgAAAAAAAAAAI8FeHEzJ0/4FO8/NG/43wTEny1CW/vcH2jcrQkzbbciL5dFDwycg7QMlpvNQ/jkf1N5EFLGCJpnvV5DuWj+4MAAAAAQN4Lazp2QAAAAAAAAAAADIAAAAAAAAAAAAAAAAAAAAZAX14QAAACcQAAAAAAAAAAAAAAAAAAAAAAAAAAAAAAAAAAAAAAAAAAAAAAAAAAAAAAAAAAAAAAAAAAAAAAAAAAAAAAAAAAAAAAAAAAAAAAAAAAAAAAAAAAAAAAAAAAAAAAAAAAAAAAAAAAAAAAAAAAAAAAAAAAAAAAAAAAAAAAAAAAAAAAAAAAAAAAAA
b2da55785f91fe48e507a5b61f6891813b6e9e644ad91999a13ec3460374cb9e	5b7f709939787c92a8a9d534ba0504cafd3830fb30da42e3ae3281ee483ddc78	58c7de194394de58bd5053f02504b43c88cbf4152ef6396e41d3f9d4fbde9402	5	1457117203	AAAAAlt/cJk5eHySqKnVNLoFBMr9ODD7MNpC464yge5IPdx4hVnYx2LBVa+mmBLQYpMzeX0QVzEde2vZHcjJWWS/fMoAAAAAVtnYEwAAAAAAAAAAk6vO/KRxwZ0ynJMMrKUpOSf5WhbdkNk0LIO/zZxB+qdYx94ZQ5TeWL1QU/AlBLQ8iMv0FS72OW5B0/nU+96UAgAAAAUN4Lazp2QAAAAAAAAAAAH0AAAAAAAAAAAAAAAAAAAAZAX14QAAACcQAAAAAAAAAAAAAAAAAAAAAAAAAAAAAAAAAAAAAAAAAAAAAAAAAAAAAAAAAAAAAAAAAAAAAAAAAAAAAAAAAAAAAAAAAAAAAAAAAAAAAAAAAAAAAAAAAAAAAAAAAAAAAAAAAAAAAAAAAAAAAAAAAAAAAAAAAAAAAAAAAAAAAAAAAAAAAAAA
e6cf9352148c46c5880b4cf74886486053326b77ae35f73198d0a93f1a49e596	b2da55785f91fe48e507a5b61f6891813b6e9e644ad91999a13ec3460374cb9e	a8f6213dc2ba3bc5ab397d5f2fb3dec1bc8ead45444e164c584795a2719693e4	6	1457117204	AAAAArLaVXhfkf5I5Qelth9okYE7bp5kStkZmaE+w0YDdMue09Ixven/2whEUsQhJmT/XdnaA8d7FtK7AzNeRJNLv0UAAAAAVtnYFAAAAAAAAAAAN8Q2AtCCsel4HIsK4udqXyLQqcraGjcAHVSUN815grGo9iE9wro7xas5fV8vs97BvI6tRUROFkxYR5WicZaT5AAAAAYN4Lazp2QAAAAAAAAAAAJYAAAAAAAAAAAAAAAAAAAAZAX14QAAACcQAAAAAAAAAAAAAAAAAAAAAAAAAAAAAAAAAAAAAAAAAAAAAAAAAAAAAAAAAAAAAAAAAAAAAAAAAAAAAAAAAAAAAAAAAAAAAAAAAAAAAAAAAAAAAAAAAAAAAAAAAAAAAAAAAAAAAAAAAAAAAAAAAAAAAAAAAAAAAAAAAAAAAAAAAAAAAAAA
75920e7c38df304615a7bdbc01cd9e55756aa4bc1e65ae13738f97a5aff0ae63	e6cf9352148c46c5880b4cf74886486053326b77ae35f73198d0a93f1a49e596	d2622427bae38c5e460ebbe2ecd2d3c15062a055b26f248424be070dee8afd8c	7	1457117205	AAAAAubPk1IUjEbFiAtM90iGSGBTMmt3rjX3MZjQqT8aSeWWy0HrdQKH+9y3QMnOOw1QA1PN21tZ5bYJTXJL5vZKvmcAAAAAVtnYFQAAAAAAAAAAk5HOQp3TCIyOUj8VmNGrhs2C+IXj942pn3qPVIAXXx7SYiQnuuOMXkYOu+Ls0tPBUGKgVbJvJIQkvgcN7or9jAAAAAcN4Lazp2QAAAAAAAAAAAK8AAAAAAAAAAAAAAAAAAAAZAX14QAAACcQAAAAAAAAAAAAAAAAAAAAAAAAAAAAAAAAAAAAAAAAAAAAAAAAAAAAAAAAAAAAAAAAAAAAAAAAAAAAAAAAAAAAAAAAAAAAAAAAAAAAAAAAAAAAAAAAAAAAAAAAAAAAAAAAAAAAAAAAAAAAAAAAAAAAAAAAAAAAAAAAAAAAAAAAAAAAAAAA
748fbca2754ad3bb27a5d925c5fba8461776c2effac8d7fe49a1aa9799fab422	75920e7c38df304615a7bdbc01cd9e55756aa4bc1e65ae13738f97a5aff0ae63	986b57cbd6b80c088ce5b04605de66ffb63553d801ec0c30b2516bed3697fb6c	8	1457117206	AAAAAnWSDnw43zBGFae9vAHNnlV1aqS8HmWuE3OPl6Wv8K5j5wmsdVfLs4y+Z2iuFi/aYBSI1mPQ/BzVTHnxv+whunQAAAAAVtnYFgAAAAAAAAAA5fh0DRZ+OfeA4iH3GTMbG6cqJGEx0qC57216HbTwQPWYa1fL1rgMCIzlsEYF3mb/tjVT2AHsDDCyUWvtNpf7bAAAAAgN4Lazp2QAAAAAAAAAAARMAAAAAAAAAAAAAAAAAAAAZAX14QAAACcQAAAAAAAAAAAAAAAAAAAAAAAAAAAAAAAAAAAAAAAAAAAAAAAAAAAAAAAAAAAAAAAAAAAAAAAAAAAAAAAAAAAAAAAAAAAAAAAAAAAAAAAAAAAAAAAAAAAAAAAAAAAAAAAAAAAAAAAAAAAAAAAAAAAAAAAAAAAAAAAAAAAAAAAAAAAAAAAA
8d84b651d97fa888fad80f4f7c537b85dfcff335da0cccf823538208d8cf543b	748fbca2754ad3bb27a5d925c5fba8461776c2effac8d7fe49a1aa9799fab422	d13a556871af4f62052eb5a887a90f2a6fb52896e04f668cbb4ef8a7746ba128	9	1457117207	AAAAAnSPvKJ1StO7J6XZJcX7qEYXdsLv+sjX/kmhqpeZ+rQi2cBGVoat1DF/XKoJiDeFA3GmSLbMs+z185MEIMxEE+kAAAAAVtnYFwAAAAAAAAAAbXQLWug2IZ2G4RnwUrCTvIwO6TMpu21+S2UXhqLKWTHROlVoca9PYgUutaiHqQ8qb7UoluBPZoy7TvindGuhKAAAAAkN4Lazp2QAAAAAAAAAAASwAAAAAAAAAAAAAAAAAAAAZAX14QAAACcQAAAAAAAAAAAAAAAAAAAAAAAAAAAAAAAAAAAAAAAAAAAAAAAAAAAAAAAAAAAAAAAAAAAAAAAAAAAAAAAAAAAAAAAAAAAAAAAAAAAAAAAAAAAAAAAAAAAAAAAAAAAAAAAAAAAAAAAAAAAAAAAAAAAAAAAAAAAAAAAAAAAAAAAAAAAAAAAA
c26f481d9ced3414a6d8f26bf047f2d64bea0090cda3ab2889cec8bda94c3354	8d84b651d97fa888fad80f4f7c537b85dfcff335da0cccf823538208d8cf543b	631ceeb1bdd5812bbae6d1f4473c4732b99315d6ce025097e2bff39ef386f9f7	10	1457117208	AAAAAo2EtlHZf6iI+tgPT3xTe4Xfz/M12gzM+CNTggjYz1Q7C99oFOudjop3SgerY5W/89PsF+za1zSTVf6GEiQ9fZoAAAAAVtnYGAAAAAAAAAAA9+jjsWK6v6g0OYMFxTo1+Yogi2yDSjXhJ86N1AxJOvFjHO6xvdWBK7rm0fRHPEcyuZMV1s4CUJfiv/Oe84b59wAAAAoN4Lazp2QAAAAAAAAAAAV4AAAAAAAAAAAAAAAAAAAAZAX14QAAACcQAAAAAAAAAAAAAAAAAAAAAAAAAAAAAAAAAAAAAAAAAAAAAAAAAAAAAAAAAAAAAAAAAAAAAAAAAAAAAAAAAAAAAAAAAAAAAAAAAAAAAAAAAAAAAAAAAAAAAAAAAAAAAAAAAAAAAAAAAAAAAAAAAAAAAAAAAAAAAAAAAAAAAAAAAAAAAAAA
94eae8ffb2128d2c4ecc086e8878213f2148618509d53d697d24fde7ccce6714	c26f481d9ced3414a6d8f26bf047f2d64bea0090cda3ab2889cec8bda94c3354	5f1d5b3ae8d98988a642acc1528156c4b3d85ab80cbd034bda8d5bd521c55f88	11	1457117209	AAAAAsJvSB2c7TQUptjya/BH8tZL6gCQzaOrKInOyL2pTDNUFnw0gnKKULO3y2rA6PhQumMoNXiRdeAhK/OP26JLLBoAAAAAVtnYGQAAAAAAAAAApIxpaTPANJS3XftGXFSYrEJ0MhfN6GN1Oe5+YEP6099fHVs66NmJiKZCrMFSgVbEs9hauAy9A0vajVvVIcVfiAAAAAsN4Lazp2QAAAAAAAAAAAXcAAAAAAAAAAAAAAAAAAAAZAX14QAAACcQAAAAAAAAAAAAAAAAAAAAAAAAAAAAAAAAAAAAAAAAAAAAAAAAAAAAAAAAAAAAAAAAAAAAAAAAAAAAAAAAAAAAAAAAAAAAAAAAAAAAAAAAAAAAAAAAAAAAAAAAAAAAAAAAAAAAAAAAAAAAAAAAAAAAAAAAAAAAAAAAAAAAAAAAAAAAAAAA
4c602cfc8e3b63db9fa65b96afbcc78b2d7b2a857cc8b26ae95ab31eea2df520	94eae8ffb2128d2c4ecc086e8878213f2148618509d53d697d24fde7ccce6714	65b2957cd303df63dabccc032def78d14d38cb536eb3018cd91e196788c10492	12	1457117210	AAAAApTq6P+yEo0sTswIboh4IT8hSGGFCdU9aX0k/efMzmcUfCC94NfeRJ73yckDY3nankuHejmW+AMaTppEwr0/+aIAAAAAVtnYGgAAAAAAAAAAc4P3o+BJiJvXXIfj/eVQPF1RRIrnE2nfX0a4J7WFySplspV80wPfY9q8zAMt73jRTTjLU26zAYzZHhlniMEEkgAAAAwN4Lazp2QAAAAAAAAAAAZAAAAAAAAAAAAAAAAAAAAAZAX14QAAACcQAAAAAAAAAAAAAAAAAAAAAAAAAAAAAAAAAAAAAAAAAAAAAAAAAAAAAAAAAAAAAAAAAAAAAAAAAAAAAAAAAAAAAAAAAAAAAAAAAAAAAAAAAAAAAAAAAAAAAAAAAAAAAAAAAAAAAAAAAAAAAAAAAAAAAAAAAAAAAAAAAAAAAAAAAAAAAAAA
513e1b2b8187daa7d6fe5afdcf25c243790aa4499df68e8b88f2d649eb173d7d	4c602cfc8e3b63db9fa65b96afbcc78b2d7b2a857cc8b26ae95ab31eea2df520	97fc7d48d24088215fd449c74d9b001c1f148b0023c9cfec13b5b47b45fcf3a8	13	1457117211	AAAAAkxgLPyOO2Pbn6Zblq+8x4steyqFfMiyaulasx7qLfUgsupHCK7XLJ4ohVdpZIyU99eOqK71gxEqTxHCHT3Z8cwAAAAAVtnYGwAAAAAAAAAAFkWUNyF+w67R5n+HgDNebl5snV2YlBsz3xLTqBMQsQGX/H1I0kCIIV/UScdNmwAcHxSLACPJz+wTtbR7RfzzqAAAAA0N4Lazp2QAAAAAAAAAAAcIAAAAAAAAAAAAAAAAAAAAZAX14QAAACcQAAAAAAAAAAAAAAAAAAAAAAAAAAAAAAAAAAAAAAAAAAAAAAAAAAAAAAAAAAAAAAAAAAAAAAAAAAAAAAAAAAAAAAAAAAAAAAAAAAAAAAAAAAAAAAAAAAAAAAAAAAAAAAAAAAAAAAAAAAAAAAAAAAAAAAAAAAAAAAAAAAAAAAAAAAAAAAAA
9014314bf0a53dde61fabd9b527982c7cb84f2a5f746585130e1f655a0c24a55	513e1b2b8187daa7d6fe5afdcf25c243790aa4499df68e8b88f2d649eb173d7d	0a864c1fd969a9495109bd90cf5f86876ad998e3ce70a4cafad31ee3b3cbd38c	14	1457117212	AAAAAlE+GyuBh9qn1v5a/c8lwkN5CqRJnfaOi4jy1knrFz19ByRwI7gcXMB60bJ6xfdKcrkt7MzHh7YAso+GC3wHGg0AAAAAVtnYHAAAAAAAAAAAkBsR4zZKGkuzmOMkFZMIwPdAxWuGy+ssPtEN7i6N7ekKhkwf2WmpSVEJvZDPX4aHatmY485wpMr60x7js8vTjAAAAA4N4Lazp2QAAAAAAAAAAAfQAAAAAAAAAAAAAAAAAAAAZAX14QAAACcQAAAAAAAAAAAAAAAAAAAAAAAAAAAAAAAAAAAAAAAAAAAAAAAAAAAAAAAAAAAAAAAAAAAAAAAAAAAAAAAAAAAAAAAAAAAAAAAAAAAAAAAAAAAAAAAAAAAAAAAAAAAAAAAAAAAAAAAAAAAAAAAAAAAAAAAAAAAAAAAAAAAAAAAAAAAAAAAA
20f63e536b16fc172881a0c74fd17000f59592ca2ac7ac041273dd3f51904881	9014314bf0a53dde61fabd9b527982c7cb84f2a5f746585130e1f655a0c24a55	bfffb768c742b5f3e4d858244e25c8109b8d949bb20fd8d9eb6145896c671125	15	1457117213	AAAAApAUMUvwpT3eYfq9m1J5gsfLhPKl90ZYUTDh9lWgwkpV0KvJBXY3FmyDiWB0E0Pq9ytYLO2vZoIysqW2cVlJHO4AAAAAVtnYHQAAAAAAAAAAUsjUlWJzXzXDGEu7ZX8NM4G3hXMJgTqm1o4qvEMfb6G//7dox0K18+TYWCROJcgQm42Um7IP2NnrYUWJbGcRJQAAAA8N4Lazp2QAAAAAAAAAAAg0AAAAAAAAAAAAAAAAAAAAZAX14QAAACcQAAAAAAAAAAAAAAAAAAAAAAAAAAAAAAAAAAAAAAAAAAAAAAAAAAAAAAAAAAAAAAAAAAAAAAAAAAAAAAAAAAAAAAAAAAAAAAAAAAAAAAAAAAAAAAAAAAAAAAAAAAAAAAAAAAAAAAAAAAAAAAAAAAAAAAAAAAAAAAAAAAAAAAAAAAAAAAAA
5b39065fa4692efff48bc4390982a88eb5721fd055a4b269271fef150f9f6bd2	20f63e536b16fc172881a0c74fd17000f59592ca2ac7ac041273dd3f51904881	45beaa9f2d82bdaa501990b1852214658d86a66c93986dbe63ebf229c7d2d995	16	1457117214	AAAAAiD2PlNrFvwXKIGgx0/RcAD1lZLKKsesBBJz3T9RkEiBXjWoi+5YBT2YGN43Co5lvZst67SCeA6BGZtpAyXUoA4AAAAAVtnYHgAAAAAAAAAAYKou7BkPtQtmD4O54/TToUgBAVUCmCl/O+9Tgq2hNHxFvqqfLYK9qlAZkLGFIhRljYambJOYbb5j6/Ipx9LZlQAAABAN4Lazp2QAAAAAAAAAAAlgAAAAAAAAAAAAAAAAAAAAZAX14QAAACcQAAAAAAAAAAAAAAAAAAAAAAAAAAAAAAAAAAAAAAAAAAAAAAAAAAAAAAAAAAAAAAAAAAAAAAAAAAAAAAAAAAAAAAAAAAAAAAAAAAAAAAAAAAAAAAAAAAAAAAAAAAAAAAAAAAAAAAAAAAAAAAAAAAAAAAAAAAAAAAAAAAAAAAAAAAAAAAAA
9d5f1eaddaa83061b3cc32c5799cbb996c34d62337e40f532e363c3bf141b107	5b39065fa4692efff48bc4390982a88eb5721fd055a4b269271fef150f9f6bd2	6f814eec3571a8288f02137ab66e7eee81ddd22e87351d96630c48676a9bbfc2	17	1457117215	AAAAAls5Bl+kaS7/9IvEOQmCqI61ch/QVaSyaScf7xUPn2vSvIaQl8vvpyR7lpu/m0rJc6H2kivnxF3coGV93pn7dRgAAAAAVtnYHwAAAAAAAAAA8821W9f/r6q/bLds+e3rCse8WUssMPs3M2xtYAWTt2VvgU7sNXGoKI8CE3q2bn7ugd3SLoc1HZZjDEhnapu/wgAAABEN4Lazp2QAAAAAAAAAAAooAAAAAAAAAAAAAAAAAAAAZAX14QAAACcQAAAAAAAAAAAAAAAAAAAAAAAAAAAAAAAAAAAAAAAAAAAAAAAAAAAAAAAAAAAAAAAAAAAAAAAAAAAAAAAAAAAAAAAAAAAAAAAAAAAAAAAAAAAAAAAAAAAAAAAAAAAAAAAAAAAAAAAAAAAAAAAAAAAAAAAAAAAAAAAAAAAAAAAAAAAAAAAA
e74dd6894ff04100070a761296afabb0cfe3bfa31608261b3438659cfb8a0bda	9d5f1eaddaa83061b3cc32c5799cbb996c34d62337e40f532e363c3bf141b107	1c8caaa5a5234b8ac19516df61d828e067e0d2d05d3b3d90d311178184aa7637	18	1457117216	AAAAAp1fHq3aqDBhs8wyxXmcu5lsNNYjN+QPUy42PDvxQbEHFpIiWXZuiTBheQGGcd6ZOSfrYHjiyopKJYg11ba8vHYAAAAAVtnYIAAAAAAAAAAANKxyAMoyM/gn59hBYzLxbU28Wbix3QHy7s086vpSY4ccjKqlpSNLisGVFt9h2CjgZ+DS0F07PZDTEReBhKp2NwAAABIN4Lazp2QAAAAAAAAAAAtUAAAAAAAAAAAAAAACAAAAZAX14QAAACcQAAAAAAAAAAAAAAAAAAAAAAAAAAAAAAAAAAAAAAAAAAAAAAAAAAAAAAAAAAAAAAAAAAAAAAAAAAAAAAAAAAAAAAAAAAAAAAAAAAAAAAAAAAAAAAAAAAAAAAAAAAAAAAAAAAAAAAAAAAAAAAAAAAAAAAAAAAAAAAAAAAAAAAAAAAAAAAAA
c13ccb3da9f9cc8f636ef85fd3f3385d8943889d069f89ac6d86312ba5d50893	e74dd6894ff04100070a761296afabb0cfe3bfa31608261b3438659cfb8a0bda	b989db41d7c804150a982854c45e3ad3e4617e6ccffe779e13917487d19dcc24	19	1457117217	AAAAAudN1olP8EEABwp2Epavq7DP47+jFggmGzQ4ZZz7igvaRtjQDfCY2ZX91iQzcWi2C+TSpUd+FzoWtCVza2ACa6wAAAAAVtnYIQAAAAAAAAAAYzC64fmWjZOtqE4JjsKqwerdnzN6ywnJSvdsDWFPcu25idtB18gEFQqYKFTEXjrT5GF+bM/+d54TkXSH0Z3MJAAAABMN4Lazp2QAAAAAAAAAAAu4AAAAAAAAAAAAAAACAAAAZAX14QAAACcQAAAAAAAAAAAAAAAAAAAAAAAAAAAAAAAAAAAAAAAAAAAAAAAAAAAAAAAAAAAAAAAAAAAAAAAAAAAAAAAAAAAAAAAAAAAAAAAAAAAAAAAAAAAAAAAAAAAAAAAAAAAAAAAAAAAAAAAAAAAAAAAAAAAAAAAAAAAAAAAAAAAAAAAAAAAAAAAA
f42793392bbef9dc733f9a9190062087c42d77a4606303bb0ab807c4a3bc3678	c13ccb3da9f9cc8f636ef85fd3f3385d8943889d069f89ac6d86312ba5d50893	2996db01034194222c1e4ed64162a44b9fa48db3a2a9b67eac680dc8549de270	20	1457117218	AAAAAsE8yz2p+cyPY274X9PzOF2JQ4idBp+JrG2GMSul1QiTVqYNauF/EWJdHMAVN6CjOs/QL2fxel2Fo+GggmQrIF8AAAAAVtnYIgAAAAAAAAAAx/hxaEW2XNJB3iDf23eYfGcwcQ862pSt7OJ6FF108IYpltsBA0GUIiweTtZBYqRLn6SNs6Kptn6saA3IVJ3icAAAABQN4Lazp2QAAAAAAAAAAAwcAAAAAAAAAAAAAAACAAAAZAX14QAAACcQAAAAAAAAAAAAAAAAAAAAAAAAAAAAAAAAAAAAAAAAAAAAAAAAAAAAAAAAAAAAAAAAAAAAAAAAAAAAAAAAAAAAAAAAAAAAAAAAAAAAAAAAAAAAAAAAAAAAAAAAAAAAAAAAAAAAAAAAAAAAAAAAAAAAAAAAAAAAAAAAAAAAAAAAAAAAAAAA
95b0230632953eba13c55cd2f28a02e518aa750ebcfc3d765daa3af246f14e00	f42793392bbef9dc733f9a9190062087c42d77a4606303bb0ab807c4a3bc3678	19266599367b5d4b67cf1598bbb4db845d7594fbb568c910d5080f691c0979bc	21	1457117219	AAAAAvQnkzkrvvnccz+akZAGIIfELXekYGMDuwq4B8SjvDZ4Wv6YXIS5/FeN0RouXoE7BFWajGm4kE9lRUuJFJFxSdgAAAAAVtnYIwAAAAAAAAAA3LAnNjSwmLo474ojoHgysfkXmeeBIXdgWbyOJwbnsx8ZJmWZNntdS2fPFZi7tNuEXXWU+7VoyRDVCA9pHAl5vAAAABUN4Lazp2QAAAAAAAAAAAzkAAAAAAAAAAAAAAACAAAAZAX14QAAACcQAAAAAAAAAAAAAAAAAAAAAAAAAAAAAAAAAAAAAAAAAAAAAAAAAAAAAAAAAAAAAAAAAAAAAAAAAAAAAAAAAAAAAAAAAAAAAAAAAAAAAAAAAAAAAAAAAAAAAAAAAAAAAAAAAAAAAAAAAAAAAAAAAAAAAAAAAAAAAAAAAAAAAAAAAAAAAAAA
c40e546b0cc6fa8dccc45a51e2ee25ea04c47c6a4824a6eb8a2012fb57cbf9ce	95b0230632953eba13c55cd2f28a02e518aa750ebcfc3d765daa3af246f14e00	a9f519d97d7b3f4dd5e3916d6daffd314438eec2dda1f4ca077eb61a961355c5	22	1457117220	AAAAApWwIwYylT66E8Vc0vKKAuUYqnUOvPw9dl2qOvJG8U4Aj89aBuRJVVKwjo8iNgvzOecSRiA0tWtB9HjDOhnJ6eYAAAAAVtnYJAAAAAAAAAAA0AMiyT4CyDLLvayS0AmP97hen9j1rkIsoYeN0iQrjuqp9RnZfXs/TdXjkW1tr/0xRDjuwt2h9MoHfrYalhNVxQAAABYN4Lazp2QAAAAAAAAAAA1IAAAAAAAAAAAAAAACAAAAZAX14QAAACcQAAAAAAAAAAAAAAAAAAAAAAAAAAAAAAAAAAAAAAAAAAAAAAAAAAAAAAAAAAAAAAAAAAAAAAAAAAAAAAAAAAAAAAAAAAAAAAAAAAAAAAAAAAAAAAAAAAAAAAAAAAAAAAAAAAAAAAAAAAAAAAAAAAAAAAAAAAAAAAAAAAAAAAAAAAAAAAAA
5ed57407936e28b5c38a4be493209f59fb31e87992e0f74ee995e90ddbbc08c2	c40e546b0cc6fa8dccc45a51e2ee25ea04c47c6a4824a6eb8a2012fb57cbf9ce	83d3601164daa5d49430b63754171546c0f0ee47eff105f194e9d64d7ffb2c45	23	1457117221	AAAAAsQOVGsMxvqNzMRaUeLuJeoExHxqSCSm64ogEvtXy/nO9th6GVIexLs+aYbT518EnSu+Gmd+vnif43i+lqX07lQAAAAAVtnYJQAAAAAAAAAAeu6ZLz++eOyW3/HPY616v+oF2X756WCT8G93ApdHifqD02ARZNql1JQwtjdUFxVGwPDuR+/xBfGU6dZNf/ssRQAAABcN4Lazp2QAAAAAAAAAAA2sAAAAAAAAAAAAAAADAAAAZAX14QAAACcQAAAAAAAAAAAAAAAAAAAAAAAAAAAAAAAAAAAAAAAAAAAAAAAAAAAAAAAAAAAAAAAAAAAAAAAAAAAAAAAAAAAAAAAAAAAAAAAAAAAAAAAAAAAAAAAAAAAAAAAAAAAAAAAAAAAAAAAAAAAAAAAAAAAAAAAAAAAAAAAAAAAAAAAAAAAAAAAA
023eb96cb52d7f8b48da7e48934b57c5940a5901a675d10df3e615c14de42205	5ed57407936e28b5c38a4be493209f59fb31e87992e0f74ee995e90ddbbc08c2	c93efa68bde0c7b9567cfe11a2d1cb0b1a6cfe48430c179528f302cda12a8010	24	1457117222	AAAAAl7VdAeTbii1w4pL5JMgn1n7Meh5kuD3TumV6Q3bvAjC0J5PcYTaaR5xK+OowfizfmIlXmaZ/SG0T/pczIogMmoAAAAAVtnYJgAAAAAAAAAA1ziHajubDrj1Iu5EQ8YZB24Czm29AJPdaJnsX3+A+fXJPvpoveDHuVZ8/hGi0csLGmz+SEMMF5Uo8wLNoSqAEAAAABgN4Lazp2QAAAAAAAAAAA4QAAAAAAAAAAAAAAAEAAAAZAX14QAAACcQAAAAAAAAAAAAAAAAAAAAAAAAAAAAAAAAAAAAAAAAAAAAAAAAAAAAAAAAAAAAAAAAAAAAAAAAAAAAAAAAAAAAAAAAAAAAAAAAAAAAAAAAAAAAAAAAAAAAAAAAAAAAAAAAAAAAAAAAAAAAAAAAAAAAAAAAAAAAAAAAAAAAAAAAAAAAAAAA
91d6d81e13f752ee48aecac2706411df2c935bf83ca358cf4f1363ec59a70bff	023eb96cb52d7f8b48da7e48934b57c5940a5901a675d10df3e615c14de42205	c93efa68bde0c7b9567cfe11a2d1cb0b1a6cfe48430c179528f302cda12a8010	25	1457117223	AAAAAgI+uWy1LX+LSNp+SJNLV8WUClkBpnXRDfPmFcFN5CIF9GliirkaFM89KiZk//J8UMmv8KsizuTjkg70IkEUB5YAAAAAVtnYJwAAAAAAAAAA3z9hmASpL9tAVxktxD3XSOp3itxSvEmM6AUkwBS4ERnJPvpoveDHuVZ8/hGi0csLGmz+SEMMF5Uo8wLNoSqAEAAAABkN4Lazp2QAAAAAAAAAAA4QAAAAAAAAAAAAAAAEAAAAZAX14QAAACcQAAAAAAAAAAAAAAAAAAAAAAAAAAAAAAAAAAAAAAAAAAAAAAAAAAAAAAAAAAAAAAAAAAAAAAAAAAAAAAAAAAAAAAAAAAAAAAAAAAAAAAAAAAAAAAAAAAAAAAAAAAAAAAAAAAAAAAAAAAAAAAAAAAAAAAAAAAAAAAAAAAAAAAAAAAAAAAAA
\.


--
-- Data for Name: offers; Type: TABLE DATA; Schema: public; Owner: -
--

COPY offers (sellerid, offerid, sellingassettype, sellingassetcode, sellingissuer, buyingassettype, buyingassetcode, buyingissuer, amount, pricen, priced, price, flags, lastmodified) FROM stdin;
GAXMF43TGZHW3QN3REOUA2U5PW5BTARXGGYJ3JIFHW3YT6QRKRL3CPPU	1	0	\N	\N	1	USD	GAXMF43TGZHW3QN3REOUA2U5PW5BTARXGGYJ3JIFHW3YT6QRKRL3CPPU	2000000000	1	2	0.5	0	19
GB2QIYT2IAUFMRXKLSLLPRECC6OCOGJMADSPTRK7TGNT2SFR2YGWDARD	4	1	USD	GB2QIYT2IAUFMRXKLSLLPRECC6OCOGJMADSPTRK7TGNT2SFR2YGWDARD	0	\N	\N	100000000	1	1	1	0	24
\.


--
-- Data for Name: peers; Type: TABLE DATA; Schema: public; Owner: -
--

COPY peers (ip, port, nextattempt, numfailures) FROM stdin;
\.


--
-- Data for Name: publishqueue; Type: TABLE DATA; Schema: public; Owner: -
--

COPY publishqueue (ledger, state) FROM stdin;
\.


--
-- Data for Name: pubsub; Type: TABLE DATA; Schema: public; Owner: -
--

COPY pubsub (resid, lastread) FROM stdin;
\.


--
-- Data for Name: scphistory; Type: TABLE DATA; Schema: public; Owner: -
--

COPY scphistory (nodeid, ledgerseq, envelope) FROM stdin;
GBDVQFCUYY6M72AYLQVWBHPNFKKKCBJFZUKYCNPOQLCCBX3UYWUKBMRR	2	AAAAAEdYFFTGPM/oGFwrYJ3tKpShBSXNFYE17oLEIN90xaigAAAAAAAAAAIAAAACAAAAAQAAAEi5lEev1R1cptMqJyV86PLvZhkUlSQk9VwpPmG2+iubVAAAAABW2dgQAAAAAgAAAAgAAAABAAAAAgAAAAgAAAADAAAnEAAAAAAAAAAB2AZh16OTPwAzKZSoYrLtHOEEkS8YTuCuujcPFTwCuaUAAABAA+P+0AyFiGGt5UR6iMb1RLzwrs9xzkh8y21iMYf0SkI85Rwi+OwcjSB1QdgVYU2kxrE9svfQksyvtS+P5NRaDQ==
GBDVQFCUYY6M72AYLQVWBHPNFKKKCBJFZUKYCNPOQLCCBX3UYWUKBMRR	3	AAAAAEdYFFTGPM/oGFwrYJ3tKpShBSXNFYE17oLEIN90xaigAAAAAAAAAAMAAAACAAAAAQAAADCzJoK/piEg9y5gcUxI4/jkIbBLD4QEow+1gvIq3dSVqgAAAABW2dgRAAAAAAAAAAAAAAAB2AZh16OTPwAzKZSoYrLtHOEEkS8YTuCuujcPFTwCuaUAAABApSAJo/YgFjikoLv8DTRmXyf7EL2sueznGgXxbCCRA5paOxnQdu+/Bxg5xpYBmKgAYjEPUXe/CFjWSx343rw3Ag==
GBDVQFCUYY6M72AYLQVWBHPNFKKKCBJFZUKYCNPOQLCCBX3UYWUKBMRR	4	AAAAAEdYFFTGPM/oGFwrYJ3tKpShBSXNFYE17oLEIN90xaigAAAAAAAAAAQAAAACAAAAAQAAADBDlEpaccUuhvgJpYWb0nOYBv74ltIYFb0wyJ7H6RWovAAAAABW2dgSAAAAAAAAAAAAAAAB2AZh16OTPwAzKZSoYrLtHOEEkS8YTuCuujcPFTwCuaUAAABANFFJDwTZkssb8cr9bibhDWwMWMMMePzOb+NkyMWq8KjMeYjPUryneLXTHKpzX7m2TXlnbnO9KPlpN3mGFqslDg==
GBDVQFCUYY6M72AYLQVWBHPNFKKKCBJFZUKYCNPOQLCCBX3UYWUKBMRR	5	AAAAAEdYFFTGPM/oGFwrYJ3tKpShBSXNFYE17oLEIN90xaigAAAAAAAAAAUAAAACAAAAAQAAADCFWdjHYsFVr6aYEtBikzN5fRBXMR17a9kdyMlZZL98ygAAAABW2dgTAAAAAAAAAAAAAAAB2AZh16OTPwAzKZSoYrLtHOEEkS8YTuCuujcPFTwCuaUAAABA8UexYZnRJt0cVSZ0gXaxbPd3azkKjgKWHNbBGA/6Nh+yEo5aLuB5A+GkRy2zylLIc5MBSesINqSzIsFo5Kk7DQ==
GBDVQFCUYY6M72AYLQVWBHPNFKKKCBJFZUKYCNPOQLCCBX3UYWUKBMRR	6	AAAAAEdYFFTGPM/oGFwrYJ3tKpShBSXNFYE17oLEIN90xaigAAAAAAAAAAYAAAACAAAAAQAAADDT0jG96f/bCERSxCEmZP9d2doDx3sW0rsDM15Ek0u/RQAAAABW2dgUAAAAAAAAAAAAAAAB2AZh16OTPwAzKZSoYrLtHOEEkS8YTuCuujcPFTwCuaUAAABAN4HjfEwjXZ5p+466yGyKN8b2BII0r89Z7YTP3RADoRPdFJfnbD4LZyFSz03tXbJcmv2NockJwAKbwvrPxhDOAg==
GBDVQFCUYY6M72AYLQVWBHPNFKKKCBJFZUKYCNPOQLCCBX3UYWUKBMRR	7	AAAAAEdYFFTGPM/oGFwrYJ3tKpShBSXNFYE17oLEIN90xaigAAAAAAAAAAcAAAACAAAAAQAAADDLQet1Aof73LdAyc47DVADU83bW1nltglNckvm9kq+ZwAAAABW2dgVAAAAAAAAAAAAAAAB2AZh16OTPwAzKZSoYrLtHOEEkS8YTuCuujcPFTwCuaUAAABAJNy36B+9jhvCJSf6XIQ+mSter48fSL1ROnUeHuuQb8oigKaormKl2KSitbEbe8Wol8H0QGoYHbX65PgvhM27CA==
GBDVQFCUYY6M72AYLQVWBHPNFKKKCBJFZUKYCNPOQLCCBX3UYWUKBMRR	8	AAAAAEdYFFTGPM/oGFwrYJ3tKpShBSXNFYE17oLEIN90xaigAAAAAAAAAAgAAAACAAAAAQAAADDnCax1V8uzjL5naK4WL9pgFIjWY9D8HNVMefG/7CG6dAAAAABW2dgWAAAAAAAAAAAAAAAB2AZh16OTPwAzKZSoYrLtHOEEkS8YTuCuujcPFTwCuaUAAABAfrwusk0rU6rNqNGK+sW9LvlbKcxhqKMVN9Y6Qo8m5i52kelLU5Us47OJNmXIYjv1G87Devx+5qo2UtmTIokcAQ==
GBDVQFCUYY6M72AYLQVWBHPNFKKKCBJFZUKYCNPOQLCCBX3UYWUKBMRR	9	AAAAAEdYFFTGPM/oGFwrYJ3tKpShBSXNFYE17oLEIN90xaigAAAAAAAAAAkAAAACAAAAAQAAADDZwEZWhq3UMX9cqgmIN4UDcaZItsyz7PXzkwQgzEQT6QAAAABW2dgXAAAAAAAAAAAAAAAB2AZh16OTPwAzKZSoYrLtHOEEkS8YTuCuujcPFTwCuaUAAABAfKENwlzWG+ON7bB36gcwv2LaGuxvEPZQZGa9NYaQyjkJf+IeWs0pFHXNN8Tw/n6eakRuvt7Uylx48Xoy1mczBQ==
GBDVQFCUYY6M72AYLQVWBHPNFKKKCBJFZUKYCNPOQLCCBX3UYWUKBMRR	10	AAAAAEdYFFTGPM/oGFwrYJ3tKpShBSXNFYE17oLEIN90xaigAAAAAAAAAAoAAAACAAAAAQAAADAL32gU652OindKB6tjlb/z0+wX7NrXNJNV/oYSJD19mgAAAABW2dgYAAAAAAAAAAAAAAAB2AZh16OTPwAzKZSoYrLtHOEEkS8YTuCuujcPFTwCuaUAAABAfUsM7dQVw6ZiY/+nJjawmpwZVs7icEIMy7+YDV8Ytp6at8/oMemHikEc2KLcXvYjWPfmAPuuin5fEeiT9U60Cg==
GBDVQFCUYY6M72AYLQVWBHPNFKKKCBJFZUKYCNPOQLCCBX3UYWUKBMRR	11	AAAAAEdYFFTGPM/oGFwrYJ3tKpShBSXNFYE17oLEIN90xaigAAAAAAAAAAsAAAACAAAAAQAAADAWfDSCcopQs7fLasDo+FC6Yyg1eJF14CEr84/bokssGgAAAABW2dgZAAAAAAAAAAAAAAAB2AZh16OTPwAzKZSoYrLtHOEEkS8YTuCuujcPFTwCuaUAAABA/ZEHKb3zllG6TO6U21o1l3F1Ak2iW1oeUV6zMq5JYn78Zs1GaM/6cxSbAlr0ZctCYCTN1Slvs4kO9aWGoWLIDg==
GBDVQFCUYY6M72AYLQVWBHPNFKKKCBJFZUKYCNPOQLCCBX3UYWUKBMRR	12	AAAAAEdYFFTGPM/oGFwrYJ3tKpShBSXNFYE17oLEIN90xaigAAAAAAAAAAwAAAACAAAAAQAAADB8IL3g195EnvfJyQNjedqeS4d6OZb4AxpOmkTCvT/5ogAAAABW2dgaAAAAAAAAAAAAAAAB2AZh16OTPwAzKZSoYrLtHOEEkS8YTuCuujcPFTwCuaUAAABAMYnI7mCHo6McneC8iMhWuBKsqJxux5CzhYbuLFPhF6578kSxK3RrFXInkbctTRHd9RLs4QQqdsmTt7fBvAy/Dg==
GBDVQFCUYY6M72AYLQVWBHPNFKKKCBJFZUKYCNPOQLCCBX3UYWUKBMRR	13	AAAAAEdYFFTGPM/oGFwrYJ3tKpShBSXNFYE17oLEIN90xaigAAAAAAAAAA0AAAACAAAAAQAAADCy6kcIrtcsniiFV2lkjJT3146orvWDESpPEcIdPdnxzAAAAABW2dgbAAAAAAAAAAAAAAAB2AZh16OTPwAzKZSoYrLtHOEEkS8YTuCuujcPFTwCuaUAAABA5gdX1pjTZgXtgFsS38e6lyidDmVta1jR4OHX4JEbAzLBSKpxd9rOWeL3mASc8nLdSlkds1hhCyhKVQDuOAItDg==
GBDVQFCUYY6M72AYLQVWBHPNFKKKCBJFZUKYCNPOQLCCBX3UYWUKBMRR	14	AAAAAEdYFFTGPM/oGFwrYJ3tKpShBSXNFYE17oLEIN90xaigAAAAAAAAAA4AAAACAAAAAQAAADAHJHAjuBxcwHrRsnrF90pyuS3szMeHtgCyj4YLfAcaDQAAAABW2dgcAAAAAAAAAAAAAAAB2AZh16OTPwAzKZSoYrLtHOEEkS8YTuCuujcPFTwCuaUAAABAvXVufBsAFDV6Ace39PpNCUhBkciOT24ti0dR37NOcO3ETVqctnDmeqy1ka10pmk3nTPDWxhLRzgy+AnTg+q0AQ==
GBDVQFCUYY6M72AYLQVWBHPNFKKKCBJFZUKYCNPOQLCCBX3UYWUKBMRR	15	AAAAAEdYFFTGPM/oGFwrYJ3tKpShBSXNFYE17oLEIN90xaigAAAAAAAAAA8AAAACAAAAAQAAADDQq8kFdjcWbIOJYHQTQ+r3K1gs7a9mgjKypbZxWUkc7gAAAABW2dgdAAAAAAAAAAAAAAAB2AZh16OTPwAzKZSoYrLtHOEEkS8YTuCuujcPFTwCuaUAAABAF9we0Uv/24Y1Fzt1nVGaLX2fVEpMBHEylWsG6XfCUzEGhMV5qIWVUHEvoKdKvZwsNv91utTe+TBV5GG4QghEBg==
GBDVQFCUYY6M72AYLQVWBHPNFKKKCBJFZUKYCNPOQLCCBX3UYWUKBMRR	16	AAAAAEdYFFTGPM/oGFwrYJ3tKpShBSXNFYE17oLEIN90xaigAAAAAAAAABAAAAACAAAAAQAAADBeNaiL7lgFPZgY3jcKjmW9my3rtIJ4DoEZm2kDJdSgDgAAAABW2dgeAAAAAAAAAAAAAAAB2AZh16OTPwAzKZSoYrLtHOEEkS8YTuCuujcPFTwCuaUAAABA8y++I0ZyFnatYdM4ttco51DbuWj5ODzNuHTupYaOB4hj7h3X4uSYH5OjEXYgu/PrJFKI/Y2nDyBUNpGmhPekBg==
GBDVQFCUYY6M72AYLQVWBHPNFKKKCBJFZUKYCNPOQLCCBX3UYWUKBMRR	17	AAAAAEdYFFTGPM/oGFwrYJ3tKpShBSXNFYE17oLEIN90xaigAAAAAAAAABEAAAACAAAAAQAAADC8hpCXy++nJHuWm7+bSslzofaSK+fEXdygZX3emft1GAAAAABW2dgfAAAAAAAAAAAAAAAB2AZh16OTPwAzKZSoYrLtHOEEkS8YTuCuujcPFTwCuaUAAABA4L3Lz39XaCwJOKVKOWdgK6yYtni2a3iAyYWC8RoCIbdKmFpTp0baNmCBfvleLGcs79UBcNRpWPzFRHThjoLmAg==
GBDVQFCUYY6M72AYLQVWBHPNFKKKCBJFZUKYCNPOQLCCBX3UYWUKBMRR	18	AAAAAEdYFFTGPM/oGFwrYJ3tKpShBSXNFYE17oLEIN90xaigAAAAAAAAABIAAAACAAAAAQAAADAWkiJZdm6JMGF5AYZx3pk5J+tgeOLKikoliDXVtry8dgAAAABW2dggAAAAAAAAAAAAAAAB2AZh16OTPwAzKZSoYrLtHOEEkS8YTuCuujcPFTwCuaUAAABApSW2buYpL/hUzh82IDEICGoqcMnk6MpmgdRN8TzE0ZvUmYlUAGB31FrTnv6IK6aa+Xlpqu3DKkjYy47K5ZJVCQ==
GBDVQFCUYY6M72AYLQVWBHPNFKKKCBJFZUKYCNPOQLCCBX3UYWUKBMRR	19	AAAAAEdYFFTGPM/oGFwrYJ3tKpShBSXNFYE17oLEIN90xaigAAAAAAAAABMAAAACAAAAAQAAADBG2NAN8JjZlf3WJDNxaLYL5NKlR34XOha0JXNrYAJrrAAAAABW2dghAAAAAAAAAAAAAAAB2AZh16OTPwAzKZSoYrLtHOEEkS8YTuCuujcPFTwCuaUAAABA4p4ZITZtl9CjPZK7C/qWYMgvuGpxvlzAYC+OXEe6dNxiiWoH1uz/h6A63bwO/6agiEzRfBWKIJSBM2RZEBoZDA==
GBDVQFCUYY6M72AYLQVWBHPNFKKKCBJFZUKYCNPOQLCCBX3UYWUKBMRR	20	AAAAAEdYFFTGPM/oGFwrYJ3tKpShBSXNFYE17oLEIN90xaigAAAAAAAAABQAAAACAAAAAQAAADBWpg1q4X8RYl0cwBU3oKM6z9AvZ/F6XYWj4aCCZCsgXwAAAABW2dgiAAAAAAAAAAAAAAAB2AZh16OTPwAzKZSoYrLtHOEEkS8YTuCuujcPFTwCuaUAAABAuVGE7GMliuzI5/4Ft2eLuESVQdFP2SBJKs504PZH/hvEpdejclkRiGz95oIzFAHk5htTq9oKRZkHdxRKfkI/Bg==
GBDVQFCUYY6M72AYLQVWBHPNFKKKCBJFZUKYCNPOQLCCBX3UYWUKBMRR	21	AAAAAEdYFFTGPM/oGFwrYJ3tKpShBSXNFYE17oLEIN90xaigAAAAAAAAABUAAAACAAAAAQAAADBa/phchLn8V43RGi5egTsEVZqMabiQT2VFS4kUkXFJ2AAAAABW2dgjAAAAAAAAAAAAAAAB2AZh16OTPwAzKZSoYrLtHOEEkS8YTuCuujcPFTwCuaUAAABAnZg9AZie3r4t8GTMG79pjFKjGeZ1DHRHWRiKHkS5GkyW/LOX43FMY0egaeN/1Ktjj65LNgZD52kfWLXLxE8nCg==
GBDVQFCUYY6M72AYLQVWBHPNFKKKCBJFZUKYCNPOQLCCBX3UYWUKBMRR	22	AAAAAEdYFFTGPM/oGFwrYJ3tKpShBSXNFYE17oLEIN90xaigAAAAAAAAABYAAAACAAAAAQAAADCPz1oG5ElVUrCOjyI2C/M55xJGIDS1a0H0eMM6Gcnp5gAAAABW2dgkAAAAAAAAAAAAAAAB2AZh16OTPwAzKZSoYrLtHOEEkS8YTuCuujcPFTwCuaUAAABAnFpvsa1q3ynj+fv+i9XPhbEKyrRl/olLl35sQx+CT8KraepQU9572iLT8h7RVZJFpHNqIGK7NpW+ucI+KB3RDA==
GBDVQFCUYY6M72AYLQVWBHPNFKKKCBJFZUKYCNPOQLCCBX3UYWUKBMRR	23	AAAAAEdYFFTGPM/oGFwrYJ3tKpShBSXNFYE17oLEIN90xaigAAAAAAAAABcAAAACAAAAAQAAADD22HoZUh7Euz5phtPnXwSdK74aZ36+eJ/jeL6WpfTuVAAAAABW2dglAAAAAAAAAAAAAAAB2AZh16OTPwAzKZSoYrLtHOEEkS8YTuCuujcPFTwCuaUAAABAYS4nZTOhiefBD0fuRR3H6R3JoHpwBE3DKeQqk9Xam+xDuPpewj0aBMQ6xz+3ft9B4hOdY4QRGBXQHA+eCmEvBw==
GBDVQFCUYY6M72AYLQVWBHPNFKKKCBJFZUKYCNPOQLCCBX3UYWUKBMRR	24	AAAAAEdYFFTGPM/oGFwrYJ3tKpShBSXNFYE17oLEIN90xaigAAAAAAAAABgAAAACAAAAAQAAADDQnk9xhNppHnEr46jB+LN+YiVeZpn9IbRP+lzMiiAyagAAAABW2dgmAAAAAAAAAAAAAAAB2AZh16OTPwAzKZSoYrLtHOEEkS8YTuCuujcPFTwCuaUAAABAVB3EOnxG+PPcX447Ga83hPtOU0FbKWf2dlFuJcWTJIKulGlxsvcWo9HvceztbkjcE+ZgP0BjyMqGdT+L8SZqBA==
GBDVQFCUYY6M72AYLQVWBHPNFKKKCBJFZUKYCNPOQLCCBX3UYWUKBMRR	25	AAAAAEdYFFTGPM/oGFwrYJ3tKpShBSXNFYE17oLEIN90xaigAAAAAAAAABkAAAACAAAAAQAAADD0aWKKuRoUzz0qJmT/8nxQya/wqyLO5OOSDvQiQRQHlgAAAABW2dgnAAAAAAAAAAAAAAAB2AZh16OTPwAzKZSoYrLtHOEEkS8YTuCuujcPFTwCuaUAAABAR8Rev7rX+VLBpB5HZS3D9S1yMNmRdj+zGliQ3mrWOIUSJJBnXJwevbDoyKaGow94rMwlBBwKU711lYcD880kBA==
\.


--
-- Data for Name: scpquorums; Type: TABLE DATA; Schema: public; Owner: -
--

COPY scpquorums (qsethash, lastledgerseq, qset) FROM stdin;
d80661d7a3933f00332994a862b2ed1ce104912f184ee0aeba370f153c02b9a5	25	AAAAAQAAAAEAAAAAR1gUVMY8z+gYXCtgne0qlKEFJc0VgTXugsQg33TFqKAAAAAA
\.


--
-- Data for Name: signers; Type: TABLE DATA; Schema: public; Owner: -
--

COPY signers (accountid, publickey, weight) FROM stdin;
GDXFAGJCSCI4CK2YHK6YRLA6TKEXFRX7BMGVMQOBMLIEUJRJ5YQNLMIB	GD3E7HKMRNT6HGBGHBT6I6JE4N2S4W5KZ246TGJ4KQSXJ2P4BXCUPQMP	1
\.


--
-- Data for Name: storestate; Type: TABLE DATA; Schema: public; Owner: -
--

COPY storestate (statename, state) FROM stdin;
databaseschema                  	3
forcescponnextlaunch            	false
lastclosedledger                	91d6d81e13f752ee48aecac2706411df2c935bf83ca358cf4f1363ec59a70bff
historyarchivestate             	{\n    "version": 1,\n    "server": "v0.4.1-61-gffd1ccd",\n    "currentLedger": 25,\n    "currentBuckets": [\n        {\n            "curr": "c0f1e009b51ab456cc18f8e9b47a9c98b1f160b77a491c94553416c527088bc6",\n            "next": {\n                "state": 0\n            },\n            "snap": "2fb74ecdccabc62ec5146f82c39b94d50161b2b522190f41d4b4a72d53ac25c5"\n        },\n        {\n            "curr": "ae63aae0cbb4f3e00fac6da416b244f100e72b786db7c2e0618c148764d37c0c",\n            "next": {\n                "state": 1,\n                "output": "885857ab581322a8dfb39cecc4b7131e343240f087afac189512e03e45aec656"\n            },\n            "snap": "7ba88210856c6afa05f210fe493780644c4138468a2e3a702e00b09447a299b0"\n        },\n        {\n            "curr": "8b1570ba3fbd3f4311a8c8bb1ae1ff5e2c34e80f127854dfae978f0bd58d2e47",\n            "next": {\n                "state": 1,\n                "output": "b55983616ec0c973f7247e4453cdd8d21629705e099e28d85a435065e9c01c39"\n            },\n            "snap": "0000000000000000000000000000000000000000000000000000000000000000"\n        },\n        {\n            "curr": "0000000000000000000000000000000000000000000000000000000000000000",\n            "next": {\n                "state": 0\n            },\n            "snap": "0000000000000000000000000000000000000000000000000000000000000000"\n        },\n        {\n            "curr": "0000000000000000000000000000000000000000000000000000000000000000",\n            "next": {\n                "state": 0\n            },\n            "snap": "0000000000000000000000000000000000000000000000000000000000000000"\n        },\n        {\n            "curr": "0000000000000000000000000000000000000000000000000000000000000000",\n            "next": {\n                "state": 0\n            },\n            "snap": "0000000000000000000000000000000000000000000000000000000000000000"\n        },\n        {\n            "curr": "0000000000000000000000000000000000000000000000000000000000000000",\n            "next": {\n                "state": 0\n            },\n            "snap": "0000000000000000000000000000000000000000000000000000000000000000"\n        },\n        {\n            "curr": "0000000000000000000000000000000000000000000000000000000000000000",\n            "next": {\n                "state": 0\n            },\n            "snap": "0000000000000000000000000000000000000000000000000000000000000000"\n        },\n        {\n            "curr": "0000000000000000000000000000000000000000000000000000000000000000",\n            "next": {\n                "state": 0\n            },\n            "snap": "0000000000000000000000000000000000000000000000000000000000000000"\n        },\n        {\n            "curr": "0000000000000000000000000000000000000000000000000000000000000000",\n            "next": {\n                "state": 0\n            },\n            "snap": "0000000000000000000000000000000000000000000000000000000000000000"\n        },\n        {\n            "curr": "0000000000000000000000000000000000000000000000000000000000000000",\n            "next": {\n                "state": 0\n            },\n            "snap": "0000000000000000000000000000000000000000000000000000000000000000"\n        }\n    ]\n}
lastscpdata                     	AAAAAgAAAABHWBRUxjzP6BhcK2Cd7SqUoQUlzRWBNe6CxCDfdMWooAAAAAAAAAAZAAAAA9gGYdejkz8AMymUqGKy7RzhBJEvGE7grro3DxU8ArmlAAAAAQAAADD0aWKKuRoUzz0qJmT/8nxQya/wqyLO5OOSDvQiQRQHlgAAAABW2dgnAAAAAAAAAAAAAAABAAAAMPRpYoq5GhTPPSomZP/yfFDJr/CrIs7k45IO9CJBFAeWAAAAAFbZ2CcAAAAAAAAAAAAAAEDOlfTGLNT+d5EEMJMJRTP4IE1vdTapXuPstnC7XPQS3O9a4whz7fp//SQrsHOJNUeJK/NQDBZWofea9g+8N3QIAAAAAEdYFFTGPM/oGFwrYJ3tKpShBSXNFYE17oLEIN90xaigAAAAAAAAABkAAAACAAAAAQAAADD0aWKKuRoUzz0qJmT/8nxQya/wqyLO5OOSDvQiQRQHlgAAAABW2dgnAAAAAAAAAAAAAAAB2AZh16OTPwAzKZSoYrLtHOEEkS8YTuCuujcPFTwCuaUAAABAR8Rev7rX+VLBpB5HZS3D9S1yMNmRdj+zGliQ3mrWOIUSJJBnXJwevbDoyKaGow94rMwlBBwKU711lYcD880kBAAAAAECPrlstS1/i0jafkiTS1fFlApZAaZ10Q3z5hXBTeQiBQAAAAAAAAABAAAAAQAAAAEAAAAAR1gUVMY8z+gYXCtgne0qlKEFJc0VgTXugsQg33TFqKAAAAAA
\.


--
-- Data for Name: trustlines; Type: TABLE DATA; Schema: public; Owner: -
--

COPY trustlines (accountid, assettype, issuer, assetcode, tlimit, balance, flags, lastmodified) FROM stdin;
GANZGPKY5WSHWG5YOZMNG52GCK5SCJ4YGUWMJJVGZSK2FP4BI2JIJN2C	1	GCHC4D2CS45CJRNN4QAHT2LFZAJIU5PA7H53K3VOP6WEJ6XWHNSNZKQG	USD	9223372036854775807	100000000	1	15
GDRW375MAYR46ODGF2WGANQC2RRZL7O246DYHHCGWTV2RE7IHE2QUQLD	1	GAXMF43TGZHW3QN3REOUA2U5PW5BTARXGGYJ3JIFHW3YT6QRKRL3CPPU	USD	9223372036854775807	0	1	19
GACAR2AEYEKITE2LKI5RMXF5MIVZ6Q7XILROGDT22O7JX4DSWFS7FDDP	1	GAXMF43TGZHW3QN3REOUA2U5PW5BTARXGGYJ3JIFHW3YT6QRKRL3CPPU	EUR	9223372036854775807	3000000000	1	20
GBOK7BOUSOWPHBANBYM6MIRYZJIDIPUYJPXHTHADF75UEVIVYWHHONQC	1	GB2QIYT2IAUFMRXKLSLLPRECC6OCOGJMADSPTRK7TGNT2SFR2YGWDARD	USD	9223372036854775807	200000000	1	24
\.


--
-- Data for Name: txfeehistory; Type: TABLE DATA; Schema: public; Owner: -
--

COPY txfeehistory (txid, ledgerseq, txindex, txchanges) FROM stdin;
f5e0d1f500b2d0c4b42fb8a438d5ed764bc58d1392f4328f4713af407b1968ca	3	1	AAAAAgAAAAMAAAABAAAAAAAAAABi/B0L0JGythwN1lY0aypo19NHxvLCyO5tBEcCVvwF9w3gtrOnZAAAAAAAAAAAAAAAAAAAAAAAAAAAAAAAAAAAAQAAAAAAAAAAAAAAAAAAAAAAAAEAAAADAAAAAAAAAABi/B0L0JGythwN1lY0aypo19NHxvLCyO5tBEcCVvwF9w3gtrOnY/+cAAAAAAAAAAEAAAAAAAAAAAAAAAAAAAAAAQAAAAAAAAAAAAAAAAAAAA==
66e27fb28870cb5256ea92764bcb222adbbaa5fec2d89a62a9aa8c9c8e2ee9e9	4	1	AAAAAgAAAAMAAAADAAAAAAAAAABi/B0L0JGythwN1lY0aypo19NHxvLCyO5tBEcCVvwF9w3gtrFTWBucAAAAAAAAAAEAAAAAAAAAAAAAAAAAAAAAAQAAAAAAAAAAAAAAAAAAAAAAAAEAAAAEAAAAAAAAAABi/B0L0JGythwN1lY0aypo19NHxvLCyO5tBEcCVvwF9w3gtrFTWBs4AAAAAAAAAAIAAAAAAAAAAAAAAAAAAAAAAQAAAAAAAAAAAAAAAAAAAA==
e9d1a3000aea36743142f2ede106d3cb37c3d7e88508e3f21b496370b5863858	5	1	AAAAAgAAAAMAAAAEAAAAAAAAAADuUBkikJHBK1g6vYisHpqJcsb/Cw1WQcFi0EomKe4g1QAAAAJUC+QAAAAABAAAAAAAAAAAAAAAAAAAAAAAAAAAAQAAAAAAAAAAAAAAAAAAAAAAAAEAAAAFAAAAAAAAAADuUBkikJHBK1g6vYisHpqJcsb/Cw1WQcFi0EomKe4g1QAAAAJUC+OcAAAABAAAAAEAAAAAAAAAAAAAAAAAAAAAAQAAAAAAAAAAAAAAAAAAAA==
995b9269f9f9c4c1eace75501188766d6e8ae40c5413120811a50437683cb74c	5	2	AAAAAQAAAAEAAAAFAAAAAAAAAADuUBkikJHBK1g6vYisHpqJcsb/Cw1WQcFi0EomKe4g1QAAAAJUC+M4AAAABAAAAAIAAAAAAAAAAAAAAAAAAAAAAQAAAAAAAAAAAAAAAAAAAA==
f78dca926455579b4a43009ffe35a0229a6da4bed32d3c999d7a06ad26605a25	5	3	AAAAAQAAAAEAAAAFAAAAAAAAAADuUBkikJHBK1g6vYisHpqJcsb/Cw1WQcFi0EomKe4g1QAAAAJUC+LUAAAABAAAAAMAAAAAAAAAAAAAAAAAAAAAAQAAAAAAAAAAAAAAAAAAAA==
a9085e13fbe9f84e07e320a0d445536de1afc2cfd8c7e4186687807edd2b4897	6	1	AAAAAgAAAAMAAAAFAAAAAAAAAADuUBkikJHBK1g6vYisHpqJcsb/Cw1WQcFi0EomKe4g1QAAAAJUC+LUAAAABAAAAAMAAAABAAAAAAAAAAAAAAAAAQICAgAAAAEAAAAA9k+dTItn45gmOGfkeSTjdS5bqs656Zk8VCV06fwNxUcAAAABAAAAAAAAAAAAAAABAAAABgAAAAAAAAAA7lAZIpCRwStYOr2IrB6aiXLG/wsNVkHBYtBKJinuINUAAAACVAvicAAAAAQAAAAEAAAAAQAAAAAAAAAAAAAAAAECAgIAAAABAAAAAPZPnUyLZ+OYJjhn5Hkk43UuW6rOuemZPFQldOn8DcVHAAAAAQAAAAAAAAAA
0fb9c2e20946222b23e1d1d660de9d74576c41cfd9b199f9d565a013c1ef89ca	7	1	AAAAAgAAAAMAAAAEAAAAAAAAAABi/B0L0JGythwN1lY0aypo19NHxvLCyO5tBEcCVvwF9w3gtq7/TDc4AAAAAAAAAAIAAAAAAAAAAAAAAAAAAAAAAQAAAAAAAAAAAAAAAAAAAAAAAAEAAAAHAAAAAAAAAABi/B0L0JGythwN1lY0aypo19NHxvLCyO5tBEcCVvwF9w3gtq7/TDbUAAAAAAAAAAMAAAAAAAAAAAAAAAAAAAAAAQAAAAAAAAAAAAAAAAAAAA==
dd74eee27a59843b28a05ad08abf65eaa231b7debe4d05550c0a7a424cca5929	8	1	AAAAAgAAAAMAAAAHAAAAAAAAAAA56sVBEtGr+Hdd/gQSsSrPugP3CTbTNf53+Hh1dzsNOgAAAAJUC+QAAAAABwAAAAAAAAAAAAAAAAAAAAAAAAAAAQAAAAAAAAAAAAAAAAAAAAAAAAEAAAAIAAAAAAAAAAA56sVBEtGr+Hdd/gQSsSrPugP3CTbTNf53+Hh1dzsNOgAAAAJUC+OcAAAABwAAAAEAAAAAAAAAAAAAAAAAAAAAAQAAAAAAAAAAAAAAAAAAAA==
2551e76a3ce4881b7bc73fdfd89d670d511ea7d4e56156252b51777023202de7	8	2	AAAAAQAAAAEAAAAIAAAAAAAAAAA56sVBEtGr+Hdd/gQSsSrPugP3CTbTNf53+Hh1dzsNOgAAAAJUC+M4AAAABwAAAAIAAAAAAAAAAAAAAAAAAAAAAQAAAAAAAAAAAAAAAAAAAA==
3b36ecfbcc2adb0cfff08ae86199f64e12984f084bb03be9bb249611df82322b	8	3	AAAAAQAAAAEAAAAIAAAAAAAAAAA56sVBEtGr+Hdd/gQSsSrPugP3CTbTNf53+Hh1dzsNOgAAAAJUC+LUAAAABwAAAAMAAAAAAAAAAAAAAAAAAAAAAQAAAAAAAAAAAAAAAAAAAA==
e14885cb66af5f7f5e991b014eec475c61cc831292cf5526cdd0cda145300837	8	4	AAAAAQAAAAEAAAAIAAAAAAAAAAA56sVBEtGr+Hdd/gQSsSrPugP3CTbTNf53+Hh1dzsNOgAAAAJUC+JwAAAABwAAAAQAAAAAAAAAAAAAAAAAAAAAAQAAAAAAAAAAAAAAAAAAAA==
66c28c0ccd5a2e47026aacafa2ecd3c501fe5de349ef376c0f8afb893c7bb55d	9	1	AAAAAgAAAAMAAAAIAAAAAAAAAABi/B0L0JGythwN1lY0aypo19NHxvLCyO5tBEcCVvwF9w3gtqytoqzUAAAAAAAAAAMAAAAAAAAAAAAAAAAAAAAAAQAAAAAAAAAAAAAAAAAAAAAAAAEAAAAJAAAAAAAAAABi/B0L0JGythwN1lY0aypo19NHxvLCyO5tBEcCVvwF9w3gtqytoqxwAAAAAAAAAAQAAAAAAAAAAAAAAAAAAAAAAQAAAAAAAAAAAAAAAAAAAA==
fdb696a797b769176cbaed3a50e4a6a8671119621f65a3f954a3bcf100c7ef0c	10	1	AAAAAgAAAAMAAAAJAAAAAAAAAAAN3U7egAPpmax0171jjN0hBbWtO8h8ARiL/SKX2QViXgAAAAJUC+QAAAAACQAAAAAAAAAAAAAAAAAAAAAAAAAAAQAAAAAAAAAAAAAAAAAAAAAAAAEAAAAKAAAAAAAAAAAN3U7egAPpmax0171jjN0hBbWtO8h8ARiL/SKX2QViXgAAAAJUC+M4AAAACQAAAAEAAAAAAAAAAAAAAAAAAAAAAQAAAAAAAAAAAAAAAAAAAA==
67601a2ca212b84092a7d3c521172b67f4b93d72b726a06c540917d2ab83c1a1	11	1	AAAAAgAAAAMAAAAKAAAAAAAAAABi/B0L0JGythwN1lY0aypo19NHxvLCyO5tBEcCVvwF9w3gtqplgopwAAAAAAAAAAQAAAAAAAAAAAAAAAAAAAAAAQAAAAAAAAAAAAAAAAAAAAAAAAEAAAALAAAAAAAAAABi/B0L0JGythwN1lY0aypo19NHxvLCyO5tBEcCVvwF9w3gtqplgooMAAAAAAAAAAUAAAAAAAAAAAAAAAAAAAAAAQAAAAAAAAAAAAAAAAAAAA==
0e128647b2b93786b6b76e182dcda0173757066f8caf0523d1ba3b47fd6f720d	12	1	AAAAAgAAAAMAAAALAAAAAAAAAADFWYTSISn1LvRh2SuEC7p1PiNKc+9tS7OK1DigFx9oMwAAAAJUC+QAAAAACwAAAAAAAAAAAAAAAAAAAAAAAAAAAQAAAAAAAAAAAAAAAAAAAAAAAAEAAAAMAAAAAAAAAADFWYTSISn1LvRh2SuEC7p1PiNKc+9tS7OK1DigFx9oMwAAAAJUC+OcAAAACwAAAAEAAAAAAAAAAAAAAAAAAAAAAQAAAAAAAAAAAAAAAAAAAA==
cd8a8e9eb53fd268d1294e228995c27f422d90783c4054e44ab0028fc1da210a	13	1	AAAAAgAAAAMAAAALAAAAAAAAAABi/B0L0JGythwN1lY0aypo19NHxvLCyO5tBEcCVvwF9w3gtqgRdqYMAAAAAAAAAAUAAAAAAAAAAAAAAAAAAAAAAQAAAAAAAAAAAAAAAAAAAAAAAAEAAAANAAAAAAAAAABi/B0L0JGythwN1lY0aypo19NHxvLCyO5tBEcCVvwF9w3gtqgRdqWoAAAAAAAAAAYAAAAAAAAAAAAAAAAAAAAAAQAAAAAAAAAAAAAAAAAAAA==
bfbd5e9457d717bcf847291a6c24b7cd8db4ff784ecd4592be30d08146c0c264	13	2	AAAAAQAAAAEAAAANAAAAAAAAAABi/B0L0JGythwN1lY0aypo19NHxvLCyO5tBEcCVvwF9w3gtqgRdqVEAAAAAAAAAAcAAAAAAAAAAAAAAAAAAAAAAQAAAAAAAAAAAAAAAAAAAA==
dbd964fcfdb336a30f21c240fffdaf73d7c75880ed1b99375c62f84e3e592570	14	1	AAAAAgAAAAMAAAANAAAAAAAAAAAbkz1Y7aR7G7h2WNN3RhK7ISeYNSzEpqbMlaK/gUaShAAAAAJUC+QAAAAADQAAAAAAAAAAAAAAAAAAAAAAAAAAAQAAAAAAAAAAAAAAAAAAAAAAAAEAAAAOAAAAAAAAAAAbkz1Y7aR7G7h2WNN3RhK7ISeYNSzEpqbMlaK/gUaShAAAAAJUC+OcAAAADQAAAAEAAAAAAAAAAAAAAAAAAAAAAQAAAAAAAAAAAAAAAAAAAA==
30880dd42d8e402a30d8a3527b56c1e33e18e87c46e1332ea5cfc1721fd87cfb	14	2	AAAAAgAAAAMAAAANAAAAAAAAAACOLg9Clzokxa3kAHnpZcgSinXg+fu1bq5/rET69jtk3AAAAAJUC+QAAAAADQAAAAAAAAAAAAAAAAAAAAAAAAAAAQAAAAAAAAAAAAAAAAAAAAAAAAEAAAAOAAAAAAAAAACOLg9Clzokxa3kAHnpZcgSinXg+fu1bq5/rET69jtk3AAAAAJUC+OcAAAADQAAAAEAAAAAAAAAAAAAAAAAAAAAAQAAAAAAAAAAAAAAAAAAAA==
142c988b1f67984f74a1581de9caecf499e60f1e0eed496661aa2c559238764c	15	1	AAAAAgAAAAMAAAAOAAAAAAAAAACOLg9Clzokxa3kAHnpZcgSinXg+fu1bq5/rET69jtk3AAAAAJOFgKcAAAADQAAAAEAAAAAAAAAAAAAAAAAAAAAAQAAAAAAAAAAAAAAAAAAAAAAAAEAAAAPAAAAAAAAAACOLg9Clzokxa3kAHnpZcgSinXg+fu1bq5/rET69jtk3AAAAAJOFgI4AAAADQAAAAIAAAAAAAAAAAAAAAAAAAAAAQAAAAAAAAAAAAAAAAAAAA==
a5a9e3ca63e9cc155359c97337bcb14464cca56b230a4d0c7f27582644d16809	16	1	AAAAAgAAAAMAAAANAAAAAAAAAABi/B0L0JGythwN1lY0aypo19NHxvLCyO5tBEcCVvwF9w3gtqNpXt1EAAAAAAAAAAcAAAAAAAAAAAAAAAAAAAAAAQAAAAAAAAAAAAAAAAAAAAAAAAEAAAAQAAAAAAAAAABi/B0L0JGythwN1lY0aypo19NHxvLCyO5tBEcCVvwF9w3gtqNpXtzgAAAAAAAAAAgAAAAAAAAAAAAAAAAAAAAAAQAAAAAAAAAAAAAAAAAAAA==
6a056189b45760c607e331c90c5a8b4cd720961df8bc8cecfd4aa388b577a6cb	16	2	AAAAAQAAAAEAAAAQAAAAAAAAAABi/B0L0JGythwN1lY0aypo19NHxvLCyO5tBEcCVvwF9w3gtqNpXtx8AAAAAAAAAAkAAAAAAAAAAAAAAAAAAAAAAQAAAAAAAAAAAAAAAAAAAA==
18bf6cce20cfbb0f9079c4b8783718949d13bd12d173a60363d2b8e3a07efead	16	3	AAAAAQAAAAEAAAAQAAAAAAAAAABi/B0L0JGythwN1lY0aypo19NHxvLCyO5tBEcCVvwF9w3gtqNpXtwYAAAAAAAAAAoAAAAAAAAAAAAAAAAAAAAAAQAAAAAAAAAAAAAAAAAAAA==
d1f593eb5e14f97027bc79821fa46628c107034fba9a5acef6a9da79e051ee73	17	1	AAAAAgAAAAMAAAAQAAAAAAAAAAAECOgEwRSJk0tSOxZcvWIrn0P3QuLjDnrTvpvwcrFl8gAAAAJUC+QAAAAAEAAAAAAAAAAAAAAAAAAAAAAAAAAAAQAAAAAAAAAAAAAAAAAAAAAAAAEAAAARAAAAAAAAAAAECOgEwRSJk0tSOxZcvWIrn0P3QuLjDnrTvpvwcrFl8gAAAAJUC+OcAAAAEAAAAAEAAAAAAAAAAAAAAAAAAAAAAQAAAAAAAAAAAAAAAAAAAA==
cdef45dd961d59375351ea7dd7ef6414ff49371a335723e84dafacea1e13665a	17	2	AAAAAgAAAAMAAAAQAAAAAAAAAADjbf+sBiPPOGYurGA2AtRjlf3a54eDnEa066iT6Dk1CgAAAAJUC+QAAAAAEAAAAAAAAAAAAAAAAAAAAAAAAAAAAQAAAAAAAAAAAAAAAAAAAAAAAAEAAAARAAAAAAAAAADjbf+sBiPPOGYurGA2AtRjlf3a54eDnEa066iT6Dk1CgAAAAJUC+OcAAAAEAAAAAEAAAAAAAAAAAAAAAAAAAAAAQAAAAAAAAAAAAAAAAAAAA==
902b90c2322b9e6b335e7543389a7446b86e3039ebf59ec66dffb50eaec0dc85	18	1	AAAAAgAAAAMAAAAQAAAAAAAAAAAuwvNzNk9twbuJHUBqnX26GYI3MbCdpQU9t4n6EVRXsQAAAAJUC+QAAAAAEAAAAAAAAAAAAAAAAAAAAAAAAAAAAQAAAAAAAAAAAAAAAAAAAAAAAAEAAAASAAAAAAAAAAAuwvNzNk9twbuJHUBqnX26GYI3MbCdpQU9t4n6EVRXsQAAAAJUC+OcAAAAEAAAAAEAAAAAAAAAAAAAAAAAAAAAAQAAAAAAAAAAAAAAAAAAAA==
ca756d1519ceda79f8722042b12cea7ba004c3bd961adb62b59f88a867f86eb3	18	2	AAAAAQAAAAEAAAASAAAAAAAAAAAuwvNzNk9twbuJHUBqnX26GYI3MbCdpQU9t4n6EVRXsQAAAAJUC+M4AAAAEAAAAAIAAAAAAAAAAAAAAAAAAAAAAQAAAAAAAAAAAAAAAAAAAA==
37bb79f6959c0e8e9b3d31f6c9308d8d084d9c6742cfa56ca094cfa6eae99423	18	3	AAAAAQAAAAEAAAASAAAAAAAAAAAuwvNzNk9twbuJHUBqnX26GYI3MbCdpQU9t4n6EVRXsQAAAAJUC+LUAAAAEAAAAAMAAAAAAAAAAAAAAAAAAAAAAQAAAAAAAAAAAAAAAAAAAA==
198844c8b472daacc5b717695a4ca16ac799a13fb2cf4152d19e2117ae1c56c3	19	1	AAAAAgAAAAMAAAARAAAAAAAAAADjbf+sBiPPOGYurGA2AtRjlf3a54eDnEa066iT6Dk1CgAAAAJUC+OcAAAAEAAAAAEAAAABAAAAAAAAAAAAAAAAAQAAAAAAAAAAAAAAAAAAAAAAAAEAAAATAAAAAAAAAADjbf+sBiPPOGYurGA2AtRjlf3a54eDnEa066iT6Dk1CgAAAAJUC+M4AAAAEAAAAAIAAAABAAAAAAAAAAAAAAAAAQAAAAAAAAAAAAAAAAAAAA==
f08dc1fec150f276562866ce4f5272f658cf0bd9fd8c1d96a22c196be2e1b25a	20	1	AAAAAgAAAAMAAAATAAAAAAAAAADjbf+sBiPPOGYurGA2AtRjlf3a54eDnEa066iT6Dk1CgAAAAJUC+M4AAAAEAAAAAIAAAABAAAAAAAAAAAAAAAAAQAAAAAAAAAAAAAAAAAAAAAAAAEAAAAUAAAAAAAAAADjbf+sBiPPOGYurGA2AtRjlf3a54eDnEa066iT6Dk1CgAAAAJUC+LUAAAAEAAAAAMAAAABAAAAAAAAAAAAAAAAAQAAAAAAAAAAAAAAAAAAAA==
2a6987a6930eab7e3becacf9b76ed7a06802668c1f1eb0f82f5671014b4b636a	21	1	AAAAAgAAAAMAAAAQAAAAAAAAAABi/B0L0JGythwN1lY0aypo19NHxvLCyO5tBEcCVvwF9w3gtpxtOzAYAAAAAAAAAAoAAAAAAAAAAAAAAAAAAAAAAQAAAAAAAAAAAAAAAAAAAAAAAAEAAAAVAAAAAAAAAABi/B0L0JGythwN1lY0aypo19NHxvLCyO5tBEcCVvwF9w3gtpxtOy+0AAAAAAAAAAsAAAAAAAAAAAAAAAAAAAAAAQAAAAAAAAAAAAAAAAAAAA==
96415ac1d2f79621b26b1568f963fd8dd6c50c20a22c7428cefbfe9dee867588	21	2	AAAAAQAAAAEAAAAVAAAAAAAAAABi/B0L0JGythwN1lY0aypo19NHxvLCyO5tBEcCVvwF9w3gtpxtOy9QAAAAAAAAAAwAAAAAAAAAAAAAAAAAAAAAAQAAAAAAAAAAAAAAAAAAAA==
be05e4bd966d58689e1b6fae013e5aa77bde56e6acd2db9b96870e5e746a4ab7	22	1	AAAAAgAAAAMAAAAVAAAAAAAAAABcr4XUk6zzhA0OGeYiOMpQND6YS+55nAMv+0JVFcWOdwAAAAJUC+QAAAAAFQAAAAAAAAAAAAAAAAAAAAAAAAAAAQAAAAAAAAAAAAAAAAAAAAAAAAEAAAAWAAAAAAAAAABcr4XUk6zzhA0OGeYiOMpQND6YS+55nAMv+0JVFcWOdwAAAAJUC+OcAAAAFQAAAAEAAAAAAAAAAAAAAAAAAAAAAQAAAAAAAAAAAAAAAAAAAA==
d8b2508123656b1df1ee17c2767829bc22ab41959ad25e6ccc520e849516fba1	23	1	AAAAAgAAAAMAAAAWAAAAAAAAAABcr4XUk6zzhA0OGeYiOMpQND6YS+55nAMv+0JVFcWOdwAAAAJUC+OcAAAAFQAAAAEAAAABAAAAAAAAAAAAAAAAAQAAAAAAAAAAAAAAAAAAAAAAAAEAAAAXAAAAAAAAAABcr4XUk6zzhA0OGeYiOMpQND6YS+55nAMv+0JVFcWOdwAAAAJUC+M4AAAAFQAAAAIAAAABAAAAAAAAAAAAAAAAAQAAAAAAAAAAAAAAAAAAAA==
01346de1ca30ce03149d9f54945956a22f9cbed3d81f81c62bb59cf8cdd8b893	24	1	AAAAAgAAAAMAAAAVAAAAAAAAAAB1BGJ6QChWRupclrfEghecJxksAOT5xV+Zmz1IsdYNYQAAAAJUC+QAAAAAFQAAAAAAAAAAAAAAAAAAAAAAAAAAAQAAAAAAAAAAAAAAAAAAAAAAAAEAAAAYAAAAAAAAAAB1BGJ6QChWRupclrfEghecJxksAOT5xV+Zmz1IsdYNYQAAAAJUC+OcAAAAFQAAAAEAAAAAAAAAAAAAAAAAAAAAAQAAAAAAAAAAAAAAAAAAAA==
\.


--
-- Data for Name: txhistory; Type: TABLE DATA; Schema: public; Owner: -
--

COPY txhistory (txid, ledgerseq, txindex, txbody, txresult, txmeta) FROM stdin;
f5e0d1f500b2d0c4b42fb8a438d5ed764bc58d1392f4328f4713af407b1968ca	3	1	AAAAAGL8HQvQkbK2HA3WVjRrKmjX00fG8sLI7m0ERwJW/AX3AAAAZAAAAAAAAAABAAAAAQAAAAAAAABkAAAAAF4MUYAAAAAAAAAAAQAAAAAAAAAAAAAAAC6N7oJcJiUzTWRDL98Bj3fVrJUB19wFvCzEHh8nn/IOAAAAAlQL5AAAAAAAAAAAAVb8BfcAAABAXK6PX0t3GL+4TcNTKBIB9vkqahUMix+Rf/7WY5d6YJsmeBQ+o5ULJWvzgfc3aTx4f/DCUXc54KcOfCfzqH0uDQ==	9eDR9QCy0MS0L7ikONXtdkvFjROS9DKPRxOvQHsZaMoAAAAAAAAAZAAAAAAAAAABAAAAAAAAAAAAAAAAAAAAAA==	AAAAAAAAAAEAAAACAAAAAAAAAAMAAAAAAAAAAC6N7oJcJiUzTWRDL98Bj3fVrJUB19wFvCzEHh8nn/IOAAAAAlQL5AAAAAADAAAAAAAAAAAAAAAAAAAAAAAAAAABAAAAAAAAAAAAAAAAAAAAAAAAAQAAAAMAAAAAAAAAAGL8HQvQkbK2HA3WVjRrKmjX00fG8sLI7m0ERwJW/AX3DeC2sVNYG5wAAAAAAAAAAQAAAAAAAAAAAAAAAAAAAAABAAAAAAAAAAAAAAAAAAAA
66e27fb28870cb5256ea92764bcb222adbbaa5fec2d89a62a9aa8c9c8e2ee9e9	4	1	AAAAAGL8HQvQkbK2HA3WVjRrKmjX00fG8sLI7m0ERwJW/AX3AAAAZAAAAAAAAAACAAAAAAAAAAAAAAABAAAAAAAAAAAAAAAA7lAZIpCRwStYOr2IrB6aiXLG/wsNVkHBYtBKJinuINUAAAACVAvkAAAAAAAAAAABVvwF9wAAAECAUpO+hxiga/YgRsV3rFpBJydgOyn0TPImJCaQCMikkiG+sNXrQBsYXjJrlOiGjGsU3rk4uvGl85AriYD9PNYH	ZuJ/sohwy1JW6pJ2S8siKtu6pf7C2JpiqaqMnI4u6ekAAAAAAAAAZAAAAAAAAAABAAAAAAAAAAAAAAAAAAAAAA==	AAAAAAAAAAEAAAACAAAAAAAAAAQAAAAAAAAAAO5QGSKQkcErWDq9iKwemolyxv8LDVZBwWLQSiYp7iDVAAAAAlQL5AAAAAAEAAAAAAAAAAAAAAAAAAAAAAAAAAABAAAAAAAAAAAAAAAAAAAAAAAAAQAAAAQAAAAAAAAAAGL8HQvQkbK2HA3WVjRrKmjX00fG8sLI7m0ERwJW/AX3DeC2rv9MNzgAAAAAAAAAAgAAAAAAAAAAAAAAAAAAAAABAAAAAAAAAAAAAAAAAAAA
e9d1a3000aea36743142f2ede106d3cb37c3d7e88508e3f21b496370b5863858	5	1	AAAAAO5QGSKQkcErWDq9iKwemolyxv8LDVZBwWLQSiYp7iDVAAAAZAAAAAQAAAABAAAAAAAAAAAAAAABAAAAAAAAAAUAAAAAAAAAAQAAAAAAAAABAAAAAAAAAAEAAAABAAAAAAAAAAAAAAAAAAAAAAAAAAAAAAAAAAAAASnuINUAAABASz0AtZeNzXSXkjPkKJfOE8aUTAuPR6pxMMbF337wxE3wzOTDaVcDQ2N5P3E9MKc+fbbFhZ9K+07+J0wMGltRBA==	6dGjAArqNnQxQvLt4QbTyzfD1+iFCOPyG0ljcLWGOFgAAAAAAAAAZAAAAAAAAAABAAAAAAAAAAUAAAAAAAAAAA==	AAAAAAAAAAEAAAABAAAAAQAAAAUAAAAAAAAAAO5QGSKQkcErWDq9iKwemolyxv8LDVZBwWLQSiYp7iDVAAAAAlQL4tQAAAAEAAAAAwAAAAAAAAAAAAAAAAAAAAABAAAAAAAAAAAAAAAAAAAA
995b9269f9f9c4c1eace75501188766d6e8ae40c5413120811a50437683cb74c	5	2	AAAAAO5QGSKQkcErWDq9iKwemolyxv8LDVZBwWLQSiYp7iDVAAAAZAAAAAQAAAACAAAAAAAAAAAAAAABAAAAAAAAAAUAAAAAAAAAAQAAAAAAAAABAAAAAAAAAAAAAAAAAAAAAAAAAAAAAAAAAAAAAQAAAAD2T51Mi2fjmCY4Z+R5JON1LluqzrnpmTxUJXTp/A3FRwAAAAEAAAAAAAAAASnuINUAAABADpkMMc7kkkYjDoPwfUlOE9tLYvWHI/m+BBe/gCKN1cVvEF1UBVeCCuGBTjury4TqoxplKl4NZHJST5/Orr4XCA==	mVuSafn5xMHqznVQEYh2bW6K5AxUExIIEaUEN2g8t0wAAAAAAAAAZAAAAAAAAAABAAAAAAAAAAUAAAAAAAAAAA==	AAAAAAAAAAEAAAABAAAAAQAAAAUAAAAAAAAAAO5QGSKQkcErWDq9iKwemolyxv8LDVZBwWLQSiYp7iDVAAAAAlQL4tQAAAAEAAAAAwAAAAEAAAAAAAAAAAAAAAABAAAAAAAAAQAAAAD2T51Mi2fjmCY4Z+R5JON1LluqzrnpmTxUJXTp/A3FRwAAAAEAAAAAAAAAAA==
f78dca926455579b4a43009ffe35a0229a6da4bed32d3c999d7a06ad26605a25	5	3	AAAAAO5QGSKQkcErWDq9iKwemolyxv8LDVZBwWLQSiYp7iDVAAAAZAAAAAQAAAADAAAAAAAAAAAAAAABAAAAAAAAAAUAAAAAAAAAAQAAAAAAAAABAAAAAAAAAAAAAAABAAAAAgAAAAEAAAACAAAAAQAAAAIAAAAAAAAAAAAAAAAAAAABKe4g1QAAAEDglRRymtLjw+ImmGwTiBTKE7X7+2CywlHw8qed+t520SbAggcqboy5KXJaEP51/wRSMxtZUgDOFfaDn9Df04EA	943KkmRVV5tKQwCf/jWgIpptpL7TLTyZnXoGrSZgWiUAAAAAAAAAZAAAAAAAAAABAAAAAAAAAAUAAAAAAAAAAA==	AAAAAAAAAAEAAAABAAAAAQAAAAUAAAAAAAAAAO5QGSKQkcErWDq9iKwemolyxv8LDVZBwWLQSiYp7iDVAAAAAlQL4tQAAAAEAAAAAwAAAAEAAAAAAAAAAAAAAAABAgICAAAAAQAAAAD2T51Mi2fjmCY4Z+R5JON1LluqzrnpmTxUJXTp/A3FRwAAAAEAAAAAAAAAAA==
a9085e13fbe9f84e07e320a0d445536de1afc2cfd8c7e4186687807edd2b4897	6	1	AAAAAO5QGSKQkcErWDq9iKwemolyxv8LDVZBwWLQSiYp7iDVAAAAZAAAAAQAAAAEAAAAAAAAAAAAAAABAAAAAAAAAAUAAAAAAAAAAQAAAAAAAAABAAAAAAAAAAEAAAACAAAAAAAAAAAAAAAAAAAAAAAAAAAAAAAAAAAAAinuINUAAABA4PRAe0en/05ZH2leCeTOsxbT0cUu3wgUiWUcuDk4ya8G/gI90hlV6pzOYyAB6Zt5fN7pRrPRL/tTlnjgUAjaBvwNxUcAAABAFmdGR6JZukKJUC3Vr2YEJ/24G3tesqTv4cV5UcAozRhS2+w0PYVVqe7QTmOMNSGX/C3LxP1tSvpXdU/OhYsODw==	qQheE/vp+E4H4yCg1EVTbeGvws/Yx+QYZoeAft0rSJcAAAAAAAAAZAAAAAAAAAABAAAAAAAAAAUAAAAAAAAAAA==	AAAAAAAAAAEAAAABAAAAAQAAAAYAAAAAAAAAAO5QGSKQkcErWDq9iKwemolyxv8LDVZBwWLQSiYp7iDVAAAAAlQL4nAAAAAEAAAABAAAAAEAAAAAAAAAAAAAAAACAgICAAAAAQAAAAD2T51Mi2fjmCY4Z+R5JON1LluqzrnpmTxUJXTp/A3FRwAAAAEAAAAAAAAAAA==
0fb9c2e20946222b23e1d1d660de9d74576c41cfd9b199f9d565a013c1ef89ca	7	1	AAAAAGL8HQvQkbK2HA3WVjRrKmjX00fG8sLI7m0ERwJW/AX3AAAAZAAAAAAAAAADAAAAAAAAAAAAAAABAAAAAAAAAAAAAAAAOerFQRLRq/h3Xf4EErEqz7oD9wk20zX+d/h4dXc7DToAAAACVAvkAAAAAAAAAAABVvwF9wAAAED8tIFyog9OeCqiaBNfxFdAlneNYTfjoNUMKi6FJCY5BqemnDBxGox3jKS/xx4zpxAToEFp3Y2M+NRJIU4g/H0J	D7nC4glGIisj4dHWYN6ddFdsQc/ZsZn51WWgE8HvicoAAAAAAAAAZAAAAAAAAAABAAAAAAAAAAAAAAAAAAAAAA==	AAAAAAAAAAEAAAACAAAAAAAAAAcAAAAAAAAAADnqxUES0av4d13+BBKxKs+6A/cJNtM1/nf4eHV3Ow06AAAAAlQL5AAAAAAHAAAAAAAAAAAAAAAAAAAAAAAAAAABAAAAAAAAAAAAAAAAAAAAAAAAAQAAAAcAAAAAAAAAAGL8HQvQkbK2HA3WVjRrKmjX00fG8sLI7m0ERwJW/AX3DeC2rKtAUtQAAAAAAAAAAwAAAAAAAAAAAAAAAAAAAAABAAAAAAAAAAAAAAAAAAAA
dd74eee27a59843b28a05ad08abf65eaa231b7debe4d05550c0a7a424cca5929	8	1	AAAAADnqxUES0av4d13+BBKxKs+6A/cJNtM1/nf4eHV3Ow06AAAAZAAAAAcAAAABAAAAAAAAAAIAAAAAAAAAewAAAAEAAAAAAAAAAQAAAABi/B0L0JGythwN1lY0aypo19NHxvLCyO5tBEcCVvwF9wAAAAAAAAAAAJiWgAAAAAAAAAABdzsNOgAAAEBjk5EFqV8GiL9xU62OUCKeScXxGMTMqJoD7ryiGf5jLPZJRSphbWC3ZycHE+pDuu/6EKSqcNUri5AXzQmM+GYB	3XTu4npZhDsooFrQir9l6qIxt96+TQVVDAp6QkzKWSkAAAAAAAAAZAAAAAAAAAABAAAAAAAAAAEAAAAAAAAAAA==	AAAAAAAAAAEAAAADAAAAAQAAAAgAAAAAAAAAADnqxUES0av4d13+BBKxKs+6A/cJNtM1/nf4eHV3Ow06AAAAAlNzS/AAAAAHAAAABAAAAAAAAAAAAAAAAAAAAAABAAAAAAAAAAAAAAAAAAAAAAAAAwAAAAcAAAAAAAAAAGL8HQvQkbK2HA3WVjRrKmjX00fG8sLI7m0ERwJW/AX3DeC2rKtAUtQAAAAAAAAAAwAAAAAAAAAAAAAAAAAAAAABAAAAAAAAAAAAAAAAAAAAAAAAAQAAAAgAAAAAAAAAAGL8HQvQkbK2HA3WVjRrKmjX00fG8sLI7m0ERwJW/AX3DeC2rKvY6VQAAAAAAAAAAwAAAAAAAAAAAAAAAAAAAAABAAAAAAAAAAAAAAAAAAAA
2551e76a3ce4881b7bc73fdfd89d670d511ea7d4e56156252b51777023202de7	8	2	AAAAADnqxUES0av4d13+BBKxKs+6A/cJNtM1/nf4eHV3Ow06AAAAZAAAAAcAAAACAAAAAAAAAAEAAAAFaGVsbG8AAAAAAAABAAAAAAAAAAEAAAAAYvwdC9CRsrYcDdZWNGsqaNfTR8bywsjubQRHAlb8BfcAAAAAAAAAAACYloAAAAAAAAAAAXc7DToAAABAS2+MaPA79AjD0B7qjl0qEz0N6CkDmoS4kgnXjZfbvdc9IkqNm0S+vKBNgV80pSfixY147L+jvS/ganovqbLiAQ==	JVHnajzkiBt7xz/f2J1nDVEep9TlYVYlK1F3cCMgLecAAAAAAAAAZAAAAAAAAAABAAAAAAAAAAEAAAAAAAAAAA==	AAAAAAAAAAEAAAACAAAAAQAAAAgAAAAAAAAAADnqxUES0av4d13+BBKxKs+6A/cJNtM1/nf4eHV3Ow06AAAAAlLatXAAAAAHAAAABAAAAAAAAAAAAAAAAAAAAAABAAAAAAAAAAAAAAAAAAAAAAAAAQAAAAgAAAAAAAAAAGL8HQvQkbK2HA3WVjRrKmjX00fG8sLI7m0ERwJW/AX3DeC2rKxxf9QAAAAAAAAAAwAAAAAAAAAAAAAAAAAAAAABAAAAAAAAAAAAAAAAAAAA
3b36ecfbcc2adb0cfff08ae86199f64e12984f084bb03be9bb249611df82322b	8	3	AAAAADnqxUES0av4d13+BBKxKs+6A/cJNtM1/nf4eHV3Ow06AAAAZAAAAAcAAAADAAAAAAAAAAMBAQEBAQEBAQEBAQEBAQEBAQEBAQEBAQEBAQEBAQEBAQAAAAEAAAAAAAAAAQAAAABi/B0L0JGythwN1lY0aypo19NHxvLCyO5tBEcCVvwF9wAAAAAAAAAAAJiWgAAAAAAAAAABdzsNOgAAAEDC9hMtMYZ6hbx1iAdXngRcCYQmf8eu4zcB9SLH2998tVYca6QYig5Dsgy2oCMD1J7khIL9jz/VWjcPhvTVvC8L	Ozbs+8wq2wz/8IroYZn2ThKYTwhLsDvpuySWEd+CMisAAAAAAAAAZAAAAAAAAAABAAAAAAAAAAEAAAAAAAAAAA==	AAAAAAAAAAEAAAACAAAAAQAAAAgAAAAAAAAAADnqxUES0av4d13+BBKxKs+6A/cJNtM1/nf4eHV3Ow06AAAAAlJCHvAAAAAHAAAABAAAAAAAAAAAAAAAAAAAAAABAAAAAAAAAAAAAAAAAAAAAAAAAQAAAAgAAAAAAAAAAGL8HQvQkbK2HA3WVjRrKmjX00fG8sLI7m0ERwJW/AX3DeC2rK0KFlQAAAAAAAAAAwAAAAAAAAAAAAAAAAAAAAABAAAAAAAAAAAAAAAAAAAA
a5a9e3ca63e9cc155359c97337bcb14464cca56b230a4d0c7f27582644d16809	16	1	AAAAAGL8HQvQkbK2HA3WVjRrKmjX00fG8sLI7m0ERwJW/AX3AAAAZAAAAAAAAAAIAAAAAAAAAAAAAAABAAAAAAAAAAAAAAAA423/rAYjzzhmLqxgNgLUY5X92ueHg5xGtOuok+g5NQoAAAACVAvkAAAAAAAAAAABVvwF9wAAAEBhFD/bYaTZZJ3VJ9xJqXoW5eeLK0AeFaATBH92cRfx0WUTFqp6rXx47fMBUxkWYq8bAHMfYCS5XXPRg86sAGUK	panjymPpzBVTWclzN7yxRGTMpWsjCk0MfydYJkTRaAkAAAAAAAAAZAAAAAAAAAABAAAAAAAAAAAAAAAAAAAAAA==	AAAAAAAAAAEAAAACAAAAAAAAABAAAAAAAAAAAONt/6wGI884Zi6sYDYC1GOV/drnh4OcRrTrqJPoOTUKAAAAAlQL5AAAAAAQAAAAAAAAAAAAAAAAAAAAAAAAAAABAAAAAAAAAAAAAAAAAAAAAAAAAQAAABAAAAAAAAAAAGL8HQvQkbK2HA3WVjRrKmjX00fG8sLI7m0ERwJW/AX3DeC2oRVS+BgAAAAAAAAACgAAAAAAAAAAAAAAAAAAAAABAAAAAAAAAAAAAAAAAAAA
e14885cb66af5f7f5e991b014eec475c61cc831292cf5526cdd0cda145300837	8	4	AAAAADnqxUES0av4d13+BBKxKs+6A/cJNtM1/nf4eHV3Ow06AAAAZAAAAAcAAAAEAAAAAAAAAAQCAgICAgICAgICAgICAgICAgICAgICAgICAgICAgICAgAAAAEAAAAAAAAAAQAAAABi/B0L0JGythwN1lY0aypo19NHxvLCyO5tBEcCVvwF9wAAAAAAAAAAAJiWgAAAAAAAAAABdzsNOgAAAEBOfq9PQ8EGcpjRWEaqGxvhBjSVuk6K5A2rthLYHnmAXmQ1JjJD3EddjiES3bPZUF5efGQvRjoEKgiB2dU3f2wF	4UiFy2avX39emRsBTuxHXGHMgxKSz1UmzdDNoUUwCDcAAAAAAAAAZAAAAAAAAAABAAAAAAAAAAEAAAAAAAAAAA==	AAAAAAAAAAEAAAACAAAAAQAAAAgAAAAAAAAAADnqxUES0av4d13+BBKxKs+6A/cJNtM1/nf4eHV3Ow06AAAAAlGpiHAAAAAHAAAABAAAAAAAAAAAAAAAAAAAAAABAAAAAAAAAAAAAAAAAAAAAAAAAQAAAAgAAAAAAAAAAGL8HQvQkbK2HA3WVjRrKmjX00fG8sLI7m0ERwJW/AX3DeC2rK2irNQAAAAAAAAAAwAAAAAAAAAAAAAAAAAAAAABAAAAAAAAAAAAAAAAAAAA
66c28c0ccd5a2e47026aacafa2ecd3c501fe5de349ef376c0f8afb893c7bb55d	9	1	AAAAAGL8HQvQkbK2HA3WVjRrKmjX00fG8sLI7m0ERwJW/AX3AAAAZAAAAAAAAAAEAAAAAAAAAAAAAAABAAAAAAAAAAAAAAAADd1O3oAD6ZmsdNe9Y4zdIQW1rTvIfAEYi/0il9kFYl4AAAACVAvkAAAAAAAAAAABVvwF9wAAAEARD6MVWgEASusfhr6JdF9K3Rie2XCRJKl/NoKyJcrd1kGs3ygpp55xu80YlFwgNVErZ/cEAHYOq06CwNfnE2sC	ZsKMDM1aLkcCaqyvouzTxQH+XeNJ7zdsD4r7iTx7tV0AAAAAAAAAZAAAAAAAAAABAAAAAAAAAAAAAAAAAAAAAA==	AAAAAAAAAAEAAAACAAAAAAAAAAkAAAAAAAAAAA3dTt6AA+mZrHTXvWOM3SEFta07yHwBGIv9IpfZBWJeAAAAAlQL5AAAAAAJAAAAAAAAAAAAAAAAAAAAAAAAAAABAAAAAAAAAAAAAAAAAAAAAAAAAQAAAAkAAAAAAAAAAGL8HQvQkbK2HA3WVjRrKmjX00fG8sLI7m0ERwJW/AX3DeC2qlmWyHAAAAAAAAAABAAAAAAAAAAAAAAAAAAAAAABAAAAAAAAAAAAAAAAAAAA
fdb696a797b769176cbaed3a50e4a6a8671119621f65a3f954a3bcf100c7ef0c	10	1	AAAAAA3dTt6AA+mZrHTXvWOM3SEFta07yHwBGIv9IpfZBWJeAAAAyAAAAAkAAAABAAAAAAAAAAAAAAACAAAAAAAAAAEAAAAAYvwdC9CRsrYcDdZWNGsqaNfTR8bywsjubQRHAlb8BfcAAAAAAAAAAAX14QAAAAAAAAAAAQAAAABi/B0L0JGythwN1lY0aypo19NHxvLCyO5tBEcCVvwF9wAAAAAAAAAABfXhAAAAAAAAAAAB2QViXgAAAEAxyl5gvCCDC7l0pq9b/Btd3cOUUcY9Rv0ALxVjul4EVSL1Vygr107GjDo11+YswdmlCuWf7KItU0chlogpns4L	/baWp5e3aRdsuu06UOSmqGcRGWIfZaP5VKO88QDH7wwAAAAAAAAAyAAAAAAAAAACAAAAAAAAAAEAAAAAAAAAAAAAAAEAAAAAAAAAAA==	AAAAAAAAAAIAAAADAAAAAQAAAAoAAAAAAAAAAA3dTt6AA+mZrHTXvWOM3SEFta07yHwBGIv9IpfZBWJeAAAAAk4WAjgAAAAJAAAAAQAAAAAAAAAAAAAAAAAAAAABAAAAAAAAAAAAAAAAAAAAAAAAAwAAAAkAAAAAAAAAAGL8HQvQkbK2HA3WVjRrKmjX00fG8sLI7m0ERwJW/AX3DeC2qlmWyHAAAAAAAAAABAAAAAAAAAAAAAAAAAAAAAABAAAAAAAAAAAAAAAAAAAAAAAAAQAAAAoAAAAAAAAAAGL8HQvQkbK2HA3WVjRrKmjX00fG8sLI7m0ERwJW/AX3DeC2ql+MqXAAAAAAAAAABAAAAAAAAAAAAAAAAAAAAAABAAAAAAAAAAAAAAAAAAAAAAAAAgAAAAEAAAAKAAAAAAAAAAAN3U7egAPpmax0171jjN0hBbWtO8h8ARiL/SKX2QViXgAAAAJIICE4AAAACQAAAAEAAAAAAAAAAAAAAAAAAAAAAQAAAAAAAAAAAAAAAAAAAAAAAAEAAAAKAAAAAAAAAABi/B0L0JGythwN1lY0aypo19NHxvLCyO5tBEcCVvwF9w3gtqplgopwAAAAAAAAAAQAAAAAAAAAAAAAAAAAAAAAAQAAAAAAAAAAAAAAAAAAAA==
67601a2ca212b84092a7d3c521172b67f4b93d72b726a06c540917d2ab83c1a1	11	1	AAAAAGL8HQvQkbK2HA3WVjRrKmjX00fG8sLI7m0ERwJW/AX3AAAAZAAAAAAAAAAFAAAAAAAAAAAAAAABAAAAAAAAAAAAAAAAxVmE0iEp9S70YdkrhAu6dT4jSnPvbUuzitQ4oBcfaDMAAAACVAvkAAAAAAAAAAABVvwF9wAAAEBHLko6/Tbv0v/5CWHkixXnbyoU6qQ6yewZGqPHFSzNxMfud86eYGkN0j4msMCXfLAou7iKOVn0MWyzlpvYRA0B	Z2AaLKISuECSp9PFIRcrZ/S5PXK3JqBsVAkX0quDwaEAAAAAAAAAZAAAAAAAAAABAAAAAAAAAAAAAAAAAAAAAA==	AAAAAAAAAAEAAAACAAAAAAAAAAsAAAAAAAAAAMVZhNIhKfUu9GHZK4QLunU+I0pz721Ls4rUOKAXH2gzAAAAAlQL5AAAAAALAAAAAAAAAAAAAAAAAAAAAAAAAAABAAAAAAAAAAAAAAAAAAAAAAAAAQAAAAsAAAAAAAAAAGL8HQvQkbK2HA3WVjRrKmjX00fG8sLI7m0ERwJW/AX3DeC2qBF2pgwAAAAAAAAABQAAAAAAAAAAAAAAAAAAAAABAAAAAAAAAAAAAAAAAAAA
0e128647b2b93786b6b76e182dcda0173757066f8caf0523d1ba3b47fd6f720d	12	1	AAAAAMVZhNIhKfUu9GHZK4QLunU+I0pz721Ls4rUOKAXH2gzAAAAZAAAAAsAAAABAAAAAAAAAAAAAAABAAAAAAAAAAAAAAAAg/K/Blr9FO/nVEGLdmCzChMYpmcQzxIhFm6NBzxznX0AAAAAHc1lAAAAAAAAAAABFx9oMwAAAEBwY9HQAR2SMPe3JPvmBBtBk2jfog0GFEFYkLNFzQNqvYl7iZitmO5FQmkKlv/NO5ZcaWBqXcHhOQpk0s2XSBQF	DhKGR7K5N4a2t24YLc2gFzdXBm+MrwUj0bo7R/1vcg0AAAAAAAAAZAAAAAAAAAABAAAAAAAAAAAAAAAAAAAAAA==	AAAAAAAAAAEAAAACAAAAAAAAAAwAAAAAAAAAAIPyvwZa/RTv51RBi3ZgswoTGKZnEM8SIRZujQc8c519AAAAAB3NZQAAAAAMAAAAAAAAAAAAAAAAAAAAAAAAAAABAAAAAAAAAAAAAAAAAAAAAAAAAQAAAAwAAAAAAAAAAMVZhNIhKfUu9GHZK4QLunU+I0pz721Ls4rUOKAXH2gzAAAAAjY+fpwAAAALAAAAAQAAAAAAAAAAAAAAAAAAAAABAAAAAAAAAAAAAAAAAAAA
cd8a8e9eb53fd268d1294e228995c27f422d90783c4054e44ab0028fc1da210a	13	1	AAAAAGL8HQvQkbK2HA3WVjRrKmjX00fG8sLI7m0ERwJW/AX3AAAAZAAAAAAAAAAGAAAAAAAAAAAAAAABAAAAAAAAAAAAAAAAji4PQpc6JMWt5AB56WXIEop14Pn7tW6uf6xE+vY7ZNwAAAACVAvkAAAAAAAAAAABVvwF9wAAAEAUtdYWyr64yv/rKPr0/vV4vYyonfsWxpxHsiYLHKJ3bm6k+ypiAByc8t0K+7bzxSLPjmjKKN5Prw7AdenlC7MB	zYqOnrU/0mjRKU4iiZXCf0ItkHg8QFTkSrACj8HaIQoAAAAAAAAAZAAAAAAAAAABAAAAAAAAAAAAAAAAAAAAAA==	AAAAAAAAAAEAAAACAAAAAAAAAA0AAAAAAAAAAI4uD0KXOiTFreQAeellyBKKdeD5+7Vurn+sRPr2O2TcAAAAAlQL5AAAAAANAAAAAAAAAAAAAAAAAAAAAAAAAAABAAAAAAAAAAAAAAAAAAAAAAAAAQAAAA0AAAAAAAAAAGL8HQvQkbK2HA3WVjRrKmjX00fG8sLI7m0ERwJW/AX3DeC2pb1qwUQAAAAAAAAABwAAAAAAAAAAAAAAAAAAAAABAAAAAAAAAAAAAAAAAAAA
bfbd5e9457d717bcf847291a6c24b7cd8db4ff784ecd4592be30d08146c0c264	13	2	AAAAAGL8HQvQkbK2HA3WVjRrKmjX00fG8sLI7m0ERwJW/AX3AAAAZAAAAAAAAAAHAAAAAAAAAAAAAAABAAAAAAAAAAAAAAAAG5M9WO2kexu4dljTd0YSuyEnmDUsxKamzJWiv4FGkoQAAAACVAvkAAAAAAAAAAABVvwF9wAAAEDY1TiMj+qj8+zYb2Vb60h+qWxZtFfSGwb0kvKttSFAHQhGOjIddiVQopx9LDRO6UgPmLLxFvQpIzeGnagh3vQD	v71elFfXF7z4RykabCS3zY20/3hOzUWSvjDQgUbAwmQAAAAAAAAAZAAAAAAAAAABAAAAAAAAAAAAAAAAAAAAAA==	AAAAAAAAAAEAAAACAAAAAAAAAA0AAAAAAAAAABuTPVjtpHsbuHZY03dGErshJ5g1LMSmpsyVor+BRpKEAAAAAlQL5AAAAAANAAAAAAAAAAAAAAAAAAAAAAAAAAABAAAAAAAAAAAAAAAAAAAAAAAAAQAAAA0AAAAAAAAAAGL8HQvQkbK2HA3WVjRrKmjX00fG8sLI7m0ERwJW/AX3DeC2o2le3UQAAAAAAAAABwAAAAAAAAAAAAAAAAAAAAABAAAAAAAAAAAAAAAAAAAA
dbd964fcfdb336a30f21c240fffdaf73d7c75880ed1b99375c62f84e3e592570	14	1	AAAAABuTPVjtpHsbuHZY03dGErshJ5g1LMSmpsyVor+BRpKEAAAAZAAAAA0AAAABAAAAAAAAAAAAAAABAAAAAAAAAAYAAAABVVNEAAAAAACOLg9Clzokxa3kAHnpZcgSinXg+fu1bq5/rET69jtk3H//////////AAAAAAAAAAGBRpKEAAAAQGDAV/5Op2DmFUP84dmyT5G/gxn1WzgdMrkSSU7wfpu39ycq36Sg+gs2ypRjw5hxxeMUj/GVEKipcDGndei38Aw=	29lk/P2zNqMPIcJA//2vc9fHWIDtG5k3XGL4Tj5ZJXAAAAAAAAAAZAAAAAAAAAABAAAAAAAAAAYAAAAAAAAAAA==	AAAAAAAAAAEAAAACAAAAAAAAAA4AAAABAAAAABuTPVjtpHsbuHZY03dGErshJ5g1LMSmpsyVor+BRpKEAAAAAVVTRAAAAAAAji4PQpc6JMWt5AB56WXIEop14Pn7tW6uf6xE+vY7ZNwAAAAAAAAAAH//////////AAAAAQAAAAAAAAAAAAAAAQAAAA4AAAAAAAAAABuTPVjtpHsbuHZY03dGErshJ5g1LMSmpsyVor+BRpKEAAAAAlQL45wAAAANAAAAAQAAAAEAAAAAAAAAAAAAAAABAAAAAAAAAAAAAAAAAAAA
30880dd42d8e402a30d8a3527b56c1e33e18e87c46e1332ea5cfc1721fd87cfb	14	2	AAAAAI4uD0KXOiTFreQAeellyBKKdeD5+7Vurn+sRPr2O2TcAAAAZAAAAA0AAAABAAAAAAAAAAAAAAABAAAAAAAAAAEAAAAAG5M9WO2kexu4dljTd0YSuyEnmDUsxKamzJWiv4FGkoQAAAAAAAAAAAX14QAAAAAAAAAAAfY7ZNwAAABAieZSSuOZqlwtyjnj5d/S0GUSGiQvy0ipPLynpl4UvO8qc7CDz3vsLROlN2g50qXirydSOdao56hvRhrEfRsGCA==	MIgN1C2OQCow2KNSe1bB4z4Y6HxG4TMupc/Bch/YfPsAAAAAAAAAZAAAAAAAAAABAAAAAAAAAAEAAAAAAAAAAA==	AAAAAAAAAAEAAAACAAAAAQAAAA4AAAAAAAAAABuTPVjtpHsbuHZY03dGErshJ5g1LMSmpsyVor+BRpKEAAAAAloBxJwAAAANAAAAAQAAAAEAAAAAAAAAAAAAAAABAAAAAAAAAAAAAAAAAAAAAAAAAQAAAA4AAAAAAAAAAI4uD0KXOiTFreQAeellyBKKdeD5+7Vurn+sRPr2O2TcAAAAAk4WApwAAAANAAAAAQAAAAAAAAAAAAAAAAAAAAABAAAAAAAAAAAAAAAAAAAA
142c988b1f67984f74a1581de9caecf499e60f1e0eed496661aa2c559238764c	15	1	AAAAAI4uD0KXOiTFreQAeellyBKKdeD5+7Vurn+sRPr2O2TcAAAAZAAAAA0AAAACAAAAAAAAAAAAAAABAAAAAAAAAAEAAAAAG5M9WO2kexu4dljTd0YSuyEnmDUsxKamzJWiv4FGkoQAAAABVVNEAAAAAACOLg9Clzokxa3kAHnpZcgSinXg+fu1bq5/rET69jtk3AAAAAAF9eEAAAAAAAAAAAH2O2TcAAAAQJBUx5tWfjAwXxab9U5HOjZvBRv3u95jXbyzuqeZ/kjsyMsU0jO/g03Rf1zgect1hj4hDYGN8mW4oEot0sSTZgw=	FCyYix9nmE90oVgd6crs9JnmDx4O7UlmYaosVZI4dkwAAAAAAAAAZAAAAAAAAAABAAAAAAAAAAEAAAAAAAAAAA==	AAAAAAAAAAEAAAACAAAAAwAAAA4AAAABAAAAABuTPVjtpHsbuHZY03dGErshJ5g1LMSmpsyVor+BRpKEAAAAAVVTRAAAAAAAji4PQpc6JMWt5AB56WXIEop14Pn7tW6uf6xE+vY7ZNwAAAAAAAAAAH//////////AAAAAQAAAAAAAAAAAAAAAQAAAA8AAAABAAAAABuTPVjtpHsbuHZY03dGErshJ5g1LMSmpsyVor+BRpKEAAAAAVVTRAAAAAAAji4PQpc6JMWt5AB56WXIEop14Pn7tW6uf6xE+vY7ZNwAAAAABfXhAH//////////AAAAAQAAAAAAAAAA
6a056189b45760c607e331c90c5a8b4cd720961df8bc8cecfd4aa388b577a6cb	16	2	AAAAAGL8HQvQkbK2HA3WVjRrKmjX00fG8sLI7m0ERwJW/AX3AAAAZAAAAAAAAAAJAAAAAAAAAAAAAAABAAAAAAAAAAAAAAAABAjoBMEUiZNLUjsWXL1iK59D90Li4w56076b8HKxZfIAAAACVAvkAAAAAAAAAAABVvwF9wAAAEAxC5cl7tkjQI0cfFZTiIFDuo0SwyYnNqTUH2hxDBtm7h/vUkBG3cgwGXS87ninVkhmvdIpTWfeIeGiw7kgefUA	agVhibRXYMYH4zHJDFqLTNcglh34vIzs/UqjiLV3pssAAAAAAAAAZAAAAAAAAAABAAAAAAAAAAAAAAAAAAAAAA==	AAAAAAAAAAEAAAACAAAAAAAAABAAAAAAAAAAAAQI6ATBFImTS1I7Fly9YiufQ/dC4uMOetO+m/BysWXyAAAAAlQL5AAAAAAQAAAAAAAAAAAAAAAAAAAAAAAAAAABAAAAAAAAAAAAAAAAAAAAAAAAAQAAABAAAAAAAAAAAGL8HQvQkbK2HA3WVjRrKmjX00fG8sLI7m0ERwJW/AX3DeC2nsFHFBgAAAAAAAAACgAAAAAAAAAAAAAAAAAAAAABAAAAAAAAAAAAAAAAAAAA
18bf6cce20cfbb0f9079c4b8783718949d13bd12d173a60363d2b8e3a07efead	16	3	AAAAAGL8HQvQkbK2HA3WVjRrKmjX00fG8sLI7m0ERwJW/AX3AAAAZAAAAAAAAAAKAAAAAAAAAAAAAAABAAAAAAAAAAAAAAAALsLzczZPbcG7iR1Aap19uhmCNzGwnaUFPbeJ+hFUV7EAAAACVAvkAAAAAAAAAAABVvwF9wAAAEC/RVto6ytAqHpd6ZFWjwXQyXopKORz8QSvz0d8RoPrOEBgNEuAj8+kbyhS7QieOqwbiJrS0AU8YWaBQQ4zc+wL	GL9sziDPuw+QecS4eDcYlJ0TvRLRc6YDY9K446B+/q0AAAAAAAAAZAAAAAAAAAABAAAAAAAAAAAAAAAAAAAAAA==	AAAAAAAAAAEAAAACAAAAAAAAABAAAAAAAAAAAC7C83M2T23Bu4kdQGqdfboZgjcxsJ2lBT23ifoRVFexAAAAAlQL5AAAAAAQAAAAAAAAAAAAAAAAAAAAAAAAAAABAAAAAAAAAAAAAAAAAAAAAAAAAQAAABAAAAAAAAAAAGL8HQvQkbK2HA3WVjRrKmjX00fG8sLI7m0ERwJW/AX3DeC2nG07MBgAAAAAAAAACgAAAAAAAAAAAAAAAAAAAAABAAAAAAAAAAAAAAAAAAAA
d1f593eb5e14f97027bc79821fa46628c107034fba9a5acef6a9da79e051ee73	17	1	AAAAAAQI6ATBFImTS1I7Fly9YiufQ/dC4uMOetO+m/BysWXyAAAAZAAAABAAAAABAAAAAAAAAAAAAAABAAAAAAAAAAYAAAABRVVSAAAAAAAuwvNzNk9twbuJHUBqnX26GYI3MbCdpQU9t4n6EVRXsX//////////AAAAAAAAAAFysWXyAAAAQI7hbwZc1+KWfheVnYAq5TXFX9ancHJmJq0wV0c9ONIfG6U8trhIVeVoiED2eUFFmhx+bBtF9TPSvifF/mfDlQk=	0fWT614U+XAnvHmCH6RmKMEHA0+6mlrO9qnaeeBR7nMAAAAAAAAAZAAAAAAAAAABAAAAAAAAAAYAAAAAAAAAAA==	AAAAAAAAAAEAAAACAAAAAAAAABEAAAABAAAAAAQI6ATBFImTS1I7Fly9YiufQ/dC4uMOetO+m/BysWXyAAAAAUVVUgAAAAAALsLzczZPbcG7iR1Aap19uhmCNzGwnaUFPbeJ+hFUV7EAAAAAAAAAAH//////////AAAAAQAAAAAAAAAAAAAAAQAAABEAAAAAAAAAAAQI6ATBFImTS1I7Fly9YiufQ/dC4uMOetO+m/BysWXyAAAAAlQL45wAAAAQAAAAAQAAAAEAAAAAAAAAAAAAAAABAAAAAAAAAAAAAAAAAAAA
cdef45dd961d59375351ea7dd7ef6414ff49371a335723e84dafacea1e13665a	17	2	AAAAAONt/6wGI884Zi6sYDYC1GOV/drnh4OcRrTrqJPoOTUKAAAAZAAAABAAAAABAAAAAAAAAAAAAAABAAAAAAAAAAYAAAABVVNEAAAAAAAuwvNzNk9twbuJHUBqnX26GYI3MbCdpQU9t4n6EVRXsX//////////AAAAAAAAAAHoOTUKAAAAQIjLqcYXE8EAsH6Dx2hwPjiEfHGZ4jsMNZZc7PynNiJi9kFXjfvvLDlWizGAr2B9MFDrfDRDvjnBxKKhJifEcQM=	ze9F3ZYdWTdTUep91+9kFP9JNxozVyPoTa+s6h4TZloAAAAAAAAAZAAAAAAAAAABAAAAAAAAAAYAAAAAAAAAAA==	AAAAAAAAAAEAAAACAAAAAAAAABEAAAABAAAAAONt/6wGI884Zi6sYDYC1GOV/drnh4OcRrTrqJPoOTUKAAAAAVVTRAAAAAAALsLzczZPbcG7iR1Aap19uhmCNzGwnaUFPbeJ+hFUV7EAAAAAAAAAAH//////////AAAAAQAAAAAAAAAAAAAAAQAAABEAAAAAAAAAAONt/6wGI884Zi6sYDYC1GOV/drnh4OcRrTrqJPoOTUKAAAAAlQL45wAAAAQAAAAAQAAAAEAAAAAAAAAAAAAAAABAAAAAAAAAAAAAAAAAAAA
902b90c2322b9e6b335e7543389a7446b86e3039ebf59ec66dffb50eaec0dc85	18	1	AAAAAC7C83M2T23Bu4kdQGqdfboZgjcxsJ2lBT23ifoRVFexAAAAZAAAABAAAAABAAAAAAAAAAAAAAABAAAAAAAAAAEAAAAA423/rAYjzzhmLqxgNgLUY5X92ueHg5xGtOuok+g5NQoAAAABVVNEAAAAAAAuwvNzNk9twbuJHUBqnX26GYI3MbCdpQU9t4n6EVRXsQAAAAA7msoAAAAAAAAAAAERVFexAAAAQC9X2I3Zz1x3AQMqL4XCzePTlwnokv2BQnWGmT007oH59gai3eNu7/WVoHtW8hsgHjs1mZK709FzzRF2cbD2tQE=	kCuQwjIrnmszXnVDOJp0RrhuMDnr9Z7Gbf+1Dq7A3IUAAAAAAAAAZAAAAAAAAAABAAAAAAAAAAEAAAAAAAAAAA==	AAAAAAAAAAEAAAACAAAAAwAAABEAAAABAAAAAONt/6wGI884Zi6sYDYC1GOV/drnh4OcRrTrqJPoOTUKAAAAAVVTRAAAAAAALsLzczZPbcG7iR1Aap19uhmCNzGwnaUFPbeJ+hFUV7EAAAAAAAAAAH//////////AAAAAQAAAAAAAAAAAAAAAQAAABIAAAABAAAAAONt/6wGI884Zi6sYDYC1GOV/drnh4OcRrTrqJPoOTUKAAAAAVVTRAAAAAAALsLzczZPbcG7iR1Aap19uhmCNzGwnaUFPbeJ+hFUV7EAAAAAO5rKAH//////////AAAAAQAAAAAAAAAA
ca756d1519ceda79f8722042b12cea7ba004c3bd961adb62b59f88a867f86eb3	18	2	AAAAAC7C83M2T23Bu4kdQGqdfboZgjcxsJ2lBT23ifoRVFexAAAAZAAAABAAAAACAAAAAAAAAAAAAAABAAAAAAAAAAMAAAAAAAAAAVVTRAAAAAAALsLzczZPbcG7iR1Aap19uhmCNzGwnaUFPbeJ+hFUV7EAAAAA7msoAAAAAAEAAAACAAAAAAAAAAAAAAAAAAAAARFUV7EAAABALuai5QxceFbtAiC5nkntNVnvSPeWR+C+FgplPAdRgRS+PPESpUiSCyuiwuhmvuDw7kwxn+A6E0M4ca1s2qzMAg==	ynVtFRnO2nn4ciBCsSzqe6AEw72WGttitZ+IqGf4brMAAAAAAAAAZAAAAAAAAAABAAAAAAAAAAMAAAAAAAAAAAAAAAAAAAAALsLzczZPbcG7iR1Aap19uhmCNzGwnaUFPbeJ+hFUV7EAAAAAAAAAAQAAAAAAAAABVVNEAAAAAAAuwvNzNk9twbuJHUBqnX26GYI3MbCdpQU9t4n6EVRXsQAAAADuaygAAAAAAQAAAAIAAAAAAAAAAAAAAAA=	AAAAAAAAAAEAAAACAAAAAAAAABIAAAACAAAAAC7C83M2T23Bu4kdQGqdfboZgjcxsJ2lBT23ifoRVFexAAAAAAAAAAEAAAAAAAAAAVVTRAAAAAAALsLzczZPbcG7iR1Aap19uhmCNzGwnaUFPbeJ+hFUV7EAAAAA7msoAAAAAAEAAAACAAAAAAAAAAAAAAAAAAAAAQAAABIAAAAAAAAAAC7C83M2T23Bu4kdQGqdfboZgjcxsJ2lBT23ifoRVFexAAAAAlQL4tQAAAAQAAAAAwAAAAEAAAAAAAAAAAAAAAABAAAAAAAAAAAAAAAAAAAA
37bb79f6959c0e8e9b3d31f6c9308d8d084d9c6742cfa56ca094cfa6eae99423	18	3	AAAAAC7C83M2T23Bu4kdQGqdfboZgjcxsJ2lBT23ifoRVFexAAAAZAAAABAAAAADAAAAAAAAAAAAAAABAAAAAAAAAAMAAAABRVVSAAAAAAAuwvNzNk9twbuJHUBqnX26GYI3MbCdpQU9t4n6EVRXsQAAAAAAAAAAstBeAAAAAAEAAAABAAAAAAAAAAAAAAAAAAAAARFUV7EAAABArzp9Fxxql+yoysglDjXm9+rsJeNX2GsSa7TOy3AzHOu4Y5Z8ICx52Q885gQGQWMtEP0w6yh83d6+o6kjC/WuAg==	N7t59pWcDo6bPTH2yTCNjQhNnGdCz6VsoJTPpurplCMAAAAAAAAAZAAAAAAAAAABAAAAAAAAAAMAAAAAAAAAAAAAAAAAAAAALsLzczZPbcG7iR1Aap19uhmCNzGwnaUFPbeJ+hFUV7EAAAAAAAAAAgAAAAFFVVIAAAAAAC7C83M2T23Bu4kdQGqdfboZgjcxsJ2lBT23ifoRVFexAAAAAAAAAACy0F4AAAAAAQAAAAEAAAAAAAAAAAAAAAA=	AAAAAAAAAAEAAAACAAAAAAAAABIAAAACAAAAAC7C83M2T23Bu4kdQGqdfboZgjcxsJ2lBT23ifoRVFexAAAAAAAAAAIAAAABRVVSAAAAAAAuwvNzNk9twbuJHUBqnX26GYI3MbCdpQU9t4n6EVRXsQAAAAAAAAAAstBeAAAAAAEAAAABAAAAAAAAAAAAAAAAAAAAAQAAABIAAAAAAAAAAC7C83M2T23Bu4kdQGqdfboZgjcxsJ2lBT23ifoRVFexAAAAAlQL4tQAAAAQAAAAAwAAAAIAAAAAAAAAAAAAAAABAAAAAAAAAAAAAAAAAAAA
198844c8b472daacc5b717695a4ca16ac799a13fb2cf4152d19e2117ae1c56c3	19	1	AAAAAONt/6wGI884Zi6sYDYC1GOV/drnh4OcRrTrqJPoOTUKAAAAZAAAABAAAAACAAAAAAAAAAAAAAABAAAAAAAAAAIAAAABVVNEAAAAAAAuwvNzNk9twbuJHUBqnX26GYI3MbCdpQU9t4n6EVRXsQAAAAA7msoAAAAAAAQI6ATBFImTS1I7Fly9YiufQ/dC4uMOetO+m/BysWXyAAAAAUVVUgAAAAAALsLzczZPbcG7iR1Aap19uhmCNzGwnaUFPbeJ+hFUV7EAAAAAdzWUAAAAAAEAAAAAAAAAAAAAAAHoOTUKAAAAQMs9vNZ518oYUMp38TakovW//DDTbs/9oPj1RAix5ElC/d7gbWaaNNJxKQR7eMNO6rB+ntGqee4WurTJgA4k2ws=	GYhEyLRy2qzFtxdpWkyhaseZoT+yz0FS0Z4hF64cVsMAAAAAAAAAZAAAAAAAAAABAAAAAAAAAAIAAAAAAAAAAgAAAAAuwvNzNk9twbuJHUBqnX26GYI3MbCdpQU9t4n6EVRXsQAAAAAAAAABAAAAAAAAAAB3NZQAAAAAAVVTRAAAAAAALsLzczZPbcG7iR1Aap19uhmCNzGwnaUFPbeJ+hFUV7EAAAAAO5rKAAAAAAAuwvNzNk9twbuJHUBqnX26GYI3MbCdpQU9t4n6EVRXsQAAAAAAAAACAAAAAUVVUgAAAAAALsLzczZPbcG7iR1Aap19uhmCNzGwnaUFPbeJ+hFUV7EAAAAAdzWUAAAAAAAAAAAAdzWUAAAAAAAECOgEwRSJk0tSOxZcvWIrn0P3QuLjDnrTvpvwcrFl8gAAAAFFVVIAAAAAAC7C83M2T23Bu4kdQGqdfboZgjcxsJ2lBT23ifoRVFexAAAAAHc1lAAAAAAA	AAAAAAAAAAEAAAAKAAAAAwAAABIAAAAAAAAAAC7C83M2T23Bu4kdQGqdfboZgjcxsJ2lBT23ifoRVFexAAAAAlQL4tQAAAAQAAAAAwAAAAIAAAAAAAAAAAAAAAABAAAAAAAAAAAAAAAAAAAAAAAAAQAAABMAAAAAAAAAAC7C83M2T23Bu4kdQGqdfboZgjcxsJ2lBT23ifoRVFexAAAAAlQL4tQAAAAQAAAAAwAAAAIAAAAAAAAAAAAAAAABAAAAAAAAAAAAAAAAAAAAAAAAAwAAABEAAAABAAAAAAQI6ATBFImTS1I7Fly9YiufQ/dC4uMOetO+m/BysWXyAAAAAUVVUgAAAAAALsLzczZPbcG7iR1Aap19uhmCNzGwnaUFPbeJ+hFUV7EAAAAAAAAAAH//////////AAAAAQAAAAAAAAAAAAAAAQAAABMAAAABAAAAAAQI6ATBFImTS1I7Fly9YiufQ/dC4uMOetO+m/BysWXyAAAAAUVVUgAAAAAALsLzczZPbcG7iR1Aap19uhmCNzGwnaUFPbeJ+hFUV7EAAAAAdzWUAH//////////AAAAAQAAAAAAAAAAAAAAAwAAABIAAAABAAAAAONt/6wGI884Zi6sYDYC1GOV/drnh4OcRrTrqJPoOTUKAAAAAVVTRAAAAAAALsLzczZPbcG7iR1Aap19uhmCNzGwnaUFPbeJ+hFUV7EAAAAAO5rKAH//////////AAAAAQAAAAAAAAAAAAAAAQAAABMAAAABAAAAAONt/6wGI884Zi6sYDYC1GOV/drnh4OcRrTrqJPoOTUKAAAAAVVTRAAAAAAALsLzczZPbcG7iR1Aap19uhmCNzGwnaUFPbeJ+hFUV7EAAAAAAAAAAH//////////AAAAAQAAAAAAAAAAAAAAAwAAABIAAAACAAAAAC7C83M2T23Bu4kdQGqdfboZgjcxsJ2lBT23ifoRVFexAAAAAAAAAAEAAAAAAAAAAVVTRAAAAAAALsLzczZPbcG7iR1Aap19uhmCNzGwnaUFPbeJ+hFUV7EAAAAA7msoAAAAAAEAAAACAAAAAAAAAAAAAAAAAAAAAQAAABMAAAACAAAAAC7C83M2T23Bu4kdQGqdfboZgjcxsJ2lBT23ifoRVFexAAAAAAAAAAEAAAAAAAAAAVVTRAAAAAAALsLzczZPbcG7iR1Aap19uhmCNzGwnaUFPbeJ+hFUV7EAAAAAdzWUAAAAAAEAAAACAAAAAAAAAAAAAAAAAAAAAwAAABIAAAACAAAAAC7C83M2T23Bu4kdQGqdfboZgjcxsJ2lBT23ifoRVFexAAAAAAAAAAIAAAABRVVSAAAAAAAuwvNzNk9twbuJHUBqnX26GYI3MbCdpQU9t4n6EVRXsQAAAAAAAAAAstBeAAAAAAEAAAABAAAAAAAAAAAAAAAAAAAAAQAAABMAAAACAAAAAC7C83M2T23Bu4kdQGqdfboZgjcxsJ2lBT23ifoRVFexAAAAAAAAAAIAAAABRVVSAAAAAAAuwvNzNk9twbuJHUBqnX26GYI3MbCdpQU9t4n6EVRXsQAAAAAAAAAAO5rKAAAAAAEAAAABAAAAAAAAAAAAAAAA
f08dc1fec150f276562866ce4f5272f658cf0bd9fd8c1d96a22c196be2e1b25a	20	1	AAAAAONt/6wGI884Zi6sYDYC1GOV/drnh4OcRrTrqJPoOTUKAAAAZAAAABAAAAADAAAAAAAAAAAAAAABAAAAAAAAAAIAAAAAAAAAADuaygAAAAAABAjoBMEUiZNLUjsWXL1iK59D90Li4w56076b8HKxZfIAAAABRVVSAAAAAAAuwvNzNk9twbuJHUBqnX26GYI3MbCdpQU9t4n6EVRXsQAAAAA7msoAAAAAAAAAAAAAAAAB6Dk1CgAAAEB+7jxesBKKrF343onyycjp2tiQLZiGH2ETl+9fuOqotveY2rIgvt9ng+QJ2aDP3+PnDsYEa9ZUaA+Zne2nIGgE	8I3B/sFQ8nZWKGbOT1Jy9ljPC9n9jB2WoiwZa+LhsloAAAAAAAAAZAAAAAAAAAABAAAAAAAAAAIAAAAAAAAAAQAAAAAuwvNzNk9twbuJHUBqnX26GYI3MbCdpQU9t4n6EVRXsQAAAAAAAAACAAAAAUVVUgAAAAAALsLzczZPbcG7iR1Aap19uhmCNzGwnaUFPbeJ+hFUV7EAAAAAO5rKAAAAAAAAAAAAO5rKAAAAAAAECOgEwRSJk0tSOxZcvWIrn0P3QuLjDnrTvpvwcrFl8gAAAAFFVVIAAAAAAC7C83M2T23Bu4kdQGqdfboZgjcxsJ2lBT23ifoRVFexAAAAADuaygAAAAAA	AAAAAAAAAAEAAAAHAAAAAwAAABMAAAAAAAAAAC7C83M2T23Bu4kdQGqdfboZgjcxsJ2lBT23ifoRVFexAAAAAlQL4tQAAAAQAAAAAwAAAAIAAAAAAAAAAAAAAAABAAAAAAAAAAAAAAAAAAAAAAAAAQAAABQAAAAAAAAAAC7C83M2T23Bu4kdQGqdfboZgjcxsJ2lBT23ifoRVFexAAAAAo+mrNQAAAAQAAAAAwAAAAEAAAAAAAAAAAAAAAABAAAAAAAAAAAAAAAAAAAAAAAAAQAAABQAAAAAAAAAAONt/6wGI884Zi6sYDYC1GOV/drnh4OcRrTrqJPoOTUKAAAAAhhxGNQAAAAQAAAAAwAAAAEAAAAAAAAAAAAAAAABAAAAAAAAAAAAAAAAAAAAAAAAAwAAABMAAAABAAAAAAQI6ATBFImTS1I7Fly9YiufQ/dC4uMOetO+m/BysWXyAAAAAUVVUgAAAAAALsLzczZPbcG7iR1Aap19uhmCNzGwnaUFPbeJ+hFUV7EAAAAAdzWUAH//////////AAAAAQAAAAAAAAAAAAAAAQAAABQAAAABAAAAAAQI6ATBFImTS1I7Fly9YiufQ/dC4uMOetO+m/BysWXyAAAAAUVVUgAAAAAALsLzczZPbcG7iR1Aap19uhmCNzGwnaUFPbeJ+hFUV7EAAAAAstBeAH//////////AAAAAQAAAAAAAAAAAAAAAwAAABMAAAACAAAAAC7C83M2T23Bu4kdQGqdfboZgjcxsJ2lBT23ifoRVFexAAAAAAAAAAIAAAABRVVSAAAAAAAuwvNzNk9twbuJHUBqnX26GYI3MbCdpQU9t4n6EVRXsQAAAAAAAAAAO5rKAAAAAAEAAAABAAAAAAAAAAAAAAAAAAAAAgAAAAIAAAAALsLzczZPbcG7iR1Aap19uhmCNzGwnaUFPbeJ+hFUV7EAAAAAAAAAAg==
2a6987a6930eab7e3becacf9b76ed7a06802668c1f1eb0f82f5671014b4b636a	21	1	AAAAAGL8HQvQkbK2HA3WVjRrKmjX00fG8sLI7m0ERwJW/AX3AAAAZAAAAAAAAAALAAAAAAAAAAAAAAABAAAAAAAAAAAAAAAAXK+F1JOs84QNDhnmIjjKUDQ+mEvueZwDL/tCVRXFjncAAAACVAvkAAAAAAAAAAABVvwF9wAAAEDfpUesb4kQ/RfBx1UxqNOtZ2+4R4S0XxzggPR1C3YyhZAr/K8KyZCg4ejDTFnhu9qAh4GLZLkbBraGncT9DcYF	KmmHppMOq3477Kz5t27XoGgCZowfHrD4L1ZxAUtLY2oAAAAAAAAAZAAAAAAAAAABAAAAAAAAAAAAAAAAAAAAAA==	AAAAAAAAAAEAAAACAAAAAAAAABUAAAAAAAAAAFyvhdSTrPOEDQ4Z5iI4ylA0PphL7nmcAy/7QlUVxY53AAAAAlQL5AAAAAAVAAAAAAAAAAAAAAAAAAAAAAAAAAABAAAAAAAAAAAAAAAAAAAAAAAAAQAAABUAAAAAAAAAAGL8HQvQkbK2HA3WVjRrKmjX00fG8sLI7m0ERwJW/AX3DeC2mhkvS1AAAAAAAAAADAAAAAAAAAAAAAAAAAAAAAABAAAAAAAAAAAAAAAAAAAA
96415ac1d2f79621b26b1568f963fd8dd6c50c20a22c7428cefbfe9dee867588	21	2	AAAAAGL8HQvQkbK2HA3WVjRrKmjX00fG8sLI7m0ERwJW/AX3AAAAZAAAAAAAAAAMAAAAAAAAAAAAAAABAAAAAAAAAAAAAAAAdQRiekAoVkbqXJa3xIIXnCcZLADk+cVfmZs9SLHWDWEAAAACVAvkAAAAAAAAAAABVvwF9wAAAEDdJGdvdZ2S4QoXdO+Odt8ZRdeVu7mBvq7FtP9okqr98pGD/jSAraklQvaRmCyMALIMD2kG8R2KjhKvy7oIL6IB	lkFawdL3liGyaxVo+WP9jdbFDCCiLHQozvv+ne6GdYgAAAAAAAAAZAAAAAAAAAABAAAAAAAAAAAAAAAAAAAAAA==	AAAAAAAAAAEAAAACAAAAAAAAABUAAAAAAAAAAHUEYnpAKFZG6lyWt8SCF5wnGSwA5PnFX5mbPUix1g1hAAAAAlQL5AAAAAAVAAAAAAAAAAAAAAAAAAAAAAAAAAABAAAAAAAAAAAAAAAAAAAAAAAAAQAAABUAAAAAAAAAAGL8HQvQkbK2HA3WVjRrKmjX00fG8sLI7m0ERwJW/AX3DeC2l8UjZ1AAAAAAAAAADAAAAAAAAAAAAAAAAAAAAAABAAAAAAAAAAAAAAAAAAAA
be05e4bd966d58689e1b6fae013e5aa77bde56e6acd2db9b96870e5e746a4ab7	22	1	AAAAAFyvhdSTrPOEDQ4Z5iI4ylA0PphL7nmcAy/7QlUVxY53AAAAZAAAABUAAAABAAAAAAAAAAAAAAABAAAAAAAAAAYAAAABVVNEAAAAAAB1BGJ6QChWRupclrfEghecJxksAOT5xV+Zmz1IsdYNYX//////////AAAAAAAAAAEVxY53AAAAQDMCWfC0eGNJuYIX3s5AUNLernpcHTn8O6ygq/Nw3S5vny/W42O5G4G6UsihVU1xd5bR4im2+VzQlQYQhe0jhwg=	vgXkvZZtWGieG2+uAT5ap3veVuas0tublocOXnRqSrcAAAAAAAAAZAAAAAAAAAABAAAAAAAAAAYAAAAAAAAAAA==	AAAAAAAAAAEAAAACAAAAAAAAABYAAAABAAAAAFyvhdSTrPOEDQ4Z5iI4ylA0PphL7nmcAy/7QlUVxY53AAAAAVVTRAAAAAAAdQRiekAoVkbqXJa3xIIXnCcZLADk+cVfmZs9SLHWDWEAAAAAAAAAAH//////////AAAAAQAAAAAAAAAAAAAAAQAAABYAAAAAAAAAAFyvhdSTrPOEDQ4Z5iI4ylA0PphL7nmcAy/7QlUVxY53AAAAAlQL45wAAAAVAAAAAQAAAAEAAAAAAAAAAAAAAAABAAAAAAAAAAAAAAAAAAAA
d8b2508123656b1df1ee17c2767829bc22ab41959ad25e6ccc520e849516fba1	23	1	AAAAAFyvhdSTrPOEDQ4Z5iI4ylA0PphL7nmcAy/7QlUVxY53AAAAZAAAABUAAAACAAAAAAAAAAAAAAABAAAAAAAAAAMAAAAAAAAAAVVTRAAAAAAAdQRiekAoVkbqXJa3xIIXnCcZLADk+cVfmZs9SLHWDWEAAAAAC+vCAAAAAAEAAAABAAAAAAAAAAAAAAAAAAAAARXFjncAAABATR48xYiKbu8AOoXFwvcvILZ0/pQkfGuwwAoIZNefr7ydIwlcuL44XPM7pJ/6jDSbqBudTNWdE2JRjuq7HI7IAA==	2LJQgSNlax3x7hfCdngpvCKrQZWa0l5szFIOhJUW+6EAAAAAAAAAZAAAAAAAAAABAAAAAAAAAAMAAAAAAAAAAAAAAAAAAAAAXK+F1JOs84QNDhnmIjjKUDQ+mEvueZwDL/tCVRXFjncAAAAAAAAAAwAAAAAAAAABVVNEAAAAAAB1BGJ6QChWRupclrfEghecJxksAOT5xV+Zmz1IsdYNYQAAAAAL68IAAAAAAQAAAAEAAAAAAAAAAAAAAAA=	AAAAAAAAAAEAAAACAAAAAAAAABcAAAACAAAAAFyvhdSTrPOEDQ4Z5iI4ylA0PphL7nmcAy/7QlUVxY53AAAAAAAAAAMAAAAAAAAAAVVTRAAAAAAAdQRiekAoVkbqXJa3xIIXnCcZLADk+cVfmZs9SLHWDWEAAAAAC+vCAAAAAAEAAAABAAAAAAAAAAAAAAAAAAAAAQAAABcAAAAAAAAAAFyvhdSTrPOEDQ4Z5iI4ylA0PphL7nmcAy/7QlUVxY53AAAAAlQL4zgAAAAVAAAAAgAAAAIAAAAAAAAAAAAAAAABAAAAAAAAAAAAAAAAAAAA
01346de1ca30ce03149d9f54945956a22f9cbed3d81f81c62bb59cf8cdd8b893	24	1	AAAAAHUEYnpAKFZG6lyWt8SCF5wnGSwA5PnFX5mbPUix1g1hAAAAZAAAABUAAAABAAAAAAAAAAAAAAABAAAAAAAAAAMAAAABVVNEAAAAAAB1BGJ6QChWRupclrfEghecJxksAOT5xV+Zmz1IsdYNYQAAAAAAAAAAEeGjAAAAAAEAAAABAAAAAAAAAAAAAAAAAAAAAbHWDWEAAABA0L+69D1hxpytAkX6cvPiBuO80ql8SQKZ15POVxx9wYl6mZrL+6UWGab/+6ng2M+a29E7ON+Xs46Y9MNqTh91AQ==	ATRt4cowzgMUnZ9UlFlWoi+cvtPYH4HGK7Wc+M3YuJMAAAAAAAAAZAAAAAAAAAABAAAAAAAAAAMAAAAAAAAAAQAAAABcr4XUk6zzhA0OGeYiOMpQND6YS+55nAMv+0JVFcWOdwAAAAAAAAADAAAAAAAAAAAL68IAAAAAAVVTRAAAAAAAdQRiekAoVkbqXJa3xIIXnCcZLADk+cVfmZs9SLHWDWEAAAAAC+vCAAAAAAAAAAAAdQRiekAoVkbqXJa3xIIXnCcZLADk+cVfmZs9SLHWDWEAAAAAAAAABAAAAAFVU0QAAAAAAHUEYnpAKFZG6lyWt8SCF5wnGSwA5PnFX5mbPUix1g1hAAAAAAAAAAAF9eEAAAAAAQAAAAEAAAAAAAAAAAAAAAA=	AAAAAAAAAAEAAAAHAAAAAAAAABgAAAACAAAAAHUEYnpAKFZG6lyWt8SCF5wnGSwA5PnFX5mbPUix1g1hAAAAAAAAAAQAAAABVVNEAAAAAAB1BGJ6QChWRupclrfEghecJxksAOT5xV+Zmz1IsdYNYQAAAAAAAAAABfXhAAAAAAEAAAABAAAAAAAAAAAAAAAAAAAAAwAAABcAAAAAAAAAAFyvhdSTrPOEDQ4Z5iI4ylA0PphL7nmcAy/7QlUVxY53AAAAAlQL4zgAAAAVAAAAAgAAAAIAAAAAAAAAAAAAAAABAAAAAAAAAAAAAAAAAAAAAAAAAQAAABgAAAAAAAAAAFyvhdSTrPOEDQ4Z5iI4ylA0PphL7nmcAy/7QlUVxY53AAAAAkggITgAAAAVAAAAAgAAAAEAAAAAAAAAAAAAAAABAAAAAAAAAAAAAAAAAAAAAAAAAQAAABgAAAAAAAAAAHUEYnpAKFZG6lyWt8SCF5wnGSwA5PnFX5mbPUix1g1hAAAAAl/3pZwAAAAVAAAAAQAAAAEAAAAAAAAAAAAAAAABAAAAAAAAAAAAAAAAAAAAAAAAAQAAABgAAAABAAAAAFyvhdSTrPOEDQ4Z5iI4ylA0PphL7nmcAy/7QlUVxY53AAAAAVVTRAAAAAAAdQRiekAoVkbqXJa3xIIXnCcZLADk+cVfmZs9SLHWDWEAAAAAC+vCAH//////////AAAAAQAAAAAAAAAAAAAAAwAAABcAAAACAAAAAFyvhdSTrPOEDQ4Z5iI4ylA0PphL7nmcAy/7QlUVxY53AAAAAAAAAAMAAAAAAAAAAVVTRAAAAAAAdQRiekAoVkbqXJa3xIIXnCcZLADk+cVfmZs9SLHWDWEAAAAAC+vCAAAAAAEAAAABAAAAAAAAAAAAAAAAAAAAAgAAAAIAAAAAXK+F1JOs84QNDhnmIjjKUDQ+mEvueZwDL/tCVRXFjncAAAAAAAAAAw==
\.


--
-- Name: accountdata_pkey; Type: CONSTRAINT; Schema: public; Owner: -; Tablespace: 
--

ALTER TABLE ONLY accountdata
    ADD CONSTRAINT accountdata_pkey PRIMARY KEY (accountid, dataname);


--
-- Name: accounts_pkey; Type: CONSTRAINT; Schema: public; Owner: -; Tablespace: 
--

ALTER TABLE ONLY accounts
    ADD CONSTRAINT accounts_pkey PRIMARY KEY (accountid);


--
-- Name: ledgerheaders_ledgerseq_key; Type: CONSTRAINT; Schema: public; Owner: -; Tablespace: 
--

ALTER TABLE ONLY ledgerheaders
    ADD CONSTRAINT ledgerheaders_ledgerseq_key UNIQUE (ledgerseq);


--
-- Name: ledgerheaders_pkey; Type: CONSTRAINT; Schema: public; Owner: -; Tablespace: 
--

ALTER TABLE ONLY ledgerheaders
    ADD CONSTRAINT ledgerheaders_pkey PRIMARY KEY (ledgerhash);


--
-- Name: offers_pkey; Type: CONSTRAINT; Schema: public; Owner: -; Tablespace: 
--

ALTER TABLE ONLY offers
    ADD CONSTRAINT offers_pkey PRIMARY KEY (offerid);


--
-- Name: peers_pkey; Type: CONSTRAINT; Schema: public; Owner: -; Tablespace: 
--

ALTER TABLE ONLY peers
    ADD CONSTRAINT peers_pkey PRIMARY KEY (ip, port);


--
-- Name: publishqueue_pkey; Type: CONSTRAINT; Schema: public; Owner: -; Tablespace: 
--

ALTER TABLE ONLY publishqueue
    ADD CONSTRAINT publishqueue_pkey PRIMARY KEY (ledger);


--
-- Name: pubsub_pkey; Type: CONSTRAINT; Schema: public; Owner: -; Tablespace: 
--

ALTER TABLE ONLY pubsub
    ADD CONSTRAINT pubsub_pkey PRIMARY KEY (resid);


--
-- Name: scpquorums_pkey; Type: CONSTRAINT; Schema: public; Owner: -; Tablespace: 
--

ALTER TABLE ONLY scpquorums
    ADD CONSTRAINT scpquorums_pkey PRIMARY KEY (qsethash);


--
-- Name: signers_pkey; Type: CONSTRAINT; Schema: public; Owner: -; Tablespace: 
--

ALTER TABLE ONLY signers
    ADD CONSTRAINT signers_pkey PRIMARY KEY (accountid, publickey);


--
-- Name: storestate_pkey; Type: CONSTRAINT; Schema: public; Owner: -; Tablespace: 
--

ALTER TABLE ONLY storestate
    ADD CONSTRAINT storestate_pkey PRIMARY KEY (statename);


--
-- Name: trustlines_pkey; Type: CONSTRAINT; Schema: public; Owner: -; Tablespace: 
--

ALTER TABLE ONLY trustlines
    ADD CONSTRAINT trustlines_pkey PRIMARY KEY (accountid, issuer, assetcode);


--
-- Name: txfeehistory_pkey; Type: CONSTRAINT; Schema: public; Owner: -; Tablespace: 
--

ALTER TABLE ONLY txfeehistory
    ADD CONSTRAINT txfeehistory_pkey PRIMARY KEY (ledgerseq, txindex);


--
-- Name: txhistory_pkey; Type: CONSTRAINT; Schema: public; Owner: -; Tablespace: 
--

ALTER TABLE ONLY txhistory
    ADD CONSTRAINT txhistory_pkey PRIMARY KEY (ledgerseq, txindex);


--
-- Name: accountbalances; Type: INDEX; Schema: public; Owner: -; Tablespace: 
--

CREATE INDEX accountbalances ON accounts USING btree (balance) WHERE (balance >= 1000000000);


--
-- Name: buyingissuerindex; Type: INDEX; Schema: public; Owner: -; Tablespace: 
--

CREATE INDEX buyingissuerindex ON offers USING btree (buyingissuer);


--
-- Name: histbyseq; Type: INDEX; Schema: public; Owner: -; Tablespace: 
--

CREATE INDEX histbyseq ON txhistory USING btree (ledgerseq);


--
-- Name: histfeebyseq; Type: INDEX; Schema: public; Owner: -; Tablespace: 
--

CREATE INDEX histfeebyseq ON txfeehistory USING btree (ledgerseq);


--
-- Name: ledgersbyseq; Type: INDEX; Schema: public; Owner: -; Tablespace: 
--

CREATE INDEX ledgersbyseq ON ledgerheaders USING btree (ledgerseq);


--
-- Name: priceindex; Type: INDEX; Schema: public; Owner: -; Tablespace: 
--

CREATE INDEX priceindex ON offers USING btree (price);


--
-- Name: scpenvsbyseq; Type: INDEX; Schema: public; Owner: -; Tablespace: 
--

CREATE INDEX scpenvsbyseq ON scphistory USING btree (ledgerseq);


--
-- Name: sellingissuerindex; Type: INDEX; Schema: public; Owner: -; Tablespace: 
--

CREATE INDEX sellingissuerindex ON offers USING btree (sellingissuer);


--
-- Name: signersaccount; Type: INDEX; Schema: public; Owner: -; Tablespace: 
--

CREATE INDEX signersaccount ON signers USING btree (accountid);


--
-- PostgreSQL database dump complete
--

