--
-- PostgreSQL database dump
--

SET statement_timeout = 0;
SET lock_timeout = 0;
SET client_encoding = 'UTF8';
SET standard_conforming_strings = on;
SET check_function_bodies = false;
SET client_min_messages = warning;

SET search_path = public, pg_catalog;

DROP INDEX public.signersaccount;
DROP INDEX public.sellingissuerindex;
DROP INDEX public.priceindex;
DROP INDEX public.ledgersbyseq;
DROP INDEX public.buyingissuerindex;
DROP INDEX public.accountlines;
DROP INDEX public.accountbalances;
ALTER TABLE ONLY public.txhistory DROP CONSTRAINT txhistory_pkey;
ALTER TABLE ONLY public.txhistory DROP CONSTRAINT txhistory_ledgerseq_txindex_key;
ALTER TABLE ONLY public.trustlines DROP CONSTRAINT trustlines_pkey;
ALTER TABLE ONLY public.storestate DROP CONSTRAINT storestate_pkey;
ALTER TABLE ONLY public.signers DROP CONSTRAINT signers_pkey;
ALTER TABLE ONLY public.peers DROP CONSTRAINT peers_pkey;
ALTER TABLE ONLY public.offers DROP CONSTRAINT offers_pkey;
ALTER TABLE ONLY public.ledgerheaders DROP CONSTRAINT ledgerheaders_pkey;
ALTER TABLE ONLY public.ledgerheaders DROP CONSTRAINT ledgerheaders_ledgerseq_key;
ALTER TABLE ONLY public.accounts DROP CONSTRAINT accounts_pkey;
DROP TABLE public.txhistory;
DROP TABLE public.trustlines;
DROP TABLE public.storestate;
DROP TABLE public.signers;
DROP TABLE public.peers;
DROP TABLE public.offers;
DROP TABLE public.ledgerheaders;
DROP TABLE public.accounts;
DROP EXTENSION plpgsql;
DROP SCHEMA public;
--
-- Name: public; Type: SCHEMA; Schema: -; Owner: -
--

CREATE SCHEMA public;


--
-- Name: SCHEMA public; Type: COMMENT; Schema: -; Owner: -
--

COMMENT ON SCHEMA public IS 'standard public schema';


--
-- Name: plpgsql; Type: EXTENSION; Schema: -; Owner: -
--

CREATE EXTENSION IF NOT EXISTS plpgsql WITH SCHEMA pg_catalog;


--
-- Name: EXTENSION plpgsql; Type: COMMENT; Schema: -; Owner: -
--

COMMENT ON EXTENSION plpgsql IS 'PL/pgSQL procedural language';


SET search_path = public, pg_catalog;

SET default_tablespace = '';

SET default_with_oids = false;

--
-- Name: accounts; Type: TABLE; Schema: public; Owner: -; Tablespace: 
--

CREATE TABLE accounts (
    accountid character varying(56) NOT NULL,
    balance bigint NOT NULL,
    seqnum bigint NOT NULL,
    numsubentries integer NOT NULL,
    inflationdest character varying(56),
    homedomain character varying(32),
    thresholds text,
    flags integer NOT NULL,
    lastmodified integer NOT NULL,
    CONSTRAINT accounts_balance_check CHECK ((balance >= 0)),
    CONSTRAINT accounts_numsubentries_check CHECK ((numsubentries >= 0))
);


--
-- Name: ledgerheaders; Type: TABLE; Schema: public; Owner: -; Tablespace: 
--

CREATE TABLE ledgerheaders (
    ledgerhash character(64) NOT NULL,
    prevhash character(64) NOT NULL,
    bucketlisthash character(64) NOT NULL,
    ledgerseq integer,
    closetime bigint NOT NULL,
    data text NOT NULL,
    CONSTRAINT ledgerheaders_closetime_check CHECK ((closetime >= 0)),
    CONSTRAINT ledgerheaders_ledgerseq_check CHECK ((ledgerseq >= 0))
);


--
-- Name: offers; Type: TABLE; Schema: public; Owner: -; Tablespace: 
--

CREATE TABLE offers (
    sellerid character varying(56) NOT NULL,
    offerid bigint NOT NULL,
    sellingassettype integer,
    sellingassetcode character varying(12),
    sellingissuer character varying(56),
    buyingassettype integer,
    buyingassetcode character varying(12),
    buyingissuer character varying(56),
    amount bigint NOT NULL,
    pricen integer NOT NULL,
    priced integer NOT NULL,
    price bigint NOT NULL,
    flags integer NOT NULL,
    lastmodified integer NOT NULL,
    CONSTRAINT offers_amount_check CHECK ((amount >= 0)),
    CONSTRAINT offers_offerid_check CHECK ((offerid >= 0))
);


--
-- Name: peers; Type: TABLE; Schema: public; Owner: -; Tablespace: 
--

CREATE TABLE peers (
    ip character varying(15) NOT NULL,
    port integer DEFAULT 0 NOT NULL,
    nextattempt timestamp without time zone NOT NULL,
    numfailures integer DEFAULT 0 NOT NULL,
    rank integer DEFAULT 0 NOT NULL,
    CONSTRAINT peers_numfailures_check CHECK ((numfailures >= 0)),
    CONSTRAINT peers_port_check CHECK (((port > 0) AND (port <= 65535))),
    CONSTRAINT peers_rank_check CHECK ((rank >= 0))
);


--
-- Name: signers; Type: TABLE; Schema: public; Owner: -; Tablespace: 
--

CREATE TABLE signers (
    accountid character varying(56) NOT NULL,
    publickey character varying(56) NOT NULL,
    weight integer NOT NULL
);


--
-- Name: storestate; Type: TABLE; Schema: public; Owner: -; Tablespace: 
--

CREATE TABLE storestate (
    statename character(32) NOT NULL,
    state text
);


--
-- Name: trustlines; Type: TABLE; Schema: public; Owner: -; Tablespace: 
--

CREATE TABLE trustlines (
    accountid character varying(56) NOT NULL,
    assettype integer NOT NULL,
    issuer character varying(56) NOT NULL,
    assetcode character varying(12) NOT NULL,
    tlimit bigint DEFAULT 0 NOT NULL,
    balance bigint DEFAULT 0 NOT NULL,
    flags integer NOT NULL,
    lastmodified integer NOT NULL,
    CONSTRAINT trustlines_balance_check CHECK ((balance >= 0)),
    CONSTRAINT trustlines_tlimit_check CHECK ((tlimit >= 0))
);


--
-- Name: txhistory; Type: TABLE; Schema: public; Owner: -; Tablespace: 
--

CREATE TABLE txhistory (
    txid character(64) NOT NULL,
    ledgerseq integer NOT NULL,
    txindex integer NOT NULL,
    txbody text NOT NULL,
    txresult text NOT NULL,
    txmeta text NOT NULL,
    CONSTRAINT txhistory_ledgerseq_check CHECK ((ledgerseq >= 0))
);


--
-- Data for Name: accounts; Type: TABLE DATA; Schema: public; Owner: -
--

COPY accounts (accountid, balance, seqnum, numsubentries, inflationdest, homedomain, thresholds, flags, lastmodified) FROM stdin;
GBRPYHIL2CI3FNQ4BXLFMNDLFJUNPU2HY3ZMFSHONUCEOASW7QC7OX2H	99999969999999970	3	0	\N		AQAAAA==	0	2
GC23QF2HUE52AMXUFUH3AYJAXXGXXV2VHXYYR6EYXETPKDXZSAW67XO4	9999999960	8589934596	0	\N		AQAAAA==	0	4
GBXGQJWVLWOYHFLVTKWV5FGHA3LNYY2JQKM7OAJAUEQFU6LPCSEFVXON	9999999920	8589934600	8	\N		AQAAAA==	0	6
GCXKG6RN4ONIEPCMNFB732A436Z5PNDSRLGWK7GBLCMQLIFO4S7EYWVU	9999999920	8589934600	8	\N		AQAAAA==	0	6
\.


--
-- Data for Name: ledgerheaders; Type: TABLE DATA; Schema: public; Owner: -
--

COPY ledgerheaders (ledgerhash, prevhash, bucketlisthash, ledgerseq, closetime, data) FROM stdin;
5ade5048fb66795219cbb45a55bf5e2710f739610d10e6875bf7f85d85900669	0000000000000000000000000000000000000000000000000000000000000000	759f642a94be58e4118ef79bd7f343832a82db2fc4f98f41ee7d22b61df716ed	1	0	AAAAAAAAAAAAAAAAAAAAAAAAAAAAAAAAAAAAAAAAAAAAAAAAAAAAAAAAAAAAAAAAAAAAAAAAAAAAAAAAAAAAAAAAAAAAAAAAAAAAAAAAAAAAAAAAAAAAAAAAAAAAAAAAAAAAAAAAAAAAAAAAAAAAAAAAAAB1n2QqlL5Y5BGO95vX80ODKoLbL8T5j0HufSK2HfcW7QAAAAEBY0V4XYoAAAAAAAAAAAAAAAAAAAAAAAAAAAAAAAAACgCYloAAAAAAAAAAAAAAAAAAAAAAAAAAAAAAAAAAAAAAAAAAAAAAAAAAAAAAAAAAAAAAAAAAAAAAAAAAAAAAAAAAAAAAAAAAAAAAAAAAAAAAAAAAAAAAAAAAAAAAAAAAAAAAAAAAAAAAAAAAAAAAAAAAAAAAAAAAAAAAAAAAAAAAAAAAAAAAAAA=
a18d25ca3478fdbde2c7e5b28ad3fb177fb7f983f733c5eb4aa6a8cca97ef1d3	5ade5048fb66795219cbb45a55bf5e2710f739610d10e6875bf7f85d85900669	8816bc9421463b3e09533b859eca91b52875c84555b1afb9d5548b68e5a868f3	2	1441750020	AAAAAVreUEj7ZnlSGcu0WlW/XicQ9zlhDRDmh1v3+F2FkAZpzCXQyBqKG1St9s9GI2uTDjV+xatlLzHpKhADCRW532IAAAAAVe9cBAAAAAEAAAAIAAAAAQAAAAEAAAAAkUfjgjPThVgsHCN+G0Sf3g+YmAQOX5Tthw9xvjaPNmuIFryUIUY7PglTO4WeypG1KHXIRVWxr7nVVIto5aho8wAAAAIBY0V4XYoAAAAAAAAAAAAeAAAAAAAAAAAAAAAAAAAACgCYloAAAAAAAAAAAAAAAAAAAAAAAAAAAAAAAAAAAAAAAAAAAAAAAAAAAAAAAAAAAAAAAAAAAAAAAAAAAAAAAAAAAAAAAAAAAAAAAAAAAAAAAAAAAAAAAAAAAAAAAAAAAAAAAAAAAAAAAAAAAAAAAAAAAAAAAAAAAAAAAAAAAAAAAAAAAAAAAAA=
3af620eda5c324ff1b696f80aa5887927b1aefcfe647e1ea78a7af655c09c20b	a18d25ca3478fdbde2c7e5b28ad3fb177fb7f983f733c5eb4aa6a8cca97ef1d3	a4569d4f16444a9d8db306347c2f5af9be41ad1172897cc4dd70ea39cc88128e	3	1441750021	AAAAAaGNJco0eP294sflsorT+xd/t/mD9zPF60qmqMypfvHTEiHo4WhWLbRSmso1ArKXqiZqC6RzAF569AeuDXzHDV4AAAAAVe9cBQAAAAAAAAAA4oYQJRkbPODxasBJkuG/nAbMtJDTUoiWYf+9I7DUDQ+kVp1PFkRKnY2zBjR8L1r5vkGtEXKJfMTdcOo5zIgSjgAAAAMBY0V4XYoAAAAAAAAAAABGAAAAAAAAAAAAAAAAAAAACgCYloAAAAAAAAAAAAAAAAAAAAAAAAAAAAAAAAAAAAAAAAAAAAAAAAAAAAAAAAAAAAAAAAAAAAAAAAAAAAAAAAAAAAAAAAAAAAAAAAAAAAAAAAAAAAAAAAAAAAAAAAAAAAAAAAAAAAAAAAAAAAAAAAAAAAAAAAAAAAAAAAAAAAAAAAAAAAAAAAA=
0bcd2918cb952a9ad0b97ef4c3d7a6ee26cdb681648f3741148a4ef59b38cd04	3af620eda5c324ff1b696f80aa5887927b1aefcfe647e1ea78a7af655c09c20b	3d60616fbccef680ebdb0a2695a0a3fab90af40bd214b3f49cc31335bf1cf169	4	1441750022	AAAAATr2IO2lwyT/G2lvgKpYh5J7Gu/P5kfh6ninr2VcCcILs0AqyAHtvXUXUpNDrjL7tIpB4l5/rDlUDXmor40XQr4AAAAAVe9cBgAAAAAAAAAAb3PJrnB0VI+aZ/SeOZfrGOBFNqEO1xpqU6jIwGQhGpE9YGFvvM72gOvbCiaVoKP6uQr0C9IUs/ScwxM1vxzxaQAAAAQBY0V4XYoAAAAAAAAAAABuAAAAAAAAAAAAAAAAAAAACgCYloAAAAAAAAAAAAAAAAAAAAAAAAAAAAAAAAAAAAAAAAAAAAAAAAAAAAAAAAAAAAAAAAAAAAAAAAAAAAAAAAAAAAAAAAAAAAAAAAAAAAAAAAAAAAAAAAAAAAAAAAAAAAAAAAAAAAAAAAAAAAAAAAAAAAAAAAAAAAAAAAAAAAAAAAAAAAAAAAA=
5169bb7bfc134b260a4a7b815e55b0ac2080ed7c4e3b35d4d10f871dc172024b	0bcd2918cb952a9ad0b97ef4c3d7a6ee26cdb681648f3741148a4ef59b38cd04	90dea24b2da047fb66efca5ffc9fb367c7e400bdd142c895233306ec50197bd3	5	1441750023	AAAAAQvNKRjLlSqa0Ll+9MPXpu4mzbaBZI83QRSKTvWbOM0EIcorUZIxGI/jDhMo7/1mfHiB+m4I66tIdnzALJMIagAAAAAAVe9cBwAAAAAAAAAACHCILzwQL+jfTKPd7MbM0Y9BS8jVlqkWOudcofQZaPmQ3qJLLaBH+2bvyl/8n7Nnx+QAvdFCyJUjMwbsUBl70wAAAAUBY0V4XYoAAAAAAAAAAACqAAAAAAAAAAAAAAAGAAAACgCYloAAAAAAAAAAAAAAAAAAAAAAAAAAAAAAAAAAAAAAAAAAAAAAAAAAAAAAAAAAAAAAAAAAAAAAAAAAAAAAAAAAAAAAAAAAAAAAAAAAAAAAAAAAAAAAAAAAAAAAAAAAAAAAAAAAAAAAAAAAAAAAAAAAAAAAAAAAAAAAAAAAAAAAAAAAAAAAAAA=
ab7ab6d8f76850d2853a980360fc77d94dacc771d40bedc4a2c8e46030f2c8f0	5169bb7bfc134b260a4a7b815e55b0ac2080ed7c4e3b35d4d10f871dc172024b	b1df1bdc1932d27f4a2bde843755eda5bb733bfa27b81d7348f8d08cb960a48f	6	1441750024	AAAAAVFpu3v8E0smCkp7gV5VsKwggO18Tjs11NEPhx3BcgJLeTg4/SjxAp5B/nykgzO/7+N3OqmctxzZZ6+6QhNUAMIAAAAAVe9cCAAAAAAAAAAArbJRT+gvAxR7Pd8mG2Cm4AyFNwlARWOWfutpUPgH6i2x3xvcGTLSf0or3oQ3Ve2lu3M7+ie4HXNI+NCMuWCkjwAAAAYBY0V4XYoAAAAAAAAAAADmAAAAAAAAAAAAAAAMAAAACgCYloAAAAAAAAAAAAAAAAAAAAAAAAAAAAAAAAAAAAAAAAAAAAAAAAAAAAAAAAAAAAAAAAAAAAAAAAAAAAAAAAAAAAAAAAAAAAAAAAAAAAAAAAAAAAAAAAAAAAAAAAAAAAAAAAAAAAAAAAAAAAAAAAAAAAAAAAAAAAAAAAAAAAAAAAAAAAAAAAA=
\.


--
-- Data for Name: offers; Type: TABLE DATA; Schema: public; Owner: -
--

COPY offers (sellerid, offerid, sellingassettype, sellingassetcode, sellingissuer, buyingassettype, buyingassetcode, buyingissuer, amount, pricen, priced, price, flags, lastmodified) FROM stdin;
GBXGQJWVLWOYHFLVTKWV5FGHA3LNYY2JQKM7OAJAUEQFU6LPCSEFVXON	1	1	USD	GC23QF2HUE52AMXUFUH3AYJAXXGXXV2VHXYYR6EYXETPKDXZSAW67XO4	0			10	15	1	150000000	0	5
GCXKG6RN4ONIEPCMNFB732A436Z5PNDSRLGWK7GBLCMQLIFO4S7EYWVU	2	0			1	USD	GC23QF2HUE52AMXUFUH3AYJAXXGXXV2VHXYYR6EYXETPKDXZSAW67XO4	1	1	10	1000000	0	5
GBXGQJWVLWOYHFLVTKWV5FGHA3LNYY2JQKM7OAJAUEQFU6LPCSEFVXON	3	1	USD	GC23QF2HUE52AMXUFUH3AYJAXXGXXV2VHXYYR6EYXETPKDXZSAW67XO4	0			100	20	1	200000000	0	5
GCXKG6RN4ONIEPCMNFB732A436Z5PNDSRLGWK7GBLCMQLIFO4S7EYWVU	4	0			1	USD	GC23QF2HUE52AMXUFUH3AYJAXXGXXV2VHXYYR6EYXETPKDXZSAW67XO4	11	1	9	1111111	0	5
GCXKG6RN4ONIEPCMNFB732A436Z5PNDSRLGWK7GBLCMQLIFO4S7EYWVU	5	0			1	USD	GC23QF2HUE52AMXUFUH3AYJAXXGXXV2VHXYYR6EYXETPKDXZSAW67XO4	200	1	5	2000000	0	5
GBXGQJWVLWOYHFLVTKWV5FGHA3LNYY2JQKM7OAJAUEQFU6LPCSEFVXON	6	1	USD	GC23QF2HUE52AMXUFUH3AYJAXXGXXV2VHXYYR6EYXETPKDXZSAW67XO4	0			1000	50	1	500000000	0	5
GCXKG6RN4ONIEPCMNFB732A436Z5PNDSRLGWK7GBLCMQLIFO4S7EYWVU	7	1	BTC	GC23QF2HUE52AMXUFUH3AYJAXXGXXV2VHXYYR6EYXETPKDXZSAW67XO4	1	USD	GC23QF2HUE52AMXUFUH3AYJAXXGXXV2VHXYYR6EYXETPKDXZSAW67XO4	1	1	10	1000000	0	6
GBXGQJWVLWOYHFLVTKWV5FGHA3LNYY2JQKM7OAJAUEQFU6LPCSEFVXON	8	1	USD	GC23QF2HUE52AMXUFUH3AYJAXXGXXV2VHXYYR6EYXETPKDXZSAW67XO4	1	BTC	GC23QF2HUE52AMXUFUH3AYJAXXGXXV2VHXYYR6EYXETPKDXZSAW67XO4	10	15	1	150000000	0	6
GCXKG6RN4ONIEPCMNFB732A436Z5PNDSRLGWK7GBLCMQLIFO4S7EYWVU	9	1	BTC	GC23QF2HUE52AMXUFUH3AYJAXXGXXV2VHXYYR6EYXETPKDXZSAW67XO4	1	USD	GC23QF2HUE52AMXUFUH3AYJAXXGXXV2VHXYYR6EYXETPKDXZSAW67XO4	11	1	9	1111111	0	6
GBXGQJWVLWOYHFLVTKWV5FGHA3LNYY2JQKM7OAJAUEQFU6LPCSEFVXON	10	1	USD	GC23QF2HUE52AMXUFUH3AYJAXXGXXV2VHXYYR6EYXETPKDXZSAW67XO4	1	BTC	GC23QF2HUE52AMXUFUH3AYJAXXGXXV2VHXYYR6EYXETPKDXZSAW67XO4	100	20	1	200000000	0	6
GBXGQJWVLWOYHFLVTKWV5FGHA3LNYY2JQKM7OAJAUEQFU6LPCSEFVXON	11	1	USD	GC23QF2HUE52AMXUFUH3AYJAXXGXXV2VHXYYR6EYXETPKDXZSAW67XO4	1	BTC	GC23QF2HUE52AMXUFUH3AYJAXXGXXV2VHXYYR6EYXETPKDXZSAW67XO4	1000	50	1	500000000	0	6
GCXKG6RN4ONIEPCMNFB732A436Z5PNDSRLGWK7GBLCMQLIFO4S7EYWVU	12	1	BTC	GC23QF2HUE52AMXUFUH3AYJAXXGXXV2VHXYYR6EYXETPKDXZSAW67XO4	1	USD	GC23QF2HUE52AMXUFUH3AYJAXXGXXV2VHXYYR6EYXETPKDXZSAW67XO4	200	1	5	2000000	0	6
\.


--
-- Data for Name: peers; Type: TABLE DATA; Schema: public; Owner: -
--

COPY peers (ip, port, nextattempt, numfailures, rank) FROM stdin;
\.


--
-- Data for Name: signers; Type: TABLE DATA; Schema: public; Owner: -
--

COPY signers (accountid, publickey, weight) FROM stdin;
\.


--
-- Data for Name: storestate; Type: TABLE DATA; Schema: public; Owner: -
--

COPY storestate (statename, state) FROM stdin;
databaseinitialized             	true
forcescponnextlaunch            	false
lastclosedledger                	ab7ab6d8f76850d2853a980360fc77d94dacc771d40bedc4a2c8e46030f2c8f0
historyarchivestate             	{\n    "version": 1,\n    "server": "343b61d",\n    "currentLedger": 6,\n    "currentBuckets": [\n        {\n            "curr": "9a13d47b3e4c886b42c511806681e9f1c711ec1c63eb6614c2bbbc99dd0915c3",\n            "next": {\n                "state": 0\n            },\n            "snap": "5cb9acc6ecf66e0ef131a852de9ca021fcab2ff9907143d4773527e5de96f195"\n        },\n        {\n            "curr": "b660205170428decd9cc530c663b62d9382fad97cd806b0f9a5835a8b7a15b18",\n            "next": {\n                "state": 1,\n                "output": "5cb9acc6ecf66e0ef131a852de9ca021fcab2ff9907143d4773527e5de96f195"\n            },\n            "snap": "0000000000000000000000000000000000000000000000000000000000000000"\n        },\n        {\n            "curr": "0000000000000000000000000000000000000000000000000000000000000000",\n            "next": {\n                "state": 0\n            },\n            "snap": "0000000000000000000000000000000000000000000000000000000000000000"\n        },\n        {\n            "curr": "0000000000000000000000000000000000000000000000000000000000000000",\n            "next": {\n                "state": 0\n            },\n            "snap": "0000000000000000000000000000000000000000000000000000000000000000"\n        },\n        {\n            "curr": "0000000000000000000000000000000000000000000000000000000000000000",\n            "next": {\n                "state": 0\n            },\n            "snap": "0000000000000000000000000000000000000000000000000000000000000000"\n        },\n        {\n            "curr": "0000000000000000000000000000000000000000000000000000000000000000",\n            "next": {\n                "state": 0\n            },\n            "snap": "0000000000000000000000000000000000000000000000000000000000000000"\n        },\n        {\n            "curr": "0000000000000000000000000000000000000000000000000000000000000000",\n            "next": {\n                "state": 0\n            },\n            "snap": "0000000000000000000000000000000000000000000000000000000000000000"\n        },\n        {\n            "curr": "0000000000000000000000000000000000000000000000000000000000000000",\n            "next": {\n                "state": 0\n            },\n            "snap": "0000000000000000000000000000000000000000000000000000000000000000"\n        },\n        {\n            "curr": "0000000000000000000000000000000000000000000000000000000000000000",\n            "next": {\n                "state": 0\n            },\n            "snap": "0000000000000000000000000000000000000000000000000000000000000000"\n        },\n        {\n            "curr": "0000000000000000000000000000000000000000000000000000000000000000",\n            "next": {\n                "state": 0\n            },\n            "snap": "0000000000000000000000000000000000000000000000000000000000000000"\n        },\n        {\n            "curr": "0000000000000000000000000000000000000000000000000000000000000000",\n            "next": {\n                "state": 0\n            },\n            "snap": "0000000000000000000000000000000000000000000000000000000000000000"\n        }\n    ]\n}
\.


--
-- Data for Name: trustlines; Type: TABLE DATA; Schema: public; Owner: -
--

COPY trustlines (accountid, assettype, issuer, assetcode, tlimit, balance, flags, lastmodified) FROM stdin;
GCXKG6RN4ONIEPCMNFB732A436Z5PNDSRLGWK7GBLCMQLIFO4S7EYWVU	1	GC23QF2HUE52AMXUFUH3AYJAXXGXXV2VHXYYR6EYXETPKDXZSAW67XO4	USD	9223372036854775807	5000	1	4
GBXGQJWVLWOYHFLVTKWV5FGHA3LNYY2JQKM7OAJAUEQFU6LPCSEFVXON	1	GC23QF2HUE52AMXUFUH3AYJAXXGXXV2VHXYYR6EYXETPKDXZSAW67XO4	USD	9223372036854775807	5000	1	4
GCXKG6RN4ONIEPCMNFB732A436Z5PNDSRLGWK7GBLCMQLIFO4S7EYWVU	1	GC23QF2HUE52AMXUFUH3AYJAXXGXXV2VHXYYR6EYXETPKDXZSAW67XO4	BTC	9223372036854775807	5000	1	4
GBXGQJWVLWOYHFLVTKWV5FGHA3LNYY2JQKM7OAJAUEQFU6LPCSEFVXON	1	GC23QF2HUE52AMXUFUH3AYJAXXGXXV2VHXYYR6EYXETPKDXZSAW67XO4	BTC	9223372036854775807	5000	1	4
\.


--
-- Data for Name: txhistory; Type: TABLE DATA; Schema: public; Owner: -
--

COPY txhistory (txid, ledgerseq, txindex, txbody, txresult, txmeta) FROM stdin;
613cf1045ea75a142e4d289d73ad8d72cd919a0b955ed056793f9c97cb676eb7	2	1	AAAAAGL8HQvQkbK2HA3WVjRrKmjX00fG8sLI7m0ERwJW/AX3AAAACgAAAAAAAAABAAAAAAAAAAAAAAABAAAAAAAAAAAAAAAAtbgXR6E7oDL0LQ+wYSC9zXvXVT3xiPiYuSb1DvmQLe8AAAACVAvkAAAAAAAAAAABVvwF9wAAAEBjfZBNlq8+84b7VgwIqfTWE4GMBs3CQV4+BkD6y9dYOXfo4nRst1WiLiffiEgYHl/flmY+aZP7rKozDZ4adfUP	YTzxBF6nWhQuTSidc62Ncs2RmguVXtBWeT+cl8tnbrcAAAAAAAAACgAAAAAAAAABAAAAAAAAAAAAAAAAAAAAAA==	AAAAAAAAAAEAAAABAAAAAgAAAAAAAAAAYvwdC9CRsrYcDdZWNGsqaNfTR8bywsjubQRHAlb8BfcBY0V4XYn/9gAAAAAAAAABAAAAAAAAAAAAAAAAAAAAAAEAAAAAAAAAAAAAAAAAAAAAAAABAAAAAgAAAAAAAAACAAAAAAAAAAC1uBdHoTugMvQtD7BhIL3Ne9dVPfGI+Ji5JvUO+ZAt7wAAAAJUC+QAAAAAAgAAAAAAAAAAAAAAAAAAAAAAAAAAAQAAAAAAAAAAAAAAAAAAAAAAAAEAAAACAAAAAAAAAABi/B0L0JGythwN1lY0aypo19NHxvLCyO5tBEcCVvwF9wFjRXYJfhv2AAAAAAAAAAEAAAAAAAAAAAAAAAAAAAAAAQAAAAAAAAAAAAAAAAAAAA==
f9a81883373ad48a8a00e347e97e0afc8d6bb8cb4adf1633293821aca0f355cf	2	2	AAAAAGL8HQvQkbK2HA3WVjRrKmjX00fG8sLI7m0ERwJW/AX3AAAACgAAAAAAAAACAAAAAAAAAAAAAAABAAAAAAAAAAAAAAAArqN6LeOagjxMaUP96Bzfs9e0corNZXzBWJkFoK7kvkwAAAACVAvkAAAAAAAAAAABVvwF9wAAAEC4725QQI1lrOTP0xA4xZL7VQRZYxrTLIM/YHQ1QOBa0+s6oBFdpWlks8IgzlulnvTQ84uekpsFScUwJaR9J30L	+agYgzc61IqKAONH6X4K/I1ruMtK3xYzKTghrKDzVc8AAAAAAAAACgAAAAAAAAABAAAAAAAAAAAAAAAAAAAAAA==	AAAAAAAAAAEAAAABAAAAAgAAAAAAAAAAYvwdC9CRsrYcDdZWNGsqaNfTR8bywsjubQRHAlb8BfcBY0V2CX4b7AAAAAAAAAACAAAAAAAAAAAAAAAAAAAAAAEAAAAAAAAAAAAAAAAAAAAAAAABAAAAAgAAAAAAAAACAAAAAAAAAACuo3ot45qCPExpQ/3oHN+z17Ryis1lfMFYmQWgruS+TAAAAAJUC+QAAAAAAgAAAAAAAAAAAAAAAAAAAAAAAAAAAQAAAAAAAAAAAAAAAAAAAAAAAAEAAAACAAAAAAAAAABi/B0L0JGythwN1lY0aypo19NHxvLCyO5tBEcCVvwF9wFjRXO1cjfsAAAAAAAAAAIAAAAAAAAAAAAAAAAAAAAAAQAAAAAAAAAAAAAAAAAAAA==
be40509b657bfe22db933a60fb3c8e23159e8a5a7686e5aee08f506c686f4403	2	3	AAAAAGL8HQvQkbK2HA3WVjRrKmjX00fG8sLI7m0ERwJW/AX3AAAACgAAAAAAAAADAAAAAAAAAAAAAAABAAAAAAAAAAAAAAAAbmgm1V2dg5V1mq1elMcG1txjSYKZ9wEgoSBaeW8UiFoAAAACVAvkAAAAAAAAAAABVvwF9wAAAEDjBxAycvuCHFDEJtkDjvmh+OUd/6Fa4vYcblHlAmvGHb796sOfh0LITtUu7A8pOsF54E1Yi/4+hCBbalAIc/oK	vkBQm2V7/iLbkzpg+zyOIxWeilp2huWu4I9QbGhvRAMAAAAAAAAACgAAAAAAAAABAAAAAAAAAAAAAAAAAAAAAA==	AAAAAAAAAAEAAAABAAAAAgAAAAAAAAAAYvwdC9CRsrYcDdZWNGsqaNfTR8bywsjubQRHAlb8BfcBY0VztXI34gAAAAAAAAADAAAAAAAAAAAAAAAAAAAAAAEAAAAAAAAAAAAAAAAAAAAAAAABAAAAAgAAAAAAAAACAAAAAAAAAABuaCbVXZ2DlXWarV6UxwbW3GNJgpn3ASChIFp5bxSIWgAAAAJUC+QAAAAAAgAAAAAAAAAAAAAAAAAAAAAAAAAAAQAAAAAAAAAAAAAAAAAAAAAAAAEAAAACAAAAAAAAAABi/B0L0JGythwN1lY0aypo19NHxvLCyO5tBEcCVvwF9wFjRXFhZlPiAAAAAAAAAAMAAAAAAAAAAAAAAAAAAAAAAQAAAAAAAAAAAAAAAAAAAA==
a8db03f213fe5ebd47f5e3b86923a384212405ad406dfb3499f5aa3e56862256	3	1	AAAAAK6jei3jmoI8TGlD/egc37PXtHKKzWV8wViZBaCu5L5MAAAACgAAAAIAAAABAAAAAAAAAAAAAAABAAAAAAAAAAYAAAABVVNEAAAAAAC1uBdHoTugMvQtD7BhIL3Ne9dVPfGI+Ji5JvUO+ZAt73//////////AAAAAAAAAAGu5L5MAAAAQC5fAydW9AJqKcCilC1Vo2f+LuWEaui1lHdb5q7HkAFU4dkMUIlgpibkGYlZqcypf4MCmw/Hu2c7BXuAEq4zbQk=	qNsD8hP+Xr1H9eO4aSOjhCEkBa1Abfs0mfWqPlaGIlYAAAAAAAAACgAAAAAAAAABAAAAAAAAAAYAAAAAAAAAAA==	AAAAAAAAAAEAAAABAAAAAwAAAAAAAAAArqN6LeOagjxMaUP96Bzfs9e0corNZXzBWJkFoK7kvkwAAAACVAvj9gAAAAIAAAABAAAAAAAAAAAAAAAAAAAAAAEAAAAAAAAAAAAAAAAAAAAAAAABAAAAAgAAAAAAAAADAAAAAQAAAACuo3ot45qCPExpQ/3oHN+z17Ryis1lfMFYmQWgruS+TAAAAAFVU0QAAAAAALW4F0ehO6Ay9C0PsGEgvc1711U98Yj4mLkm9Q75kC3vAAAAAAAAAAB//////////wAAAAEAAAAAAAAAAAAAAAEAAAADAAAAAAAAAACuo3ot45qCPExpQ/3oHN+z17Ryis1lfMFYmQWgruS+TAAAAAJUC+P2AAAAAgAAAAEAAAABAAAAAAAAAAAAAAAAAQAAAAAAAAAAAAAAAAAAAA==
677b1d851c14207ee539dc643027f72696f5fa95da2d668703f703aa4d559e2f	3	2	AAAAAG5oJtVdnYOVdZqtXpTHBtbcY0mCmfcBIKEgWnlvFIhaAAAACgAAAAIAAAABAAAAAAAAAAAAAAABAAAAAAAAAAYAAAABVVNEAAAAAAC1uBdHoTugMvQtD7BhIL3Ne9dVPfGI+Ji5JvUO+ZAt73//////////AAAAAAAAAAFvFIhaAAAAQIiruYK4zIkyS4+gMOKFNAmE1/dfY6igM/JhSOWn0xowD0riYK8iYJ1R/rc/2/z0bjCTW6p28FF7EPJKF2P4AQ4=	Z3sdhRwUIH7lOdxkMCf3Jpb1+pXaLWaHA/cDqk1Vni8AAAAAAAAACgAAAAAAAAABAAAAAAAAAAYAAAAAAAAAAA==	AAAAAAAAAAEAAAABAAAAAwAAAAAAAAAAbmgm1V2dg5V1mq1elMcG1txjSYKZ9wEgoSBaeW8UiFoAAAACVAvj9gAAAAIAAAABAAAAAAAAAAAAAAAAAAAAAAEAAAAAAAAAAAAAAAAAAAAAAAABAAAAAgAAAAAAAAADAAAAAQAAAABuaCbVXZ2DlXWarV6UxwbW3GNJgpn3ASChIFp5bxSIWgAAAAFVU0QAAAAAALW4F0ehO6Ay9C0PsGEgvc1711U98Yj4mLkm9Q75kC3vAAAAAAAAAAB//////////wAAAAEAAAAAAAAAAAAAAAEAAAADAAAAAAAAAABuaCbVXZ2DlXWarV6UxwbW3GNJgpn3ASChIFp5bxSIWgAAAAJUC+P2AAAAAgAAAAEAAAABAAAAAAAAAAAAAAAAAQAAAAAAAAAAAAAAAAAAAA==
d93c97365c2184eb5766f76d38a2426c2f1ef4481a86b7b22114812f7875cd37	3	3	AAAAAK6jei3jmoI8TGlD/egc37PXtHKKzWV8wViZBaCu5L5MAAAACgAAAAIAAAACAAAAAAAAAAAAAAABAAAAAAAAAAYAAAABQlRDAAAAAAC1uBdHoTugMvQtD7BhIL3Ne9dVPfGI+Ji5JvUO+ZAt73//////////AAAAAAAAAAGu5L5MAAAAQDPTs37QgyPvZmERTbiiVsGBdpg/qveod1RK05e9HLC2lKb7z9V5mGC6+0iOlB8sJ+DhST2vJJKl0r6mMVin6wc=	2TyXNlwhhOtXZvdtOKJCbC8e9EgahreyIRSBL3h1zTcAAAAAAAAACgAAAAAAAAABAAAAAAAAAAYAAAAAAAAAAA==	AAAAAAAAAAEAAAABAAAAAwAAAAAAAAAArqN6LeOagjxMaUP96Bzfs9e0corNZXzBWJkFoK7kvkwAAAACVAvj7AAAAAIAAAACAAAAAQAAAAAAAAAAAAAAAAEAAAAAAAAAAAAAAAAAAAAAAAABAAAAAgAAAAAAAAADAAAAAQAAAACuo3ot45qCPExpQ/3oHN+z17Ryis1lfMFYmQWgruS+TAAAAAFCVEMAAAAAALW4F0ehO6Ay9C0PsGEgvc1711U98Yj4mLkm9Q75kC3vAAAAAAAAAAB//////////wAAAAEAAAAAAAAAAAAAAAEAAAADAAAAAAAAAACuo3ot45qCPExpQ/3oHN+z17Ryis1lfMFYmQWgruS+TAAAAAJUC+PsAAAAAgAAAAIAAAACAAAAAAAAAAAAAAAAAQAAAAAAAAAAAAAAAAAAAA==
01a6984ef0e1c94b1f1d520b75604e55c4dd8ed8382879cc57d74fc3c02b12c7	3	4	AAAAAG5oJtVdnYOVdZqtXpTHBtbcY0mCmfcBIKEgWnlvFIhaAAAACgAAAAIAAAACAAAAAAAAAAAAAAABAAAAAAAAAAYAAAABQlRDAAAAAAC1uBdHoTugMvQtD7BhIL3Ne9dVPfGI+Ji5JvUO+ZAt73//////////AAAAAAAAAAFvFIhaAAAAQPdy9o5ImwpP+5o51FwmbB4LO7WbhWi2qTcXbCM2TUHxrbWJcPFFu8jtTbT4Azqp9Xtq3ptfxP+xCy3wVonOzgo=	AaaYTvDhyUsfHVILdWBOVcTdjtg4KHnMV9dPw8ArEscAAAAAAAAACgAAAAAAAAABAAAAAAAAAAYAAAAAAAAAAA==	AAAAAAAAAAEAAAABAAAAAwAAAAAAAAAAbmgm1V2dg5V1mq1elMcG1txjSYKZ9wEgoSBaeW8UiFoAAAACVAvj7AAAAAIAAAACAAAAAQAAAAAAAAAAAAAAAAEAAAAAAAAAAAAAAAAAAAAAAAABAAAAAgAAAAAAAAADAAAAAQAAAABuaCbVXZ2DlXWarV6UxwbW3GNJgpn3ASChIFp5bxSIWgAAAAFCVEMAAAAAALW4F0ehO6Ay9C0PsGEgvc1711U98Yj4mLkm9Q75kC3vAAAAAAAAAAB//////////wAAAAEAAAAAAAAAAAAAAAEAAAADAAAAAAAAAABuaCbVXZ2DlXWarV6UxwbW3GNJgpn3ASChIFp5bxSIWgAAAAJUC+PsAAAAAgAAAAIAAAACAAAAAAAAAAAAAAAAAQAAAAAAAAAAAAAAAAAAAA==
a1246c511e17f59ce0df7b25d7bbc462da237980fc162708ea9cd2ca6c7cc947	4	1	AAAAALW4F0ehO6Ay9C0PsGEgvc1711U98Yj4mLkm9Q75kC3vAAAACgAAAAIAAAABAAAAAAAAAAAAAAABAAAAAAAAAAEAAAAArqN6LeOagjxMaUP96Bzfs9e0corNZXzBWJkFoK7kvkwAAAABVVNEAAAAAAC1uBdHoTugMvQtD7BhIL3Ne9dVPfGI+Ji5JvUO+ZAt7wAAAAAAABOIAAAAAAAAAAH5kC3vAAAAQOl5FV6KGYtM/3SUbovtWl+yPnWFMWKw2gbpI1HGRv0Qoj9IKqX5dAPNnzZiCjOKp1GHS50VN4TNqlaoozFl9gY=	oSRsUR4X9Zzg33sl17vEYtojeYD8FicI6pzSymx8yUcAAAAAAAAACgAAAAAAAAABAAAAAAAAAAEAAAAAAAAAAA==	AAAAAAAAAAEAAAABAAAABAAAAAAAAAAAtbgXR6E7oDL0LQ+wYSC9zXvXVT3xiPiYuSb1DvmQLe8AAAACVAvj9gAAAAIAAAABAAAAAAAAAAAAAAAAAAAAAAEAAAAAAAAAAAAAAAAAAAAAAAABAAAAAQAAAAEAAAAEAAAAAQAAAACuo3ot45qCPExpQ/3oHN+z17Ryis1lfMFYmQWgruS+TAAAAAFVU0QAAAAAALW4F0ehO6Ay9C0PsGEgvc1711U98Yj4mLkm9Q75kC3vAAAAAAAAE4h//////////wAAAAEAAAAAAAAAAA==
26f29f0cd046a3a30dfff3d5e51d6c927aae49678d9d516bca6beeab2618f039	4	2	AAAAALW4F0ehO6Ay9C0PsGEgvc1711U98Yj4mLkm9Q75kC3vAAAACgAAAAIAAAACAAAAAAAAAAAAAAABAAAAAAAAAAEAAAAAbmgm1V2dg5V1mq1elMcG1txjSYKZ9wEgoSBaeW8UiFoAAAABVVNEAAAAAAC1uBdHoTugMvQtD7BhIL3Ne9dVPfGI+Ji5JvUO+ZAt7wAAAAAAABOIAAAAAAAAAAH5kC3vAAAAQCiBbAnz5WMXYgDul057i3J4xWeu5557HtMBwFcgjUyoWYjU5QQtI6gcHfelqZMIFtUAKDJCMxk9UbHrRGMFQAQ=	JvKfDNBGo6MN//PV5R1sknquSWeNnVFrymvuqyYY8DkAAAAAAAAACgAAAAAAAAABAAAAAAAAAAEAAAAAAAAAAA==	AAAAAAAAAAEAAAABAAAABAAAAAAAAAAAtbgXR6E7oDL0LQ+wYSC9zXvXVT3xiPiYuSb1DvmQLe8AAAACVAvj7AAAAAIAAAACAAAAAAAAAAAAAAAAAAAAAAEAAAAAAAAAAAAAAAAAAAAAAAABAAAAAQAAAAEAAAAEAAAAAQAAAABuaCbVXZ2DlXWarV6UxwbW3GNJgpn3ASChIFp5bxSIWgAAAAFVU0QAAAAAALW4F0ehO6Ay9C0PsGEgvc1711U98Yj4mLkm9Q75kC3vAAAAAAAAE4h//////////wAAAAEAAAAAAAAAAA==
1c9ab28af71bfcfa41155b74a5c29ea004fa4175570f3b65317a5c968f602b18	4	3	AAAAALW4F0ehO6Ay9C0PsGEgvc1711U98Yj4mLkm9Q75kC3vAAAACgAAAAIAAAADAAAAAAAAAAAAAAABAAAAAAAAAAEAAAAArqN6LeOagjxMaUP96Bzfs9e0corNZXzBWJkFoK7kvkwAAAABQlRDAAAAAAC1uBdHoTugMvQtD7BhIL3Ne9dVPfGI+Ji5JvUO+ZAt7wAAAAAAABOIAAAAAAAAAAH5kC3vAAAAQLVOl5iv0nqL0pqti7bMs+TDMQTNp9RgSyiVbLTZx05KpP6ekTVYysIwyDmNqJ6TIq4zIptK0QyFJUfJIAxhAww=	HJqyivcb/PpBFVt0pcKeoAT6QXVXDztlMXpclo9gKxgAAAAAAAAACgAAAAAAAAABAAAAAAAAAAEAAAAAAAAAAA==	AAAAAAAAAAEAAAABAAAABAAAAAAAAAAAtbgXR6E7oDL0LQ+wYSC9zXvXVT3xiPiYuSb1DvmQLe8AAAACVAvj4gAAAAIAAAADAAAAAAAAAAAAAAAAAAAAAAEAAAAAAAAAAAAAAAAAAAAAAAABAAAAAQAAAAEAAAAEAAAAAQAAAACuo3ot45qCPExpQ/3oHN+z17Ryis1lfMFYmQWgruS+TAAAAAFCVEMAAAAAALW4F0ehO6Ay9C0PsGEgvc1711U98Yj4mLkm9Q75kC3vAAAAAAAAE4h//////////wAAAAEAAAAAAAAAAA==
f077e8a23583b921344c850c1cf2f4905fab75d8684887c3ab2dae4c969392da	4	4	AAAAALW4F0ehO6Ay9C0PsGEgvc1711U98Yj4mLkm9Q75kC3vAAAACgAAAAIAAAAEAAAAAAAAAAAAAAABAAAAAAAAAAEAAAAAbmgm1V2dg5V1mq1elMcG1txjSYKZ9wEgoSBaeW8UiFoAAAABQlRDAAAAAAC1uBdHoTugMvQtD7BhIL3Ne9dVPfGI+Ji5JvUO+ZAt7wAAAAAAABOIAAAAAAAAAAH5kC3vAAAAQFxe2Av70Maico7RrBNcspBGA/nGmQZkOkG2rh/5IPWTaR8YiYskib7KungmiBs50PudEAA8+pyBea09PDRO2QI=	8HfoojWDuSE0TIUMHPL0kF+rddhoSIfDqy2uTJaTktoAAAAAAAAACgAAAAAAAAABAAAAAAAAAAEAAAAAAAAAAA==	AAAAAAAAAAEAAAABAAAABAAAAAAAAAAAtbgXR6E7oDL0LQ+wYSC9zXvXVT3xiPiYuSb1DvmQLe8AAAACVAvj2AAAAAIAAAAEAAAAAAAAAAAAAAAAAAAAAAEAAAAAAAAAAAAAAAAAAAAAAAABAAAAAQAAAAEAAAAEAAAAAQAAAABuaCbVXZ2DlXWarV6UxwbW3GNJgpn3ASChIFp5bxSIWgAAAAFCVEMAAAAAALW4F0ehO6Ay9C0PsGEgvc1711U98Yj4mLkm9Q75kC3vAAAAAAAAE4h//////////wAAAAEAAAAAAAAAAA==
241de8a580fbf129698b47c79022ea8a2e6223a83be277cc8325739970d91b06	5	1	AAAAAG5oJtVdnYOVdZqtXpTHBtbcY0mCmfcBIKEgWnlvFIhaAAAACgAAAAIAAAADAAAAAAAAAAAAAAABAAAAAAAAAAMAAAABVVNEAAAAAAC1uBdHoTugMvQtD7BhIL3Ne9dVPfGI+Ji5JvUO+ZAt7wAAAAAAAAAAAAAACgAAAA8AAAABAAAAAAAAAAAAAAAAAAAAAW8UiFoAAABAq5sryEnrz0/GXbUUuMK+04i8Bhu9f03E7WO8IDXslfRHhuVCKLhVShPBQ9eo/D9cK5HZpwgMsGkvt1gF1ALNDw==	JB3opYD78Slpi0fHkCLqii5iI6g74nfMgyVzmXDZGwYAAAAAAAAACgAAAAAAAAABAAAAAAAAAAMAAAAAAAAAAAAAAAAAAAAAbmgm1V2dg5V1mq1elMcG1txjSYKZ9wEgoSBaeW8UiFoAAAAAAAAAAQAAAAFVU0QAAAAAALW4F0ehO6Ay9C0PsGEgvc1711U98Yj4mLkm9Q75kC3vAAAAAAAAAAAAAAAKAAAADwAAAAEAAAAAAAAAAAAAAAA=	AAAAAAAAAAEAAAABAAAABQAAAAAAAAAAbmgm1V2dg5V1mq1elMcG1txjSYKZ9wEgoSBaeW8UiFoAAAACVAvj4gAAAAIAAAADAAAAAgAAAAAAAAAAAAAAAAEAAAAAAAAAAAAAAAAAAAAAAAABAAAAAgAAAAAAAAAFAAAAAgAAAABuaCbVXZ2DlXWarV6UxwbW3GNJgpn3ASChIFp5bxSIWgAAAAAAAAABAAAAAVVTRAAAAAAAtbgXR6E7oDL0LQ+wYSC9zXvXVT3xiPiYuSb1DvmQLe8AAAAAAAAAAAAAAAoAAAAPAAAAAQAAAAAAAAAAAAAAAAAAAAEAAAAFAAAAAAAAAABuaCbVXZ2DlXWarV6UxwbW3GNJgpn3ASChIFp5bxSIWgAAAAJUC+PiAAAAAgAAAAMAAAADAAAAAAAAAAAAAAAAAQAAAAAAAAAAAAAAAAAAAA==
16966d952fb9ceb900f3db2d4a56f082cf38a297533ff8a230402d854ef91146	5	2	AAAAAK6jei3jmoI8TGlD/egc37PXtHKKzWV8wViZBaCu5L5MAAAACgAAAAIAAAADAAAAAAAAAAAAAAABAAAAAAAAAAMAAAAAAAAAAVVTRAAAAAAAtbgXR6E7oDL0LQ+wYSC9zXvXVT3xiPiYuSb1DvmQLe8AAAAAAAAAAQAAAAEAAAAKAAAAAAAAAAAAAAAAAAAAAa7kvkwAAABA1OuYuNHgAJ0nyxQcAUamp01HkUZ6IsEoSgwGMK+wjamjtLG5i03E74rmEsy/stu+1xtAuE3Te+wtSXJb1Bs+AA==	FpZtlS+5zrkA89stSlbwgs84opdTP/iiMEAthU75EUYAAAAAAAAACgAAAAAAAAABAAAAAAAAAAMAAAAAAAAAAAAAAAAAAAAArqN6LeOagjxMaUP96Bzfs9e0corNZXzBWJkFoK7kvkwAAAAAAAAAAgAAAAAAAAABVVNEAAAAAAC1uBdHoTugMvQtD7BhIL3Ne9dVPfGI+Ji5JvUO+ZAt7wAAAAAAAAABAAAAAQAAAAoAAAAAAAAAAAAAAAA=	AAAAAAAAAAEAAAABAAAABQAAAAAAAAAArqN6LeOagjxMaUP96Bzfs9e0corNZXzBWJkFoK7kvkwAAAACVAvj4gAAAAIAAAADAAAAAgAAAAAAAAAAAAAAAAEAAAAAAAAAAAAAAAAAAAAAAAABAAAAAgAAAAAAAAAFAAAAAgAAAACuo3ot45qCPExpQ/3oHN+z17Ryis1lfMFYmQWgruS+TAAAAAAAAAACAAAAAAAAAAFVU0QAAAAAALW4F0ehO6Ay9C0PsGEgvc1711U98Yj4mLkm9Q75kC3vAAAAAAAAAAEAAAABAAAACgAAAAAAAAAAAAAAAAAAAAEAAAAFAAAAAAAAAACuo3ot45qCPExpQ/3oHN+z17Ryis1lfMFYmQWgruS+TAAAAAJUC+PiAAAAAgAAAAMAAAADAAAAAAAAAAAAAAAAAQAAAAAAAAAAAAAAAAAAAA==
7e5c9beaf8e3d91cfa978602197bcdfd16c3da58417ebe2a2ec773690b3984c0	5	3	AAAAAG5oJtVdnYOVdZqtXpTHBtbcY0mCmfcBIKEgWnlvFIhaAAAACgAAAAIAAAAEAAAAAAAAAAAAAAABAAAAAAAAAAMAAAABVVNEAAAAAAC1uBdHoTugMvQtD7BhIL3Ne9dVPfGI+Ji5JvUO+ZAt7wAAAAAAAAAAAAAAZAAAABQAAAABAAAAAAAAAAAAAAAAAAAAAW8UiFoAAABArwtNKUDh9CAT6Djy+gVg61K4ZBrJZJurISjNuqeGouYx6LDahzml1K295xg431P/se+cafq5N5wJHQYwQ/4BAw==	flyb6vjj2Rz6l4YCGXvN/RbD2lhBfr4qLsdzaQs5hMAAAAAAAAAACgAAAAAAAAABAAAAAAAAAAMAAAAAAAAAAAAAAAAAAAAAbmgm1V2dg5V1mq1elMcG1txjSYKZ9wEgoSBaeW8UiFoAAAAAAAAAAwAAAAFVU0QAAAAAALW4F0ehO6Ay9C0PsGEgvc1711U98Yj4mLkm9Q75kC3vAAAAAAAAAAAAAABkAAAAFAAAAAEAAAAAAAAAAAAAAAA=	AAAAAAAAAAEAAAABAAAABQAAAAAAAAAAbmgm1V2dg5V1mq1elMcG1txjSYKZ9wEgoSBaeW8UiFoAAAACVAvj2AAAAAIAAAAEAAAAAwAAAAAAAAAAAAAAAAEAAAAAAAAAAAAAAAAAAAAAAAABAAAAAgAAAAAAAAAFAAAAAgAAAABuaCbVXZ2DlXWarV6UxwbW3GNJgpn3ASChIFp5bxSIWgAAAAAAAAADAAAAAVVTRAAAAAAAtbgXR6E7oDL0LQ+wYSC9zXvXVT3xiPiYuSb1DvmQLe8AAAAAAAAAAAAAAGQAAAAUAAAAAQAAAAAAAAAAAAAAAAAAAAEAAAAFAAAAAAAAAABuaCbVXZ2DlXWarV6UxwbW3GNJgpn3ASChIFp5bxSIWgAAAAJUC+PYAAAAAgAAAAQAAAAEAAAAAAAAAAAAAAAAAQAAAAAAAAAAAAAAAAAAAA==
a04d9b29e16d4e5117d79616bf77288c8504903568c5b20fb5d5d8834483d897	5	4	AAAAAK6jei3jmoI8TGlD/egc37PXtHKKzWV8wViZBaCu5L5MAAAACgAAAAIAAAAEAAAAAAAAAAAAAAABAAAAAAAAAAMAAAAAAAAAAVVTRAAAAAAAtbgXR6E7oDL0LQ+wYSC9zXvXVT3xiPiYuSb1DvmQLe8AAAAAAAAACwAAAAEAAAAJAAAAAAAAAAAAAAAAAAAAAa7kvkwAAABALdg9cLaCDUS3B1RSztdSY2/10SWQI94iYce0hcFPIktcgzdFL93/cSx+xMNKydBfiadkYDhzbOtJEoGauGEKCw==	oE2bKeFtTlEX15YWv3cojIUEkDVoxbIPtdXYg0SD2JcAAAAAAAAACgAAAAAAAAABAAAAAAAAAAMAAAAAAAAAAAAAAAAAAAAArqN6LeOagjxMaUP96Bzfs9e0corNZXzBWJkFoK7kvkwAAAAAAAAABAAAAAAAAAABVVNEAAAAAAC1uBdHoTugMvQtD7BhIL3Ne9dVPfGI+Ji5JvUO+ZAt7wAAAAAAAAALAAAAAQAAAAkAAAAAAAAAAAAAAAA=	AAAAAAAAAAEAAAABAAAABQAAAAAAAAAArqN6LeOagjxMaUP96Bzfs9e0corNZXzBWJkFoK7kvkwAAAACVAvj2AAAAAIAAAAEAAAAAwAAAAAAAAAAAAAAAAEAAAAAAAAAAAAAAAAAAAAAAAABAAAAAgAAAAAAAAAFAAAAAgAAAACuo3ot45qCPExpQ/3oHN+z17Ryis1lfMFYmQWgruS+TAAAAAAAAAAEAAAAAAAAAAFVU0QAAAAAALW4F0ehO6Ay9C0PsGEgvc1711U98Yj4mLkm9Q75kC3vAAAAAAAAAAsAAAABAAAACQAAAAAAAAAAAAAAAAAAAAEAAAAFAAAAAAAAAACuo3ot45qCPExpQ/3oHN+z17Ryis1lfMFYmQWgruS+TAAAAAJUC+PYAAAAAgAAAAQAAAAEAAAAAAAAAAAAAAAAAQAAAAAAAAAAAAAAAAAAAA==
e1d5b918c83b8844ad090afe58bdf9bde2b1e044666dc398935318ee92102afc	5	5	AAAAAK6jei3jmoI8TGlD/egc37PXtHKKzWV8wViZBaCu5L5MAAAACgAAAAIAAAAFAAAAAAAAAAAAAAABAAAAAAAAAAMAAAAAAAAAAVVTRAAAAAAAtbgXR6E7oDL0LQ+wYSC9zXvXVT3xiPiYuSb1DvmQLe8AAAAAAAAAyAAAAAEAAAAFAAAAAAAAAAAAAAAAAAAAAa7kvkwAAABAnU/0GYWNq6Rm+bkJ4vJEaTeoo/ki3F0U6aqp2XW/4PDOnLIUEm7Fs4b8msFlgUOHbapMraqsJ5eiYEKEYqN5CA==	4dW5GMg7iEStCQr+WL35veKx4ERmbcOYk1MY7pIQKvwAAAAAAAAACgAAAAAAAAABAAAAAAAAAAMAAAAAAAAAAAAAAAAAAAAArqN6LeOagjxMaUP96Bzfs9e0corNZXzBWJkFoK7kvkwAAAAAAAAABQAAAAAAAAABVVNEAAAAAAC1uBdHoTugMvQtD7BhIL3Ne9dVPfGI+Ji5JvUO+ZAt7wAAAAAAAADIAAAAAQAAAAUAAAAAAAAAAAAAAAA=	AAAAAAAAAAEAAAABAAAABQAAAAAAAAAArqN6LeOagjxMaUP96Bzfs9e0corNZXzBWJkFoK7kvkwAAAACVAvjzgAAAAIAAAAFAAAABAAAAAAAAAAAAAAAAAEAAAAAAAAAAAAAAAAAAAAAAAABAAAAAgAAAAAAAAAFAAAAAgAAAACuo3ot45qCPExpQ/3oHN+z17Ryis1lfMFYmQWgruS+TAAAAAAAAAAFAAAAAAAAAAFVU0QAAAAAALW4F0ehO6Ay9C0PsGEgvc1711U98Yj4mLkm9Q75kC3vAAAAAAAAAMgAAAABAAAABQAAAAAAAAAAAAAAAAAAAAEAAAAFAAAAAAAAAACuo3ot45qCPExpQ/3oHN+z17Ryis1lfMFYmQWgruS+TAAAAAJUC+POAAAAAgAAAAUAAAAFAAAAAAAAAAAAAAAAAQAAAAAAAAAAAAAAAAAAAA==
1661534864c7bed9c75ad905317528c2afe676eefd94055627cc31f5aef75d3c	5	6	AAAAAG5oJtVdnYOVdZqtXpTHBtbcY0mCmfcBIKEgWnlvFIhaAAAACgAAAAIAAAAFAAAAAAAAAAAAAAABAAAAAAAAAAMAAAABVVNEAAAAAAC1uBdHoTugMvQtD7BhIL3Ne9dVPfGI+Ji5JvUO+ZAt7wAAAAAAAAAAAAAD6AAAADIAAAABAAAAAAAAAAAAAAAAAAAAAW8UiFoAAABAe+M5fB7upn52sRGR3Jb1zRa7ObzlKVnxuzmCYL1CTeXV85S/jIGcNR7lO33amFGuxnhr44FqJa0nujXj00A6AQ==	FmFTSGTHvtnHWtkFMXUowq/mdu79lAVWJ8wx9a73XTwAAAAAAAAACgAAAAAAAAABAAAAAAAAAAMAAAAAAAAAAAAAAAAAAAAAbmgm1V2dg5V1mq1elMcG1txjSYKZ9wEgoSBaeW8UiFoAAAAAAAAABgAAAAFVU0QAAAAAALW4F0ehO6Ay9C0PsGEgvc1711U98Yj4mLkm9Q75kC3vAAAAAAAAAAAAAAPoAAAAMgAAAAEAAAAAAAAAAAAAAAA=	AAAAAAAAAAEAAAABAAAABQAAAAAAAAAAbmgm1V2dg5V1mq1elMcG1txjSYKZ9wEgoSBaeW8UiFoAAAACVAvjzgAAAAIAAAAFAAAABAAAAAAAAAAAAAAAAAEAAAAAAAAAAAAAAAAAAAAAAAABAAAAAgAAAAAAAAAFAAAAAgAAAABuaCbVXZ2DlXWarV6UxwbW3GNJgpn3ASChIFp5bxSIWgAAAAAAAAAGAAAAAVVTRAAAAAAAtbgXR6E7oDL0LQ+wYSC9zXvXVT3xiPiYuSb1DvmQLe8AAAAAAAAAAAAAA+gAAAAyAAAAAQAAAAAAAAAAAAAAAAAAAAEAAAAFAAAAAAAAAABuaCbVXZ2DlXWarV6UxwbW3GNJgpn3ASChIFp5bxSIWgAAAAJUC+POAAAAAgAAAAUAAAAFAAAAAAAAAAAAAAAAAQAAAAAAAAAAAAAAAAAAAA==
6b2073945a48bbcabfbb4b5bcc32fe267d3fcb05d7437df5d679d40d60c21180	6	1	AAAAAK6jei3jmoI8TGlD/egc37PXtHKKzWV8wViZBaCu5L5MAAAACgAAAAIAAAAGAAAAAAAAAAAAAAABAAAAAAAAAAMAAAABQlRDAAAAAAC1uBdHoTugMvQtD7BhIL3Ne9dVPfGI+Ji5JvUO+ZAt7wAAAAFVU0QAAAAAALW4F0ehO6Ay9C0PsGEgvc1711U98Yj4mLkm9Q75kC3vAAAAAAAAAAEAAAABAAAACgAAAAAAAAAAAAAAAAAAAAGu5L5MAAAAQDchOvY3JKqjOtzcQ9X9PK4koQ/h5ztJmfSRleHkqvWJopYR1Hvd678JjchDPcx3NPRHaBr45AjEAhjcMdB0wgw=	ayBzlFpIu8q/u0tbzDL+Jn0/ywXXQ3311nnUDWDCEYAAAAAAAAAACgAAAAAAAAABAAAAAAAAAAMAAAAAAAAAAAAAAAAAAAAArqN6LeOagjxMaUP96Bzfs9e0corNZXzBWJkFoK7kvkwAAAAAAAAABwAAAAFCVEMAAAAAALW4F0ehO6Ay9C0PsGEgvc1711U98Yj4mLkm9Q75kC3vAAAAAVVTRAAAAAAAtbgXR6E7oDL0LQ+wYSC9zXvXVT3xiPiYuSb1DvmQLe8AAAAAAAAAAQAAAAEAAAAKAAAAAAAAAAAAAAAA	AAAAAAAAAAEAAAABAAAABgAAAAAAAAAArqN6LeOagjxMaUP96Bzfs9e0corNZXzBWJkFoK7kvkwAAAACVAvjxAAAAAIAAAAGAAAABQAAAAAAAAAAAAAAAAEAAAAAAAAAAAAAAAAAAAAAAAABAAAAAgAAAAAAAAAGAAAAAgAAAACuo3ot45qCPExpQ/3oHN+z17Ryis1lfMFYmQWgruS+TAAAAAAAAAAHAAAAAUJUQwAAAAAAtbgXR6E7oDL0LQ+wYSC9zXvXVT3xiPiYuSb1DvmQLe8AAAABVVNEAAAAAAC1uBdHoTugMvQtD7BhIL3Ne9dVPfGI+Ji5JvUO+ZAt7wAAAAAAAAABAAAAAQAAAAoAAAAAAAAAAAAAAAAAAAABAAAABgAAAAAAAAAArqN6LeOagjxMaUP96Bzfs9e0corNZXzBWJkFoK7kvkwAAAACVAvjxAAAAAIAAAAGAAAABgAAAAAAAAAAAAAAAAEAAAAAAAAAAAAAAAAAAAA=
6aa550aede823fad974c8f3af7ef60a8cf3d0f6daab6183916bac049bfd20713	6	2	AAAAAG5oJtVdnYOVdZqtXpTHBtbcY0mCmfcBIKEgWnlvFIhaAAAACgAAAAIAAAAGAAAAAAAAAAAAAAABAAAAAAAAAAMAAAABVVNEAAAAAAC1uBdHoTugMvQtD7BhIL3Ne9dVPfGI+Ji5JvUO+ZAt7wAAAAFCVEMAAAAAALW4F0ehO6Ay9C0PsGEgvc1711U98Yj4mLkm9Q75kC3vAAAAAAAAAAoAAAAPAAAAAQAAAAAAAAAAAAAAAAAAAAFvFIhaAAAAQPPAECYSzpxfJFj0IBTr0eP/CsG73fq9/rbipuGNM6zhAkYR+kmf82HDEe3SQLg1yc0M4n3+fv81650PAsgYSQc=	aqVQrt6CP62XTI869+9gqM89D22qthg5FrrASb/SBxMAAAAAAAAACgAAAAAAAAABAAAAAAAAAAMAAAAAAAAAAAAAAAAAAAAAbmgm1V2dg5V1mq1elMcG1txjSYKZ9wEgoSBaeW8UiFoAAAAAAAAACAAAAAFVU0QAAAAAALW4F0ehO6Ay9C0PsGEgvc1711U98Yj4mLkm9Q75kC3vAAAAAUJUQwAAAAAAtbgXR6E7oDL0LQ+wYSC9zXvXVT3xiPiYuSb1DvmQLe8AAAAAAAAACgAAAA8AAAABAAAAAAAAAAAAAAAA	AAAAAAAAAAEAAAABAAAABgAAAAAAAAAAbmgm1V2dg5V1mq1elMcG1txjSYKZ9wEgoSBaeW8UiFoAAAACVAvjxAAAAAIAAAAGAAAABQAAAAAAAAAAAAAAAAEAAAAAAAAAAAAAAAAAAAAAAAABAAAAAgAAAAAAAAAGAAAAAgAAAABuaCbVXZ2DlXWarV6UxwbW3GNJgpn3ASChIFp5bxSIWgAAAAAAAAAIAAAAAVVTRAAAAAAAtbgXR6E7oDL0LQ+wYSC9zXvXVT3xiPiYuSb1DvmQLe8AAAABQlRDAAAAAAC1uBdHoTugMvQtD7BhIL3Ne9dVPfGI+Ji5JvUO+ZAt7wAAAAAAAAAKAAAADwAAAAEAAAAAAAAAAAAAAAAAAAABAAAABgAAAAAAAAAAbmgm1V2dg5V1mq1elMcG1txjSYKZ9wEgoSBaeW8UiFoAAAACVAvjxAAAAAIAAAAGAAAABgAAAAAAAAAAAAAAAAEAAAAAAAAAAAAAAAAAAAA=
8c97e42486bbea6366d0cbf45c03ce3989e81013e918a863b1f3d60943ddc081	6	3	AAAAAK6jei3jmoI8TGlD/egc37PXtHKKzWV8wViZBaCu5L5MAAAACgAAAAIAAAAHAAAAAAAAAAAAAAABAAAAAAAAAAMAAAABQlRDAAAAAAC1uBdHoTugMvQtD7BhIL3Ne9dVPfGI+Ji5JvUO+ZAt7wAAAAFVU0QAAAAAALW4F0ehO6Ay9C0PsGEgvc1711U98Yj4mLkm9Q75kC3vAAAAAAAAAAsAAAABAAAACQAAAAAAAAAAAAAAAAAAAAGu5L5MAAAAQHslFcFIuF/hn5WuiMRJ2KszYAzjMrbxIRJ2XETicYyR8cBBWRCtk8bKFAqmMXuBQ35U+fekEkW0itDckov12Q4=	jJfkJIa76mNm0Mv0XAPOOYnoEBPpGKhjsfPWCUPdwIEAAAAAAAAACgAAAAAAAAABAAAAAAAAAAMAAAAAAAAAAAAAAAAAAAAArqN6LeOagjxMaUP96Bzfs9e0corNZXzBWJkFoK7kvkwAAAAAAAAACQAAAAFCVEMAAAAAALW4F0ehO6Ay9C0PsGEgvc1711U98Yj4mLkm9Q75kC3vAAAAAVVTRAAAAAAAtbgXR6E7oDL0LQ+wYSC9zXvXVT3xiPiYuSb1DvmQLe8AAAAAAAAACwAAAAEAAAAJAAAAAAAAAAAAAAAA	AAAAAAAAAAEAAAABAAAABgAAAAAAAAAArqN6LeOagjxMaUP96Bzfs9e0corNZXzBWJkFoK7kvkwAAAACVAvjugAAAAIAAAAHAAAABgAAAAAAAAAAAAAAAAEAAAAAAAAAAAAAAAAAAAAAAAABAAAAAgAAAAAAAAAGAAAAAgAAAACuo3ot45qCPExpQ/3oHN+z17Ryis1lfMFYmQWgruS+TAAAAAAAAAAJAAAAAUJUQwAAAAAAtbgXR6E7oDL0LQ+wYSC9zXvXVT3xiPiYuSb1DvmQLe8AAAABVVNEAAAAAAC1uBdHoTugMvQtD7BhIL3Ne9dVPfGI+Ji5JvUO+ZAt7wAAAAAAAAALAAAAAQAAAAkAAAAAAAAAAAAAAAAAAAABAAAABgAAAAAAAAAArqN6LeOagjxMaUP96Bzfs9e0corNZXzBWJkFoK7kvkwAAAACVAvjugAAAAIAAAAHAAAABwAAAAAAAAAAAAAAAAEAAAAAAAAAAAAAAAAAAAA=
56d3d5626fe215471e9b2aed61106e48d9d674000aeba610225bc9c93327db52	6	4	AAAAAG5oJtVdnYOVdZqtXpTHBtbcY0mCmfcBIKEgWnlvFIhaAAAACgAAAAIAAAAHAAAAAAAAAAAAAAABAAAAAAAAAAMAAAABVVNEAAAAAAC1uBdHoTugMvQtD7BhIL3Ne9dVPfGI+Ji5JvUO+ZAt7wAAAAFCVEMAAAAAALW4F0ehO6Ay9C0PsGEgvc1711U98Yj4mLkm9Q75kC3vAAAAAAAAAGQAAAAUAAAAAQAAAAAAAAAAAAAAAAAAAAFvFIhaAAAAQA6zCvUWWYDZdzuweZ59SgRHgC1gZ20S3ekX8GKIU6kzWUYgmFphapiSJdQEvCbo9cda1RPKlsO6C4KwCr2Ffwo=	VtPVYm/iFUcemyrtYRBuSNnWdAAK66YQIlvJyTMn21IAAAAAAAAACgAAAAAAAAABAAAAAAAAAAMAAAAAAAAAAAAAAAAAAAAAbmgm1V2dg5V1mq1elMcG1txjSYKZ9wEgoSBaeW8UiFoAAAAAAAAACgAAAAFVU0QAAAAAALW4F0ehO6Ay9C0PsGEgvc1711U98Yj4mLkm9Q75kC3vAAAAAUJUQwAAAAAAtbgXR6E7oDL0LQ+wYSC9zXvXVT3xiPiYuSb1DvmQLe8AAAAAAAAAZAAAABQAAAABAAAAAAAAAAAAAAAA	AAAAAAAAAAEAAAABAAAABgAAAAAAAAAAbmgm1V2dg5V1mq1elMcG1txjSYKZ9wEgoSBaeW8UiFoAAAACVAvjugAAAAIAAAAHAAAABgAAAAAAAAAAAAAAAAEAAAAAAAAAAAAAAAAAAAAAAAABAAAAAgAAAAAAAAAGAAAAAgAAAABuaCbVXZ2DlXWarV6UxwbW3GNJgpn3ASChIFp5bxSIWgAAAAAAAAAKAAAAAVVTRAAAAAAAtbgXR6E7oDL0LQ+wYSC9zXvXVT3xiPiYuSb1DvmQLe8AAAABQlRDAAAAAAC1uBdHoTugMvQtD7BhIL3Ne9dVPfGI+Ji5JvUO+ZAt7wAAAAAAAABkAAAAFAAAAAEAAAAAAAAAAAAAAAAAAAABAAAABgAAAAAAAAAAbmgm1V2dg5V1mq1elMcG1txjSYKZ9wEgoSBaeW8UiFoAAAACVAvjugAAAAIAAAAHAAAABwAAAAAAAAAAAAAAAAEAAAAAAAAAAAAAAAAAAAA=
b5fd291f66e30ff28d8d709abcfdcae84b43279474b4c7a24c4687f08a272994	6	5	AAAAAG5oJtVdnYOVdZqtXpTHBtbcY0mCmfcBIKEgWnlvFIhaAAAACgAAAAIAAAAIAAAAAAAAAAAAAAABAAAAAAAAAAMAAAABVVNEAAAAAAC1uBdHoTugMvQtD7BhIL3Ne9dVPfGI+Ji5JvUO+ZAt7wAAAAFCVEMAAAAAALW4F0ehO6Ay9C0PsGEgvc1711U98Yj4mLkm9Q75kC3vAAAAAAAAA+gAAAAyAAAAAQAAAAAAAAAAAAAAAAAAAAFvFIhaAAAAQC7iEIJ0oxIUKSvyI8suqiG33CSUEqSuXph2A8ejz2En8wq2ysAk/pNFml37W/rYoDzeisq//oU+++BYsZ8ohwY=	tf0pH2bjD/KNjXCavP3K6EtDJ5R0tMeiTEaH8IonKZQAAAAAAAAACgAAAAAAAAABAAAAAAAAAAMAAAAAAAAAAAAAAAAAAAAAbmgm1V2dg5V1mq1elMcG1txjSYKZ9wEgoSBaeW8UiFoAAAAAAAAACwAAAAFVU0QAAAAAALW4F0ehO6Ay9C0PsGEgvc1711U98Yj4mLkm9Q75kC3vAAAAAUJUQwAAAAAAtbgXR6E7oDL0LQ+wYSC9zXvXVT3xiPiYuSb1DvmQLe8AAAAAAAAD6AAAADIAAAABAAAAAAAAAAAAAAAA	AAAAAAAAAAEAAAABAAAABgAAAAAAAAAAbmgm1V2dg5V1mq1elMcG1txjSYKZ9wEgoSBaeW8UiFoAAAACVAvjsAAAAAIAAAAIAAAABwAAAAAAAAAAAAAAAAEAAAAAAAAAAAAAAAAAAAAAAAABAAAAAgAAAAAAAAAGAAAAAgAAAABuaCbVXZ2DlXWarV6UxwbW3GNJgpn3ASChIFp5bxSIWgAAAAAAAAALAAAAAVVTRAAAAAAAtbgXR6E7oDL0LQ+wYSC9zXvXVT3xiPiYuSb1DvmQLe8AAAABQlRDAAAAAAC1uBdHoTugMvQtD7BhIL3Ne9dVPfGI+Ji5JvUO+ZAt7wAAAAAAAAPoAAAAMgAAAAEAAAAAAAAAAAAAAAAAAAABAAAABgAAAAAAAAAAbmgm1V2dg5V1mq1elMcG1txjSYKZ9wEgoSBaeW8UiFoAAAACVAvjsAAAAAIAAAAIAAAACAAAAAAAAAAAAAAAAAEAAAAAAAAAAAAAAAAAAAA=
604df2a5fe63407460060413d0c912f8d1555dfb4a1c7e0c895a03b192a1524a	6	6	AAAAAK6jei3jmoI8TGlD/egc37PXtHKKzWV8wViZBaCu5L5MAAAACgAAAAIAAAAIAAAAAAAAAAAAAAABAAAAAAAAAAMAAAABQlRDAAAAAAC1uBdHoTugMvQtD7BhIL3Ne9dVPfGI+Ji5JvUO+ZAt7wAAAAFVU0QAAAAAALW4F0ehO6Ay9C0PsGEgvc1711U98Yj4mLkm9Q75kC3vAAAAAAAAAMgAAAABAAAABQAAAAAAAAAAAAAAAAAAAAGu5L5MAAAAQKOx7uT/GVvZFTIR0AMXKDntNabjKHXbcjv+vGnOGmK/a8BFq62pK+2vLQ4JGkzBnNnuwjmfpSIpEYXaT6aD7QU=	YE3ypf5jQHRgBgQT0MkS+NFVXftKHH4MiVoDsZKhUkoAAAAAAAAACgAAAAAAAAABAAAAAAAAAAMAAAAAAAAAAAAAAAAAAAAArqN6LeOagjxMaUP96Bzfs9e0corNZXzBWJkFoK7kvkwAAAAAAAAADAAAAAFCVEMAAAAAALW4F0ehO6Ay9C0PsGEgvc1711U98Yj4mLkm9Q75kC3vAAAAAVVTRAAAAAAAtbgXR6E7oDL0LQ+wYSC9zXvXVT3xiPiYuSb1DvmQLe8AAAAAAAAAyAAAAAEAAAAFAAAAAAAAAAAAAAAA	AAAAAAAAAAEAAAABAAAABgAAAAAAAAAArqN6LeOagjxMaUP96Bzfs9e0corNZXzBWJkFoK7kvkwAAAACVAvjsAAAAAIAAAAIAAAABwAAAAAAAAAAAAAAAAEAAAAAAAAAAAAAAAAAAAAAAAABAAAAAgAAAAAAAAAGAAAAAgAAAACuo3ot45qCPExpQ/3oHN+z17Ryis1lfMFYmQWgruS+TAAAAAAAAAAMAAAAAUJUQwAAAAAAtbgXR6E7oDL0LQ+wYSC9zXvXVT3xiPiYuSb1DvmQLe8AAAABVVNEAAAAAAC1uBdHoTugMvQtD7BhIL3Ne9dVPfGI+Ji5JvUO+ZAt7wAAAAAAAADIAAAAAQAAAAUAAAAAAAAAAAAAAAAAAAABAAAABgAAAAAAAAAArqN6LeOagjxMaUP96Bzfs9e0corNZXzBWJkFoK7kvkwAAAACVAvjsAAAAAIAAAAIAAAACAAAAAAAAAAAAAAAAAEAAAAAAAAAAAAAAAAAAAA=
\.


--
-- Name: accounts_pkey; Type: CONSTRAINT; Schema: public; Owner: -; Tablespace: 
--

ALTER TABLE ONLY accounts
    ADD CONSTRAINT accounts_pkey PRIMARY KEY (accountid);


--
-- Name: ledgerheaders_ledgerseq_key; Type: CONSTRAINT; Schema: public; Owner: -; Tablespace: 
--

ALTER TABLE ONLY ledgerheaders
    ADD CONSTRAINT ledgerheaders_ledgerseq_key UNIQUE (ledgerseq);


--
-- Name: ledgerheaders_pkey; Type: CONSTRAINT; Schema: public; Owner: -; Tablespace: 
--

ALTER TABLE ONLY ledgerheaders
    ADD CONSTRAINT ledgerheaders_pkey PRIMARY KEY (ledgerhash);


--
-- Name: offers_pkey; Type: CONSTRAINT; Schema: public; Owner: -; Tablespace: 
--

ALTER TABLE ONLY offers
    ADD CONSTRAINT offers_pkey PRIMARY KEY (offerid);


--
-- Name: peers_pkey; Type: CONSTRAINT; Schema: public; Owner: -; Tablespace: 
--

ALTER TABLE ONLY peers
    ADD CONSTRAINT peers_pkey PRIMARY KEY (ip, port);


--
-- Name: signers_pkey; Type: CONSTRAINT; Schema: public; Owner: -; Tablespace: 
--

ALTER TABLE ONLY signers
    ADD CONSTRAINT signers_pkey PRIMARY KEY (accountid, publickey);


--
-- Name: storestate_pkey; Type: CONSTRAINT; Schema: public; Owner: -; Tablespace: 
--

ALTER TABLE ONLY storestate
    ADD CONSTRAINT storestate_pkey PRIMARY KEY (statename);


--
-- Name: trustlines_pkey; Type: CONSTRAINT; Schema: public; Owner: -; Tablespace: 
--

ALTER TABLE ONLY trustlines
    ADD CONSTRAINT trustlines_pkey PRIMARY KEY (accountid, issuer, assetcode);


--
-- Name: txhistory_ledgerseq_txindex_key; Type: CONSTRAINT; Schema: public; Owner: -; Tablespace: 
--

ALTER TABLE ONLY txhistory
    ADD CONSTRAINT txhistory_ledgerseq_txindex_key UNIQUE (ledgerseq, txindex);


--
-- Name: txhistory_pkey; Type: CONSTRAINT; Schema: public; Owner: -; Tablespace: 
--

ALTER TABLE ONLY txhistory
    ADD CONSTRAINT txhistory_pkey PRIMARY KEY (txid, ledgerseq);


--
-- Name: accountbalances; Type: INDEX; Schema: public; Owner: -; Tablespace: 
--

CREATE INDEX accountbalances ON accounts USING btree (balance) WHERE (balance >= 1000000000);


--
-- Name: accountlines; Type: INDEX; Schema: public; Owner: -; Tablespace: 
--

CREATE INDEX accountlines ON trustlines USING btree (accountid);


--
-- Name: buyingissuerindex; Type: INDEX; Schema: public; Owner: -; Tablespace: 
--

CREATE INDEX buyingissuerindex ON offers USING btree (buyingissuer);


--
-- Name: ledgersbyseq; Type: INDEX; Schema: public; Owner: -; Tablespace: 
--

CREATE INDEX ledgersbyseq ON ledgerheaders USING btree (ledgerseq);


--
-- Name: priceindex; Type: INDEX; Schema: public; Owner: -; Tablespace: 
--

CREATE INDEX priceindex ON offers USING btree (price);


--
-- Name: sellingissuerindex; Type: INDEX; Schema: public; Owner: -; Tablespace: 
--

CREATE INDEX sellingissuerindex ON offers USING btree (sellingissuer);


--
-- Name: signersaccount; Type: INDEX; Schema: public; Owner: -; Tablespace: 
--

CREATE INDEX signersaccount ON signers USING btree (accountid);


--
-- PostgreSQL database dump complete
--

