--
-- PostgreSQL database dump
--

SET statement_timeout = 0;
SET lock_timeout = 0;
SET client_encoding = 'UTF8';
SET standard_conforming_strings = on;
SET check_function_bodies = false;
SET client_min_messages = warning;

SET search_path = public, pg_catalog;

DROP INDEX IF EXISTS public.trade_effects_by_order_book;
DROP INDEX IF EXISTS public.index_history_transactions_on_id;
DROP INDEX IF EXISTS public.index_history_operations_on_type;
DROP INDEX IF EXISTS public.index_history_operations_on_transaction_id;
DROP INDEX IF EXISTS public.index_history_operations_on_id;
DROP INDEX IF EXISTS public.index_history_ledgers_on_sequence;
DROP INDEX IF EXISTS public.index_history_ledgers_on_previous_ledger_hash;
DROP INDEX IF EXISTS public.index_history_ledgers_on_ledger_hash;
DROP INDEX IF EXISTS public.index_history_ledgers_on_importer_version;
DROP INDEX IF EXISTS public.index_history_ledgers_on_id;
DROP INDEX IF EXISTS public.index_history_ledgers_on_closed_at;
DROP INDEX IF EXISTS public.index_history_effects_on_type;
DROP INDEX IF EXISTS public.index_history_accounts_on_id;
DROP INDEX IF EXISTS public.index_history_accounts_on_address;
DROP INDEX IF EXISTS public.hs_transaction_by_id;
DROP INDEX IF EXISTS public.hs_ledger_by_id;
DROP INDEX IF EXISTS public.hist_tx_p_id;
DROP INDEX IF EXISTS public.hist_op_p_id;
DROP INDEX IF EXISTS public.hist_e_id;
DROP INDEX IF EXISTS public.hist_e_by_order;
DROP INDEX IF EXISTS public.by_ledger;
DROP INDEX IF EXISTS public.by_hash;
DROP INDEX IF EXISTS public.by_account;
ALTER TABLE IF EXISTS ONLY public.history_transaction_participants DROP CONSTRAINT IF EXISTS history_transaction_participants_pkey;
ALTER TABLE IF EXISTS ONLY public.history_operation_participants DROP CONSTRAINT IF EXISTS history_operation_participants_pkey;
ALTER TABLE IF EXISTS ONLY public.gorp_migrations DROP CONSTRAINT IF EXISTS gorp_migrations_pkey;
ALTER TABLE IF EXISTS public.history_transaction_participants ALTER COLUMN id DROP DEFAULT;
ALTER TABLE IF EXISTS public.history_operation_participants ALTER COLUMN id DROP DEFAULT;
DROP TABLE IF EXISTS public.history_transactions;
DROP SEQUENCE IF EXISTS public.history_transaction_participants_id_seq;
DROP TABLE IF EXISTS public.history_transaction_participants;
DROP TABLE IF EXISTS public.history_operations;
DROP SEQUENCE IF EXISTS public.history_operation_participants_id_seq;
DROP TABLE IF EXISTS public.history_operation_participants;
DROP TABLE IF EXISTS public.history_ledgers;
DROP TABLE IF EXISTS public.history_effects;
DROP TABLE IF EXISTS public.history_accounts;
DROP TABLE IF EXISTS public.gorp_migrations;
DROP EXTENSION IF EXISTS hstore;
DROP EXTENSION IF EXISTS plpgsql;
DROP SCHEMA IF EXISTS public;
--
-- Name: public; Type: SCHEMA; Schema: -; Owner: -
--

CREATE SCHEMA public;


--
-- Name: SCHEMA public; Type: COMMENT; Schema: -; Owner: -
--

COMMENT ON SCHEMA public IS 'standard public schema';


--
-- Name: plpgsql; Type: EXTENSION; Schema: -; Owner: -
--

CREATE EXTENSION IF NOT EXISTS plpgsql WITH SCHEMA pg_catalog;


--
-- Name: EXTENSION plpgsql; Type: COMMENT; Schema: -; Owner: -
--

COMMENT ON EXTENSION plpgsql IS 'PL/pgSQL procedural language';


--
-- Name: hstore; Type: EXTENSION; Schema: -; Owner: -
--

CREATE EXTENSION IF NOT EXISTS hstore WITH SCHEMA public;


--
-- Name: EXTENSION hstore; Type: COMMENT; Schema: -; Owner: -
--

COMMENT ON EXTENSION hstore IS 'data type for storing sets of (key, value) pairs';


SET search_path = public, pg_catalog;

SET default_tablespace = '';

SET default_with_oids = false;

--
-- Name: gorp_migrations; Type: TABLE; Schema: public; Owner: -; Tablespace: 
--

CREATE TABLE gorp_migrations (
    id text NOT NULL,
    applied_at timestamp with time zone
);


--
-- Name: history_accounts; Type: TABLE; Schema: public; Owner: -; Tablespace: 
--

CREATE TABLE history_accounts (
    id bigint NOT NULL,
    address character varying(64)
);


--
-- Name: history_effects; Type: TABLE; Schema: public; Owner: -; Tablespace: 
--

CREATE TABLE history_effects (
    history_account_id bigint NOT NULL,
    history_operation_id bigint NOT NULL,
    "order" integer NOT NULL,
    type integer NOT NULL,
    details jsonb
);


--
-- Name: history_ledgers; Type: TABLE; Schema: public; Owner: -; Tablespace: 
--

CREATE TABLE history_ledgers (
    sequence integer NOT NULL,
    ledger_hash character varying(64) NOT NULL,
    previous_ledger_hash character varying(64),
    transaction_count integer DEFAULT 0 NOT NULL,
    operation_count integer DEFAULT 0 NOT NULL,
    closed_at timestamp without time zone NOT NULL,
    created_at timestamp without time zone,
    updated_at timestamp without time zone,
    id bigint,
    importer_version integer DEFAULT 1 NOT NULL,
    total_coins bigint NOT NULL,
    fee_pool bigint NOT NULL,
    base_fee integer NOT NULL,
    base_reserve integer NOT NULL,
    max_tx_set_size integer NOT NULL
);


--
-- Name: history_operation_participants; Type: TABLE; Schema: public; Owner: -; Tablespace: 
--

CREATE TABLE history_operation_participants (
    id integer NOT NULL,
    history_operation_id bigint NOT NULL,
    history_account_id bigint NOT NULL
);


--
-- Name: history_operation_participants_id_seq; Type: SEQUENCE; Schema: public; Owner: -
--

CREATE SEQUENCE history_operation_participants_id_seq
    START WITH 1
    INCREMENT BY 1
    NO MINVALUE
    NO MAXVALUE
    CACHE 1;


--
-- Name: history_operation_participants_id_seq; Type: SEQUENCE OWNED BY; Schema: public; Owner: -
--

ALTER SEQUENCE history_operation_participants_id_seq OWNED BY history_operation_participants.id;


--
-- Name: history_operations; Type: TABLE; Schema: public; Owner: -; Tablespace: 
--

CREATE TABLE history_operations (
    id bigint NOT NULL,
    transaction_id bigint NOT NULL,
    application_order integer NOT NULL,
    type integer NOT NULL,
    details jsonb,
    source_account character varying(64) DEFAULT ''::character varying NOT NULL
);


--
-- Name: history_transaction_participants; Type: TABLE; Schema: public; Owner: -; Tablespace: 
--

CREATE TABLE history_transaction_participants (
    id integer NOT NULL,
    history_transaction_id bigint NOT NULL,
    history_account_id bigint NOT NULL
);


--
-- Name: history_transaction_participants_id_seq; Type: SEQUENCE; Schema: public; Owner: -
--

CREATE SEQUENCE history_transaction_participants_id_seq
    START WITH 1
    INCREMENT BY 1
    NO MINVALUE
    NO MAXVALUE
    CACHE 1;


--
-- Name: history_transaction_participants_id_seq; Type: SEQUENCE OWNED BY; Schema: public; Owner: -
--

ALTER SEQUENCE history_transaction_participants_id_seq OWNED BY history_transaction_participants.id;


--
-- Name: history_transactions; Type: TABLE; Schema: public; Owner: -; Tablespace: 
--

CREATE TABLE history_transactions (
    transaction_hash character varying(64) NOT NULL,
    ledger_sequence integer NOT NULL,
    application_order integer NOT NULL,
    account character varying(64) NOT NULL,
    account_sequence bigint NOT NULL,
    fee_paid integer NOT NULL,
    operation_count integer NOT NULL,
    created_at timestamp without time zone,
    updated_at timestamp without time zone,
    id bigint,
    tx_envelope text NOT NULL,
    tx_result text NOT NULL,
    tx_meta text NOT NULL,
    tx_fee_meta text NOT NULL,
    signatures character varying(96)[] DEFAULT '{}'::character varying[] NOT NULL,
    memo_type character varying DEFAULT 'none'::character varying NOT NULL,
    memo character varying,
    time_bounds int8range
);


--
-- Name: id; Type: DEFAULT; Schema: public; Owner: -
--

ALTER TABLE ONLY history_operation_participants ALTER COLUMN id SET DEFAULT nextval('history_operation_participants_id_seq'::regclass);


--
-- Name: id; Type: DEFAULT; Schema: public; Owner: -
--

ALTER TABLE ONLY history_transaction_participants ALTER COLUMN id SET DEFAULT nextval('history_transaction_participants_id_seq'::regclass);


--
-- Data for Name: gorp_migrations; Type: TABLE DATA; Schema: public; Owner: -
--

INSERT INTO gorp_migrations VALUES ('1_initial_schema.sql', '2016-03-17 15:01:27.057034-07');


--
-- Data for Name: history_accounts; Type: TABLE DATA; Schema: public; Owner: -
--

INSERT INTO history_accounts VALUES (1, 'GBRPYHIL2CI3FNQ4BXLFMNDLFJUNPU2HY3ZMFSHONUCEOASW7QC7OX2H');
INSERT INTO history_accounts VALUES (8589938689, 'GC23QF2HUE52AMXUFUH3AYJAXXGXXV2VHXYYR6EYXETPKDXZSAW67XO4');
INSERT INTO history_accounts VALUES (8589942785, 'GCXKG6RN4ONIEPCMNFB732A436Z5PNDSRLGWK7GBLCMQLIFO4S7EYWVU');
INSERT INTO history_accounts VALUES (8589946881, 'GBXGQJWVLWOYHFLVTKWV5FGHA3LNYY2JQKM7OAJAUEQFU6LPCSEFVXON');


--
-- Data for Name: history_effects; Type: TABLE DATA; Schema: public; Owner: -
--

INSERT INTO history_effects VALUES (8589938689, 8589938689, 1, 0, '{"starting_balance": "1000.0000000"}');
INSERT INTO history_effects VALUES (1, 8589938689, 2, 3, '{"amount": "1000.0000000", "asset_type": "native"}');
INSERT INTO history_effects VALUES (8589938689, 8589938689, 3, 10, '{"weight": 1, "public_key": "GC23QF2HUE52AMXUFUH3AYJAXXGXXV2VHXYYR6EYXETPKDXZSAW67XO4"}');
INSERT INTO history_effects VALUES (8589942785, 8589942785, 1, 0, '{"starting_balance": "6000.0000000"}');
INSERT INTO history_effects VALUES (1, 8589942785, 2, 3, '{"amount": "6000.0000000", "asset_type": "native"}');
INSERT INTO history_effects VALUES (8589942785, 8589942785, 3, 10, '{"weight": 1, "public_key": "GCXKG6RN4ONIEPCMNFB732A436Z5PNDSRLGWK7GBLCMQLIFO4S7EYWVU"}');
INSERT INTO history_effects VALUES (8589946881, 8589946881, 1, 0, '{"starting_balance": "6000.0000000"}');
INSERT INTO history_effects VALUES (1, 8589946881, 2, 3, '{"amount": "6000.0000000", "asset_type": "native"}');
INSERT INTO history_effects VALUES (8589946881, 8589946881, 3, 10, '{"weight": 1, "public_key": "GBXGQJWVLWOYHFLVTKWV5FGHA3LNYY2JQKM7OAJAUEQFU6LPCSEFVXON"}');
INSERT INTO history_effects VALUES (8589946881, 12884905985, 1, 20, '{"limit": "922337203685.4775807", "asset_code": "USD", "asset_type": "credit_alphanum4", "asset_issuer": "GC23QF2HUE52AMXUFUH3AYJAXXGXXV2VHXYYR6EYXETPKDXZSAW67XO4"}');
INSERT INTO history_effects VALUES (8589942785, 12884910081, 1, 20, '{"limit": "922337203685.4775807", "asset_code": "USD", "asset_type": "credit_alphanum4", "asset_issuer": "GC23QF2HUE52AMXUFUH3AYJAXXGXXV2VHXYYR6EYXETPKDXZSAW67XO4"}');
INSERT INTO history_effects VALUES (8589942785, 12884914177, 1, 20, '{"limit": "922337203685.4775807", "asset_code": "BTC", "asset_type": "credit_alphanum4", "asset_issuer": "GC23QF2HUE52AMXUFUH3AYJAXXGXXV2VHXYYR6EYXETPKDXZSAW67XO4"}');
INSERT INTO history_effects VALUES (8589946881, 12884918273, 1, 20, '{"limit": "922337203685.4775807", "asset_code": "BTC", "asset_type": "credit_alphanum4", "asset_issuer": "GC23QF2HUE52AMXUFUH3AYJAXXGXXV2VHXYYR6EYXETPKDXZSAW67XO4"}');
INSERT INTO history_effects VALUES (8589942785, 17179873281, 1, 2, '{"amount": "5000.0000000", "asset_code": "USD", "asset_type": "credit_alphanum4", "asset_issuer": "GC23QF2HUE52AMXUFUH3AYJAXXGXXV2VHXYYR6EYXETPKDXZSAW67XO4"}');
INSERT INTO history_effects VALUES (8589938689, 17179873281, 2, 3, '{"amount": "5000.0000000", "asset_code": "USD", "asset_type": "credit_alphanum4", "asset_issuer": "GC23QF2HUE52AMXUFUH3AYJAXXGXXV2VHXYYR6EYXETPKDXZSAW67XO4"}');
INSERT INTO history_effects VALUES (8589946881, 17179877377, 1, 2, '{"amount": "5000.0000000", "asset_code": "USD", "asset_type": "credit_alphanum4", "asset_issuer": "GC23QF2HUE52AMXUFUH3AYJAXXGXXV2VHXYYR6EYXETPKDXZSAW67XO4"}');
INSERT INTO history_effects VALUES (8589938689, 17179877377, 2, 3, '{"amount": "5000.0000000", "asset_code": "USD", "asset_type": "credit_alphanum4", "asset_issuer": "GC23QF2HUE52AMXUFUH3AYJAXXGXXV2VHXYYR6EYXETPKDXZSAW67XO4"}');
INSERT INTO history_effects VALUES (8589942785, 17179881473, 1, 2, '{"amount": "5000.0000000", "asset_code": "BTC", "asset_type": "credit_alphanum4", "asset_issuer": "GC23QF2HUE52AMXUFUH3AYJAXXGXXV2VHXYYR6EYXETPKDXZSAW67XO4"}');
INSERT INTO history_effects VALUES (8589938689, 17179881473, 2, 3, '{"amount": "5000.0000000", "asset_code": "BTC", "asset_type": "credit_alphanum4", "asset_issuer": "GC23QF2HUE52AMXUFUH3AYJAXXGXXV2VHXYYR6EYXETPKDXZSAW67XO4"}');
INSERT INTO history_effects VALUES (8589946881, 17179885569, 1, 2, '{"amount": "5000.0000000", "asset_code": "BTC", "asset_type": "credit_alphanum4", "asset_issuer": "GC23QF2HUE52AMXUFUH3AYJAXXGXXV2VHXYYR6EYXETPKDXZSAW67XO4"}');
INSERT INTO history_effects VALUES (8589938689, 17179885569, 2, 3, '{"amount": "5000.0000000", "asset_code": "BTC", "asset_type": "credit_alphanum4", "asset_issuer": "GC23QF2HUE52AMXUFUH3AYJAXXGXXV2VHXYYR6EYXETPKDXZSAW67XO4"}');


--
-- Data for Name: history_ledgers; Type: TABLE DATA; Schema: public; Owner: -
--

INSERT INTO history_ledgers VALUES (1, '63d98f536ee68d1b27b5b89f23af5311b7569a24faf1403ad0b52b633b07be99', NULL, 0, 0, '1970-01-01 00:00:00', '2016-03-24 23:10:05.55181', '2016-03-24 23:10:05.55181', 4294967296, 5, 1000000000000000000, 0, 100, 100000000, 100);
INSERT INTO history_ledgers VALUES (2, '41fe35d002a37fd9952d551268a62a243fdfaa877a9b53e2f0b4e5cd2624e6fe', '63d98f536ee68d1b27b5b89f23af5311b7569a24faf1403ad0b52b633b07be99', 3, 3, '2016-03-24 23:10:03', '2016-03-24 23:10:05.555726', '2016-03-24 23:10:05.555726', 8589934592, 5, 1000000000000000000, 300, 100, 100000000, 10000);
INSERT INTO history_ledgers VALUES (3, 'de00bf9ce9d305913f40496f13703ede5ebcd892619e421a7264c880ad179ca1', '41fe35d002a37fd9952d551268a62a243fdfaa877a9b53e2f0b4e5cd2624e6fe', 4, 4, '2016-03-24 23:10:04', '2016-03-24 23:10:05.566416', '2016-03-24 23:10:05.566416', 12884901888, 5, 1000000000000000000, 700, 100, 100000000, 10000);
INSERT INTO history_ledgers VALUES (4, 'c0d1e0eda3d3d7af3d1980040f26bdc54f863939402fdc320f3e3a88b4a8791f', 'de00bf9ce9d305913f40496f13703ede5ebcd892619e421a7264c880ad179ca1', 4, 4, '2016-03-24 23:10:05', '2016-03-24 23:10:05.572839', '2016-03-24 23:10:05.572839', 17179869184, 5, 1000000000000000000, 1100, 100, 100000000, 10000);
INSERT INTO history_ledgers VALUES (5, '8e1de7252f988ad389b490ca5491fe0eab39ebbdbee116496026c7c6e9188f60', 'c0d1e0eda3d3d7af3d1980040f26bdc54f863939402fdc320f3e3a88b4a8791f', 6, 6, '2016-03-24 23:10:06', '2016-03-24 23:10:05.579947', '2016-03-24 23:10:05.579947', 21474836480, 5, 1000000000000000000, 1700, 100, 100000000, 10000);
INSERT INTO history_ledgers VALUES (6, 'b9c93ddb7efde1e4e2104eb6791290eca4833579e0718db626a638f1318c0b86', '8e1de7252f988ad389b490ca5491fe0eab39ebbdbee116496026c7c6e9188f60', 6, 6, '2016-03-24 23:10:07', '2016-03-24 23:10:05.587315', '2016-03-24 23:10:05.587315', 25769803776, 5, 1000000000000000000, 2300, 100, 100000000, 10000);


--
-- Data for Name: history_operation_participants; Type: TABLE DATA; Schema: public; Owner: -
--

INSERT INTO history_operation_participants VALUES (1, 8589938689, 1);
INSERT INTO history_operation_participants VALUES (2, 8589938689, 8589938689);
INSERT INTO history_operation_participants VALUES (3, 8589942785, 1);
INSERT INTO history_operation_participants VALUES (4, 8589942785, 8589942785);
INSERT INTO history_operation_participants VALUES (5, 8589946881, 1);
INSERT INTO history_operation_participants VALUES (6, 8589946881, 8589946881);
INSERT INTO history_operation_participants VALUES (7, 12884905985, 8589946881);
INSERT INTO history_operation_participants VALUES (8, 12884910081, 8589942785);
INSERT INTO history_operation_participants VALUES (9, 12884914177, 8589942785);
INSERT INTO history_operation_participants VALUES (10, 12884918273, 8589946881);
INSERT INTO history_operation_participants VALUES (11, 17179873281, 8589938689);
INSERT INTO history_operation_participants VALUES (12, 17179873281, 8589942785);
INSERT INTO history_operation_participants VALUES (13, 17179877377, 8589938689);
INSERT INTO history_operation_participants VALUES (14, 17179877377, 8589946881);
INSERT INTO history_operation_participants VALUES (15, 17179881473, 8589938689);
INSERT INTO history_operation_participants VALUES (16, 17179881473, 8589942785);
INSERT INTO history_operation_participants VALUES (17, 17179885569, 8589938689);
INSERT INTO history_operation_participants VALUES (18, 17179885569, 8589946881);
INSERT INTO history_operation_participants VALUES (19, 21474840577, 8589942785);
INSERT INTO history_operation_participants VALUES (20, 21474844673, 8589946881);
INSERT INTO history_operation_participants VALUES (21, 21474848769, 8589942785);
INSERT INTO history_operation_participants VALUES (22, 21474852865, 8589946881);
INSERT INTO history_operation_participants VALUES (23, 21474856961, 8589942785);
INSERT INTO history_operation_participants VALUES (24, 21474861057, 8589946881);
INSERT INTO history_operation_participants VALUES (25, 25769807873, 8589946881);
INSERT INTO history_operation_participants VALUES (26, 25769811969, 8589942785);
INSERT INTO history_operation_participants VALUES (27, 25769816065, 8589946881);
INSERT INTO history_operation_participants VALUES (28, 25769820161, 8589942785);
INSERT INTO history_operation_participants VALUES (29, 25769824257, 8589942785);
INSERT INTO history_operation_participants VALUES (30, 25769828353, 8589946881);


--
-- Name: history_operation_participants_id_seq; Type: SEQUENCE SET; Schema: public; Owner: -
--

SELECT pg_catalog.setval('history_operation_participants_id_seq', 30, true);


--
-- Data for Name: history_operations; Type: TABLE DATA; Schema: public; Owner: -
--

INSERT INTO history_operations VALUES (8589938689, 8589938688, 1, 0, '{"funder": "GBRPYHIL2CI3FNQ4BXLFMNDLFJUNPU2HY3ZMFSHONUCEOASW7QC7OX2H", "account": "GC23QF2HUE52AMXUFUH3AYJAXXGXXV2VHXYYR6EYXETPKDXZSAW67XO4", "starting_balance": "1000.0000000"}', 'GBRPYHIL2CI3FNQ4BXLFMNDLFJUNPU2HY3ZMFSHONUCEOASW7QC7OX2H');
INSERT INTO history_operations VALUES (8589942785, 8589942784, 1, 0, '{"funder": "GBRPYHIL2CI3FNQ4BXLFMNDLFJUNPU2HY3ZMFSHONUCEOASW7QC7OX2H", "account": "GCXKG6RN4ONIEPCMNFB732A436Z5PNDSRLGWK7GBLCMQLIFO4S7EYWVU", "starting_balance": "6000.0000000"}', 'GBRPYHIL2CI3FNQ4BXLFMNDLFJUNPU2HY3ZMFSHONUCEOASW7QC7OX2H');
INSERT INTO history_operations VALUES (8589946881, 8589946880, 1, 0, '{"funder": "GBRPYHIL2CI3FNQ4BXLFMNDLFJUNPU2HY3ZMFSHONUCEOASW7QC7OX2H", "account": "GBXGQJWVLWOYHFLVTKWV5FGHA3LNYY2JQKM7OAJAUEQFU6LPCSEFVXON", "starting_balance": "6000.0000000"}', 'GBRPYHIL2CI3FNQ4BXLFMNDLFJUNPU2HY3ZMFSHONUCEOASW7QC7OX2H');
INSERT INTO history_operations VALUES (12884905985, 12884905984, 1, 6, '{"limit": "922337203685.4775807", "trustee": "GC23QF2HUE52AMXUFUH3AYJAXXGXXV2VHXYYR6EYXETPKDXZSAW67XO4", "trustor": "GBXGQJWVLWOYHFLVTKWV5FGHA3LNYY2JQKM7OAJAUEQFU6LPCSEFVXON", "asset_code": "USD", "asset_type": "credit_alphanum4", "asset_issuer": "GC23QF2HUE52AMXUFUH3AYJAXXGXXV2VHXYYR6EYXETPKDXZSAW67XO4"}', 'GBXGQJWVLWOYHFLVTKWV5FGHA3LNYY2JQKM7OAJAUEQFU6LPCSEFVXON');
INSERT INTO history_operations VALUES (12884910081, 12884910080, 1, 6, '{"limit": "922337203685.4775807", "trustee": "GC23QF2HUE52AMXUFUH3AYJAXXGXXV2VHXYYR6EYXETPKDXZSAW67XO4", "trustor": "GCXKG6RN4ONIEPCMNFB732A436Z5PNDSRLGWK7GBLCMQLIFO4S7EYWVU", "asset_code": "USD", "asset_type": "credit_alphanum4", "asset_issuer": "GC23QF2HUE52AMXUFUH3AYJAXXGXXV2VHXYYR6EYXETPKDXZSAW67XO4"}', 'GCXKG6RN4ONIEPCMNFB732A436Z5PNDSRLGWK7GBLCMQLIFO4S7EYWVU');
INSERT INTO history_operations VALUES (12884914177, 12884914176, 1, 6, '{"limit": "922337203685.4775807", "trustee": "GC23QF2HUE52AMXUFUH3AYJAXXGXXV2VHXYYR6EYXETPKDXZSAW67XO4", "trustor": "GCXKG6RN4ONIEPCMNFB732A436Z5PNDSRLGWK7GBLCMQLIFO4S7EYWVU", "asset_code": "BTC", "asset_type": "credit_alphanum4", "asset_issuer": "GC23QF2HUE52AMXUFUH3AYJAXXGXXV2VHXYYR6EYXETPKDXZSAW67XO4"}', 'GCXKG6RN4ONIEPCMNFB732A436Z5PNDSRLGWK7GBLCMQLIFO4S7EYWVU');
INSERT INTO history_operations VALUES (12884918273, 12884918272, 1, 6, '{"limit": "922337203685.4775807", "trustee": "GC23QF2HUE52AMXUFUH3AYJAXXGXXV2VHXYYR6EYXETPKDXZSAW67XO4", "trustor": "GBXGQJWVLWOYHFLVTKWV5FGHA3LNYY2JQKM7OAJAUEQFU6LPCSEFVXON", "asset_code": "BTC", "asset_type": "credit_alphanum4", "asset_issuer": "GC23QF2HUE52AMXUFUH3AYJAXXGXXV2VHXYYR6EYXETPKDXZSAW67XO4"}', 'GBXGQJWVLWOYHFLVTKWV5FGHA3LNYY2JQKM7OAJAUEQFU6LPCSEFVXON');
INSERT INTO history_operations VALUES (17179873281, 17179873280, 1, 1, '{"to": "GCXKG6RN4ONIEPCMNFB732A436Z5PNDSRLGWK7GBLCMQLIFO4S7EYWVU", "from": "GC23QF2HUE52AMXUFUH3AYJAXXGXXV2VHXYYR6EYXETPKDXZSAW67XO4", "amount": "5000.0000000", "asset_code": "USD", "asset_type": "credit_alphanum4", "asset_issuer": "GC23QF2HUE52AMXUFUH3AYJAXXGXXV2VHXYYR6EYXETPKDXZSAW67XO4"}', 'GC23QF2HUE52AMXUFUH3AYJAXXGXXV2VHXYYR6EYXETPKDXZSAW67XO4');
INSERT INTO history_operations VALUES (17179877377, 17179877376, 1, 1, '{"to": "GBXGQJWVLWOYHFLVTKWV5FGHA3LNYY2JQKM7OAJAUEQFU6LPCSEFVXON", "from": "GC23QF2HUE52AMXUFUH3AYJAXXGXXV2VHXYYR6EYXETPKDXZSAW67XO4", "amount": "5000.0000000", "asset_code": "USD", "asset_type": "credit_alphanum4", "asset_issuer": "GC23QF2HUE52AMXUFUH3AYJAXXGXXV2VHXYYR6EYXETPKDXZSAW67XO4"}', 'GC23QF2HUE52AMXUFUH3AYJAXXGXXV2VHXYYR6EYXETPKDXZSAW67XO4');
INSERT INTO history_operations VALUES (17179881473, 17179881472, 1, 1, '{"to": "GCXKG6RN4ONIEPCMNFB732A436Z5PNDSRLGWK7GBLCMQLIFO4S7EYWVU", "from": "GC23QF2HUE52AMXUFUH3AYJAXXGXXV2VHXYYR6EYXETPKDXZSAW67XO4", "amount": "5000.0000000", "asset_code": "BTC", "asset_type": "credit_alphanum4", "asset_issuer": "GC23QF2HUE52AMXUFUH3AYJAXXGXXV2VHXYYR6EYXETPKDXZSAW67XO4"}', 'GC23QF2HUE52AMXUFUH3AYJAXXGXXV2VHXYYR6EYXETPKDXZSAW67XO4');
INSERT INTO history_operations VALUES (17179885569, 17179885568, 1, 1, '{"to": "GBXGQJWVLWOYHFLVTKWV5FGHA3LNYY2JQKM7OAJAUEQFU6LPCSEFVXON", "from": "GC23QF2HUE52AMXUFUH3AYJAXXGXXV2VHXYYR6EYXETPKDXZSAW67XO4", "amount": "5000.0000000", "asset_code": "BTC", "asset_type": "credit_alphanum4", "asset_issuer": "GC23QF2HUE52AMXUFUH3AYJAXXGXXV2VHXYYR6EYXETPKDXZSAW67XO4"}', 'GC23QF2HUE52AMXUFUH3AYJAXXGXXV2VHXYYR6EYXETPKDXZSAW67XO4');
INSERT INTO history_operations VALUES (21474840577, 21474840576, 1, 3, '{"price": "0.1000000", "amount": "100.0000000", "price_r": {"d": 10, "n": 1}, "offer_id": 0, "buying_asset_code": "USD", "buying_asset_type": "credit_alphanum4", "selling_asset_type": "native", "buying_asset_issuer": "GC23QF2HUE52AMXUFUH3AYJAXXGXXV2VHXYYR6EYXETPKDXZSAW67XO4"}', 'GCXKG6RN4ONIEPCMNFB732A436Z5PNDSRLGWK7GBLCMQLIFO4S7EYWVU');
INSERT INTO history_operations VALUES (21474844673, 21474844672, 1, 3, '{"price": "15.0000000", "amount": "10.0000000", "price_r": {"d": 1, "n": 15}, "offer_id": 0, "buying_asset_type": "native", "selling_asset_code": "USD", "selling_asset_type": "credit_alphanum4", "selling_asset_issuer": "GC23QF2HUE52AMXUFUH3AYJAXXGXXV2VHXYYR6EYXETPKDXZSAW67XO4"}', 'GBXGQJWVLWOYHFLVTKWV5FGHA3LNYY2JQKM7OAJAUEQFU6LPCSEFVXON');
INSERT INTO history_operations VALUES (21474848769, 21474848768, 1, 3, '{"price": "0.1111111", "amount": "900.0000000", "price_r": {"d": 9, "n": 1}, "offer_id": 0, "buying_asset_code": "USD", "buying_asset_type": "credit_alphanum4", "selling_asset_type": "native", "buying_asset_issuer": "GC23QF2HUE52AMXUFUH3AYJAXXGXXV2VHXYYR6EYXETPKDXZSAW67XO4"}', 'GCXKG6RN4ONIEPCMNFB732A436Z5PNDSRLGWK7GBLCMQLIFO4S7EYWVU');
INSERT INTO history_operations VALUES (21474852865, 21474852864, 1, 3, '{"price": "20.0000000", "amount": "100.0000000", "price_r": {"d": 1, "n": 20}, "offer_id": 0, "buying_asset_type": "native", "selling_asset_code": "USD", "selling_asset_type": "credit_alphanum4", "selling_asset_issuer": "GC23QF2HUE52AMXUFUH3AYJAXXGXXV2VHXYYR6EYXETPKDXZSAW67XO4"}', 'GBXGQJWVLWOYHFLVTKWV5FGHA3LNYY2JQKM7OAJAUEQFU6LPCSEFVXON');
INSERT INTO history_operations VALUES (21474856961, 21474856960, 1, 3, '{"price": "0.2000000", "amount": "5000.0000000", "price_r": {"d": 5, "n": 1}, "offer_id": 0, "buying_asset_code": "USD", "buying_asset_type": "credit_alphanum4", "selling_asset_type": "native", "buying_asset_issuer": "GC23QF2HUE52AMXUFUH3AYJAXXGXXV2VHXYYR6EYXETPKDXZSAW67XO4"}', 'GCXKG6RN4ONIEPCMNFB732A436Z5PNDSRLGWK7GBLCMQLIFO4S7EYWVU');
INSERT INTO history_operations VALUES (21474861057, 21474861056, 1, 3, '{"price": "50.0000000", "amount": "1000.0000000", "price_r": {"d": 1, "n": 50}, "offer_id": 0, "buying_asset_type": "native", "selling_asset_code": "USD", "selling_asset_type": "credit_alphanum4", "selling_asset_issuer": "GC23QF2HUE52AMXUFUH3AYJAXXGXXV2VHXYYR6EYXETPKDXZSAW67XO4"}', 'GBXGQJWVLWOYHFLVTKWV5FGHA3LNYY2JQKM7OAJAUEQFU6LPCSEFVXON');
INSERT INTO history_operations VALUES (25769807873, 25769807872, 1, 3, '{"price": "15.0000000", "amount": "10.0000000", "price_r": {"d": 1, "n": 15}, "offer_id": 0, "buying_asset_code": "BTC", "buying_asset_type": "credit_alphanum4", "selling_asset_code": "USD", "selling_asset_type": "credit_alphanum4", "buying_asset_issuer": "GC23QF2HUE52AMXUFUH3AYJAXXGXXV2VHXYYR6EYXETPKDXZSAW67XO4", "selling_asset_issuer": "GC23QF2HUE52AMXUFUH3AYJAXXGXXV2VHXYYR6EYXETPKDXZSAW67XO4"}', 'GBXGQJWVLWOYHFLVTKWV5FGHA3LNYY2JQKM7OAJAUEQFU6LPCSEFVXON');
INSERT INTO history_operations VALUES (25769811969, 25769811968, 1, 3, '{"price": "0.1000000", "amount": "100.0000000", "price_r": {"d": 10, "n": 1}, "offer_id": 0, "buying_asset_code": "USD", "buying_asset_type": "credit_alphanum4", "selling_asset_code": "BTC", "selling_asset_type": "credit_alphanum4", "buying_asset_issuer": "GC23QF2HUE52AMXUFUH3AYJAXXGXXV2VHXYYR6EYXETPKDXZSAW67XO4", "selling_asset_issuer": "GC23QF2HUE52AMXUFUH3AYJAXXGXXV2VHXYYR6EYXETPKDXZSAW67XO4"}', 'GCXKG6RN4ONIEPCMNFB732A436Z5PNDSRLGWK7GBLCMQLIFO4S7EYWVU');
INSERT INTO history_operations VALUES (25769816065, 25769816064, 1, 3, '{"price": "20.0000000", "amount": "100.0000000", "price_r": {"d": 1, "n": 20}, "offer_id": 0, "buying_asset_code": "BTC", "buying_asset_type": "credit_alphanum4", "selling_asset_code": "USD", "selling_asset_type": "credit_alphanum4", "buying_asset_issuer": "GC23QF2HUE52AMXUFUH3AYJAXXGXXV2VHXYYR6EYXETPKDXZSAW67XO4", "selling_asset_issuer": "GC23QF2HUE52AMXUFUH3AYJAXXGXXV2VHXYYR6EYXETPKDXZSAW67XO4"}', 'GBXGQJWVLWOYHFLVTKWV5FGHA3LNYY2JQKM7OAJAUEQFU6LPCSEFVXON');
INSERT INTO history_operations VALUES (25769820161, 25769820160, 1, 3, '{"price": "0.1111111", "amount": "900.0000000", "price_r": {"d": 9, "n": 1}, "offer_id": 0, "buying_asset_code": "USD", "buying_asset_type": "credit_alphanum4", "selling_asset_code": "BTC", "selling_asset_type": "credit_alphanum4", "buying_asset_issuer": "GC23QF2HUE52AMXUFUH3AYJAXXGXXV2VHXYYR6EYXETPKDXZSAW67XO4", "selling_asset_issuer": "GC23QF2HUE52AMXUFUH3AYJAXXGXXV2VHXYYR6EYXETPKDXZSAW67XO4"}', 'GCXKG6RN4ONIEPCMNFB732A436Z5PNDSRLGWK7GBLCMQLIFO4S7EYWVU');
INSERT INTO history_operations VALUES (25769824257, 25769824256, 1, 3, '{"price": "0.2000000", "amount": "5000.0000000", "price_r": {"d": 5, "n": 1}, "offer_id": 0, "buying_asset_code": "USD", "buying_asset_type": "credit_alphanum4", "selling_asset_code": "BTC", "selling_asset_type": "credit_alphanum4", "buying_asset_issuer": "GC23QF2HUE52AMXUFUH3AYJAXXGXXV2VHXYYR6EYXETPKDXZSAW67XO4", "selling_asset_issuer": "GC23QF2HUE52AMXUFUH3AYJAXXGXXV2VHXYYR6EYXETPKDXZSAW67XO4"}', 'GCXKG6RN4ONIEPCMNFB732A436Z5PNDSRLGWK7GBLCMQLIFO4S7EYWVU');
INSERT INTO history_operations VALUES (25769828353, 25769828352, 1, 3, '{"price": "50.0000000", "amount": "1000.0000000", "price_r": {"d": 1, "n": 50}, "offer_id": 0, "buying_asset_code": "BTC", "buying_asset_type": "credit_alphanum4", "selling_asset_code": "USD", "selling_asset_type": "credit_alphanum4", "buying_asset_issuer": "GC23QF2HUE52AMXUFUH3AYJAXXGXXV2VHXYYR6EYXETPKDXZSAW67XO4", "selling_asset_issuer": "GC23QF2HUE52AMXUFUH3AYJAXXGXXV2VHXYYR6EYXETPKDXZSAW67XO4"}', 'GBXGQJWVLWOYHFLVTKWV5FGHA3LNYY2JQKM7OAJAUEQFU6LPCSEFVXON');


--
-- Data for Name: history_transaction_participants; Type: TABLE DATA; Schema: public; Owner: -
--

INSERT INTO history_transaction_participants VALUES (1, 8589938688, 1);
INSERT INTO history_transaction_participants VALUES (2, 8589938688, 8589938689);
INSERT INTO history_transaction_participants VALUES (3, 8589942784, 1);
INSERT INTO history_transaction_participants VALUES (4, 8589942784, 8589942785);
INSERT INTO history_transaction_participants VALUES (5, 8589946880, 1);
INSERT INTO history_transaction_participants VALUES (6, 8589946880, 8589946881);
INSERT INTO history_transaction_participants VALUES (7, 12884905984, 8589946881);
INSERT INTO history_transaction_participants VALUES (8, 12884910080, 8589942785);
INSERT INTO history_transaction_participants VALUES (9, 12884914176, 8589942785);
INSERT INTO history_transaction_participants VALUES (10, 12884918272, 8589946881);
INSERT INTO history_transaction_participants VALUES (11, 17179873280, 8589938689);
INSERT INTO history_transaction_participants VALUES (12, 17179873280, 8589942785);
INSERT INTO history_transaction_participants VALUES (13, 17179877376, 8589938689);
INSERT INTO history_transaction_participants VALUES (14, 17179877376, 8589946881);
INSERT INTO history_transaction_participants VALUES (15, 17179881472, 8589938689);
INSERT INTO history_transaction_participants VALUES (16, 17179881472, 8589942785);
INSERT INTO history_transaction_participants VALUES (17, 17179885568, 8589938689);
INSERT INTO history_transaction_participants VALUES (18, 17179885568, 8589946881);
INSERT INTO history_transaction_participants VALUES (19, 21474840576, 8589942785);
INSERT INTO history_transaction_participants VALUES (20, 21474844672, 8589946881);
INSERT INTO history_transaction_participants VALUES (21, 21474848768, 8589942785);
INSERT INTO history_transaction_participants VALUES (22, 21474852864, 8589946881);
INSERT INTO history_transaction_participants VALUES (23, 21474856960, 8589942785);
INSERT INTO history_transaction_participants VALUES (24, 21474861056, 8589946881);
INSERT INTO history_transaction_participants VALUES (25, 25769807872, 8589946881);
INSERT INTO history_transaction_participants VALUES (26, 25769811968, 8589942785);
INSERT INTO history_transaction_participants VALUES (27, 25769816064, 8589946881);
INSERT INTO history_transaction_participants VALUES (28, 25769820160, 8589942785);
INSERT INTO history_transaction_participants VALUES (29, 25769824256, 8589942785);
INSERT INTO history_transaction_participants VALUES (30, 25769828352, 8589946881);


--
-- Name: history_transaction_participants_id_seq; Type: SEQUENCE SET; Schema: public; Owner: -
--

SELECT pg_catalog.setval('history_transaction_participants_id_seq', 30, true);


--
-- Data for Name: history_transactions; Type: TABLE DATA; Schema: public; Owner: -
--

INSERT INTO history_transactions VALUES ('db398eb4ae89756325643cad21c94e13bfc074b323ee83e141bf701a5d904f1b', 2, 1, 'GBRPYHIL2CI3FNQ4BXLFMNDLFJUNPU2HY3ZMFSHONUCEOASW7QC7OX2H', 1, 100, 1, '2016-03-24 23:10:05.556106', '2016-03-24 23:10:05.556106', 8589938688, 'AAAAAGL8HQvQkbK2HA3WVjRrKmjX00fG8sLI7m0ERwJW/AX3AAAAZAAAAAAAAAABAAAAAAAAAAAAAAABAAAAAAAAAAAAAAAAtbgXR6E7oDL0LQ+wYSC9zXvXVT3xiPiYuSb1DvmQLe8AAAACVAvkAAAAAAAAAAABVvwF9wAAAEAYjQcPT2G5hqnBmgGGeg9J8l4c1EnUlxklElH9sqZr0971F6OLWfe/m4kpFtI+sI0i1qLit5A0JyWnbhYLW5oD', '2zmOtK6JdWMlZDytIclOE7/AdLMj7oPhQb9wGl2QTxsAAAAAAAAAZAAAAAAAAAABAAAAAAAAAAAAAAAAAAAAAA==', 'AAAAAAAAAAEAAAACAAAAAAAAAAIAAAAAAAAAALW4F0ehO6Ay9C0PsGEgvc1711U98Yj4mLkm9Q75kC3vAAAAAlQL5AAAAAACAAAAAAAAAAAAAAAAAAAAAAAAAAABAAAAAAAAAAAAAAAAAAAAAAAAAQAAAAIAAAAAAAAAAGL8HQvQkbK2HA3WVjRrKmjX00fG8sLI7m0ERwJW/AX3DeC2sVNYGtQAAAAAAAAAAwAAAAAAAAAAAAAAAAAAAAABAAAAAAAAAAAAAAAAAAAA', 'AAAAAgAAAAMAAAABAAAAAAAAAABi/B0L0JGythwN1lY0aypo19NHxvLCyO5tBEcCVvwF9w3gtrOnZAAAAAAAAAAAAAAAAAAAAAAAAAAAAAAAAAAAAQAAAAAAAAAAAAAAAAAAAAAAAAEAAAACAAAAAAAAAABi/B0L0JGythwN1lY0aypo19NHxvLCyO5tBEcCVvwF9w3gtrOnY/+cAAAAAAAAAAEAAAAAAAAAAAAAAAAAAAAAAQAAAAAAAAAAAAAAAAAAAA==', '{GI0HD09huYapwZoBhnoPSfJeHNRJ1JcZJRJR/bKma9Pe9Reji1n3v5uJKRbSPrCNItai4reQNCclp24WC1uaAw==}', 'none', NULL, NULL);
INSERT INTO history_transactions VALUES ('67c059e1118f4f79b83648e5769b8bf1f1fbf0259d90d2e4a5a8aa0852c41687', 2, 2, 'GBRPYHIL2CI3FNQ4BXLFMNDLFJUNPU2HY3ZMFSHONUCEOASW7QC7OX2H', 2, 100, 1, '2016-03-24 23:10:05.560778', '2016-03-24 23:10:05.560778', 8589942784, 'AAAAAGL8HQvQkbK2HA3WVjRrKmjX00fG8sLI7m0ERwJW/AX3AAAAZAAAAAAAAAACAAAAAAAAAAAAAAABAAAAAAAAAAAAAAAArqN6LeOagjxMaUP96Bzfs9e0corNZXzBWJkFoK7kvkwAAAAN+EdYAAAAAAAAAAABVvwF9wAAAEDUoLr1FIIMdF1JOK2RVg4EDQvL+exej1s795GdZKz5tJB94pDkbAiz8k+mPv0OVuST8ah1MzkZYglos0c1AcID', 'Z8BZ4RGPT3m4NkjldpuL8fH78CWdkNLkpaiqCFLEFocAAAAAAAAAZAAAAAAAAAABAAAAAAAAAAAAAAAAAAAAAA==', 'AAAAAAAAAAEAAAACAAAAAAAAAAIAAAAAAAAAAK6jei3jmoI8TGlD/egc37PXtHKKzWV8wViZBaCu5L5MAAAADfhHWAAAAAACAAAAAAAAAAAAAAAAAAAAAAAAAAABAAAAAAAAAAAAAAAAAAAAAAAAAQAAAAIAAAAAAAAAAGL8HQvQkbK2HA3WVjRrKmjX00fG8sLI7m0ERwJW/AX3DeC2o1sQwtQAAAAAAAAAAwAAAAAAAAAAAAAAAAAAAAABAAAAAAAAAAAAAAAAAAAA', 'AAAAAQAAAAEAAAACAAAAAAAAAABi/B0L0JGythwN1lY0aypo19NHxvLCyO5tBEcCVvwF9w3gtrOnY/84AAAAAAAAAAIAAAAAAAAAAAAAAAAAAAAAAQAAAAAAAAAAAAAAAAAAAA==', '{1KC69RSCDHRdSTitkVYOBA0Ly/nsXo9bO/eRnWSs+bSQfeKQ5GwIs/JPpj79Dlbkk/GodTM5GWIJaLNHNQHCAw==}', 'none', NULL, NULL);
INSERT INTO history_transactions VALUES ('f7cb8309318368f694c8830bf789841e7e2c46dce30e60969d88bd0ce588cbe9', 2, 3, 'GBRPYHIL2CI3FNQ4BXLFMNDLFJUNPU2HY3ZMFSHONUCEOASW7QC7OX2H', 3, 100, 1, '2016-03-24 23:10:05.562981', '2016-03-24 23:10:05.562981', 8589946880, 'AAAAAGL8HQvQkbK2HA3WVjRrKmjX00fG8sLI7m0ERwJW/AX3AAAAZAAAAAAAAAADAAAAAAAAAAAAAAABAAAAAAAAAAAAAAAAbmgm1V2dg5V1mq1elMcG1txjSYKZ9wEgoSBaeW8UiFoAAAAN+EdYAAAAAAAAAAABVvwF9wAAAEAQAaCgnhAHvWviyyciJH3kp9yoTQtn2SFjbCqLUUPBKzcRt8huITE9etfxlEBrW4iiJkrgyQeOCq/IGbGe2RAA', '98uDCTGDaPaUyIML94mEHn4sRtzjDmCWnYi9DOWIy+kAAAAAAAAAZAAAAAAAAAABAAAAAAAAAAAAAAAAAAAAAA==', 'AAAAAAAAAAEAAAACAAAAAAAAAAIAAAAAAAAAAG5oJtVdnYOVdZqtXpTHBtbcY0mCmfcBIKEgWnlvFIhaAAAADfhHWAAAAAACAAAAAAAAAAAAAAAAAAAAAAAAAAABAAAAAAAAAAAAAAAAAAAAAAAAAQAAAAIAAAAAAAAAAGL8HQvQkbK2HA3WVjRrKmjX00fG8sLI7m0ERwJW/AX3DeC2lWLJatQAAAAAAAAAAwAAAAAAAAAAAAAAAAAAAAABAAAAAAAAAAAAAAAAAAAA', 'AAAAAQAAAAEAAAACAAAAAAAAAABi/B0L0JGythwN1lY0aypo19NHxvLCyO5tBEcCVvwF9w3gtrOnY/7UAAAAAAAAAAMAAAAAAAAAAAAAAAAAAAAAAQAAAAAAAAAAAAAAAAAAAA==', '{EAGgoJ4QB71r4ssnIiR95KfcqE0LZ9khY2wqi1FDwSs3EbfIbiExPXrX8ZRAa1uIoiZK4MkHjgqvyBmxntkQAA==}', 'none', NULL, NULL);
INSERT INTO history_transactions VALUES ('811192c38643df73c015a5a1d77b802dff05d4f50fc6d10816aa75c0a6109f9a', 3, 1, 'GBXGQJWVLWOYHFLVTKWV5FGHA3LNYY2JQKM7OAJAUEQFU6LPCSEFVXON', 8589934593, 100, 1, '2016-03-24 23:10:05.566743', '2016-03-24 23:10:05.566743', 12884905984, 'AAAAAG5oJtVdnYOVdZqtXpTHBtbcY0mCmfcBIKEgWnlvFIhaAAAAZAAAAAIAAAABAAAAAAAAAAAAAAABAAAAAAAAAAYAAAABVVNEAAAAAAC1uBdHoTugMvQtD7BhIL3Ne9dVPfGI+Ji5JvUO+ZAt73//////////AAAAAAAAAAFvFIhaAAAAQPlg7GLhJg0x7jpAw1Ew6H2XF6yRImfJIwFfx09Nui5btOJAFewFANfOaAB8FQZl5p3A5g3k6DHDigfUNUD16gc=', 'gRGSw4ZD33PAFaWh13uALf8F1PUPxtEIFqp1wKYQn5oAAAAAAAAAZAAAAAAAAAABAAAAAAAAAAYAAAAAAAAAAA==', 'AAAAAAAAAAEAAAACAAAAAAAAAAMAAAABAAAAAG5oJtVdnYOVdZqtXpTHBtbcY0mCmfcBIKEgWnlvFIhaAAAAAVVTRAAAAAAAtbgXR6E7oDL0LQ+wYSC9zXvXVT3xiPiYuSb1DvmQLe8AAAAAAAAAAH//////////AAAAAQAAAAAAAAAAAAAAAQAAAAMAAAAAAAAAAG5oJtVdnYOVdZqtXpTHBtbcY0mCmfcBIKEgWnlvFIhaAAAADfhHVzgAAAACAAAAAgAAAAEAAAAAAAAAAAAAAAABAAAAAAAAAAAAAAAAAAAA', 'AAAAAgAAAAMAAAACAAAAAAAAAABuaCbVXZ2DlXWarV6UxwbW3GNJgpn3ASChIFp5bxSIWgAAAA34R1gAAAAAAgAAAAAAAAAAAAAAAAAAAAAAAAAAAQAAAAAAAAAAAAAAAAAAAAAAAAEAAAADAAAAAAAAAABuaCbVXZ2DlXWarV6UxwbW3GNJgpn3ASChIFp5bxSIWgAAAA34R1ecAAAAAgAAAAEAAAAAAAAAAAAAAAAAAAAAAQAAAAAAAAAAAAAAAAAAAA==', '{+WDsYuEmDTHuOkDDUTDofZcXrJEiZ8kjAV/HT026Llu04kAV7AUA185oAHwVBmXmncDmDeToMcOKB9Q1QPXqBw==}', 'none', NULL, NULL);
INSERT INTO history_transactions VALUES ('bd486dbdd02d460817671c4a5a7e9d6e865ca29cb41e62d7aaf70a2fee5b36de', 3, 2, 'GCXKG6RN4ONIEPCMNFB732A436Z5PNDSRLGWK7GBLCMQLIFO4S7EYWVU', 8589934593, 100, 1, '2016-03-24 23:10:05.567899', '2016-03-24 23:10:05.567899', 12884910080, 'AAAAAK6jei3jmoI8TGlD/egc37PXtHKKzWV8wViZBaCu5L5MAAAAZAAAAAIAAAABAAAAAAAAAAAAAAABAAAAAAAAAAYAAAABVVNEAAAAAAC1uBdHoTugMvQtD7BhIL3Ne9dVPfGI+Ji5JvUO+ZAt73//////////AAAAAAAAAAGu5L5MAAAAQB9kmKW2q3v7Qfy8PMekEb1TTI5ixqkI0BogXrOt7gO162Qbkh2dSTUfeDovc0PAafhDXxthVAlsLujlBmyjBAY=', 'vUhtvdAtRggXZxxKWn6dboZcopy0HmLXqvcKL+5bNt4AAAAAAAAAZAAAAAAAAAABAAAAAAAAAAYAAAAAAAAAAA==', 'AAAAAAAAAAEAAAACAAAAAAAAAAMAAAABAAAAAK6jei3jmoI8TGlD/egc37PXtHKKzWV8wViZBaCu5L5MAAAAAVVTRAAAAAAAtbgXR6E7oDL0LQ+wYSC9zXvXVT3xiPiYuSb1DvmQLe8AAAAAAAAAAH//////////AAAAAQAAAAAAAAAAAAAAAQAAAAMAAAAAAAAAAK6jei3jmoI8TGlD/egc37PXtHKKzWV8wViZBaCu5L5MAAAADfhHVzgAAAACAAAAAgAAAAEAAAAAAAAAAAAAAAABAAAAAAAAAAAAAAAAAAAA', 'AAAAAgAAAAMAAAACAAAAAAAAAACuo3ot45qCPExpQ/3oHN+z17Ryis1lfMFYmQWgruS+TAAAAA34R1gAAAAAAgAAAAAAAAAAAAAAAAAAAAAAAAAAAQAAAAAAAAAAAAAAAAAAAAAAAAEAAAADAAAAAAAAAACuo3ot45qCPExpQ/3oHN+z17Ryis1lfMFYmQWgruS+TAAAAA34R1ecAAAAAgAAAAEAAAAAAAAAAAAAAAAAAAAAAQAAAAAAAAAAAAAAAAAAAA==', '{H2SYpbare/tB/Lw8x6QRvVNMjmLGqQjQGiBes63uA7XrZBuSHZ1JNR94Oi9zQ8Bp+ENfG2FUCWwu6OUGbKMEBg==}', 'none', NULL, NULL);
INSERT INTO history_transactions VALUES ('3476bc649563488cf025d82790aa9c44649188232b150d2864d13fe9face5406', 3, 3, 'GCXKG6RN4ONIEPCMNFB732A436Z5PNDSRLGWK7GBLCMQLIFO4S7EYWVU', 8589934594, 100, 1, '2016-03-24 23:10:05.568977', '2016-03-24 23:10:05.568977', 12884914176, 'AAAAAK6jei3jmoI8TGlD/egc37PXtHKKzWV8wViZBaCu5L5MAAAAZAAAAAIAAAACAAAAAAAAAAAAAAABAAAAAAAAAAYAAAABQlRDAAAAAAC1uBdHoTugMvQtD7BhIL3Ne9dVPfGI+Ji5JvUO+ZAt73//////////AAAAAAAAAAGu5L5MAAAAQEKBv+8zL1epwxC+sJhEYPmbjL9XScXtctoMIdet5dhgk7YJVJzAnRSgYTvfyoIJKJdQmX66uh2o+rG9K6JImgY=', 'NHa8ZJVjSIzwJdgnkKqcRGSRiCMrFQ0oZNE/6frOVAYAAAAAAAAAZAAAAAAAAAABAAAAAAAAAAYAAAAAAAAAAA==', 'AAAAAAAAAAEAAAACAAAAAAAAAAMAAAABAAAAAK6jei3jmoI8TGlD/egc37PXtHKKzWV8wViZBaCu5L5MAAAAAUJUQwAAAAAAtbgXR6E7oDL0LQ+wYSC9zXvXVT3xiPiYuSb1DvmQLe8AAAAAAAAAAH//////////AAAAAQAAAAAAAAAAAAAAAQAAAAMAAAAAAAAAAK6jei3jmoI8TGlD/egc37PXtHKKzWV8wViZBaCu5L5MAAAADfhHVzgAAAACAAAAAgAAAAIAAAAAAAAAAAAAAAABAAAAAAAAAAAAAAAAAAAA', 'AAAAAQAAAAEAAAADAAAAAAAAAACuo3ot45qCPExpQ/3oHN+z17Ryis1lfMFYmQWgruS+TAAAAA34R1c4AAAAAgAAAAIAAAAAAAAAAAAAAAAAAAAAAQAAAAAAAAAAAAAAAAAAAA==', '{QoG/7zMvV6nDEL6wmERg+ZuMv1dJxe1y2gwh163l2GCTtglUnMCdFKBhO9/Kggkol1CZfrq6Haj6sb0rokiaBg==}', 'none', NULL, NULL);
INSERT INTO history_transactions VALUES ('7df857c23c7dfeb974d7c3956775685a8edfa8496bb781fd346c8e2025fad9bf', 3, 4, 'GBXGQJWVLWOYHFLVTKWV5FGHA3LNYY2JQKM7OAJAUEQFU6LPCSEFVXON', 8589934594, 100, 1, '2016-03-24 23:10:05.570056', '2016-03-24 23:10:05.570056', 12884918272, 'AAAAAG5oJtVdnYOVdZqtXpTHBtbcY0mCmfcBIKEgWnlvFIhaAAAAZAAAAAIAAAACAAAAAAAAAAAAAAABAAAAAAAAAAYAAAABQlRDAAAAAAC1uBdHoTugMvQtD7BhIL3Ne9dVPfGI+Ji5JvUO+ZAt73//////////AAAAAAAAAAFvFIhaAAAAQBH/ML6+RzWquFPh8gLF2RuZzYtjjpPeHv/od9M74xlU09Xa4a5e1NhMtMSRIoLItg1EaDWE9zvtHflVWIAaSwQ=', 'ffhXwjx9/rl018OVZ3VoWo7fqElrt4H9NGyOICX62b8AAAAAAAAAZAAAAAAAAAABAAAAAAAAAAYAAAAAAAAAAA==', 'AAAAAAAAAAEAAAACAAAAAAAAAAMAAAABAAAAAG5oJtVdnYOVdZqtXpTHBtbcY0mCmfcBIKEgWnlvFIhaAAAAAUJUQwAAAAAAtbgXR6E7oDL0LQ+wYSC9zXvXVT3xiPiYuSb1DvmQLe8AAAAAAAAAAH//////////AAAAAQAAAAAAAAAAAAAAAQAAAAMAAAAAAAAAAG5oJtVdnYOVdZqtXpTHBtbcY0mCmfcBIKEgWnlvFIhaAAAADfhHVzgAAAACAAAAAgAAAAIAAAAAAAAAAAAAAAABAAAAAAAAAAAAAAAAAAAA', 'AAAAAQAAAAEAAAADAAAAAAAAAABuaCbVXZ2DlXWarV6UxwbW3GNJgpn3ASChIFp5bxSIWgAAAA34R1c4AAAAAgAAAAIAAAAAAAAAAAAAAAAAAAAAAQAAAAAAAAAAAAAAAAAAAA==', '{Ef8wvr5HNaq4U+HyAsXZG5nNi2OOk94e/+h30zvjGVTT1drhrl7U2Ey0xJEigsi2DURoNYT3O+0d+VVYgBpLBA==}', 'none', NULL, NULL);
INSERT INTO history_transactions VALUES ('ea945436a3b650efa88063e737518cf1928d9a43d1aba3ec684704f160b3733e', 4, 1, 'GC23QF2HUE52AMXUFUH3AYJAXXGXXV2VHXYYR6EYXETPKDXZSAW67XO4', 8589934593, 100, 1, '2016-03-24 23:10:05.573167', '2016-03-24 23:10:05.573168', 17179873280, 'AAAAALW4F0ehO6Ay9C0PsGEgvc1711U98Yj4mLkm9Q75kC3vAAAAZAAAAAIAAAABAAAAAAAAAAAAAAABAAAAAAAAAAEAAAAArqN6LeOagjxMaUP96Bzfs9e0corNZXzBWJkFoK7kvkwAAAABVVNEAAAAAAC1uBdHoTugMvQtD7BhIL3Ne9dVPfGI+Ji5JvUO+ZAt7wAAAAukO3QAAAAAAAAAAAH5kC3vAAAAQH/ZkzR/eC0F7xP9zApeHvMH7nqetzaSdYh8WHyrwwvbEnx4Db6gz0grnRJBJS66OZbGmCk7yzHm8DkJ7bJ4QAU=', '6pRUNqO2UO+ogGPnN1GM8ZKNmkPRq6PsaEcE8WCzcz4AAAAAAAAAZAAAAAAAAAABAAAAAAAAAAEAAAAAAAAAAA==', 'AAAAAAAAAAEAAAACAAAAAwAAAAMAAAABAAAAAK6jei3jmoI8TGlD/egc37PXtHKKzWV8wViZBaCu5L5MAAAAAVVTRAAAAAAAtbgXR6E7oDL0LQ+wYSC9zXvXVT3xiPiYuSb1DvmQLe8AAAAAAAAAAH//////////AAAAAQAAAAAAAAAAAAAAAQAAAAQAAAABAAAAAK6jei3jmoI8TGlD/egc37PXtHKKzWV8wViZBaCu5L5MAAAAAVVTRAAAAAAAtbgXR6E7oDL0LQ+wYSC9zXvXVT3xiPiYuSb1DvmQLe8AAAALpDt0AH//////////AAAAAQAAAAAAAAAA', 'AAAAAgAAAAMAAAACAAAAAAAAAAC1uBdHoTugMvQtD7BhIL3Ne9dVPfGI+Ji5JvUO+ZAt7wAAAAJUC+QAAAAAAgAAAAAAAAAAAAAAAAAAAAAAAAAAAQAAAAAAAAAAAAAAAAAAAAAAAAEAAAAEAAAAAAAAAAC1uBdHoTugMvQtD7BhIL3Ne9dVPfGI+Ji5JvUO+ZAt7wAAAAJUC+OcAAAAAgAAAAEAAAAAAAAAAAAAAAAAAAAAAQAAAAAAAAAAAAAAAAAAAA==', '{f9mTNH94LQXvE/3MCl4e8wfuep63NpJ1iHxYfKvDC9sSfHgNvqDPSCudEkElLro5lsaYKTvLMebwOQntsnhABQ==}', 'none', NULL, NULL);
INSERT INTO history_transactions VALUES ('416a63c3f1491537698cdb6f981097ed8e44ca27d2d9006bd0ba68832ebf9d55', 4, 2, 'GC23QF2HUE52AMXUFUH3AYJAXXGXXV2VHXYYR6EYXETPKDXZSAW67XO4', 8589934594, 100, 1, '2016-03-24 23:10:05.574541', '2016-03-24 23:10:05.574541', 17179877376, 'AAAAALW4F0ehO6Ay9C0PsGEgvc1711U98Yj4mLkm9Q75kC3vAAAAZAAAAAIAAAACAAAAAAAAAAAAAAABAAAAAAAAAAEAAAAAbmgm1V2dg5V1mq1elMcG1txjSYKZ9wEgoSBaeW8UiFoAAAABVVNEAAAAAAC1uBdHoTugMvQtD7BhIL3Ne9dVPfGI+Ji5JvUO+ZAt7wAAAAukO3QAAAAAAAAAAAH5kC3vAAAAQFFGLGFFXbEDRdk2eFyQATNpHuqO/sFrpqsxmNNwGa+MLibNQJLDXWafC4W8KMKQ/hE0M0TLxZeu/O8tYnBuwwA=', 'QWpjw/FJFTdpjNtvmBCX7Y5EyifS2QBr0Lpogy6/nVUAAAAAAAAAZAAAAAAAAAABAAAAAAAAAAEAAAAAAAAAAA==', 'AAAAAAAAAAEAAAACAAAAAwAAAAMAAAABAAAAAG5oJtVdnYOVdZqtXpTHBtbcY0mCmfcBIKEgWnlvFIhaAAAAAVVTRAAAAAAAtbgXR6E7oDL0LQ+wYSC9zXvXVT3xiPiYuSb1DvmQLe8AAAAAAAAAAH//////////AAAAAQAAAAAAAAAAAAAAAQAAAAQAAAABAAAAAG5oJtVdnYOVdZqtXpTHBtbcY0mCmfcBIKEgWnlvFIhaAAAAAVVTRAAAAAAAtbgXR6E7oDL0LQ+wYSC9zXvXVT3xiPiYuSb1DvmQLe8AAAALpDt0AH//////////AAAAAQAAAAAAAAAA', 'AAAAAQAAAAEAAAAEAAAAAAAAAAC1uBdHoTugMvQtD7BhIL3Ne9dVPfGI+Ji5JvUO+ZAt7wAAAAJUC+M4AAAAAgAAAAIAAAAAAAAAAAAAAAAAAAAAAQAAAAAAAAAAAAAAAAAAAA==', '{UUYsYUVdsQNF2TZ4XJABM2ke6o7+wWumqzGY03AZr4wuJs1AksNdZp8LhbwowpD+ETQzRMvFl6787y1icG7DAA==}', 'none', NULL, NULL);
INSERT INTO history_transactions VALUES ('c29948d1ca87bad2e3299c1b018c996c22ff5d56f5753bc38f0fd88c4d2c5d94', 4, 3, 'GC23QF2HUE52AMXUFUH3AYJAXXGXXV2VHXYYR6EYXETPKDXZSAW67XO4', 8589934595, 100, 1, '2016-03-24 23:10:05.575835', '2016-03-24 23:10:05.575835', 17179881472, 'AAAAALW4F0ehO6Ay9C0PsGEgvc1711U98Yj4mLkm9Q75kC3vAAAAZAAAAAIAAAADAAAAAAAAAAAAAAABAAAAAAAAAAEAAAAArqN6LeOagjxMaUP96Bzfs9e0corNZXzBWJkFoK7kvkwAAAABQlRDAAAAAAC1uBdHoTugMvQtD7BhIL3Ne9dVPfGI+Ji5JvUO+ZAt7wAAAAukO3QAAAAAAAAAAAH5kC3vAAAAQLn0NeCsam5YrmtsMJQVOLyOTPqDb7SMTCZGofm5ShU6fcl3PPieInQNtk1FmRVeUxdYX1rsW2KH1HQbJ644Hw0=', 'wplI0cqHutLjKZwbAYyZbCL/XVb1dTvDjw/YjE0sXZQAAAAAAAAAZAAAAAAAAAABAAAAAAAAAAEAAAAAAAAAAA==', 'AAAAAAAAAAEAAAACAAAAAwAAAAMAAAABAAAAAK6jei3jmoI8TGlD/egc37PXtHKKzWV8wViZBaCu5L5MAAAAAUJUQwAAAAAAtbgXR6E7oDL0LQ+wYSC9zXvXVT3xiPiYuSb1DvmQLe8AAAAAAAAAAH//////////AAAAAQAAAAAAAAAAAAAAAQAAAAQAAAABAAAAAK6jei3jmoI8TGlD/egc37PXtHKKzWV8wViZBaCu5L5MAAAAAUJUQwAAAAAAtbgXR6E7oDL0LQ+wYSC9zXvXVT3xiPiYuSb1DvmQLe8AAAALpDt0AH//////////AAAAAQAAAAAAAAAA', 'AAAAAQAAAAEAAAAEAAAAAAAAAAC1uBdHoTugMvQtD7BhIL3Ne9dVPfGI+Ji5JvUO+ZAt7wAAAAJUC+LUAAAAAgAAAAMAAAAAAAAAAAAAAAAAAAAAAQAAAAAAAAAAAAAAAAAAAA==', '{ufQ14Kxqbliua2wwlBU4vI5M+oNvtIxMJkah+blKFTp9yXc8+J4idA22TUWZFV5TF1hfWuxbYofUdBsnrjgfDQ==}', 'none', NULL, NULL);
INSERT INTO history_transactions VALUES ('554ea22913ebf01fc4b3a4d60b59ae28f379b800d5b6da40a6987a53ebd87f07', 4, 4, 'GC23QF2HUE52AMXUFUH3AYJAXXGXXV2VHXYYR6EYXETPKDXZSAW67XO4', 8589934596, 100, 1, '2016-03-24 23:10:05.577072', '2016-03-24 23:10:05.577072', 17179885568, 'AAAAALW4F0ehO6Ay9C0PsGEgvc1711U98Yj4mLkm9Q75kC3vAAAAZAAAAAIAAAAEAAAAAAAAAAAAAAABAAAAAAAAAAEAAAAAbmgm1V2dg5V1mq1elMcG1txjSYKZ9wEgoSBaeW8UiFoAAAABQlRDAAAAAAC1uBdHoTugMvQtD7BhIL3Ne9dVPfGI+Ji5JvUO+ZAt7wAAAAukO3QAAAAAAAAAAAH5kC3vAAAAQF34mYyRLbVT42QtFuY5UN0sr9EcuE3ltA/9yAxiNOvukbVTOaz86uCXpEZlX1FnExYDZwOZJWVXfsbdovbVUwc=', 'VU6iKRPr8B/Es6TWC1muKPN5uADVttpApph6U+vYfwcAAAAAAAAAZAAAAAAAAAABAAAAAAAAAAEAAAAAAAAAAA==', 'AAAAAAAAAAEAAAACAAAAAwAAAAMAAAABAAAAAG5oJtVdnYOVdZqtXpTHBtbcY0mCmfcBIKEgWnlvFIhaAAAAAUJUQwAAAAAAtbgXR6E7oDL0LQ+wYSC9zXvXVT3xiPiYuSb1DvmQLe8AAAAAAAAAAH//////////AAAAAQAAAAAAAAAAAAAAAQAAAAQAAAABAAAAAG5oJtVdnYOVdZqtXpTHBtbcY0mCmfcBIKEgWnlvFIhaAAAAAUJUQwAAAAAAtbgXR6E7oDL0LQ+wYSC9zXvXVT3xiPiYuSb1DvmQLe8AAAALpDt0AH//////////AAAAAQAAAAAAAAAA', 'AAAAAQAAAAEAAAAEAAAAAAAAAAC1uBdHoTugMvQtD7BhIL3Ne9dVPfGI+Ji5JvUO+ZAt7wAAAAJUC+JwAAAAAgAAAAQAAAAAAAAAAAAAAAAAAAAAAQAAAAAAAAAAAAAAAAAAAA==', '{XfiZjJEttVPjZC0W5jlQ3Syv0Ry4TeW0D/3IDGI06+6RtVM5rPzq4JekRmVfUWcTFgNnA5klZVd+xt2i9tVTBw==}', 'none', NULL, NULL);
INSERT INTO history_transactions VALUES ('f42caf0be4aa867ffa832f8f925b75cf89b5615528016eb7ea47a285d2919a6c', 5, 1, 'GCXKG6RN4ONIEPCMNFB732A436Z5PNDSRLGWK7GBLCMQLIFO4S7EYWVU', 8589934595, 100, 1, '2016-03-24 23:10:05.580374', '2016-03-24 23:10:05.580374', 21474840576, 'AAAAAK6jei3jmoI8TGlD/egc37PXtHKKzWV8wViZBaCu5L5MAAAAZAAAAAIAAAADAAAAAAAAAAAAAAABAAAAAAAAAAMAAAAAAAAAAVVTRAAAAAAAtbgXR6E7oDL0LQ+wYSC9zXvXVT3xiPiYuSb1DvmQLe8AAAAAO5rKAAAAAAEAAAAKAAAAAAAAAAAAAAAAAAAAAa7kvkwAAABAeyObGhkwxonX/VI/jcfjrHOdhMDI9U7u4KxVjA3XHqkW4ENworQ5mZDRjj282acAG8cMfWGvYfFcQVVdX62nCw==', '9CyvC+Sqhn/6gy+Pklt1z4m1YVUoAW636keihdKRmmwAAAAAAAAAZAAAAAAAAAABAAAAAAAAAAMAAAAAAAAAAAAAAAAAAAAArqN6LeOagjxMaUP96Bzfs9e0corNZXzBWJkFoK7kvkwAAAAAAAAAAQAAAAAAAAABVVNEAAAAAAC1uBdHoTugMvQtD7BhIL3Ne9dVPfGI+Ji5JvUO+ZAt7wAAAAA7msoAAAAAAQAAAAoAAAAAAAAAAAAAAAA=', 'AAAAAAAAAAEAAAACAAAAAAAAAAUAAAACAAAAAK6jei3jmoI8TGlD/egc37PXtHKKzWV8wViZBaCu5L5MAAAAAAAAAAEAAAAAAAAAAVVTRAAAAAAAtbgXR6E7oDL0LQ+wYSC9zXvXVT3xiPiYuSb1DvmQLe8AAAAAO5rKAAAAAAEAAAAKAAAAAAAAAAAAAAAAAAAAAQAAAAUAAAAAAAAAAK6jei3jmoI8TGlD/egc37PXtHKKzWV8wViZBaCu5L5MAAAADfhHVgwAAAACAAAABQAAAAMAAAAAAAAAAAAAAAABAAAAAAAAAAAAAAAAAAAA', 'AAAAAgAAAAMAAAADAAAAAAAAAACuo3ot45qCPExpQ/3oHN+z17Ryis1lfMFYmQWgruS+TAAAAA34R1c4AAAAAgAAAAIAAAACAAAAAAAAAAAAAAAAAQAAAAAAAAAAAAAAAAAAAAAAAAEAAAAFAAAAAAAAAACuo3ot45qCPExpQ/3oHN+z17Ryis1lfMFYmQWgruS+TAAAAA34R1bUAAAAAgAAAAMAAAACAAAAAAAAAAAAAAAAAQAAAAAAAAAAAAAAAAAAAA==', '{eyObGhkwxonX/VI/jcfjrHOdhMDI9U7u4KxVjA3XHqkW4ENworQ5mZDRjj282acAG8cMfWGvYfFcQVVdX62nCw==}', 'none', NULL, NULL);
INSERT INTO history_transactions VALUES ('6fcbcfbcde0ad6e2da47126334413984d7337dffa9c537fb0569f848b3d2f6f2', 5, 2, 'GBXGQJWVLWOYHFLVTKWV5FGHA3LNYY2JQKM7OAJAUEQFU6LPCSEFVXON', 8589934595, 100, 1, '2016-03-24 23:10:05.581404', '2016-03-24 23:10:05.581404', 21474844672, 'AAAAAG5oJtVdnYOVdZqtXpTHBtbcY0mCmfcBIKEgWnlvFIhaAAAAZAAAAAIAAAADAAAAAAAAAAAAAAABAAAAAAAAAAMAAAABVVNEAAAAAAC1uBdHoTugMvQtD7BhIL3Ne9dVPfGI+Ji5JvUO+ZAt7wAAAAAAAAAABfXhAAAAAA8AAAABAAAAAAAAAAAAAAAAAAAAAW8UiFoAAABAxsghzEhvQmICVccjSoy9Q2LUjXol62JlBd8shmRwqO9XyelpSY554bdmHq6xqc6jYZow955E47PWqCEfeVhhCw==', 'b8vPvN4K1uLaRxJjNEE5hNczff+pxTf7BWn4SLPS9vIAAAAAAAAAZAAAAAAAAAABAAAAAAAAAAMAAAAAAAAAAAAAAAAAAAAAbmgm1V2dg5V1mq1elMcG1txjSYKZ9wEgoSBaeW8UiFoAAAAAAAAAAgAAAAFVU0QAAAAAALW4F0ehO6Ay9C0PsGEgvc1711U98Yj4mLkm9Q75kC3vAAAAAAAAAAAF9eEAAAAADwAAAAEAAAAAAAAAAAAAAAA=', 'AAAAAAAAAAEAAAACAAAAAAAAAAUAAAACAAAAAG5oJtVdnYOVdZqtXpTHBtbcY0mCmfcBIKEgWnlvFIhaAAAAAAAAAAIAAAABVVNEAAAAAAC1uBdHoTugMvQtD7BhIL3Ne9dVPfGI+Ji5JvUO+ZAt7wAAAAAAAAAABfXhAAAAAA8AAAABAAAAAAAAAAAAAAAAAAAAAQAAAAUAAAAAAAAAAG5oJtVdnYOVdZqtXpTHBtbcY0mCmfcBIKEgWnlvFIhaAAAADfhHVgwAAAACAAAABQAAAAMAAAAAAAAAAAAAAAABAAAAAAAAAAAAAAAAAAAA', 'AAAAAgAAAAMAAAADAAAAAAAAAABuaCbVXZ2DlXWarV6UxwbW3GNJgpn3ASChIFp5bxSIWgAAAA34R1c4AAAAAgAAAAIAAAACAAAAAAAAAAAAAAAAAQAAAAAAAAAAAAAAAAAAAAAAAAEAAAAFAAAAAAAAAABuaCbVXZ2DlXWarV6UxwbW3GNJgpn3ASChIFp5bxSIWgAAAA34R1bUAAAAAgAAAAMAAAACAAAAAAAAAAAAAAAAAQAAAAAAAAAAAAAAAAAAAA==', '{xsghzEhvQmICVccjSoy9Q2LUjXol62JlBd8shmRwqO9XyelpSY554bdmHq6xqc6jYZow955E47PWqCEfeVhhCw==}', 'none', NULL, NULL);
INSERT INTO history_transactions VALUES ('dcd151fda3242912d2fe71e0181f80806f081a61cf4746873b2ec15bb1bae395', 5, 3, 'GCXKG6RN4ONIEPCMNFB732A436Z5PNDSRLGWK7GBLCMQLIFO4S7EYWVU', 8589934596, 100, 1, '2016-03-24 23:10:05.582325', '2016-03-24 23:10:05.582325', 21474848768, 'AAAAAK6jei3jmoI8TGlD/egc37PXtHKKzWV8wViZBaCu5L5MAAAAZAAAAAIAAAAEAAAAAAAAAAAAAAABAAAAAAAAAAMAAAAAAAAAAVVTRAAAAAAAtbgXR6E7oDL0LQ+wYSC9zXvXVT3xiPiYuSb1DvmQLe8AAAACGHEaAAAAAAEAAAAJAAAAAAAAAAAAAAAAAAAAAa7kvkwAAABAqPx69qSD18N3YK5zdNznZdpXBkbohJTuCKnYl0dQPAE/HWxA8fNfVggVZtGaGk8YMcH/4dvB7zeGF9SEQoSQBg==', '3NFR/aMkKRLS/nHgGB+AgG8IGmHPR0aHOy7BW7G645UAAAAAAAAAZAAAAAAAAAABAAAAAAAAAAMAAAAAAAAAAAAAAAAAAAAArqN6LeOagjxMaUP96Bzfs9e0corNZXzBWJkFoK7kvkwAAAAAAAAAAwAAAAAAAAABVVNEAAAAAAC1uBdHoTugMvQtD7BhIL3Ne9dVPfGI+Ji5JvUO+ZAt7wAAAAIYcRoAAAAAAQAAAAkAAAAAAAAAAAAAAAA=', 'AAAAAAAAAAEAAAACAAAAAAAAAAUAAAACAAAAAK6jei3jmoI8TGlD/egc37PXtHKKzWV8wViZBaCu5L5MAAAAAAAAAAMAAAAAAAAAAVVTRAAAAAAAtbgXR6E7oDL0LQ+wYSC9zXvXVT3xiPiYuSb1DvmQLe8AAAACGHEaAAAAAAEAAAAJAAAAAAAAAAAAAAAAAAAAAQAAAAUAAAAAAAAAAK6jei3jmoI8TGlD/egc37PXtHKKzWV8wViZBaCu5L5MAAAADfhHVgwAAAACAAAABQAAAAQAAAAAAAAAAAAAAAABAAAAAAAAAAAAAAAAAAAA', 'AAAAAQAAAAEAAAAFAAAAAAAAAACuo3ot45qCPExpQ/3oHN+z17Ryis1lfMFYmQWgruS+TAAAAA34R1ZwAAAAAgAAAAQAAAACAAAAAAAAAAAAAAAAAQAAAAAAAAAAAAAAAAAAAA==', '{qPx69qSD18N3YK5zdNznZdpXBkbohJTuCKnYl0dQPAE/HWxA8fNfVggVZtGaGk8YMcH/4dvB7zeGF9SEQoSQBg==}', 'none', NULL, NULL);
INSERT INTO history_transactions VALUES ('e9185c1cd138c5c15625531cfb527c50b9b84fadaa1a45c749f7af9647dec450', 5, 4, 'GBXGQJWVLWOYHFLVTKWV5FGHA3LNYY2JQKM7OAJAUEQFU6LPCSEFVXON', 8589934596, 100, 1, '2016-03-24 23:10:05.583176', '2016-03-24 23:10:05.583176', 21474852864, 'AAAAAG5oJtVdnYOVdZqtXpTHBtbcY0mCmfcBIKEgWnlvFIhaAAAAZAAAAAIAAAAEAAAAAAAAAAAAAAABAAAAAAAAAAMAAAABVVNEAAAAAAC1uBdHoTugMvQtD7BhIL3Ne9dVPfGI+Ji5JvUO+ZAt7wAAAAAAAAAAO5rKAAAAABQAAAABAAAAAAAAAAAAAAAAAAAAAW8UiFoAAABAgI2ziUivGtOdn4yh1DKts6kzH4kZroEEHAUKspjBt8JrewsqrY1vOvn/5ob+x5EGmpEOFaDB/mINM33OASmyAA==', '6RhcHNE4xcFWJVMc+1J8ULm4T62qGkXHSfevlkfexFAAAAAAAAAAZAAAAAAAAAABAAAAAAAAAAMAAAAAAAAAAAAAAAAAAAAAbmgm1V2dg5V1mq1elMcG1txjSYKZ9wEgoSBaeW8UiFoAAAAAAAAABAAAAAFVU0QAAAAAALW4F0ehO6Ay9C0PsGEgvc1711U98Yj4mLkm9Q75kC3vAAAAAAAAAAA7msoAAAAAFAAAAAEAAAAAAAAAAAAAAAA=', 'AAAAAAAAAAEAAAACAAAAAAAAAAUAAAACAAAAAG5oJtVdnYOVdZqtXpTHBtbcY0mCmfcBIKEgWnlvFIhaAAAAAAAAAAQAAAABVVNEAAAAAAC1uBdHoTugMvQtD7BhIL3Ne9dVPfGI+Ji5JvUO+ZAt7wAAAAAAAAAAO5rKAAAAABQAAAABAAAAAAAAAAAAAAAAAAAAAQAAAAUAAAAAAAAAAG5oJtVdnYOVdZqtXpTHBtbcY0mCmfcBIKEgWnlvFIhaAAAADfhHVgwAAAACAAAABQAAAAQAAAAAAAAAAAAAAAABAAAAAAAAAAAAAAAAAAAA', 'AAAAAQAAAAEAAAAFAAAAAAAAAABuaCbVXZ2DlXWarV6UxwbW3GNJgpn3ASChIFp5bxSIWgAAAA34R1ZwAAAAAgAAAAQAAAACAAAAAAAAAAAAAAAAAQAAAAAAAAAAAAAAAAAAAA==', '{gI2ziUivGtOdn4yh1DKts6kzH4kZroEEHAUKspjBt8JrewsqrY1vOvn/5ob+x5EGmpEOFaDB/mINM33OASmyAA==}', 'none', NULL, NULL);
INSERT INTO history_transactions VALUES ('f93841b864bc4ce3ddcc2e2ab4378bfd443ecd6eee85b95d634da5c00b0cd667', 5, 5, 'GCXKG6RN4ONIEPCMNFB732A436Z5PNDSRLGWK7GBLCMQLIFO4S7EYWVU', 8589934597, 100, 1, '2016-03-24 23:10:05.584039', '2016-03-24 23:10:05.584039', 21474856960, 'AAAAAK6jei3jmoI8TGlD/egc37PXtHKKzWV8wViZBaCu5L5MAAAAZAAAAAIAAAAFAAAAAAAAAAAAAAABAAAAAAAAAAMAAAAAAAAAAVVTRAAAAAAAtbgXR6E7oDL0LQ+wYSC9zXvXVT3xiPiYuSb1DvmQLe8AAAALpDt0AAAAAAEAAAAFAAAAAAAAAAAAAAAAAAAAAa7kvkwAAABAO6P8u7hte5mLhMJe3EDbGFmBHKg/kN03Gfvwao0kYaGv7wHYouK/zhWBLu3A+tB4haCav2a/dO1JiND6xX11AA==', '+ThBuGS8TOPdzC4qtDeL/UQ+zW7uhbldY02lwAsM1mcAAAAAAAAAZAAAAAAAAAABAAAAAAAAAAMAAAAAAAAAAAAAAAAAAAAArqN6LeOagjxMaUP96Bzfs9e0corNZXzBWJkFoK7kvkwAAAAAAAAABQAAAAAAAAABVVNEAAAAAAC1uBdHoTugMvQtD7BhIL3Ne9dVPfGI+Ji5JvUO+ZAt7wAAAAukO3QAAAAAAQAAAAUAAAAAAAAAAAAAAAA=', 'AAAAAAAAAAEAAAACAAAAAAAAAAUAAAACAAAAAK6jei3jmoI8TGlD/egc37PXtHKKzWV8wViZBaCu5L5MAAAAAAAAAAUAAAAAAAAAAVVTRAAAAAAAtbgXR6E7oDL0LQ+wYSC9zXvXVT3xiPiYuSb1DvmQLe8AAAALpDt0AAAAAAEAAAAFAAAAAAAAAAAAAAAAAAAAAQAAAAUAAAAAAAAAAK6jei3jmoI8TGlD/egc37PXtHKKzWV8wViZBaCu5L5MAAAADfhHVgwAAAACAAAABQAAAAUAAAAAAAAAAAAAAAABAAAAAAAAAAAAAAAAAAAA', 'AAAAAQAAAAEAAAAFAAAAAAAAAACuo3ot45qCPExpQ/3oHN+z17Ryis1lfMFYmQWgruS+TAAAAA34R1YMAAAAAgAAAAUAAAACAAAAAAAAAAAAAAAAAQAAAAAAAAAAAAAAAAAAAA==', '{O6P8u7hte5mLhMJe3EDbGFmBHKg/kN03Gfvwao0kYaGv7wHYouK/zhWBLu3A+tB4haCav2a/dO1JiND6xX11AA==}', 'none', NULL, NULL);
INSERT INTO history_transactions VALUES ('cd12e89db9e04541e37c796ebaae118d36f3bf9dcd3dde4ae0af96b768ffe71f', 5, 6, 'GBXGQJWVLWOYHFLVTKWV5FGHA3LNYY2JQKM7OAJAUEQFU6LPCSEFVXON', 8589934597, 100, 1, '2016-03-24 23:10:05.584887', '2016-03-24 23:10:05.584887', 21474861056, 'AAAAAG5oJtVdnYOVdZqtXpTHBtbcY0mCmfcBIKEgWnlvFIhaAAAAZAAAAAIAAAAFAAAAAAAAAAAAAAABAAAAAAAAAAMAAAABVVNEAAAAAAC1uBdHoTugMvQtD7BhIL3Ne9dVPfGI+Ji5JvUO+ZAt7wAAAAAAAAACVAvkAAAAADIAAAABAAAAAAAAAAAAAAAAAAAAAW8UiFoAAABA5Xo6CV4r7iFHfyeH2p1RsjxOyoXGqhom3bEbhCMeTQNK2+UYCyWnmhZR6yRiWge9MSfcFhiv1LafatF+SW+EAg==', 'zRLonbngRUHjfHluuq4RjTbzv53NPd5K4K+Wt2j/5x8AAAAAAAAAZAAAAAAAAAABAAAAAAAAAAMAAAAAAAAAAAAAAAAAAAAAbmgm1V2dg5V1mq1elMcG1txjSYKZ9wEgoSBaeW8UiFoAAAAAAAAABgAAAAFVU0QAAAAAALW4F0ehO6Ay9C0PsGEgvc1711U98Yj4mLkm9Q75kC3vAAAAAAAAAAJUC+QAAAAAMgAAAAEAAAAAAAAAAAAAAAA=', 'AAAAAAAAAAEAAAACAAAAAAAAAAUAAAACAAAAAG5oJtVdnYOVdZqtXpTHBtbcY0mCmfcBIKEgWnlvFIhaAAAAAAAAAAYAAAABVVNEAAAAAAC1uBdHoTugMvQtD7BhIL3Ne9dVPfGI+Ji5JvUO+ZAt7wAAAAAAAAACVAvkAAAAADIAAAABAAAAAAAAAAAAAAAAAAAAAQAAAAUAAAAAAAAAAG5oJtVdnYOVdZqtXpTHBtbcY0mCmfcBIKEgWnlvFIhaAAAADfhHVgwAAAACAAAABQAAAAUAAAAAAAAAAAAAAAABAAAAAAAAAAAAAAAAAAAA', 'AAAAAQAAAAEAAAAFAAAAAAAAAABuaCbVXZ2DlXWarV6UxwbW3GNJgpn3ASChIFp5bxSIWgAAAA34R1YMAAAAAgAAAAUAAAACAAAAAAAAAAAAAAAAAQAAAAAAAAAAAAAAAAAAAA==', '{5Xo6CV4r7iFHfyeH2p1RsjxOyoXGqhom3bEbhCMeTQNK2+UYCyWnmhZR6yRiWge9MSfcFhiv1LafatF+SW+EAg==}', 'none', NULL, NULL);
INSERT INTO history_transactions VALUES ('82ebbbd502be295802887ff05f5cc888c4357a3c6c81f6b1dbdde1e3fb3989b1', 6, 1, 'GBXGQJWVLWOYHFLVTKWV5FGHA3LNYY2JQKM7OAJAUEQFU6LPCSEFVXON', 8589934598, 100, 1, '2016-03-24 23:10:05.587711', '2016-03-24 23:10:05.587711', 25769807872, 'AAAAAG5oJtVdnYOVdZqtXpTHBtbcY0mCmfcBIKEgWnlvFIhaAAAAZAAAAAIAAAAGAAAAAAAAAAAAAAABAAAAAAAAAAMAAAABVVNEAAAAAAC1uBdHoTugMvQtD7BhIL3Ne9dVPfGI+Ji5JvUO+ZAt7wAAAAFCVEMAAAAAALW4F0ehO6Ay9C0PsGEgvc1711U98Yj4mLkm9Q75kC3vAAAAAAX14QAAAAAPAAAAAQAAAAAAAAAAAAAAAAAAAAFvFIhaAAAAQJRZS+tNQVLwpcLQhdjJdPLhzMtK0P8YLmjT4BvGjoG7f5/c9t+sRfq5J3XG47Ewn+SzOnc9VV4QwvLLdusiwwA=', 'guu71QK+KVgCiH/wX1zIiMQ1ejxsgfax293h4/s5ibEAAAAAAAAAZAAAAAAAAAABAAAAAAAAAAMAAAAAAAAAAAAAAAAAAAAAbmgm1V2dg5V1mq1elMcG1txjSYKZ9wEgoSBaeW8UiFoAAAAAAAAABwAAAAFVU0QAAAAAALW4F0ehO6Ay9C0PsGEgvc1711U98Yj4mLkm9Q75kC3vAAAAAUJUQwAAAAAAtbgXR6E7oDL0LQ+wYSC9zXvXVT3xiPiYuSb1DvmQLe8AAAAABfXhAAAAAA8AAAABAAAAAAAAAAAAAAAA', 'AAAAAAAAAAEAAAACAAAAAAAAAAYAAAACAAAAAG5oJtVdnYOVdZqtXpTHBtbcY0mCmfcBIKEgWnlvFIhaAAAAAAAAAAcAAAABVVNEAAAAAAC1uBdHoTugMvQtD7BhIL3Ne9dVPfGI+Ji5JvUO+ZAt7wAAAAFCVEMAAAAAALW4F0ehO6Ay9C0PsGEgvc1711U98Yj4mLkm9Q75kC3vAAAAAAX14QAAAAAPAAAAAQAAAAAAAAAAAAAAAAAAAAEAAAAGAAAAAAAAAABuaCbVXZ2DlXWarV6UxwbW3GNJgpn3ASChIFp5bxSIWgAAAA34R1TgAAAAAgAAAAgAAAAGAAAAAAAAAAAAAAAAAQAAAAAAAAAAAAAAAAAAAA==', 'AAAAAgAAAAMAAAAFAAAAAAAAAABuaCbVXZ2DlXWarV6UxwbW3GNJgpn3ASChIFp5bxSIWgAAAA34R1YMAAAAAgAAAAUAAAAFAAAAAAAAAAAAAAAAAQAAAAAAAAAAAAAAAAAAAAAAAAEAAAAGAAAAAAAAAABuaCbVXZ2DlXWarV6UxwbW3GNJgpn3ASChIFp5bxSIWgAAAA34R1WoAAAAAgAAAAYAAAAFAAAAAAAAAAAAAAAAAQAAAAAAAAAAAAAAAAAAAA==', '{lFlL601BUvClwtCF2Ml08uHMy0rQ/xguaNPgG8aOgbt/n9z236xF+rkndcbjsTCf5LM6dz1VXhDC8st26yLDAA==}', 'none', NULL, NULL);
INSERT INTO history_transactions VALUES ('701efa0b0226e961d31df74f4282982b4048b2b9849ea3f7e02a418511d7a9c5', 6, 2, 'GCXKG6RN4ONIEPCMNFB732A436Z5PNDSRLGWK7GBLCMQLIFO4S7EYWVU', 8589934598, 100, 1, '2016-03-24 23:10:05.588705', '2016-03-24 23:10:05.588705', 25769811968, 'AAAAAK6jei3jmoI8TGlD/egc37PXtHKKzWV8wViZBaCu5L5MAAAAZAAAAAIAAAAGAAAAAAAAAAAAAAABAAAAAAAAAAMAAAABQlRDAAAAAAC1uBdHoTugMvQtD7BhIL3Ne9dVPfGI+Ji5JvUO+ZAt7wAAAAFVU0QAAAAAALW4F0ehO6Ay9C0PsGEgvc1711U98Yj4mLkm9Q75kC3vAAAAADuaygAAAAABAAAACgAAAAAAAAAAAAAAAAAAAAGu5L5MAAAAQOgEzlrfIyzY3OVuWdROUj73yLBItV1mpZlWOOZMg568Vjq16aseyTgvUUBvWmBQOjdLLDsY7vU3SR8RAgiCMAk=', 'cB76CwIm6WHTHfdPQoKYK0BIsrmEnqP34CpBhRHXqcUAAAAAAAAAZAAAAAAAAAABAAAAAAAAAAMAAAAAAAAAAAAAAAAAAAAArqN6LeOagjxMaUP96Bzfs9e0corNZXzBWJkFoK7kvkwAAAAAAAAACAAAAAFCVEMAAAAAALW4F0ehO6Ay9C0PsGEgvc1711U98Yj4mLkm9Q75kC3vAAAAAVVTRAAAAAAAtbgXR6E7oDL0LQ+wYSC9zXvXVT3xiPiYuSb1DvmQLe8AAAAAO5rKAAAAAAEAAAAKAAAAAAAAAAAAAAAA', 'AAAAAAAAAAEAAAACAAAAAAAAAAYAAAACAAAAAK6jei3jmoI8TGlD/egc37PXtHKKzWV8wViZBaCu5L5MAAAAAAAAAAgAAAABQlRDAAAAAAC1uBdHoTugMvQtD7BhIL3Ne9dVPfGI+Ji5JvUO+ZAt7wAAAAFVU0QAAAAAALW4F0ehO6Ay9C0PsGEgvc1711U98Yj4mLkm9Q75kC3vAAAAADuaygAAAAABAAAACgAAAAAAAAAAAAAAAAAAAAEAAAAGAAAAAAAAAACuo3ot45qCPExpQ/3oHN+z17Ryis1lfMFYmQWgruS+TAAAAA34R1TgAAAAAgAAAAgAAAAGAAAAAAAAAAAAAAAAAQAAAAAAAAAAAAAAAAAAAA==', 'AAAAAgAAAAMAAAAFAAAAAAAAAACuo3ot45qCPExpQ/3oHN+z17Ryis1lfMFYmQWgruS+TAAAAA34R1YMAAAAAgAAAAUAAAAFAAAAAAAAAAAAAAAAAQAAAAAAAAAAAAAAAAAAAAAAAAEAAAAGAAAAAAAAAACuo3ot45qCPExpQ/3oHN+z17Ryis1lfMFYmQWgruS+TAAAAA34R1WoAAAAAgAAAAYAAAAFAAAAAAAAAAAAAAAAAQAAAAAAAAAAAAAAAAAAAA==', '{6ATOWt8jLNjc5W5Z1E5SPvfIsEi1XWalmVY45kyDnrxWOrXpqx7JOC9RQG9aYFA6N0ssOxju9TdJHxECCIIwCQ==}', 'none', NULL, NULL);
INSERT INTO history_transactions VALUES ('a415b192f3730a3ef139035f3c67e3b10a4ea69ff5145f3a76615c1a82400dc9', 6, 3, 'GBXGQJWVLWOYHFLVTKWV5FGHA3LNYY2JQKM7OAJAUEQFU6LPCSEFVXON', 8589934599, 100, 1, '2016-03-24 23:10:05.589569', '2016-03-24 23:10:05.589569', 25769816064, 'AAAAAG5oJtVdnYOVdZqtXpTHBtbcY0mCmfcBIKEgWnlvFIhaAAAAZAAAAAIAAAAHAAAAAAAAAAAAAAABAAAAAAAAAAMAAAABVVNEAAAAAAC1uBdHoTugMvQtD7BhIL3Ne9dVPfGI+Ji5JvUO+ZAt7wAAAAFCVEMAAAAAALW4F0ehO6Ay9C0PsGEgvc1711U98Yj4mLkm9Q75kC3vAAAAADuaygAAAAAUAAAAAQAAAAAAAAAAAAAAAAAAAAFvFIhaAAAAQNPYjTyT7/mYaa2QkbFzDm0jLpLDhJtZA+rJNJR7STfuBcUJXc5W+UwWs/wI32iwu4ieU3la6pJIkwI/0dq6dQw=', 'pBWxkvNzCj7xOQNfPGfjsQpOpp/1FF86dmFcGoJADckAAAAAAAAAZAAAAAAAAAABAAAAAAAAAAMAAAAAAAAAAAAAAAAAAAAAbmgm1V2dg5V1mq1elMcG1txjSYKZ9wEgoSBaeW8UiFoAAAAAAAAACQAAAAFVU0QAAAAAALW4F0ehO6Ay9C0PsGEgvc1711U98Yj4mLkm9Q75kC3vAAAAAUJUQwAAAAAAtbgXR6E7oDL0LQ+wYSC9zXvXVT3xiPiYuSb1DvmQLe8AAAAAO5rKAAAAABQAAAABAAAAAAAAAAAAAAAA', 'AAAAAAAAAAEAAAACAAAAAAAAAAYAAAACAAAAAG5oJtVdnYOVdZqtXpTHBtbcY0mCmfcBIKEgWnlvFIhaAAAAAAAAAAkAAAABVVNEAAAAAAC1uBdHoTugMvQtD7BhIL3Ne9dVPfGI+Ji5JvUO+ZAt7wAAAAFCVEMAAAAAALW4F0ehO6Ay9C0PsGEgvc1711U98Yj4mLkm9Q75kC3vAAAAADuaygAAAAAUAAAAAQAAAAAAAAAAAAAAAAAAAAEAAAAGAAAAAAAAAABuaCbVXZ2DlXWarV6UxwbW3GNJgpn3ASChIFp5bxSIWgAAAA34R1TgAAAAAgAAAAgAAAAHAAAAAAAAAAAAAAAAAQAAAAAAAAAAAAAAAAAAAA==', 'AAAAAQAAAAEAAAAGAAAAAAAAAABuaCbVXZ2DlXWarV6UxwbW3GNJgpn3ASChIFp5bxSIWgAAAA34R1VEAAAAAgAAAAcAAAAFAAAAAAAAAAAAAAAAAQAAAAAAAAAAAAAAAAAAAA==', '{09iNPJPv+ZhprZCRsXMObSMuksOEm1kD6sk0lHtJN+4FxQldzlb5TBaz/AjfaLC7iJ5TeVrqkkiTAj/R2rp1DA==}', 'none', NULL, NULL);
INSERT INTO history_transactions VALUES ('5dbdfd3ab91f4a52a11ba92c60334bca0d4aad951fe3d159b373afaba1632ea1', 6, 4, 'GCXKG6RN4ONIEPCMNFB732A436Z5PNDSRLGWK7GBLCMQLIFO4S7EYWVU', 8589934599, 100, 1, '2016-03-24 23:10:05.590661', '2016-03-24 23:10:05.590661', 25769820160, 'AAAAAK6jei3jmoI8TGlD/egc37PXtHKKzWV8wViZBaCu5L5MAAAAZAAAAAIAAAAHAAAAAAAAAAAAAAABAAAAAAAAAAMAAAABQlRDAAAAAAC1uBdHoTugMvQtD7BhIL3Ne9dVPfGI+Ji5JvUO+ZAt7wAAAAFVU0QAAAAAALW4F0ehO6Ay9C0PsGEgvc1711U98Yj4mLkm9Q75kC3vAAAAAhhxGgAAAAABAAAACQAAAAAAAAAAAAAAAAAAAAGu5L5MAAAAQDsHLzD/7q/tBaFt+vL8svn4y3q1AFxMIYuT8NMzbswVsCUcLI1QlkxBQWtB7SjoDQMtd6dJEaO2upmPX9P3PAQ=', 'Xb39OrkfSlKhG6ksYDNLyg1KrZUf49FZs3Ovq6FjLqEAAAAAAAAAZAAAAAAAAAABAAAAAAAAAAMAAAAAAAAAAAAAAAAAAAAArqN6LeOagjxMaUP96Bzfs9e0corNZXzBWJkFoK7kvkwAAAAAAAAACgAAAAFCVEMAAAAAALW4F0ehO6Ay9C0PsGEgvc1711U98Yj4mLkm9Q75kC3vAAAAAVVTRAAAAAAAtbgXR6E7oDL0LQ+wYSC9zXvXVT3xiPiYuSb1DvmQLe8AAAACGHEaAAAAAAEAAAAJAAAAAAAAAAAAAAAA', 'AAAAAAAAAAEAAAACAAAAAAAAAAYAAAACAAAAAK6jei3jmoI8TGlD/egc37PXtHKKzWV8wViZBaCu5L5MAAAAAAAAAAoAAAABQlRDAAAAAAC1uBdHoTugMvQtD7BhIL3Ne9dVPfGI+Ji5JvUO+ZAt7wAAAAFVU0QAAAAAALW4F0ehO6Ay9C0PsGEgvc1711U98Yj4mLkm9Q75kC3vAAAAAhhxGgAAAAABAAAACQAAAAAAAAAAAAAAAAAAAAEAAAAGAAAAAAAAAACuo3ot45qCPExpQ/3oHN+z17Ryis1lfMFYmQWgruS+TAAAAA34R1TgAAAAAgAAAAgAAAAHAAAAAAAAAAAAAAAAAQAAAAAAAAAAAAAAAAAAAA==', 'AAAAAQAAAAEAAAAGAAAAAAAAAACuo3ot45qCPExpQ/3oHN+z17Ryis1lfMFYmQWgruS+TAAAAA34R1VEAAAAAgAAAAcAAAAFAAAAAAAAAAAAAAAAAQAAAAAAAAAAAAAAAAAAAA==', '{OwcvMP/ur+0FoW368vyy+fjLerUAXEwhi5Pw0zNuzBWwJRwsjVCWTEFBa0HtKOgNAy13p0kRo7a6mY9f0/c8BA==}', 'none', NULL, NULL);
INSERT INTO history_transactions VALUES ('dfcf019e8c71290048dcd0e4fa01a6d7278386b3e6a793b4c53dd7751cd289e9', 6, 5, 'GCXKG6RN4ONIEPCMNFB732A436Z5PNDSRLGWK7GBLCMQLIFO4S7EYWVU', 8589934600, 100, 1, '2016-03-24 23:10:05.59152', '2016-03-24 23:10:05.59152', 25769824256, 'AAAAAK6jei3jmoI8TGlD/egc37PXtHKKzWV8wViZBaCu5L5MAAAAZAAAAAIAAAAIAAAAAAAAAAAAAAABAAAAAAAAAAMAAAABQlRDAAAAAAC1uBdHoTugMvQtD7BhIL3Ne9dVPfGI+Ji5JvUO+ZAt7wAAAAFVU0QAAAAAALW4F0ehO6Ay9C0PsGEgvc1711U98Yj4mLkm9Q75kC3vAAAAC6Q7dAAAAAABAAAABQAAAAAAAAAAAAAAAAAAAAGu5L5MAAAAQJ6GsmKxejhISmKuLIdF6dixDwAiGqGCGxJ53WOoFAxuUdpAvr3xV5Ihv/nj8dg5RtBzb8KYCoOYTibFRDMrBwU=', '388BnoxxKQBI3NDk+gGm1yeDhrPmp5O0xT3XdRzSiekAAAAAAAAAZAAAAAAAAAABAAAAAAAAAAMAAAAAAAAAAAAAAAAAAAAArqN6LeOagjxMaUP96Bzfs9e0corNZXzBWJkFoK7kvkwAAAAAAAAACwAAAAFCVEMAAAAAALW4F0ehO6Ay9C0PsGEgvc1711U98Yj4mLkm9Q75kC3vAAAAAVVTRAAAAAAAtbgXR6E7oDL0LQ+wYSC9zXvXVT3xiPiYuSb1DvmQLe8AAAALpDt0AAAAAAEAAAAFAAAAAAAAAAAAAAAA', 'AAAAAAAAAAEAAAACAAAAAAAAAAYAAAACAAAAAK6jei3jmoI8TGlD/egc37PXtHKKzWV8wViZBaCu5L5MAAAAAAAAAAsAAAABQlRDAAAAAAC1uBdHoTugMvQtD7BhIL3Ne9dVPfGI+Ji5JvUO+ZAt7wAAAAFVU0QAAAAAALW4F0ehO6Ay9C0PsGEgvc1711U98Yj4mLkm9Q75kC3vAAAAC6Q7dAAAAAABAAAABQAAAAAAAAAAAAAAAAAAAAEAAAAGAAAAAAAAAACuo3ot45qCPExpQ/3oHN+z17Ryis1lfMFYmQWgruS+TAAAAA34R1TgAAAAAgAAAAgAAAAIAAAAAAAAAAAAAAAAAQAAAAAAAAAAAAAAAAAAAA==', 'AAAAAQAAAAEAAAAGAAAAAAAAAACuo3ot45qCPExpQ/3oHN+z17Ryis1lfMFYmQWgruS+TAAAAA34R1TgAAAAAgAAAAgAAAAFAAAAAAAAAAAAAAAAAQAAAAAAAAAAAAAAAAAAAA==', '{noayYrF6OEhKYq4sh0Xp2LEPACIaoYIbEnndY6gUDG5R2kC+vfFXkiG/+ePx2DlG0HNvwpgKg5hOJsVEMysHBQ==}', 'none', NULL, NULL);
INSERT INTO history_transactions VALUES ('483298f40a79f46f684c41d22d4d902f1d3feb53abe5551d3ad69dc832408055', 6, 6, 'GBXGQJWVLWOYHFLVTKWV5FGHA3LNYY2JQKM7OAJAUEQFU6LPCSEFVXON', 8589934600, 100, 1, '2016-03-24 23:10:05.592431', '2016-03-24 23:10:05.592431', 25769828352, 'AAAAAG5oJtVdnYOVdZqtXpTHBtbcY0mCmfcBIKEgWnlvFIhaAAAAZAAAAAIAAAAIAAAAAAAAAAAAAAABAAAAAAAAAAMAAAABVVNEAAAAAAC1uBdHoTugMvQtD7BhIL3Ne9dVPfGI+Ji5JvUO+ZAt7wAAAAFCVEMAAAAAALW4F0ehO6Ay9C0PsGEgvc1711U98Yj4mLkm9Q75kC3vAAAAAlQL5AAAAAAyAAAAAQAAAAAAAAAAAAAAAAAAAAFvFIhaAAAAQOEPkO/tqT4kQBzNlTOezZtiybuEk9mMmxGjLlmHueW8QtUS4J1O3Why4NKh8vwmonKQ1uMpCM/zYRzumjSEuAk=', 'SDKY9Ap59G9oTEHSLU2QLx0/61Or5VUdOtadyDJAgFUAAAAAAAAAZAAAAAAAAAABAAAAAAAAAAMAAAAAAAAAAAAAAAAAAAAAbmgm1V2dg5V1mq1elMcG1txjSYKZ9wEgoSBaeW8UiFoAAAAAAAAADAAAAAFVU0QAAAAAALW4F0ehO6Ay9C0PsGEgvc1711U98Yj4mLkm9Q75kC3vAAAAAUJUQwAAAAAAtbgXR6E7oDL0LQ+wYSC9zXvXVT3xiPiYuSb1DvmQLe8AAAACVAvkAAAAADIAAAABAAAAAAAAAAAAAAAA', 'AAAAAAAAAAEAAAACAAAAAAAAAAYAAAACAAAAAG5oJtVdnYOVdZqtXpTHBtbcY0mCmfcBIKEgWnlvFIhaAAAAAAAAAAwAAAABVVNEAAAAAAC1uBdHoTugMvQtD7BhIL3Ne9dVPfGI+Ji5JvUO+ZAt7wAAAAFCVEMAAAAAALW4F0ehO6Ay9C0PsGEgvc1711U98Yj4mLkm9Q75kC3vAAAAAlQL5AAAAAAyAAAAAQAAAAAAAAAAAAAAAAAAAAEAAAAGAAAAAAAAAABuaCbVXZ2DlXWarV6UxwbW3GNJgpn3ASChIFp5bxSIWgAAAA34R1TgAAAAAgAAAAgAAAAIAAAAAAAAAAAAAAAAAQAAAAAAAAAAAAAAAAAAAA==', 'AAAAAQAAAAEAAAAGAAAAAAAAAABuaCbVXZ2DlXWarV6UxwbW3GNJgpn3ASChIFp5bxSIWgAAAA34R1TgAAAAAgAAAAgAAAAFAAAAAAAAAAAAAAAAAQAAAAAAAAAAAAAAAAAAAA==', '{4Q+Q7+2pPiRAHM2VM57Nm2LJu4ST2YybEaMuWYe55bxC1RLgnU7daHLg0qHy/CaicpDW4ykIz/NhHO6aNIS4CQ==}', 'none', NULL, NULL);


--
-- Name: gorp_migrations_pkey; Type: CONSTRAINT; Schema: public; Owner: -; Tablespace: 
--

ALTER TABLE ONLY gorp_migrations
    ADD CONSTRAINT gorp_migrations_pkey PRIMARY KEY (id);


--
-- Name: history_operation_participants_pkey; Type: CONSTRAINT; Schema: public; Owner: -; Tablespace: 
--

ALTER TABLE ONLY history_operation_participants
    ADD CONSTRAINT history_operation_participants_pkey PRIMARY KEY (id);


--
-- Name: history_transaction_participants_pkey; Type: CONSTRAINT; Schema: public; Owner: -; Tablespace: 
--

ALTER TABLE ONLY history_transaction_participants
    ADD CONSTRAINT history_transaction_participants_pkey PRIMARY KEY (id);


--
-- Name: by_account; Type: INDEX; Schema: public; Owner: -; Tablespace: 
--

CREATE INDEX by_account ON history_transactions USING btree (account, account_sequence);


--
-- Name: by_hash; Type: INDEX; Schema: public; Owner: -; Tablespace: 
--

CREATE INDEX by_hash ON history_transactions USING btree (transaction_hash);


--
-- Name: by_ledger; Type: INDEX; Schema: public; Owner: -; Tablespace: 
--

CREATE INDEX by_ledger ON history_transactions USING btree (ledger_sequence, application_order);


--
-- Name: hist_e_by_order; Type: INDEX; Schema: public; Owner: -; Tablespace: 
--

CREATE UNIQUE INDEX hist_e_by_order ON history_effects USING btree (history_operation_id, "order");


--
-- Name: hist_e_id; Type: INDEX; Schema: public; Owner: -; Tablespace: 
--

CREATE UNIQUE INDEX hist_e_id ON history_effects USING btree (history_account_id, history_operation_id, "order");


--
-- Name: hist_op_p_id; Type: INDEX; Schema: public; Owner: -; Tablespace: 
--

CREATE UNIQUE INDEX hist_op_p_id ON history_operation_participants USING btree (history_account_id, history_operation_id);


--
-- Name: hist_tx_p_id; Type: INDEX; Schema: public; Owner: -; Tablespace: 
--

CREATE UNIQUE INDEX hist_tx_p_id ON history_transaction_participants USING btree (history_account_id, history_transaction_id);


--
-- Name: hs_ledger_by_id; Type: INDEX; Schema: public; Owner: -; Tablespace: 
--

CREATE UNIQUE INDEX hs_ledger_by_id ON history_ledgers USING btree (id);


--
-- Name: hs_transaction_by_id; Type: INDEX; Schema: public; Owner: -; Tablespace: 
--

CREATE UNIQUE INDEX hs_transaction_by_id ON history_transactions USING btree (id);


--
-- Name: index_history_accounts_on_address; Type: INDEX; Schema: public; Owner: -; Tablespace: 
--

CREATE UNIQUE INDEX index_history_accounts_on_address ON history_accounts USING btree (address);


--
-- Name: index_history_accounts_on_id; Type: INDEX; Schema: public; Owner: -; Tablespace: 
--

CREATE UNIQUE INDEX index_history_accounts_on_id ON history_accounts USING btree (id);


--
-- Name: index_history_effects_on_type; Type: INDEX; Schema: public; Owner: -; Tablespace: 
--

CREATE INDEX index_history_effects_on_type ON history_effects USING btree (type);


--
-- Name: index_history_ledgers_on_closed_at; Type: INDEX; Schema: public; Owner: -; Tablespace: 
--

CREATE INDEX index_history_ledgers_on_closed_at ON history_ledgers USING btree (closed_at);


--
-- Name: index_history_ledgers_on_id; Type: INDEX; Schema: public; Owner: -; Tablespace: 
--

CREATE UNIQUE INDEX index_history_ledgers_on_id ON history_ledgers USING btree (id);


--
-- Name: index_history_ledgers_on_importer_version; Type: INDEX; Schema: public; Owner: -; Tablespace: 
--

CREATE INDEX index_history_ledgers_on_importer_version ON history_ledgers USING btree (importer_version);


--
-- Name: index_history_ledgers_on_ledger_hash; Type: INDEX; Schema: public; Owner: -; Tablespace: 
--

CREATE UNIQUE INDEX index_history_ledgers_on_ledger_hash ON history_ledgers USING btree (ledger_hash);


--
-- Name: index_history_ledgers_on_previous_ledger_hash; Type: INDEX; Schema: public; Owner: -; Tablespace: 
--

CREATE UNIQUE INDEX index_history_ledgers_on_previous_ledger_hash ON history_ledgers USING btree (previous_ledger_hash);


--
-- Name: index_history_ledgers_on_sequence; Type: INDEX; Schema: public; Owner: -; Tablespace: 
--

CREATE UNIQUE INDEX index_history_ledgers_on_sequence ON history_ledgers USING btree (sequence);


--
-- Name: index_history_operations_on_id; Type: INDEX; Schema: public; Owner: -; Tablespace: 
--

CREATE UNIQUE INDEX index_history_operations_on_id ON history_operations USING btree (id);


--
-- Name: index_history_operations_on_transaction_id; Type: INDEX; Schema: public; Owner: -; Tablespace: 
--

CREATE INDEX index_history_operations_on_transaction_id ON history_operations USING btree (transaction_id);


--
-- Name: index_history_operations_on_type; Type: INDEX; Schema: public; Owner: -; Tablespace: 
--

CREATE INDEX index_history_operations_on_type ON history_operations USING btree (type);


--
-- Name: index_history_transactions_on_id; Type: INDEX; Schema: public; Owner: -; Tablespace: 
--

CREATE UNIQUE INDEX index_history_transactions_on_id ON history_transactions USING btree (id);


--
-- Name: trade_effects_by_order_book; Type: INDEX; Schema: public; Owner: -; Tablespace: 
--

CREATE INDEX trade_effects_by_order_book ON history_effects USING btree (((details ->> 'sold_asset_type'::text)), ((details ->> 'sold_asset_code'::text)), ((details ->> 'sold_asset_issuer'::text)), ((details ->> 'bought_asset_type'::text)), ((details ->> 'bought_asset_code'::text)), ((details ->> 'bought_asset_issuer'::text))) WHERE (type = 33);


--
-- PostgreSQL database dump complete
--

