--
-- PostgreSQL database dump
--

SET statement_timeout = 0;
SET lock_timeout = 0;
SET client_encoding = 'UTF8';
SET standard_conforming_strings = on;
SET check_function_bodies = false;
SET client_min_messages = warning;

SET search_path = public, pg_catalog;

DROP INDEX public.signersaccount;
DROP INDEX public.sellingissuerindex;
DROP INDEX public.priceindex;
DROP INDEX public.ledgersbyseq;
DROP INDEX public.buyingissuerindex;
DROP INDEX public.accountlines;
DROP INDEX public.accountbalances;
ALTER TABLE ONLY public.txhistory DROP CONSTRAINT txhistory_pkey;
ALTER TABLE ONLY public.txhistory DROP CONSTRAINT txhistory_ledgerseq_txindex_key;
ALTER TABLE ONLY public.trustlines DROP CONSTRAINT trustlines_pkey;
ALTER TABLE ONLY public.storestate DROP CONSTRAINT storestate_pkey;
ALTER TABLE ONLY public.signers DROP CONSTRAINT signers_pkey;
ALTER TABLE ONLY public.peers DROP CONSTRAINT peers_pkey;
ALTER TABLE ONLY public.offers DROP CONSTRAINT offers_pkey;
ALTER TABLE ONLY public.ledgerheaders DROP CONSTRAINT ledgerheaders_pkey;
ALTER TABLE ONLY public.ledgerheaders DROP CONSTRAINT ledgerheaders_ledgerseq_key;
ALTER TABLE ONLY public.accounts DROP CONSTRAINT accounts_pkey;
DROP TABLE public.txhistory;
DROP TABLE public.trustlines;
DROP TABLE public.storestate;
DROP TABLE public.signers;
DROP TABLE public.peers;
DROP TABLE public.offers;
DROP TABLE public.ledgerheaders;
DROP TABLE public.accounts;
DROP EXTENSION plpgsql;
DROP SCHEMA public;
--
-- Name: public; Type: SCHEMA; Schema: -; Owner: -
--

CREATE SCHEMA public;


--
-- Name: SCHEMA public; Type: COMMENT; Schema: -; Owner: -
--

COMMENT ON SCHEMA public IS 'standard public schema';


--
-- Name: plpgsql; Type: EXTENSION; Schema: -; Owner: -
--

CREATE EXTENSION IF NOT EXISTS plpgsql WITH SCHEMA pg_catalog;


--
-- Name: EXTENSION plpgsql; Type: COMMENT; Schema: -; Owner: -
--

COMMENT ON EXTENSION plpgsql IS 'PL/pgSQL procedural language';


SET search_path = public, pg_catalog;

SET default_tablespace = '';

SET default_with_oids = false;

--
-- Name: accounts; Type: TABLE; Schema: public; Owner: -; Tablespace: 
--

CREATE TABLE accounts (
    accountid character varying(56) NOT NULL,
    balance bigint NOT NULL,
    seqnum bigint NOT NULL,
    numsubentries integer NOT NULL,
    inflationdest character varying(56),
    homedomain character varying(32),
    thresholds text,
    flags integer NOT NULL,
    lastmodified integer NOT NULL,
    CONSTRAINT accounts_balance_check CHECK ((balance >= 0)),
    CONSTRAINT accounts_numsubentries_check CHECK ((numsubentries >= 0))
);


--
-- Name: ledgerheaders; Type: TABLE; Schema: public; Owner: -; Tablespace: 
--

CREATE TABLE ledgerheaders (
    ledgerhash character(64) NOT NULL,
    prevhash character(64) NOT NULL,
    bucketlisthash character(64) NOT NULL,
    ledgerseq integer,
    closetime bigint NOT NULL,
    data text NOT NULL,
    CONSTRAINT ledgerheaders_closetime_check CHECK ((closetime >= 0)),
    CONSTRAINT ledgerheaders_ledgerseq_check CHECK ((ledgerseq >= 0))
);


--
-- Name: offers; Type: TABLE; Schema: public; Owner: -; Tablespace: 
--

CREATE TABLE offers (
    sellerid character varying(56) NOT NULL,
    offerid bigint NOT NULL,
    sellingassettype integer,
    sellingassetcode character varying(12),
    sellingissuer character varying(56),
    buyingassettype integer,
    buyingassetcode character varying(12),
    buyingissuer character varying(56),
    amount bigint NOT NULL,
    pricen integer NOT NULL,
    priced integer NOT NULL,
    price bigint NOT NULL,
    flags integer NOT NULL,
    lastmodified integer NOT NULL,
    CONSTRAINT offers_amount_check CHECK ((amount >= 0)),
    CONSTRAINT offers_offerid_check CHECK ((offerid >= 0))
);


--
-- Name: peers; Type: TABLE; Schema: public; Owner: -; Tablespace: 
--

CREATE TABLE peers (
    ip character varying(15) NOT NULL,
    port integer DEFAULT 0 NOT NULL,
    nextattempt timestamp without time zone NOT NULL,
    numfailures integer DEFAULT 0 NOT NULL,
    rank integer DEFAULT 0 NOT NULL,
    CONSTRAINT peers_numfailures_check CHECK ((numfailures >= 0)),
    CONSTRAINT peers_port_check CHECK (((port > 0) AND (port <= 65535))),
    CONSTRAINT peers_rank_check CHECK ((rank >= 0))
);


--
-- Name: signers; Type: TABLE; Schema: public; Owner: -; Tablespace: 
--

CREATE TABLE signers (
    accountid character varying(56) NOT NULL,
    publickey character varying(56) NOT NULL,
    weight integer NOT NULL
);


--
-- Name: storestate; Type: TABLE; Schema: public; Owner: -; Tablespace: 
--

CREATE TABLE storestate (
    statename character(32) NOT NULL,
    state text
);


--
-- Name: trustlines; Type: TABLE; Schema: public; Owner: -; Tablespace: 
--

CREATE TABLE trustlines (
    accountid character varying(56) NOT NULL,
    assettype integer NOT NULL,
    issuer character varying(56) NOT NULL,
    assetcode character varying(12) NOT NULL,
    tlimit bigint DEFAULT 0 NOT NULL,
    balance bigint DEFAULT 0 NOT NULL,
    flags integer NOT NULL,
    lastmodified integer NOT NULL,
    CONSTRAINT trustlines_balance_check CHECK ((balance >= 0)),
    CONSTRAINT trustlines_tlimit_check CHECK ((tlimit >= 0))
);


--
-- Name: txhistory; Type: TABLE; Schema: public; Owner: -; Tablespace: 
--

CREATE TABLE txhistory (
    txid character(64) NOT NULL,
    ledgerseq integer NOT NULL,
    txindex integer NOT NULL,
    txbody text NOT NULL,
    txresult text NOT NULL,
    txmeta text NOT NULL,
    CONSTRAINT txhistory_ledgerseq_check CHECK ((ledgerseq >= 0))
);


--
-- Data for Name: accounts; Type: TABLE DATA; Schema: public; Owner: -
--

COPY accounts (accountid, balance, seqnum, numsubentries, inflationdest, homedomain, thresholds, flags, lastmodified) FROM stdin;
GBRPYHIL2CI3FNQ4BXLFMNDLFJUNPU2HY3ZMFSHONUCEOASW7QC7OX2H	99999959999999960	4	0	\N		AQAAAA==	0	2
GBGK4XMSLSFXOBUC7UFKEWIJDWRTRE6YVQWCSLJB6YRUSKRYZ6A7AIUX	9999999990	8589934593	1	\N		AQAAAA==	0	3
GBAEPGCIQRTR6NCTATS6KKBI7OPOYMNG3CIT3PFEQCPRN3I2YG5RIT5B	9999999990	8589934593	1	\N		AQAAAA==	0	3
GD44UCIQFT7PFWQXDQDVIEWE3IOIV4I5WZDP4VT5V6WMSVOZTNFXTVAC	9999999920	8589934600	0	\N		AQAAAA==	0	4
GBS6PTZKBJN2D4BOSJP2OPMAC75BBF6BFEK6J57JYSRKNCR6ASSR3EBS	9999999820	8589934610	18	\N		AQAAAA==	0	5
\.


--
-- Data for Name: ledgerheaders; Type: TABLE DATA; Schema: public; Owner: -
--

COPY ledgerheaders (ledgerhash, prevhash, bucketlisthash, ledgerseq, closetime, data) FROM stdin;
5ade5048fb66795219cbb45a55bf5e2710f739610d10e6875bf7f85d85900669	0000000000000000000000000000000000000000000000000000000000000000	759f642a94be58e4118ef79bd7f343832a82db2fc4f98f41ee7d22b61df716ed	1	0	AAAAAAAAAAAAAAAAAAAAAAAAAAAAAAAAAAAAAAAAAAAAAAAAAAAAAAAAAAAAAAAAAAAAAAAAAAAAAAAAAAAAAAAAAAAAAAAAAAAAAAAAAAAAAAAAAAAAAAAAAAAAAAAAAAAAAAAAAAAAAAAAAAAAAAAAAAB1n2QqlL5Y5BGO95vX80ODKoLbL8T5j0HufSK2HfcW7QAAAAEBY0V4XYoAAAAAAAAAAAAAAAAAAAAAAAAAAAAAAAAACgCYloAAAAAAAAAAAAAAAAAAAAAAAAAAAAAAAAAAAAAAAAAAAAAAAAAAAAAAAAAAAAAAAAAAAAAAAAAAAAAAAAAAAAAAAAAAAAAAAAAAAAAAAAAAAAAAAAAAAAAAAAAAAAAAAAAAAAAAAAAAAAAAAAAAAAAAAAAAAAAAAAAAAAAAAAAAAAAAAAA=
5a3b73e1a3ec2a9f2fc27046f1163038eb3a680008852850d526a5722ea43027	5ade5048fb66795219cbb45a55bf5e2710f739610d10e6875bf7f85d85900669	538f2a49daf378502dd8b057aaf639f1c50c19cc40b2a37a0f4015a8c6fd713c	2	1441750030	AAAAAVreUEj7ZnlSGcu0WlW/XicQ9zlhDRDmh1v3+F2FkAZpEjWwECnB8AaRUFoYc5qMI3MunYwIHrcOcob+TrSTihkAAAAAVe9cDgAAAAEAAAAIAAAAAQAAAAEAAAAAOfyuovPi6/AKD2TrOKrEvBwY81sEPO4djHXThBTPFJBTjypJ2vN4UC3YsFeq9jnxxQwZzECyo3oPQBWoxv1xPAAAAAIBY0V4XYoAAAAAAAAAAAAoAAAAAAAAAAAAAAAAAAAACgCYloAAAAAAAAAAAAAAAAAAAAAAAAAAAAAAAAAAAAAAAAAAAAAAAAAAAAAAAAAAAAAAAAAAAAAAAAAAAAAAAAAAAAAAAAAAAAAAAAAAAAAAAAAAAAAAAAAAAAAAAAAAAAAAAAAAAAAAAAAAAAAAAAAAAAAAAAAAAAAAAAAAAAAAAAAAAAAAAAA=
4ecf6830f82f25728c0242b7d8e8658a4f6dc158de4e8555100d0fa90cf7bbef	5a3b73e1a3ec2a9f2fc27046f1163038eb3a680008852850d526a5722ea43027	cf4d3f1bfea67e014c801a30ae8b0949159bbc1668b1275c0bb9fbd4f159993d	3	1441750031	AAAAAVo7c+Gj7CqfL8JwRvEWMDjrOmgACIUoUNUmpXIupDAna627gQkPiIhA1oDijpdsdFTi6qfxQ6K8iw82tjISpVcAAAAAVe9cDwAAAAAAAAAADlaElzRUtxXcHzMAjQ7d6qhFJ2hRIg8MKoQjWIPx/OvPTT8b/qZ+AUyAGjCuiwlJFZu8FmixJ1wLufvU8VmZPQAAAAMBY0V4XYoAAAAAAAAAAACMAAAAAAAAAAAAAAAAAAAACgCYloAAAAAAAAAAAAAAAAAAAAAAAAAAAAAAAAAAAAAAAAAAAAAAAAAAAAAAAAAAAAAAAAAAAAAAAAAAAAAAAAAAAAAAAAAAAAAAAAAAAAAAAAAAAAAAAAAAAAAAAAAAAAAAAAAAAAAAAAAAAAAAAAAAAAAAAAAAAAAAAAAAAAAAAAAAAAAAAAA=
d46c8d263e01917cb8a563441ca42b2e9c63407ad0836aa2abee983cda59bffc	4ecf6830f82f25728c0242b7d8e8658a4f6dc158de4e8555100d0fa90cf7bbef	8786ee5e0e11e9df95800eb1d7869036ad84efe4f149857f633f025514fb6f4c	4	1441750032	AAAAAU7PaDD4LyVyjAJCt9joZYpPbcFY3k6FVRAND6kM97vv5f/apdfJYJruVmTRANQaSJ7NxPoIcTk3c00Y9+GYsIkAAAAAVe9cEAAAAAAAAAAA78uZCjn8imM5cybTq1j07POqv21fPiYW/PXm2Y18r+qHhu5eDhHp35WADrHXhpA2rYTv5PFJhX9jPwJVFPtvTAAAAAQBY0V4XYoAAAAAAAAAAADcAAAAAAAAAAAAAAAAAAAACgCYloAAAAAAAAAAAAAAAAAAAAAAAAAAAAAAAAAAAAAAAAAAAAAAAAAAAAAAAAAAAAAAAAAAAAAAAAAAAAAAAAAAAAAAAAAAAAAAAAAAAAAAAAAAAAAAAAAAAAAAAAAAAAAAAAAAAAAAAAAAAAAAAAAAAAAAAAAAAAAAAAAAAAAAAAAAAAAAAAA=
7487b2eb928004ad58bd4cc5d10e9c76d3503d85dfca24b1325c70fe9d96774b	d46c8d263e01917cb8a563441ca42b2e9c63407ad0836aa2abee983cda59bffc	f99c42f6df5a474087e7993a6c5f7decd265c22e9054d1aa4c5bbcbffcc771e8	5	1441750033	AAAAAdRsjSY+AZF8uKVjRBykKy6cY0B60INqoqvumDzaWb/8WtzbgAO9lEIbdFYkE3VuEJFgNoliQ56hGS81H/XRriQAAAAAVe9cEQAAAAAAAAAAxInw0m7fXUZpqu6wVKmqFrCJuwbiVnh/jGCb4tAuhKX5nEL231pHQIfnmTpsX33s0mXCLpBU0apMW7y//Mdx6AAAAAUBY0V4XYoAAAAAAAAAAAFAAAAAAAAAAAAAAAAKAAAACgCYloAAAAAAAAAAAAAAAAAAAAAAAAAAAAAAAAAAAAAAAAAAAAAAAAAAAAAAAAAAAAAAAAAAAAAAAAAAAAAAAAAAAAAAAAAAAAAAAAAAAAAAAAAAAAAAAAAAAAAAAAAAAAAAAAAAAAAAAAAAAAAAAAAAAAAAAAAAAAAAAAAAAAAAAAAAAAAAAAA=
\.


--
-- Data for Name: offers; Type: TABLE DATA; Schema: public; Owner: -
--

COPY offers (sellerid, offerid, sellingassettype, sellingassetcode, sellingissuer, buyingassettype, buyingassetcode, buyingissuer, amount, pricen, priced, price, flags, lastmodified) FROM stdin;
GBS6PTZKBJN2D4BOSJP2OPMAC75BBF6BFEK6J57JYSRKNCR6ASSR3EBS	1	1	EUR	GD44UCIQFT7PFWQXDQDVIEWE3IOIV4I5WZDP4VT5V6WMSVOZTNFXTVAC	1	USD	GD44UCIQFT7PFWQXDQDVIEWE3IOIV4I5WZDP4VT5V6WMSVOZTNFXTVAC	10	1	1	10000000	0	5
GBS6PTZKBJN2D4BOSJP2OPMAC75BBF6BFEK6J57JYSRKNCR6ASSR3EBS	2	1	1	GD44UCIQFT7PFWQXDQDVIEWE3IOIV4I5WZDP4VT5V6WMSVOZTNFXTVAC	1	USD	GD44UCIQFT7PFWQXDQDVIEWE3IOIV4I5WZDP4VT5V6WMSVOZTNFXTVAC	20	1	1	10000000	0	5
GBS6PTZKBJN2D4BOSJP2OPMAC75BBF6BFEK6J57JYSRKNCR6ASSR3EBS	3	1	EUR	GD44UCIQFT7PFWQXDQDVIEWE3IOIV4I5WZDP4VT5V6WMSVOZTNFXTVAC	1	1	GD44UCIQFT7PFWQXDQDVIEWE3IOIV4I5WZDP4VT5V6WMSVOZTNFXTVAC	20	1	1	10000000	0	5
GBS6PTZKBJN2D4BOSJP2OPMAC75BBF6BFEK6J57JYSRKNCR6ASSR3EBS	4	1	21	GD44UCIQFT7PFWQXDQDVIEWE3IOIV4I5WZDP4VT5V6WMSVOZTNFXTVAC	1	USD	GD44UCIQFT7PFWQXDQDVIEWE3IOIV4I5WZDP4VT5V6WMSVOZTNFXTVAC	30	1	1	10000000	0	5
GBS6PTZKBJN2D4BOSJP2OPMAC75BBF6BFEK6J57JYSRKNCR6ASSR3EBS	5	1	22	GD44UCIQFT7PFWQXDQDVIEWE3IOIV4I5WZDP4VT5V6WMSVOZTNFXTVAC	1	21	GD44UCIQFT7PFWQXDQDVIEWE3IOIV4I5WZDP4VT5V6WMSVOZTNFXTVAC	30	1	1	10000000	0	5
GBS6PTZKBJN2D4BOSJP2OPMAC75BBF6BFEK6J57JYSRKNCR6ASSR3EBS	6	1	EUR	GD44UCIQFT7PFWQXDQDVIEWE3IOIV4I5WZDP4VT5V6WMSVOZTNFXTVAC	1	22	GD44UCIQFT7PFWQXDQDVIEWE3IOIV4I5WZDP4VT5V6WMSVOZTNFXTVAC	30	1	1	10000000	0	5
GBS6PTZKBJN2D4BOSJP2OPMAC75BBF6BFEK6J57JYSRKNCR6ASSR3EBS	7	1	31	GD44UCIQFT7PFWQXDQDVIEWE3IOIV4I5WZDP4VT5V6WMSVOZTNFXTVAC	1	USD	GD44UCIQFT7PFWQXDQDVIEWE3IOIV4I5WZDP4VT5V6WMSVOZTNFXTVAC	40	1	1	10000000	0	5
GBS6PTZKBJN2D4BOSJP2OPMAC75BBF6BFEK6J57JYSRKNCR6ASSR3EBS	8	1	32	GD44UCIQFT7PFWQXDQDVIEWE3IOIV4I5WZDP4VT5V6WMSVOZTNFXTVAC	1	31	GD44UCIQFT7PFWQXDQDVIEWE3IOIV4I5WZDP4VT5V6WMSVOZTNFXTVAC	40	1	1	10000000	0	5
GBS6PTZKBJN2D4BOSJP2OPMAC75BBF6BFEK6J57JYSRKNCR6ASSR3EBS	9	1	33	GD44UCIQFT7PFWQXDQDVIEWE3IOIV4I5WZDP4VT5V6WMSVOZTNFXTVAC	1	32	GD44UCIQFT7PFWQXDQDVIEWE3IOIV4I5WZDP4VT5V6WMSVOZTNFXTVAC	40	1	1	10000000	0	5
GBS6PTZKBJN2D4BOSJP2OPMAC75BBF6BFEK6J57JYSRKNCR6ASSR3EBS	10	1	EUR	GD44UCIQFT7PFWQXDQDVIEWE3IOIV4I5WZDP4VT5V6WMSVOZTNFXTVAC	1	33	GD44UCIQFT7PFWQXDQDVIEWE3IOIV4I5WZDP4VT5V6WMSVOZTNFXTVAC	40	1	1	10000000	0	5
\.


--
-- Data for Name: peers; Type: TABLE DATA; Schema: public; Owner: -
--

COPY peers (ip, port, nextattempt, numfailures, rank) FROM stdin;
\.


--
-- Data for Name: signers; Type: TABLE DATA; Schema: public; Owner: -
--

COPY signers (accountid, publickey, weight) FROM stdin;
\.


--
-- Data for Name: storestate; Type: TABLE DATA; Schema: public; Owner: -
--

COPY storestate (statename, state) FROM stdin;
databaseinitialized             	true
forcescponnextlaunch            	false
lastclosedledger                	7487b2eb928004ad58bd4cc5d10e9c76d3503d85dfca24b1325c70fe9d96774b
historyarchivestate             	{\n    "version": 1,\n    "server": "343b61d",\n    "currentLedger": 5,\n    "currentBuckets": [\n        {\n            "curr": "c3b2e66208f8a95d6e0cb27c640bbd5aa0057d483bf0443442d42156f9bc3eb6",\n            "next": {\n                "state": 0\n            },\n            "snap": "a68841ba6da8e880827d23562f1b9ac43e2a52d801e0a32b71d5ce8a09a03699"\n        },\n        {\n            "curr": "936f3d81329f7c1a77aa8408d6ef5f6de032a4c866e799e4755ec0e752c8f768",\n            "next": {\n                "state": 1,\n                "output": "a68841ba6da8e880827d23562f1b9ac43e2a52d801e0a32b71d5ce8a09a03699"\n            },\n            "snap": "0000000000000000000000000000000000000000000000000000000000000000"\n        },\n        {\n            "curr": "0000000000000000000000000000000000000000000000000000000000000000",\n            "next": {\n                "state": 0\n            },\n            "snap": "0000000000000000000000000000000000000000000000000000000000000000"\n        },\n        {\n            "curr": "0000000000000000000000000000000000000000000000000000000000000000",\n            "next": {\n                "state": 0\n            },\n            "snap": "0000000000000000000000000000000000000000000000000000000000000000"\n        },\n        {\n            "curr": "0000000000000000000000000000000000000000000000000000000000000000",\n            "next": {\n                "state": 0\n            },\n            "snap": "0000000000000000000000000000000000000000000000000000000000000000"\n        },\n        {\n            "curr": "0000000000000000000000000000000000000000000000000000000000000000",\n            "next": {\n                "state": 0\n            },\n            "snap": "0000000000000000000000000000000000000000000000000000000000000000"\n        },\n        {\n            "curr": "0000000000000000000000000000000000000000000000000000000000000000",\n            "next": {\n                "state": 0\n            },\n            "snap": "0000000000000000000000000000000000000000000000000000000000000000"\n        },\n        {\n            "curr": "0000000000000000000000000000000000000000000000000000000000000000",\n            "next": {\n                "state": 0\n            },\n            "snap": "0000000000000000000000000000000000000000000000000000000000000000"\n        },\n        {\n            "curr": "0000000000000000000000000000000000000000000000000000000000000000",\n            "next": {\n                "state": 0\n            },\n            "snap": "0000000000000000000000000000000000000000000000000000000000000000"\n        },\n        {\n            "curr": "0000000000000000000000000000000000000000000000000000000000000000",\n            "next": {\n                "state": 0\n            },\n            "snap": "0000000000000000000000000000000000000000000000000000000000000000"\n        },\n        {\n            "curr": "0000000000000000000000000000000000000000000000000000000000000000",\n            "next": {\n                "state": 0\n            },\n            "snap": "0000000000000000000000000000000000000000000000000000000000000000"\n        }\n    ]\n}
\.


--
-- Data for Name: trustlines; Type: TABLE DATA; Schema: public; Owner: -
--

COPY trustlines (accountid, assettype, issuer, assetcode, tlimit, balance, flags, lastmodified) FROM stdin;
GBAEPGCIQRTR6NCTATS6KKBI7OPOYMNG3CIT3PFEQCPRN3I2YG5RIT5B	1	GD44UCIQFT7PFWQXDQDVIEWE3IOIV4I5WZDP4VT5V6WMSVOZTNFXTVAC	EUR	9223372036854775807	0	1	3
GBS6PTZKBJN2D4BOSJP2OPMAC75BBF6BFEK6J57JYSRKNCR6ASSR3EBS	1	GD44UCIQFT7PFWQXDQDVIEWE3IOIV4I5WZDP4VT5V6WMSVOZTNFXTVAC	USD	9223372036854775807	0	1	3
GBGK4XMSLSFXOBUC7UFKEWIJDWRTRE6YVQWCSLJB6YRUSKRYZ6A7AIUX	1	GD44UCIQFT7PFWQXDQDVIEWE3IOIV4I5WZDP4VT5V6WMSVOZTNFXTVAC	USD	9223372036854775807	5000	1	4
GBS6PTZKBJN2D4BOSJP2OPMAC75BBF6BFEK6J57JYSRKNCR6ASSR3EBS	1	GD44UCIQFT7PFWQXDQDVIEWE3IOIV4I5WZDP4VT5V6WMSVOZTNFXTVAC	EUR	9223372036854775807	5000	1	4
GBS6PTZKBJN2D4BOSJP2OPMAC75BBF6BFEK6J57JYSRKNCR6ASSR3EBS	1	GD44UCIQFT7PFWQXDQDVIEWE3IOIV4I5WZDP4VT5V6WMSVOZTNFXTVAC	1	9223372036854775807	5000	1	4
GBS6PTZKBJN2D4BOSJP2OPMAC75BBF6BFEK6J57JYSRKNCR6ASSR3EBS	1	GD44UCIQFT7PFWQXDQDVIEWE3IOIV4I5WZDP4VT5V6WMSVOZTNFXTVAC	21	9223372036854775807	5000	1	4
GBS6PTZKBJN2D4BOSJP2OPMAC75BBF6BFEK6J57JYSRKNCR6ASSR3EBS	1	GD44UCIQFT7PFWQXDQDVIEWE3IOIV4I5WZDP4VT5V6WMSVOZTNFXTVAC	22	9223372036854775807	5000	1	4
GBS6PTZKBJN2D4BOSJP2OPMAC75BBF6BFEK6J57JYSRKNCR6ASSR3EBS	1	GD44UCIQFT7PFWQXDQDVIEWE3IOIV4I5WZDP4VT5V6WMSVOZTNFXTVAC	31	9223372036854775807	5000	1	4
GBS6PTZKBJN2D4BOSJP2OPMAC75BBF6BFEK6J57JYSRKNCR6ASSR3EBS	1	GD44UCIQFT7PFWQXDQDVIEWE3IOIV4I5WZDP4VT5V6WMSVOZTNFXTVAC	32	9223372036854775807	5000	1	4
GBS6PTZKBJN2D4BOSJP2OPMAC75BBF6BFEK6J57JYSRKNCR6ASSR3EBS	1	GD44UCIQFT7PFWQXDQDVIEWE3IOIV4I5WZDP4VT5V6WMSVOZTNFXTVAC	33	9223372036854775807	5000	1	4
\.


--
-- Data for Name: txhistory; Type: TABLE DATA; Schema: public; Owner: -
--

COPY txhistory (txid, ledgerseq, txindex, txbody, txresult, txmeta) FROM stdin;
66645c8e9479b523780539fed8b0d8537d46ed0f8306834e4369fa1262114d12	2	1	AAAAAGL8HQvQkbK2HA3WVjRrKmjX00fG8sLI7m0ERwJW/AX3AAAACgAAAAAAAAABAAAAAAAAAAAAAAABAAAAAAAAAAAAAAAA+coJECz+8toXHAdUEsTaHIrxHbZG/lZ9r6zJVdmbS3kAAAACVAvkAAAAAAAAAAABVvwF9wAAAEA+SYQS35iguosaLP+hQOv1eLJepVXxo6DNhbwtHbi7R1Xh6+w2SJeDdZ6h3zU+5iBuvPVS6WbKHpWGj62vSHoO	ZmRcjpR5tSN4BTn+2LDYU31G7Q+DBoNOQ2n6EmIRTRIAAAAAAAAACgAAAAAAAAABAAAAAAAAAAAAAAAAAAAAAA==	AAAAAAAAAAEAAAABAAAAAgAAAAAAAAAAYvwdC9CRsrYcDdZWNGsqaNfTR8bywsjubQRHAlb8BfcBY0V4XYn/9gAAAAAAAAABAAAAAAAAAAAAAAAAAAAAAAEAAAAAAAAAAAAAAAAAAAAAAAABAAAAAgAAAAAAAAACAAAAAAAAAAD5ygkQLP7y2hccB1QSxNocivEdtkb+Vn2vrMlV2ZtLeQAAAAJUC+QAAAAAAgAAAAAAAAAAAAAAAAAAAAAAAAAAAQAAAAAAAAAAAAAAAAAAAAAAAAEAAAACAAAAAAAAAABi/B0L0JGythwN1lY0aypo19NHxvLCyO5tBEcCVvwF9wFjRXYJfhv2AAAAAAAAAAEAAAAAAAAAAAAAAAAAAAAAAQAAAAAAAAAAAAAAAAAAAA==
5543c87f67a0aa95a5a32743b380500318a6fa9d94591cfb5434a6d704554e5f	2	2	AAAAAGL8HQvQkbK2HA3WVjRrKmjX00fG8sLI7m0ERwJW/AX3AAAACgAAAAAAAAACAAAAAAAAAAAAAAABAAAAAAAAAAAAAAAATK5dklyLdwaC/QqiWQkdoziT2KwsKS0h9iNJKjjPgfAAAAACVAvkAAAAAAAAAAABVvwF9wAAAEAjeq89g3y2JSp1nS9LnnQHLqbO6vtZ9QE5LdBa8pMPb+J7kHgmep2KvWXqE72SgeJrw0pkg/eQGckzWilGFRgA	VUPIf2egqpWloydDs4BQAxim+p2UWRz7VDSm1wRVTl8AAAAAAAAACgAAAAAAAAABAAAAAAAAAAAAAAAAAAAAAA==	AAAAAAAAAAEAAAABAAAAAgAAAAAAAAAAYvwdC9CRsrYcDdZWNGsqaNfTR8bywsjubQRHAlb8BfcBY0V2CX4b7AAAAAAAAAACAAAAAAAAAAAAAAAAAAAAAAEAAAAAAAAAAAAAAAAAAAAAAAABAAAAAgAAAAAAAAACAAAAAAAAAABMrl2SXIt3BoL9CqJZCR2jOJPYrCwpLSH2I0kqOM+B8AAAAAJUC+QAAAAAAgAAAAAAAAAAAAAAAAAAAAAAAAAAAQAAAAAAAAAAAAAAAAAAAAAAAAEAAAACAAAAAAAAAABi/B0L0JGythwN1lY0aypo19NHxvLCyO5tBEcCVvwF9wFjRXO1cjfsAAAAAAAAAAIAAAAAAAAAAAAAAAAAAAAAAQAAAAAAAAAAAAAAAAAAAA==
193129200ae088e8dd42bd2303b629c83b9b3058f3614aa64793aaf342925f56	2	3	AAAAAGL8HQvQkbK2HA3WVjRrKmjX00fG8sLI7m0ERwJW/AX3AAAACgAAAAAAAAADAAAAAAAAAAAAAAABAAAAAAAAAAAAAAAAQEeYSIRnHzRTBOXlKCj7nuwxptiRPbykgJ8W7RrBuxQAAAACVAvkAAAAAAAAAAABVvwF9wAAAEC61cU5vFL9x99iU5m7GZxrQ5947QN6CQJ6wosp8oK+L1mvOEIkjaZJl2R2tI4gElSk3soOTjxtvcTB5qu2kikN	GTEpIArgiOjdQr0jA7YpyDubMFjzYUqmR5Oq80KSX1YAAAAAAAAACgAAAAAAAAABAAAAAAAAAAAAAAAAAAAAAA==	AAAAAAAAAAEAAAABAAAAAgAAAAAAAAAAYvwdC9CRsrYcDdZWNGsqaNfTR8bywsjubQRHAlb8BfcBY0VztXI34gAAAAAAAAADAAAAAAAAAAAAAAAAAAAAAAEAAAAAAAAAAAAAAAAAAAAAAAABAAAAAgAAAAAAAAACAAAAAAAAAABAR5hIhGcfNFME5eUoKPue7DGm2JE9vKSAnxbtGsG7FAAAAAJUC+QAAAAAAgAAAAAAAAAAAAAAAAAAAAAAAAAAAQAAAAAAAAAAAAAAAAAAAAAAAAEAAAACAAAAAAAAAABi/B0L0JGythwN1lY0aypo19NHxvLCyO5tBEcCVvwF9wFjRXFhZlPiAAAAAAAAAAMAAAAAAAAAAAAAAAAAAAAAAQAAAAAAAAAAAAAAAAAAAA==
a5d99b8aab533f2c619cd00ea80a691028836ed2629935a27729ff528a4ff27f	2	4	AAAAAGL8HQvQkbK2HA3WVjRrKmjX00fG8sLI7m0ERwJW/AX3AAAACgAAAAAAAAAEAAAAAAAAAAAAAAABAAAAAAAAAAAAAAAAZefPKgpbofAukl+nPYAX+hCXwSkV5PfpxKKmij4EpR0AAAACVAvkAAAAAAAAAAABVvwF9wAAAECGzrKnp+v1EG9F14JNHSPnxc7IK5JnppVkPnkTYxzMvy+ZtLs7ijR3SFIhJYjqLn2zVVa6voJs0gSryN1gk8wD	pdmbiqtTPyxhnNAOqAppECiDbtJimTWidyn/UopP8n8AAAAAAAAACgAAAAAAAAABAAAAAAAAAAAAAAAAAAAAAA==	AAAAAAAAAAEAAAABAAAAAgAAAAAAAAAAYvwdC9CRsrYcDdZWNGsqaNfTR8bywsjubQRHAlb8BfcBY0VxYWZT2AAAAAAAAAAEAAAAAAAAAAAAAAAAAAAAAAEAAAAAAAAAAAAAAAAAAAAAAAABAAAAAgAAAAAAAAACAAAAAAAAAABl588qCluh8C6SX6c9gBf6EJfBKRXk9+nEoqaKPgSlHQAAAAJUC+QAAAAAAgAAAAAAAAAAAAAAAAAAAAAAAAAAAQAAAAAAAAAAAAAAAAAAAAAAAAEAAAACAAAAAAAAAABi/B0L0JGythwN1lY0aypo19NHxvLCyO5tBEcCVvwF9wFjRW8NWm/YAAAAAAAAAAQAAAAAAAAAAAAAAAAAAAAAAQAAAAAAAAAAAAAAAAAAAA==
a4f83149ce214807108d296e85fbac9bd0b1b391bddd79e23c1e1b6562699530	3	1	AAAAAEyuXZJci3cGgv0KolkJHaM4k9isLCktIfYjSSo4z4HwAAAACgAAAAIAAAABAAAAAAAAAAAAAAABAAAAAAAAAAYAAAABVVNEAAAAAAD5ygkQLP7y2hccB1QSxNocivEdtkb+Vn2vrMlV2ZtLeX//////////AAAAAAAAAAE4z4HwAAAAQGWE/qbCcoktYh6LhB80mRQZqhXheNKrvlp4a6K8ykkG4WB82ZDIR0+NUszSwnuUFXVpxWgE1JU62e/AjnVYvQQ=	pPgxSc4hSAcQjSluhfusm9Cxs5G93XniPB4bZWJplTAAAAAAAAAACgAAAAAAAAABAAAAAAAAAAYAAAAAAAAAAA==	AAAAAAAAAAEAAAABAAAAAwAAAAAAAAAATK5dklyLdwaC/QqiWQkdoziT2KwsKS0h9iNJKjjPgfAAAAACVAvj9gAAAAIAAAABAAAAAAAAAAAAAAAAAAAAAAEAAAAAAAAAAAAAAAAAAAAAAAABAAAAAgAAAAAAAAADAAAAAQAAAABMrl2SXIt3BoL9CqJZCR2jOJPYrCwpLSH2I0kqOM+B8AAAAAFVU0QAAAAAAPnKCRAs/vLaFxwHVBLE2hyK8R22Rv5Wfa+syVXZm0t5AAAAAAAAAAB//////////wAAAAEAAAAAAAAAAAAAAAEAAAADAAAAAAAAAABMrl2SXIt3BoL9CqJZCR2jOJPYrCwpLSH2I0kqOM+B8AAAAAJUC+P2AAAAAgAAAAEAAAABAAAAAAAAAAAAAAAAAQAAAAAAAAAAAAAAAAAAAA==
d2d6b63abb19b8347b19e50e425c2403036fbeecf45d4dc533e82c434e4d5b18	3	2	AAAAAEBHmEiEZx80UwTl5Sgo+57sMabYkT28pICfFu0awbsUAAAACgAAAAIAAAABAAAAAAAAAAAAAAABAAAAAAAAAAYAAAABRVVSAAAAAAD5ygkQLP7y2hccB1QSxNocivEdtkb+Vn2vrMlV2ZtLeX//////////AAAAAAAAAAEawbsUAAAAQM8wfQfcR32SjH2iRAVSgzlu6FvX4CVeUvtB9w/KT+4QU9e4ZbrLRntl9w/IIsz6Ig+K83+9Dlj9ZCbOOos7ZQA=	0ta2OrsZuDR7GeUOQlwkAwNvvuz0XU3FM+gsQ05NWxgAAAAAAAAACgAAAAAAAAABAAAAAAAAAAYAAAAAAAAAAA==	AAAAAAAAAAEAAAABAAAAAwAAAAAAAAAAQEeYSIRnHzRTBOXlKCj7nuwxptiRPbykgJ8W7RrBuxQAAAACVAvj9gAAAAIAAAABAAAAAAAAAAAAAAAAAAAAAAEAAAAAAAAAAAAAAAAAAAAAAAABAAAAAgAAAAAAAAADAAAAAQAAAABAR5hIhGcfNFME5eUoKPue7DGm2JE9vKSAnxbtGsG7FAAAAAFFVVIAAAAAAPnKCRAs/vLaFxwHVBLE2hyK8R22Rv5Wfa+syVXZm0t5AAAAAAAAAAB//////////wAAAAEAAAAAAAAAAAAAAAEAAAADAAAAAAAAAABAR5hIhGcfNFME5eUoKPue7DGm2JE9vKSAnxbtGsG7FAAAAAJUC+P2AAAAAgAAAAEAAAABAAAAAAAAAAAAAAAAAQAAAAAAAAAAAAAAAAAAAA==
9e1833f781c3f191ae7c098416cb844c8784ac4db56852aca4668d800f6c4c6f	3	3	AAAAAGXnzyoKW6HwLpJfpz2AF/oQl8EpFeT36cSipoo+BKUdAAAACgAAAAIAAAABAAAAAAAAAAAAAAABAAAAAAAAAAYAAAABVVNEAAAAAAD5ygkQLP7y2hccB1QSxNocivEdtkb+Vn2vrMlV2ZtLeX//////////AAAAAAAAAAE+BKUdAAAAQPRoqsX7PhSoEZoG0bTKQWQn2C8pN4iySL18r5ontr4fSiWW0lEFc7zSJ/cljLOgkBegso3acn/oh0VUB30LLQA=	nhgz94HD8ZGufAmEFsuETIeErE21aFKspGaNgA9sTG8AAAAAAAAACgAAAAAAAAABAAAAAAAAAAYAAAAAAAAAAA==	AAAAAAAAAAEAAAABAAAAAwAAAAAAAAAAZefPKgpbofAukl+nPYAX+hCXwSkV5PfpxKKmij4EpR0AAAACVAvj9gAAAAIAAAABAAAAAAAAAAAAAAAAAAAAAAEAAAAAAAAAAAAAAAAAAAAAAAABAAAAAgAAAAAAAAADAAAAAQAAAABl588qCluh8C6SX6c9gBf6EJfBKRXk9+nEoqaKPgSlHQAAAAFVU0QAAAAAAPnKCRAs/vLaFxwHVBLE2hyK8R22Rv5Wfa+syVXZm0t5AAAAAAAAAAB//////////wAAAAEAAAAAAAAAAAAAAAEAAAADAAAAAAAAAABl588qCluh8C6SX6c9gBf6EJfBKRXk9+nEoqaKPgSlHQAAAAJUC+P2AAAAAgAAAAEAAAABAAAAAAAAAAAAAAAAAQAAAAAAAAAAAAAAAAAAAA==
3f18c600dd0011207d2a9fd4ddd390cd21987127d8652a178013d408101aaa9b	3	4	AAAAAGXnzyoKW6HwLpJfpz2AF/oQl8EpFeT36cSipoo+BKUdAAAACgAAAAIAAAACAAAAAAAAAAAAAAABAAAAAAAAAAYAAAABRVVSAAAAAAD5ygkQLP7y2hccB1QSxNocivEdtkb+Vn2vrMlV2ZtLeX//////////AAAAAAAAAAE+BKUdAAAAQGnqvhASYfLreajWhxMXXxbjVraJ/lhvY3p4UPvD9KhueInlAkVecpXUr99wBV7D6yaYY3O2zQMKCt6SW/lo8g8=	PxjGAN0AESB9Kp/U3dOQzSGYcSfYZSoXgBPUCBAaqpsAAAAAAAAACgAAAAAAAAABAAAAAAAAAAYAAAAAAAAAAA==	AAAAAAAAAAEAAAABAAAAAwAAAAAAAAAAZefPKgpbofAukl+nPYAX+hCXwSkV5PfpxKKmij4EpR0AAAACVAvj7AAAAAIAAAACAAAAAQAAAAAAAAAAAAAAAAEAAAAAAAAAAAAAAAAAAAAAAAABAAAAAgAAAAAAAAADAAAAAQAAAABl588qCluh8C6SX6c9gBf6EJfBKRXk9+nEoqaKPgSlHQAAAAFFVVIAAAAAAPnKCRAs/vLaFxwHVBLE2hyK8R22Rv5Wfa+syVXZm0t5AAAAAAAAAAB//////////wAAAAEAAAAAAAAAAAAAAAEAAAADAAAAAAAAAABl588qCluh8C6SX6c9gBf6EJfBKRXk9+nEoqaKPgSlHQAAAAJUC+PsAAAAAgAAAAIAAAACAAAAAAAAAAAAAAAAAQAAAAAAAAAAAAAAAAAAAA==
efb2666a5a282d38e9ec5acf6fbd115d1f14f3c7fe7dcf30ea5dc2dea80987c0	3	5	AAAAAGXnzyoKW6HwLpJfpz2AF/oQl8EpFeT36cSipoo+BKUdAAAACgAAAAIAAAADAAAAAAAAAAAAAAABAAAAAAAAAAYAAAABMQAAAAAAAAD5ygkQLP7y2hccB1QSxNocivEdtkb+Vn2vrMlV2ZtLeX//////////AAAAAAAAAAE+BKUdAAAAQMqD80IK9TfxZkxpd/XA9YxM6W7+EmEl8QuPvA1OrHHV9UUIfbMyv1CmhpMPi+4Ji+tNN3YmSBIEfmRIZ51A0gc=	77JmalooLTjp7FrPb70RXR8U88f+fc8w6l3C3qgJh8AAAAAAAAAACgAAAAAAAAABAAAAAAAAAAYAAAAAAAAAAA==	AAAAAAAAAAEAAAABAAAAAwAAAAAAAAAAZefPKgpbofAukl+nPYAX+hCXwSkV5PfpxKKmij4EpR0AAAACVAvj4gAAAAIAAAADAAAAAgAAAAAAAAAAAAAAAAEAAAAAAAAAAAAAAAAAAAAAAAABAAAAAgAAAAAAAAADAAAAAQAAAABl588qCluh8C6SX6c9gBf6EJfBKRXk9+nEoqaKPgSlHQAAAAExAAAAAAAAAPnKCRAs/vLaFxwHVBLE2hyK8R22Rv5Wfa+syVXZm0t5AAAAAAAAAAB//////////wAAAAEAAAAAAAAAAAAAAAEAAAADAAAAAAAAAABl588qCluh8C6SX6c9gBf6EJfBKRXk9+nEoqaKPgSlHQAAAAJUC+PiAAAAAgAAAAMAAAADAAAAAAAAAAAAAAAAAQAAAAAAAAAAAAAAAAAAAA==
315fe5c3f4626bba5ecc47190d1d77d9e162e24492804824f42fd2100650c4ff	3	6	AAAAAGXnzyoKW6HwLpJfpz2AF/oQl8EpFeT36cSipoo+BKUdAAAACgAAAAIAAAAEAAAAAAAAAAAAAAABAAAAAAAAAAYAAAABMjEAAAAAAAD5ygkQLP7y2hccB1QSxNocivEdtkb+Vn2vrMlV2ZtLeX//////////AAAAAAAAAAE+BKUdAAAAQDHTBi8okNrP6YNFBF+xPfIPEEzxuBIK6C1lLSekH3VdqL9T38COr9E8ebjPSWzZh6KGQ7dekBU7+0VFuoBNhQw=	MV/lw/Ria7pezEcZDR132eFi4kSSgEgk9C/SEAZQxP8AAAAAAAAACgAAAAAAAAABAAAAAAAAAAYAAAAAAAAAAA==	AAAAAAAAAAEAAAABAAAAAwAAAAAAAAAAZefPKgpbofAukl+nPYAX+hCXwSkV5PfpxKKmij4EpR0AAAACVAvj2AAAAAIAAAAEAAAAAwAAAAAAAAAAAAAAAAEAAAAAAAAAAAAAAAAAAAAAAAABAAAAAgAAAAAAAAADAAAAAQAAAABl588qCluh8C6SX6c9gBf6EJfBKRXk9+nEoqaKPgSlHQAAAAEyMQAAAAAAAPnKCRAs/vLaFxwHVBLE2hyK8R22Rv5Wfa+syVXZm0t5AAAAAAAAAAB//////////wAAAAEAAAAAAAAAAAAAAAEAAAADAAAAAAAAAABl588qCluh8C6SX6c9gBf6EJfBKRXk9+nEoqaKPgSlHQAAAAJUC+PYAAAAAgAAAAQAAAAEAAAAAAAAAAAAAAAAAQAAAAAAAAAAAAAAAAAAAA==
489ffacbf39d858e425223d19eac530bd74eee45e9f34051b062f18d80f424a8	3	7	AAAAAGXnzyoKW6HwLpJfpz2AF/oQl8EpFeT36cSipoo+BKUdAAAACgAAAAIAAAAFAAAAAAAAAAAAAAABAAAAAAAAAAYAAAABMjIAAAAAAAD5ygkQLP7y2hccB1QSxNocivEdtkb+Vn2vrMlV2ZtLeX//////////AAAAAAAAAAE+BKUdAAAAQHEWxl/tN9IIJ4j5w40i7sZZl8WbB3nmEGZW1y9LuNg8M3xlgVp/zXz/L3HnACpTuDxMWB1r6kWPbS0Pf/H/Ugo=	SJ/6y/OdhY5CUiPRnqxTC9dO7kXp80BRsGLxjYD0JKgAAAAAAAAACgAAAAAAAAABAAAAAAAAAAYAAAAAAAAAAA==	AAAAAAAAAAEAAAABAAAAAwAAAAAAAAAAZefPKgpbofAukl+nPYAX+hCXwSkV5PfpxKKmij4EpR0AAAACVAvjzgAAAAIAAAAFAAAABAAAAAAAAAAAAAAAAAEAAAAAAAAAAAAAAAAAAAAAAAABAAAAAgAAAAAAAAADAAAAAQAAAABl588qCluh8C6SX6c9gBf6EJfBKRXk9+nEoqaKPgSlHQAAAAEyMgAAAAAAAPnKCRAs/vLaFxwHVBLE2hyK8R22Rv5Wfa+syVXZm0t5AAAAAAAAAAB//////////wAAAAEAAAAAAAAAAAAAAAEAAAADAAAAAAAAAABl588qCluh8C6SX6c9gBf6EJfBKRXk9+nEoqaKPgSlHQAAAAJUC+POAAAAAgAAAAUAAAAFAAAAAAAAAAAAAAAAAQAAAAAAAAAAAAAAAAAAAA==
3e5e7923fc68d141e34e23e250b4223bf84818a0c5a79b0ab551f8c5ce0fee2b	3	8	AAAAAGXnzyoKW6HwLpJfpz2AF/oQl8EpFeT36cSipoo+BKUdAAAACgAAAAIAAAAGAAAAAAAAAAAAAAABAAAAAAAAAAYAAAABMzEAAAAAAAD5ygkQLP7y2hccB1QSxNocivEdtkb+Vn2vrMlV2ZtLeX//////////AAAAAAAAAAE+BKUdAAAAQIk1VMD1smUr+7WjuerMKWDKEG9UY4IbTLV76ShPahRrB6FzJqhYcTPOeoBoA07PiG4+itJ95iVyMkPVYvmCQQM=	Pl55I/xo0UHjTiPiULQiO/hIGKDFp5sKtVH4xc4P7isAAAAAAAAACgAAAAAAAAABAAAAAAAAAAYAAAAAAAAAAA==	AAAAAAAAAAEAAAABAAAAAwAAAAAAAAAAZefPKgpbofAukl+nPYAX+hCXwSkV5PfpxKKmij4EpR0AAAACVAvjxAAAAAIAAAAGAAAABQAAAAAAAAAAAAAAAAEAAAAAAAAAAAAAAAAAAAAAAAABAAAAAgAAAAAAAAADAAAAAQAAAABl588qCluh8C6SX6c9gBf6EJfBKRXk9+nEoqaKPgSlHQAAAAEzMQAAAAAAAPnKCRAs/vLaFxwHVBLE2hyK8R22Rv5Wfa+syVXZm0t5AAAAAAAAAAB//////////wAAAAEAAAAAAAAAAAAAAAEAAAADAAAAAAAAAABl588qCluh8C6SX6c9gBf6EJfBKRXk9+nEoqaKPgSlHQAAAAJUC+PEAAAAAgAAAAYAAAAGAAAAAAAAAAAAAAAAAQAAAAAAAAAAAAAAAAAAAA==
d78dd15df1c25cf77508b8d7f25ab4261dec419795459fe59fd252b2df55a2ee	3	9	AAAAAGXnzyoKW6HwLpJfpz2AF/oQl8EpFeT36cSipoo+BKUdAAAACgAAAAIAAAAHAAAAAAAAAAAAAAABAAAAAAAAAAYAAAABMzIAAAAAAAD5ygkQLP7y2hccB1QSxNocivEdtkb+Vn2vrMlV2ZtLeX//////////AAAAAAAAAAE+BKUdAAAAQAald3LwK4fVuhKXKOTBPItxeneKit2bum5abyPxuceVeDxBI0/AKUF3jy6qfAO3BNXU4X9ojTKAsVnt6fqF1g4=	143RXfHCXPd1CLjX8lq0Jh3sQZeVRZ/ln9JSst9Vou4AAAAAAAAACgAAAAAAAAABAAAAAAAAAAYAAAAAAAAAAA==	AAAAAAAAAAEAAAABAAAAAwAAAAAAAAAAZefPKgpbofAukl+nPYAX+hCXwSkV5PfpxKKmij4EpR0AAAACVAvjugAAAAIAAAAHAAAABgAAAAAAAAAAAAAAAAEAAAAAAAAAAAAAAAAAAAAAAAABAAAAAgAAAAAAAAADAAAAAQAAAABl588qCluh8C6SX6c9gBf6EJfBKRXk9+nEoqaKPgSlHQAAAAEzMgAAAAAAAPnKCRAs/vLaFxwHVBLE2hyK8R22Rv5Wfa+syVXZm0t5AAAAAAAAAAB//////////wAAAAEAAAAAAAAAAAAAAAEAAAADAAAAAAAAAABl588qCluh8C6SX6c9gBf6EJfBKRXk9+nEoqaKPgSlHQAAAAJUC+O6AAAAAgAAAAcAAAAHAAAAAAAAAAAAAAAAAQAAAAAAAAAAAAAAAAAAAA==
8b998aac3ff63dcebde1d35ab1d4a461d0b422064b7e3c051e56e4edca4d165a	3	10	AAAAAGXnzyoKW6HwLpJfpz2AF/oQl8EpFeT36cSipoo+BKUdAAAACgAAAAIAAAAIAAAAAAAAAAAAAAABAAAAAAAAAAYAAAABMzMAAAAAAAD5ygkQLP7y2hccB1QSxNocivEdtkb+Vn2vrMlV2ZtLeX//////////AAAAAAAAAAE+BKUdAAAAQINacHzwdeEHgdB0F3UjQwNVkFpIUN36fciZEkg0rd0peRqUs+nldiBMcG4jw4o8yf4ryBXn91HGjrEv8dapdwo=	i5mKrD/2Pc694dNasdSkYdC0IgZLfjwFHlbk7cpNFloAAAAAAAAACgAAAAAAAAABAAAAAAAAAAYAAAAAAAAAAA==	AAAAAAAAAAEAAAABAAAAAwAAAAAAAAAAZefPKgpbofAukl+nPYAX+hCXwSkV5PfpxKKmij4EpR0AAAACVAvjsAAAAAIAAAAIAAAABwAAAAAAAAAAAAAAAAEAAAAAAAAAAAAAAAAAAAAAAAABAAAAAgAAAAAAAAADAAAAAQAAAABl588qCluh8C6SX6c9gBf6EJfBKRXk9+nEoqaKPgSlHQAAAAEzMwAAAAAAAPnKCRAs/vLaFxwHVBLE2hyK8R22Rv5Wfa+syVXZm0t5AAAAAAAAAAB//////////wAAAAEAAAAAAAAAAAAAAAEAAAADAAAAAAAAAABl588qCluh8C6SX6c9gBf6EJfBKRXk9+nEoqaKPgSlHQAAAAJUC+OwAAAAAgAAAAgAAAAIAAAAAAAAAAAAAAAAAQAAAAAAAAAAAAAAAAAAAA==
240a5c5bbecad3872fc01df20e14f2d791d91070adca780afdac5d762f417468	4	1	AAAAAPnKCRAs/vLaFxwHVBLE2hyK8R22Rv5Wfa+syVXZm0t5AAAACgAAAAIAAAABAAAAAAAAAAAAAAABAAAAAAAAAAEAAAAATK5dklyLdwaC/QqiWQkdoziT2KwsKS0h9iNJKjjPgfAAAAABVVNEAAAAAAD5ygkQLP7y2hccB1QSxNocivEdtkb+Vn2vrMlV2ZtLeQAAAAAAABOIAAAAAAAAAAHZm0t5AAAAQMW1XQ+3P4Ba6J6JYnHfCAoWAiOjWgkpCIbgfTU0UimpjCQ9oLnGT0OnM2yZL4RxDQFA4ZQOD10P4V++EP7mXAQ=	JApcW77K04cvwB3yDhTy15HZEHCtyngK/axddi9BdGgAAAAAAAAACgAAAAAAAAABAAAAAAAAAAEAAAAAAAAAAA==	AAAAAAAAAAEAAAABAAAABAAAAAAAAAAA+coJECz+8toXHAdUEsTaHIrxHbZG/lZ9r6zJVdmbS3kAAAACVAvj9gAAAAIAAAABAAAAAAAAAAAAAAAAAAAAAAEAAAAAAAAAAAAAAAAAAAAAAAABAAAAAQAAAAEAAAAEAAAAAQAAAABMrl2SXIt3BoL9CqJZCR2jOJPYrCwpLSH2I0kqOM+B8AAAAAFVU0QAAAAAAPnKCRAs/vLaFxwHVBLE2hyK8R22Rv5Wfa+syVXZm0t5AAAAAAAAE4h//////////wAAAAEAAAAAAAAAAA==
171c2860685ac29a7ba63f08e70f5a01dccd141406171c048a3ecc56c1b0ae37	4	2	AAAAAPnKCRAs/vLaFxwHVBLE2hyK8R22Rv5Wfa+syVXZm0t5AAAACgAAAAIAAAACAAAAAAAAAAAAAAABAAAAAAAAAAEAAAAAZefPKgpbofAukl+nPYAX+hCXwSkV5PfpxKKmij4EpR0AAAABRVVSAAAAAAD5ygkQLP7y2hccB1QSxNocivEdtkb+Vn2vrMlV2ZtLeQAAAAAAABOIAAAAAAAAAAHZm0t5AAAAQPBCdOAowDEVxxodhQ0JzvZkXWTmfTainkYGhR9PiXjQppO0yrA66tQ5XdMuIgdcN0ddYGaFLpyWa/Y3C8oVbQw=	FxwoYGhawpp7pj8I5w9aAdzNFBQGFxwEij7MVsGwrjcAAAAAAAAACgAAAAAAAAABAAAAAAAAAAEAAAAAAAAAAA==	AAAAAAAAAAEAAAABAAAABAAAAAAAAAAA+coJECz+8toXHAdUEsTaHIrxHbZG/lZ9r6zJVdmbS3kAAAACVAvj7AAAAAIAAAACAAAAAAAAAAAAAAAAAAAAAAEAAAAAAAAAAAAAAAAAAAAAAAABAAAAAQAAAAEAAAAEAAAAAQAAAABl588qCluh8C6SX6c9gBf6EJfBKRXk9+nEoqaKPgSlHQAAAAFFVVIAAAAAAPnKCRAs/vLaFxwHVBLE2hyK8R22Rv5Wfa+syVXZm0t5AAAAAAAAE4h//////////wAAAAEAAAAAAAAAAA==
5709364904e1230d825e8c289ee4d8df183df9aade72c911cc51d5e482ea684e	4	3	AAAAAPnKCRAs/vLaFxwHVBLE2hyK8R22Rv5Wfa+syVXZm0t5AAAACgAAAAIAAAADAAAAAAAAAAAAAAABAAAAAAAAAAEAAAAAZefPKgpbofAukl+nPYAX+hCXwSkV5PfpxKKmij4EpR0AAAABMQAAAAAAAAD5ygkQLP7y2hccB1QSxNocivEdtkb+Vn2vrMlV2ZtLeQAAAAAAABOIAAAAAAAAAAHZm0t5AAAAQKDGJAdOmdwfbxhqNb/FrRKIdnQOwhCcfomBNIcmw30SVnDNxC3ByejbtHC/F6/HxsWAc3zCcZ9RVik0N96rbgM=	Vwk2SQThIw2CXowonuTY3xg9+arecskRzFHV5ILqaE4AAAAAAAAACgAAAAAAAAABAAAAAAAAAAEAAAAAAAAAAA==	AAAAAAAAAAEAAAABAAAABAAAAAAAAAAA+coJECz+8toXHAdUEsTaHIrxHbZG/lZ9r6zJVdmbS3kAAAACVAvj4gAAAAIAAAADAAAAAAAAAAAAAAAAAAAAAAEAAAAAAAAAAAAAAAAAAAAAAAABAAAAAQAAAAEAAAAEAAAAAQAAAABl588qCluh8C6SX6c9gBf6EJfBKRXk9+nEoqaKPgSlHQAAAAExAAAAAAAAAPnKCRAs/vLaFxwHVBLE2hyK8R22Rv5Wfa+syVXZm0t5AAAAAAAAE4h//////////wAAAAEAAAAAAAAAAA==
141c6eeab12e6f18797ffdd7816a5e497fe458d0337bbc2d24128d3d93de5019	4	4	AAAAAPnKCRAs/vLaFxwHVBLE2hyK8R22Rv5Wfa+syVXZm0t5AAAACgAAAAIAAAAEAAAAAAAAAAAAAAABAAAAAAAAAAEAAAAAZefPKgpbofAukl+nPYAX+hCXwSkV5PfpxKKmij4EpR0AAAABMjEAAAAAAAD5ygkQLP7y2hccB1QSxNocivEdtkb+Vn2vrMlV2ZtLeQAAAAAAABOIAAAAAAAAAAHZm0t5AAAAQArsjMqdXYbXWcfWYhpuiq6E84wAxkjv79DnHJMiG3IWGDAgLqIPygmrkLwxFOf/dlPpqKyCy5EyEEZ3sBR2VgQ=	FBxu6rEubxh5f/3XgWpeSX/kWNAze7wtJBKNPZPeUBkAAAAAAAAACgAAAAAAAAABAAAAAAAAAAEAAAAAAAAAAA==	AAAAAAAAAAEAAAABAAAABAAAAAAAAAAA+coJECz+8toXHAdUEsTaHIrxHbZG/lZ9r6zJVdmbS3kAAAACVAvj2AAAAAIAAAAEAAAAAAAAAAAAAAAAAAAAAAEAAAAAAAAAAAAAAAAAAAAAAAABAAAAAQAAAAEAAAAEAAAAAQAAAABl588qCluh8C6SX6c9gBf6EJfBKRXk9+nEoqaKPgSlHQAAAAEyMQAAAAAAAPnKCRAs/vLaFxwHVBLE2hyK8R22Rv5Wfa+syVXZm0t5AAAAAAAAE4h//////////wAAAAEAAAAAAAAAAA==
e6936a6dd85425d1b7c8416117fc924df7ba82e8c92fe1aba4719eb393eb2ac5	4	5	AAAAAPnKCRAs/vLaFxwHVBLE2hyK8R22Rv5Wfa+syVXZm0t5AAAACgAAAAIAAAAFAAAAAAAAAAAAAAABAAAAAAAAAAEAAAAAZefPKgpbofAukl+nPYAX+hCXwSkV5PfpxKKmij4EpR0AAAABMjIAAAAAAAD5ygkQLP7y2hccB1QSxNocivEdtkb+Vn2vrMlV2ZtLeQAAAAAAABOIAAAAAAAAAAHZm0t5AAAAQCuVWeIRnyZsSLiN/fDvfOn8UBc1GyRumoJQ/VMVqIDCdv1uVVpE5ouHd4rxaRl8ZV7Ub+EkVu7mpfb7dOP1IwM=	5pNqbdhUJdG3yEFhF/ySTfe6gujJL+GrpHGes5PrKsUAAAAAAAAACgAAAAAAAAABAAAAAAAAAAEAAAAAAAAAAA==	AAAAAAAAAAEAAAABAAAABAAAAAAAAAAA+coJECz+8toXHAdUEsTaHIrxHbZG/lZ9r6zJVdmbS3kAAAACVAvjzgAAAAIAAAAFAAAAAAAAAAAAAAAAAAAAAAEAAAAAAAAAAAAAAAAAAAAAAAABAAAAAQAAAAEAAAAEAAAAAQAAAABl588qCluh8C6SX6c9gBf6EJfBKRXk9+nEoqaKPgSlHQAAAAEyMgAAAAAAAPnKCRAs/vLaFxwHVBLE2hyK8R22Rv5Wfa+syVXZm0t5AAAAAAAAE4h//////////wAAAAEAAAAAAAAAAA==
600f0656d9be3cbb60ffd29dd8a58c2ea672553e8d7fbf156561b6fd67caf9fe	4	6	AAAAAPnKCRAs/vLaFxwHVBLE2hyK8R22Rv5Wfa+syVXZm0t5AAAACgAAAAIAAAAGAAAAAAAAAAAAAAABAAAAAAAAAAEAAAAAZefPKgpbofAukl+nPYAX+hCXwSkV5PfpxKKmij4EpR0AAAABMzEAAAAAAAD5ygkQLP7y2hccB1QSxNocivEdtkb+Vn2vrMlV2ZtLeQAAAAAAABOIAAAAAAAAAAHZm0t5AAAAQP1m4rh6prji9eXe3/Wh0Z8Xmt1hdnXrBaVjCPIK3BJhKwZM6sjaIfYuSU2USuWOOERCzbpyKQSqoq/cLEcmQAg=	YA8GVtm+PLtg/9Kd2KWMLqZyVT6Nf78VZWG2/WfK+f4AAAAAAAAACgAAAAAAAAABAAAAAAAAAAEAAAAAAAAAAA==	AAAAAAAAAAEAAAABAAAABAAAAAAAAAAA+coJECz+8toXHAdUEsTaHIrxHbZG/lZ9r6zJVdmbS3kAAAACVAvjxAAAAAIAAAAGAAAAAAAAAAAAAAAAAAAAAAEAAAAAAAAAAAAAAAAAAAAAAAABAAAAAQAAAAEAAAAEAAAAAQAAAABl588qCluh8C6SX6c9gBf6EJfBKRXk9+nEoqaKPgSlHQAAAAEzMQAAAAAAAPnKCRAs/vLaFxwHVBLE2hyK8R22Rv5Wfa+syVXZm0t5AAAAAAAAE4h//////////wAAAAEAAAAAAAAAAA==
386e2ad076cf3b3c1a3b9f0ee244256b5150e4ddf2e012eed7e435ca8e1df59e	4	7	AAAAAPnKCRAs/vLaFxwHVBLE2hyK8R22Rv5Wfa+syVXZm0t5AAAACgAAAAIAAAAHAAAAAAAAAAAAAAABAAAAAAAAAAEAAAAAZefPKgpbofAukl+nPYAX+hCXwSkV5PfpxKKmij4EpR0AAAABMzIAAAAAAAD5ygkQLP7y2hccB1QSxNocivEdtkb+Vn2vrMlV2ZtLeQAAAAAAABOIAAAAAAAAAAHZm0t5AAAAQEJRDGIXcS5HWgGxqtVQ2vsCKHlkzIfZ+WBGE5yIScEtXfStjp63Md3r51FdmMSIkXbHem3MhrWta05oVr1ZjQg=	OG4q0HbPOzwaO58O4kQla1FQ5N3y4BLu1+Q1yo4d9Z4AAAAAAAAACgAAAAAAAAABAAAAAAAAAAEAAAAAAAAAAA==	AAAAAAAAAAEAAAABAAAABAAAAAAAAAAA+coJECz+8toXHAdUEsTaHIrxHbZG/lZ9r6zJVdmbS3kAAAACVAvjugAAAAIAAAAHAAAAAAAAAAAAAAAAAAAAAAEAAAAAAAAAAAAAAAAAAAAAAAABAAAAAQAAAAEAAAAEAAAAAQAAAABl588qCluh8C6SX6c9gBf6EJfBKRXk9+nEoqaKPgSlHQAAAAEzMgAAAAAAAPnKCRAs/vLaFxwHVBLE2hyK8R22Rv5Wfa+syVXZm0t5AAAAAAAAE4h//////////wAAAAEAAAAAAAAAAA==
97dce515f7e4e67902c2910ce2bda5fc323b345b1482d5727e24c52a538be7a2	4	8	AAAAAPnKCRAs/vLaFxwHVBLE2hyK8R22Rv5Wfa+syVXZm0t5AAAACgAAAAIAAAAIAAAAAAAAAAAAAAABAAAAAAAAAAEAAAAAZefPKgpbofAukl+nPYAX+hCXwSkV5PfpxKKmij4EpR0AAAABMzMAAAAAAAD5ygkQLP7y2hccB1QSxNocivEdtkb+Vn2vrMlV2ZtLeQAAAAAAABOIAAAAAAAAAAHZm0t5AAAAQC4LOOVNrP7/wIgxeJTks6ij6aQEcQlrfcF55o86uhhPjtEoRtxEqxttcBIfNpC6fjLAQle8v77xCDHqzkFf2AA=	l9zlFffk5nkCwpEM4r2l/DI7NFsUgtVyfiTFKlOL56IAAAAAAAAACgAAAAAAAAABAAAAAAAAAAEAAAAAAAAAAA==	AAAAAAAAAAEAAAABAAAABAAAAAAAAAAA+coJECz+8toXHAdUEsTaHIrxHbZG/lZ9r6zJVdmbS3kAAAACVAvjsAAAAAIAAAAIAAAAAAAAAAAAAAAAAAAAAAEAAAAAAAAAAAAAAAAAAAAAAAABAAAAAQAAAAEAAAAEAAAAAQAAAABl588qCluh8C6SX6c9gBf6EJfBKRXk9+nEoqaKPgSlHQAAAAEzMwAAAAAAAPnKCRAs/vLaFxwHVBLE2hyK8R22Rv5Wfa+syVXZm0t5AAAAAAAAE4h//////////wAAAAEAAAAAAAAAAA==
6511e1c4c3ed2018ad38b1ec3b53b6c9ccf55ef68332edc3387bfcb60ef29af6	5	1	AAAAAGXnzyoKW6HwLpJfpz2AF/oQl8EpFeT36cSipoo+BKUdAAAACgAAAAIAAAAJAAAAAAAAAAAAAAABAAAAAAAAAAMAAAABRVVSAAAAAAD5ygkQLP7y2hccB1QSxNocivEdtkb+Vn2vrMlV2ZtLeQAAAAFVU0QAAAAAAPnKCRAs/vLaFxwHVBLE2hyK8R22Rv5Wfa+syVXZm0t5AAAAAAAAAAoAAAABAAAAAQAAAAAAAAAAAAAAAAAAAAE+BKUdAAAAQFtFnlFwCUsMR+giMOWWaofT4vymb+SN5yMK6Xlh1NNcso1N+74pNMmt+YBnJcqwb9csHvHbRva1RjHTm7EIvA4=	ZRHhxMPtIBitOLHsO1O2ycz1XvaDMu3DOHv8tg7ymvYAAAAAAAAACgAAAAAAAAABAAAAAAAAAAMAAAAAAAAAAAAAAAAAAAAAZefPKgpbofAukl+nPYAX+hCXwSkV5PfpxKKmij4EpR0AAAAAAAAAAQAAAAFFVVIAAAAAAPnKCRAs/vLaFxwHVBLE2hyK8R22Rv5Wfa+syVXZm0t5AAAAAVVTRAAAAAAA+coJECz+8toXHAdUEsTaHIrxHbZG/lZ9r6zJVdmbS3kAAAAAAAAACgAAAAEAAAABAAAAAAAAAAAAAAAA	AAAAAAAAAAEAAAABAAAABQAAAAAAAAAAZefPKgpbofAukl+nPYAX+hCXwSkV5PfpxKKmij4EpR0AAAACVAvjpgAAAAIAAAAJAAAACAAAAAAAAAAAAAAAAAEAAAAAAAAAAAAAAAAAAAAAAAABAAAAAgAAAAAAAAAFAAAAAgAAAABl588qCluh8C6SX6c9gBf6EJfBKRXk9+nEoqaKPgSlHQAAAAAAAAABAAAAAUVVUgAAAAAA+coJECz+8toXHAdUEsTaHIrxHbZG/lZ9r6zJVdmbS3kAAAABVVNEAAAAAAD5ygkQLP7y2hccB1QSxNocivEdtkb+Vn2vrMlV2ZtLeQAAAAAAAAAKAAAAAQAAAAEAAAAAAAAAAAAAAAAAAAABAAAABQAAAAAAAAAAZefPKgpbofAukl+nPYAX+hCXwSkV5PfpxKKmij4EpR0AAAACVAvjpgAAAAIAAAAJAAAACQAAAAAAAAAAAAAAAAEAAAAAAAAAAAAAAAAAAAA=
4b4aac996e1ce0a6d06d95c6bfb671d80eae540624d51c1f0497cf5e32a86c7c	5	2	AAAAAGXnzyoKW6HwLpJfpz2AF/oQl8EpFeT36cSipoo+BKUdAAAACgAAAAIAAAAKAAAAAAAAAAAAAAABAAAAAAAAAAMAAAABMQAAAAAAAAD5ygkQLP7y2hccB1QSxNocivEdtkb+Vn2vrMlV2ZtLeQAAAAFVU0QAAAAAAPnKCRAs/vLaFxwHVBLE2hyK8R22Rv5Wfa+syVXZm0t5AAAAAAAAABQAAAABAAAAAQAAAAAAAAAAAAAAAAAAAAE+BKUdAAAAQLbFkuo4S7m+lZ4W/zvFFMUa6PLPfs3IzWzBaJ0LouG9oxP/JKFyt0ihbfhOfFUGYsZ6d/OsJDkszCR3gEax9Qs=	S0qsmW4c4KbQbZXGv7Zx2A6uVAYk1RwfBJfPXjKobHwAAAAAAAAACgAAAAAAAAABAAAAAAAAAAMAAAAAAAAAAAAAAAAAAAAAZefPKgpbofAukl+nPYAX+hCXwSkV5PfpxKKmij4EpR0AAAAAAAAAAgAAAAExAAAAAAAAAPnKCRAs/vLaFxwHVBLE2hyK8R22Rv5Wfa+syVXZm0t5AAAAAVVTRAAAAAAA+coJECz+8toXHAdUEsTaHIrxHbZG/lZ9r6zJVdmbS3kAAAAAAAAAFAAAAAEAAAABAAAAAAAAAAAAAAAA	AAAAAAAAAAEAAAABAAAABQAAAAAAAAAAZefPKgpbofAukl+nPYAX+hCXwSkV5PfpxKKmij4EpR0AAAACVAvjnAAAAAIAAAAKAAAACQAAAAAAAAAAAAAAAAEAAAAAAAAAAAAAAAAAAAAAAAABAAAAAgAAAAAAAAAFAAAAAgAAAABl588qCluh8C6SX6c9gBf6EJfBKRXk9+nEoqaKPgSlHQAAAAAAAAACAAAAATEAAAAAAAAA+coJECz+8toXHAdUEsTaHIrxHbZG/lZ9r6zJVdmbS3kAAAABVVNEAAAAAAD5ygkQLP7y2hccB1QSxNocivEdtkb+Vn2vrMlV2ZtLeQAAAAAAAAAUAAAAAQAAAAEAAAAAAAAAAAAAAAAAAAABAAAABQAAAAAAAAAAZefPKgpbofAukl+nPYAX+hCXwSkV5PfpxKKmij4EpR0AAAACVAvjnAAAAAIAAAAKAAAACgAAAAAAAAAAAAAAAAEAAAAAAAAAAAAAAAAAAAA=
ffd1f0276243610384ebbc59d75f0f63be837f997414c4e5e41d537d2980b25b	5	3	AAAAAGXnzyoKW6HwLpJfpz2AF/oQl8EpFeT36cSipoo+BKUdAAAACgAAAAIAAAALAAAAAAAAAAAAAAABAAAAAAAAAAMAAAABRVVSAAAAAAD5ygkQLP7y2hccB1QSxNocivEdtkb+Vn2vrMlV2ZtLeQAAAAExAAAAAAAAAPnKCRAs/vLaFxwHVBLE2hyK8R22Rv5Wfa+syVXZm0t5AAAAAAAAABQAAAABAAAAAQAAAAAAAAAAAAAAAAAAAAE+BKUdAAAAQCKXqtFRpFBXTUrXOn4VOLKYgMyN8aJXi3NbfRgGrWAiel+hRolhbt1WqLz+whOeRo8t2Od/13dQMVOMUrP1RQM=	/9HwJ2JDYQOE67xZ118PY76Df5l0FMTl5B1TfSmAslsAAAAAAAAACgAAAAAAAAABAAAAAAAAAAMAAAAAAAAAAAAAAAAAAAAAZefPKgpbofAukl+nPYAX+hCXwSkV5PfpxKKmij4EpR0AAAAAAAAAAwAAAAFFVVIAAAAAAPnKCRAs/vLaFxwHVBLE2hyK8R22Rv5Wfa+syVXZm0t5AAAAATEAAAAAAAAA+coJECz+8toXHAdUEsTaHIrxHbZG/lZ9r6zJVdmbS3kAAAAAAAAAFAAAAAEAAAABAAAAAAAAAAAAAAAA	AAAAAAAAAAEAAAABAAAABQAAAAAAAAAAZefPKgpbofAukl+nPYAX+hCXwSkV5PfpxKKmij4EpR0AAAACVAvjkgAAAAIAAAALAAAACgAAAAAAAAAAAAAAAAEAAAAAAAAAAAAAAAAAAAAAAAABAAAAAgAAAAAAAAAFAAAAAgAAAABl588qCluh8C6SX6c9gBf6EJfBKRXk9+nEoqaKPgSlHQAAAAAAAAADAAAAAUVVUgAAAAAA+coJECz+8toXHAdUEsTaHIrxHbZG/lZ9r6zJVdmbS3kAAAABMQAAAAAAAAD5ygkQLP7y2hccB1QSxNocivEdtkb+Vn2vrMlV2ZtLeQAAAAAAAAAUAAAAAQAAAAEAAAAAAAAAAAAAAAAAAAABAAAABQAAAAAAAAAAZefPKgpbofAukl+nPYAX+hCXwSkV5PfpxKKmij4EpR0AAAACVAvjkgAAAAIAAAALAAAACwAAAAAAAAAAAAAAAAEAAAAAAAAAAAAAAAAAAAA=
37508df910cd3e7a10091c45d991cbfb33bbe8ab6081920473a7dba7e9b4bd8e	5	4	AAAAAGXnzyoKW6HwLpJfpz2AF/oQl8EpFeT36cSipoo+BKUdAAAACgAAAAIAAAAMAAAAAAAAAAAAAAABAAAAAAAAAAMAAAABMjEAAAAAAAD5ygkQLP7y2hccB1QSxNocivEdtkb+Vn2vrMlV2ZtLeQAAAAFVU0QAAAAAAPnKCRAs/vLaFxwHVBLE2hyK8R22Rv5Wfa+syVXZm0t5AAAAAAAAAB4AAAABAAAAAQAAAAAAAAAAAAAAAAAAAAE+BKUdAAAAQP/Pg9fGPzA9hPF8H7PK/P1aYaRZiPmrd0V4uIxuNhXwdc75wRhSG2ymJysB0iGN0PXL7m0NVw2M1a6t/N5ktA4=	N1CN+RDNPnoQCRxF2ZHL+zO76KtggZIEc6fbp+m0vY4AAAAAAAAACgAAAAAAAAABAAAAAAAAAAMAAAAAAAAAAAAAAAAAAAAAZefPKgpbofAukl+nPYAX+hCXwSkV5PfpxKKmij4EpR0AAAAAAAAABAAAAAEyMQAAAAAAAPnKCRAs/vLaFxwHVBLE2hyK8R22Rv5Wfa+syVXZm0t5AAAAAVVTRAAAAAAA+coJECz+8toXHAdUEsTaHIrxHbZG/lZ9r6zJVdmbS3kAAAAAAAAAHgAAAAEAAAABAAAAAAAAAAAAAAAA	AAAAAAAAAAEAAAABAAAABQAAAAAAAAAAZefPKgpbofAukl+nPYAX+hCXwSkV5PfpxKKmij4EpR0AAAACVAvjiAAAAAIAAAAMAAAACwAAAAAAAAAAAAAAAAEAAAAAAAAAAAAAAAAAAAAAAAABAAAAAgAAAAAAAAAFAAAAAgAAAABl588qCluh8C6SX6c9gBf6EJfBKRXk9+nEoqaKPgSlHQAAAAAAAAAEAAAAATIxAAAAAAAA+coJECz+8toXHAdUEsTaHIrxHbZG/lZ9r6zJVdmbS3kAAAABVVNEAAAAAAD5ygkQLP7y2hccB1QSxNocivEdtkb+Vn2vrMlV2ZtLeQAAAAAAAAAeAAAAAQAAAAEAAAAAAAAAAAAAAAAAAAABAAAABQAAAAAAAAAAZefPKgpbofAukl+nPYAX+hCXwSkV5PfpxKKmij4EpR0AAAACVAvjiAAAAAIAAAAMAAAADAAAAAAAAAAAAAAAAAEAAAAAAAAAAAAAAAAAAAA=
c1f7091dc1e320a56af22ee5bca21961affec62a4c23663700f86f8e5a5243c5	5	5	AAAAAGXnzyoKW6HwLpJfpz2AF/oQl8EpFeT36cSipoo+BKUdAAAACgAAAAIAAAANAAAAAAAAAAAAAAABAAAAAAAAAAMAAAABMjIAAAAAAAD5ygkQLP7y2hccB1QSxNocivEdtkb+Vn2vrMlV2ZtLeQAAAAEyMQAAAAAAAPnKCRAs/vLaFxwHVBLE2hyK8R22Rv5Wfa+syVXZm0t5AAAAAAAAAB4AAAABAAAAAQAAAAAAAAAAAAAAAAAAAAE+BKUdAAAAQMtWWAGV9sSWcg4AS13vlQh4CeKUOoc343Gez5YClWqu8/skARYC6QY0lk2iCCwB5+G3xD1v+KZ0nRHnusOXHwI=	wfcJHcHjIKVq8i7lvKIZYa/+xipMI2Y3APhvjlpSQ8UAAAAAAAAACgAAAAAAAAABAAAAAAAAAAMAAAAAAAAAAAAAAAAAAAAAZefPKgpbofAukl+nPYAX+hCXwSkV5PfpxKKmij4EpR0AAAAAAAAABQAAAAEyMgAAAAAAAPnKCRAs/vLaFxwHVBLE2hyK8R22Rv5Wfa+syVXZm0t5AAAAATIxAAAAAAAA+coJECz+8toXHAdUEsTaHIrxHbZG/lZ9r6zJVdmbS3kAAAAAAAAAHgAAAAEAAAABAAAAAAAAAAAAAAAA	AAAAAAAAAAEAAAABAAAABQAAAAAAAAAAZefPKgpbofAukl+nPYAX+hCXwSkV5PfpxKKmij4EpR0AAAACVAvjfgAAAAIAAAANAAAADAAAAAAAAAAAAAAAAAEAAAAAAAAAAAAAAAAAAAAAAAABAAAAAgAAAAAAAAAFAAAAAgAAAABl588qCluh8C6SX6c9gBf6EJfBKRXk9+nEoqaKPgSlHQAAAAAAAAAFAAAAATIyAAAAAAAA+coJECz+8toXHAdUEsTaHIrxHbZG/lZ9r6zJVdmbS3kAAAABMjEAAAAAAAD5ygkQLP7y2hccB1QSxNocivEdtkb+Vn2vrMlV2ZtLeQAAAAAAAAAeAAAAAQAAAAEAAAAAAAAAAAAAAAAAAAABAAAABQAAAAAAAAAAZefPKgpbofAukl+nPYAX+hCXwSkV5PfpxKKmij4EpR0AAAACVAvjfgAAAAIAAAANAAAADQAAAAAAAAAAAAAAAAEAAAAAAAAAAAAAAAAAAAA=
6c9bd64b20af0716b607e4ed9f536acd365fbf1fa3f3379e3fce573dd0f85f43	5	6	AAAAAGXnzyoKW6HwLpJfpz2AF/oQl8EpFeT36cSipoo+BKUdAAAACgAAAAIAAAAOAAAAAAAAAAAAAAABAAAAAAAAAAMAAAABRVVSAAAAAAD5ygkQLP7y2hccB1QSxNocivEdtkb+Vn2vrMlV2ZtLeQAAAAEyMgAAAAAAAPnKCRAs/vLaFxwHVBLE2hyK8R22Rv5Wfa+syVXZm0t5AAAAAAAAAB4AAAABAAAAAQAAAAAAAAAAAAAAAAAAAAE+BKUdAAAAQO2HgueeQ9IwySS+tJUSV6o1QqHpztnwmZrFxChRpvIYp9aG2trE1jq8U6jJmcwrxBDjqj6VDpcCW4unLInAWwg=	bJvWSyCvBxa2B+Ttn1NqzTZfvx+j8zeeP85XPdD4X0MAAAAAAAAACgAAAAAAAAABAAAAAAAAAAMAAAAAAAAAAAAAAAAAAAAAZefPKgpbofAukl+nPYAX+hCXwSkV5PfpxKKmij4EpR0AAAAAAAAABgAAAAFFVVIAAAAAAPnKCRAs/vLaFxwHVBLE2hyK8R22Rv5Wfa+syVXZm0t5AAAAATIyAAAAAAAA+coJECz+8toXHAdUEsTaHIrxHbZG/lZ9r6zJVdmbS3kAAAAAAAAAHgAAAAEAAAABAAAAAAAAAAAAAAAA	AAAAAAAAAAEAAAABAAAABQAAAAAAAAAAZefPKgpbofAukl+nPYAX+hCXwSkV5PfpxKKmij4EpR0AAAACVAvjdAAAAAIAAAAOAAAADQAAAAAAAAAAAAAAAAEAAAAAAAAAAAAAAAAAAAAAAAABAAAAAgAAAAAAAAAFAAAAAgAAAABl588qCluh8C6SX6c9gBf6EJfBKRXk9+nEoqaKPgSlHQAAAAAAAAAGAAAAAUVVUgAAAAAA+coJECz+8toXHAdUEsTaHIrxHbZG/lZ9r6zJVdmbS3kAAAABMjIAAAAAAAD5ygkQLP7y2hccB1QSxNocivEdtkb+Vn2vrMlV2ZtLeQAAAAAAAAAeAAAAAQAAAAEAAAAAAAAAAAAAAAAAAAABAAAABQAAAAAAAAAAZefPKgpbofAukl+nPYAX+hCXwSkV5PfpxKKmij4EpR0AAAACVAvjdAAAAAIAAAAOAAAADgAAAAAAAAAAAAAAAAEAAAAAAAAAAAAAAAAAAAA=
cb85d177ce95781d14331009fd450ba27a773e449e331f6fc9300c1d0796723d	5	7	AAAAAGXnzyoKW6HwLpJfpz2AF/oQl8EpFeT36cSipoo+BKUdAAAACgAAAAIAAAAPAAAAAAAAAAAAAAABAAAAAAAAAAMAAAABMzEAAAAAAAD5ygkQLP7y2hccB1QSxNocivEdtkb+Vn2vrMlV2ZtLeQAAAAFVU0QAAAAAAPnKCRAs/vLaFxwHVBLE2hyK8R22Rv5Wfa+syVXZm0t5AAAAAAAAACgAAAABAAAAAQAAAAAAAAAAAAAAAAAAAAE+BKUdAAAAQMubrMYMlur8wp0LM6aLUxsW99Syn5uwrZNYVYCsLPDqqVgdEQyo7CRXNmE3lag7qRWXwXXHF40Dvyb6YwLudgQ=	y4XRd86VeB0UMxAJ/UULonp3PkSeMx9vyTAMHQeWcj0AAAAAAAAACgAAAAAAAAABAAAAAAAAAAMAAAAAAAAAAAAAAAAAAAAAZefPKgpbofAukl+nPYAX+hCXwSkV5PfpxKKmij4EpR0AAAAAAAAABwAAAAEzMQAAAAAAAPnKCRAs/vLaFxwHVBLE2hyK8R22Rv5Wfa+syVXZm0t5AAAAAVVTRAAAAAAA+coJECz+8toXHAdUEsTaHIrxHbZG/lZ9r6zJVdmbS3kAAAAAAAAAKAAAAAEAAAABAAAAAAAAAAAAAAAA	AAAAAAAAAAEAAAABAAAABQAAAAAAAAAAZefPKgpbofAukl+nPYAX+hCXwSkV5PfpxKKmij4EpR0AAAACVAvjagAAAAIAAAAPAAAADgAAAAAAAAAAAAAAAAEAAAAAAAAAAAAAAAAAAAAAAAABAAAAAgAAAAAAAAAFAAAAAgAAAABl588qCluh8C6SX6c9gBf6EJfBKRXk9+nEoqaKPgSlHQAAAAAAAAAHAAAAATMxAAAAAAAA+coJECz+8toXHAdUEsTaHIrxHbZG/lZ9r6zJVdmbS3kAAAABVVNEAAAAAAD5ygkQLP7y2hccB1QSxNocivEdtkb+Vn2vrMlV2ZtLeQAAAAAAAAAoAAAAAQAAAAEAAAAAAAAAAAAAAAAAAAABAAAABQAAAAAAAAAAZefPKgpbofAukl+nPYAX+hCXwSkV5PfpxKKmij4EpR0AAAACVAvjagAAAAIAAAAPAAAADwAAAAAAAAAAAAAAAAEAAAAAAAAAAAAAAAAAAAA=
68c2dbd7413e0fbf3949d0a0468a73c869cc6677df5dba26481f744bd096732f	5	8	AAAAAGXnzyoKW6HwLpJfpz2AF/oQl8EpFeT36cSipoo+BKUdAAAACgAAAAIAAAAQAAAAAAAAAAAAAAABAAAAAAAAAAMAAAABMzIAAAAAAAD5ygkQLP7y2hccB1QSxNocivEdtkb+Vn2vrMlV2ZtLeQAAAAEzMQAAAAAAAPnKCRAs/vLaFxwHVBLE2hyK8R22Rv5Wfa+syVXZm0t5AAAAAAAAACgAAAABAAAAAQAAAAAAAAAAAAAAAAAAAAE+BKUdAAAAQOlZ4wv5wOnNT3LF9KHmgZufmxzX0AnVV+KLN4mwgySRwSyx59L7HrY2Ac5FH5C9pKKmW2LsMWyFbzHaYVPWDAI=	aMLb10E+D785SdCgRopzyGnMZnffXbomSB90S9CWcy8AAAAAAAAACgAAAAAAAAABAAAAAAAAAAMAAAAAAAAAAAAAAAAAAAAAZefPKgpbofAukl+nPYAX+hCXwSkV5PfpxKKmij4EpR0AAAAAAAAACAAAAAEzMgAAAAAAAPnKCRAs/vLaFxwHVBLE2hyK8R22Rv5Wfa+syVXZm0t5AAAAATMxAAAAAAAA+coJECz+8toXHAdUEsTaHIrxHbZG/lZ9r6zJVdmbS3kAAAAAAAAAKAAAAAEAAAABAAAAAAAAAAAAAAAA	AAAAAAAAAAEAAAABAAAABQAAAAAAAAAAZefPKgpbofAukl+nPYAX+hCXwSkV5PfpxKKmij4EpR0AAAACVAvjYAAAAAIAAAAQAAAADwAAAAAAAAAAAAAAAAEAAAAAAAAAAAAAAAAAAAAAAAABAAAAAgAAAAAAAAAFAAAAAgAAAABl588qCluh8C6SX6c9gBf6EJfBKRXk9+nEoqaKPgSlHQAAAAAAAAAIAAAAATMyAAAAAAAA+coJECz+8toXHAdUEsTaHIrxHbZG/lZ9r6zJVdmbS3kAAAABMzEAAAAAAAD5ygkQLP7y2hccB1QSxNocivEdtkb+Vn2vrMlV2ZtLeQAAAAAAAAAoAAAAAQAAAAEAAAAAAAAAAAAAAAAAAAABAAAABQAAAAAAAAAAZefPKgpbofAukl+nPYAX+hCXwSkV5PfpxKKmij4EpR0AAAACVAvjYAAAAAIAAAAQAAAAEAAAAAAAAAAAAAAAAAEAAAAAAAAAAAAAAAAAAAA=
2edaffd73545ab31e9f4d21428e2e71712a43ced3abae9c79b25e4fd0a561089	5	9	AAAAAGXnzyoKW6HwLpJfpz2AF/oQl8EpFeT36cSipoo+BKUdAAAACgAAAAIAAAARAAAAAAAAAAAAAAABAAAAAAAAAAMAAAABMzMAAAAAAAD5ygkQLP7y2hccB1QSxNocivEdtkb+Vn2vrMlV2ZtLeQAAAAEzMgAAAAAAAPnKCRAs/vLaFxwHVBLE2hyK8R22Rv5Wfa+syVXZm0t5AAAAAAAAACgAAAABAAAAAQAAAAAAAAAAAAAAAAAAAAE+BKUdAAAAQFuyY/87/VvaP21KwmmA1wNlshY8vIhMhqgoXhq/871nmk3k/9Miyj48Kw8Z2y1IHl9kJiwDpm6o8HKYM6G4BAk=	Ltr/1zVFqzHp9NIUKOLnFxKkPO06uunHmyXk/QpWEIkAAAAAAAAACgAAAAAAAAABAAAAAAAAAAMAAAAAAAAAAAAAAAAAAAAAZefPKgpbofAukl+nPYAX+hCXwSkV5PfpxKKmij4EpR0AAAAAAAAACQAAAAEzMwAAAAAAAPnKCRAs/vLaFxwHVBLE2hyK8R22Rv5Wfa+syVXZm0t5AAAAATMyAAAAAAAA+coJECz+8toXHAdUEsTaHIrxHbZG/lZ9r6zJVdmbS3kAAAAAAAAAKAAAAAEAAAABAAAAAAAAAAAAAAAA	AAAAAAAAAAEAAAABAAAABQAAAAAAAAAAZefPKgpbofAukl+nPYAX+hCXwSkV5PfpxKKmij4EpR0AAAACVAvjVgAAAAIAAAARAAAAEAAAAAAAAAAAAAAAAAEAAAAAAAAAAAAAAAAAAAAAAAABAAAAAgAAAAAAAAAFAAAAAgAAAABl588qCluh8C6SX6c9gBf6EJfBKRXk9+nEoqaKPgSlHQAAAAAAAAAJAAAAATMzAAAAAAAA+coJECz+8toXHAdUEsTaHIrxHbZG/lZ9r6zJVdmbS3kAAAABMzIAAAAAAAD5ygkQLP7y2hccB1QSxNocivEdtkb+Vn2vrMlV2ZtLeQAAAAAAAAAoAAAAAQAAAAEAAAAAAAAAAAAAAAAAAAABAAAABQAAAAAAAAAAZefPKgpbofAukl+nPYAX+hCXwSkV5PfpxKKmij4EpR0AAAACVAvjVgAAAAIAAAARAAAAEQAAAAAAAAAAAAAAAAEAAAAAAAAAAAAAAAAAAAA=
a8e2d980723c36ff64471870143395a24f58c54bab664706c361d17c8db915a6	5	10	AAAAAGXnzyoKW6HwLpJfpz2AF/oQl8EpFeT36cSipoo+BKUdAAAACgAAAAIAAAASAAAAAAAAAAAAAAABAAAAAAAAAAMAAAABRVVSAAAAAAD5ygkQLP7y2hccB1QSxNocivEdtkb+Vn2vrMlV2ZtLeQAAAAEzMwAAAAAAAPnKCRAs/vLaFxwHVBLE2hyK8R22Rv5Wfa+syVXZm0t5AAAAAAAAACgAAAABAAAAAQAAAAAAAAAAAAAAAAAAAAE+BKUdAAAAQPGizLBqVEID9Yy9alwFOUP1Wmb2fEeQ0T93e10mKfK2lF/ELDgYHIm7wypFF9LGu0B5HHTmaAJwtWglZe58IQ4=	qOLZgHI8Nv9kRxhwFDOVok9YxUurZkcGw2HRfI25FaYAAAAAAAAACgAAAAAAAAABAAAAAAAAAAMAAAAAAAAAAAAAAAAAAAAAZefPKgpbofAukl+nPYAX+hCXwSkV5PfpxKKmij4EpR0AAAAAAAAACgAAAAFFVVIAAAAAAPnKCRAs/vLaFxwHVBLE2hyK8R22Rv5Wfa+syVXZm0t5AAAAATMzAAAAAAAA+coJECz+8toXHAdUEsTaHIrxHbZG/lZ9r6zJVdmbS3kAAAAAAAAAKAAAAAEAAAABAAAAAAAAAAAAAAAA	AAAAAAAAAAEAAAABAAAABQAAAAAAAAAAZefPKgpbofAukl+nPYAX+hCXwSkV5PfpxKKmij4EpR0AAAACVAvjTAAAAAIAAAASAAAAEQAAAAAAAAAAAAAAAAEAAAAAAAAAAAAAAAAAAAAAAAABAAAAAgAAAAAAAAAFAAAAAgAAAABl588qCluh8C6SX6c9gBf6EJfBKRXk9+nEoqaKPgSlHQAAAAAAAAAKAAAAAUVVUgAAAAAA+coJECz+8toXHAdUEsTaHIrxHbZG/lZ9r6zJVdmbS3kAAAABMzMAAAAAAAD5ygkQLP7y2hccB1QSxNocivEdtkb+Vn2vrMlV2ZtLeQAAAAAAAAAoAAAAAQAAAAEAAAAAAAAAAAAAAAAAAAABAAAABQAAAAAAAAAAZefPKgpbofAukl+nPYAX+hCXwSkV5PfpxKKmij4EpR0AAAACVAvjTAAAAAIAAAASAAAAEgAAAAAAAAAAAAAAAAEAAAAAAAAAAAAAAAAAAAA=
\.


--
-- Name: accounts_pkey; Type: CONSTRAINT; Schema: public; Owner: -; Tablespace: 
--

ALTER TABLE ONLY accounts
    ADD CONSTRAINT accounts_pkey PRIMARY KEY (accountid);


--
-- Name: ledgerheaders_ledgerseq_key; Type: CONSTRAINT; Schema: public; Owner: -; Tablespace: 
--

ALTER TABLE ONLY ledgerheaders
    ADD CONSTRAINT ledgerheaders_ledgerseq_key UNIQUE (ledgerseq);


--
-- Name: ledgerheaders_pkey; Type: CONSTRAINT; Schema: public; Owner: -; Tablespace: 
--

ALTER TABLE ONLY ledgerheaders
    ADD CONSTRAINT ledgerheaders_pkey PRIMARY KEY (ledgerhash);


--
-- Name: offers_pkey; Type: CONSTRAINT; Schema: public; Owner: -; Tablespace: 
--

ALTER TABLE ONLY offers
    ADD CONSTRAINT offers_pkey PRIMARY KEY (offerid);


--
-- Name: peers_pkey; Type: CONSTRAINT; Schema: public; Owner: -; Tablespace: 
--

ALTER TABLE ONLY peers
    ADD CONSTRAINT peers_pkey PRIMARY KEY (ip, port);


--
-- Name: signers_pkey; Type: CONSTRAINT; Schema: public; Owner: -; Tablespace: 
--

ALTER TABLE ONLY signers
    ADD CONSTRAINT signers_pkey PRIMARY KEY (accountid, publickey);


--
-- Name: storestate_pkey; Type: CONSTRAINT; Schema: public; Owner: -; Tablespace: 
--

ALTER TABLE ONLY storestate
    ADD CONSTRAINT storestate_pkey PRIMARY KEY (statename);


--
-- Name: trustlines_pkey; Type: CONSTRAINT; Schema: public; Owner: -; Tablespace: 
--

ALTER TABLE ONLY trustlines
    ADD CONSTRAINT trustlines_pkey PRIMARY KEY (accountid, issuer, assetcode);


--
-- Name: txhistory_ledgerseq_txindex_key; Type: CONSTRAINT; Schema: public; Owner: -; Tablespace: 
--

ALTER TABLE ONLY txhistory
    ADD CONSTRAINT txhistory_ledgerseq_txindex_key UNIQUE (ledgerseq, txindex);


--
-- Name: txhistory_pkey; Type: CONSTRAINT; Schema: public; Owner: -; Tablespace: 
--

ALTER TABLE ONLY txhistory
    ADD CONSTRAINT txhistory_pkey PRIMARY KEY (txid, ledgerseq);


--
-- Name: accountbalances; Type: INDEX; Schema: public; Owner: -; Tablespace: 
--

CREATE INDEX accountbalances ON accounts USING btree (balance) WHERE (balance >= 1000000000);


--
-- Name: accountlines; Type: INDEX; Schema: public; Owner: -; Tablespace: 
--

CREATE INDEX accountlines ON trustlines USING btree (accountid);


--
-- Name: buyingissuerindex; Type: INDEX; Schema: public; Owner: -; Tablespace: 
--

CREATE INDEX buyingissuerindex ON offers USING btree (buyingissuer);


--
-- Name: ledgersbyseq; Type: INDEX; Schema: public; Owner: -; Tablespace: 
--

CREATE INDEX ledgersbyseq ON ledgerheaders USING btree (ledgerseq);


--
-- Name: priceindex; Type: INDEX; Schema: public; Owner: -; Tablespace: 
--

CREATE INDEX priceindex ON offers USING btree (price);


--
-- Name: sellingissuerindex; Type: INDEX; Schema: public; Owner: -; Tablespace: 
--

CREATE INDEX sellingissuerindex ON offers USING btree (sellingissuer);


--
-- Name: signersaccount; Type: INDEX; Schema: public; Owner: -; Tablespace: 
--

CREATE INDEX signersaccount ON signers USING btree (accountid);


--
-- PostgreSQL database dump complete
--

