--
-- PostgreSQL database dump
--

SET statement_timeout = 0;
SET lock_timeout = 0;
SET client_encoding = 'UTF8';
SET standard_conforming_strings = on;
SET check_function_bodies = false;
SET client_min_messages = warning;

SET search_path = public, pg_catalog;

DROP INDEX public.signersaccount;
DROP INDEX public.sellingissuerindex;
DROP INDEX public.priceindex;
DROP INDEX public.ledgersbyseq;
DROP INDEX public.histfeebyseq;
DROP INDEX public.histbyseq;
DROP INDEX public.buyingissuerindex;
DROP INDEX public.accountbalances;
ALTER TABLE ONLY public.txhistory DROP CONSTRAINT txhistory_pkey;
ALTER TABLE ONLY public.txfeehistory DROP CONSTRAINT txfeehistory_pkey;
ALTER TABLE ONLY public.trustlines DROP CONSTRAINT trustlines_pkey;
ALTER TABLE ONLY public.storestate DROP CONSTRAINT storestate_pkey;
ALTER TABLE ONLY public.signers DROP CONSTRAINT signers_pkey;
ALTER TABLE ONLY public.pubsub DROP CONSTRAINT pubsub_pkey;
ALTER TABLE ONLY public.peers DROP CONSTRAINT peers_pkey;
ALTER TABLE ONLY public.offers DROP CONSTRAINT offers_pkey;
ALTER TABLE ONLY public.ledgerheaders DROP CONSTRAINT ledgerheaders_pkey;
ALTER TABLE ONLY public.ledgerheaders DROP CONSTRAINT ledgerheaders_ledgerseq_key;
ALTER TABLE ONLY public.accounts DROP CONSTRAINT accounts_pkey;
DROP TABLE public.txhistory;
DROP TABLE public.txfeehistory;
DROP TABLE public.trustlines;
DROP TABLE public.storestate;
DROP TABLE public.signers;
DROP TABLE public.pubsub;
DROP TABLE public.peers;
DROP TABLE public.offers;
DROP TABLE public.ledgerheaders;
DROP TABLE public.accounts;
DROP EXTENSION plpgsql;
DROP SCHEMA public;
--
-- Name: public; Type: SCHEMA; Schema: -; Owner: -
--

CREATE SCHEMA public;


--
-- Name: SCHEMA public; Type: COMMENT; Schema: -; Owner: -
--

COMMENT ON SCHEMA public IS 'standard public schema';


--
-- Name: plpgsql; Type: EXTENSION; Schema: -; Owner: -
--

CREATE EXTENSION IF NOT EXISTS plpgsql WITH SCHEMA pg_catalog;


--
-- Name: EXTENSION plpgsql; Type: COMMENT; Schema: -; Owner: -
--

COMMENT ON EXTENSION plpgsql IS 'PL/pgSQL procedural language';


SET search_path = public, pg_catalog;

SET default_tablespace = '';

SET default_with_oids = false;

--
-- Name: accounts; Type: TABLE; Schema: public; Owner: -; Tablespace: 
--

CREATE TABLE accounts (
    accountid character varying(56) NOT NULL,
    balance bigint NOT NULL,
    seqnum bigint NOT NULL,
    numsubentries integer NOT NULL,
    inflationdest character varying(56),
    homedomain character varying(32) NOT NULL,
    thresholds text NOT NULL,
    flags integer NOT NULL,
    lastmodified integer NOT NULL,
    CONSTRAINT accounts_balance_check CHECK ((balance >= 0)),
    CONSTRAINT accounts_numsubentries_check CHECK ((numsubentries >= 0))
);


--
-- Name: ledgerheaders; Type: TABLE; Schema: public; Owner: -; Tablespace: 
--

CREATE TABLE ledgerheaders (
    ledgerhash character(64) NOT NULL,
    prevhash character(64) NOT NULL,
    bucketlisthash character(64) NOT NULL,
    ledgerseq integer,
    closetime bigint NOT NULL,
    data text NOT NULL,
    CONSTRAINT ledgerheaders_closetime_check CHECK ((closetime >= 0)),
    CONSTRAINT ledgerheaders_ledgerseq_check CHECK ((ledgerseq >= 0))
);


--
-- Name: offers; Type: TABLE; Schema: public; Owner: -; Tablespace: 
--

CREATE TABLE offers (
    sellerid character varying(56) NOT NULL,
    offerid bigint NOT NULL,
    sellingassettype integer NOT NULL,
    sellingassetcode character varying(12),
    sellingissuer character varying(56),
    buyingassettype integer NOT NULL,
    buyingassetcode character varying(12),
    buyingissuer character varying(56),
    amount bigint NOT NULL,
    pricen integer NOT NULL,
    priced integer NOT NULL,
    price double precision NOT NULL,
    flags integer NOT NULL,
    lastmodified integer NOT NULL,
    CONSTRAINT offers_amount_check CHECK ((amount >= 0)),
    CONSTRAINT offers_offerid_check CHECK ((offerid >= 0))
);


--
-- Name: peers; Type: TABLE; Schema: public; Owner: -; Tablespace: 
--

CREATE TABLE peers (
    ip character varying(15) NOT NULL,
    port integer DEFAULT 0 NOT NULL,
    nextattempt timestamp without time zone NOT NULL,
    numfailures integer DEFAULT 0 NOT NULL,
    CONSTRAINT peers_numfailures_check CHECK ((numfailures >= 0)),
    CONSTRAINT peers_port_check CHECK (((port > 0) AND (port <= 65535)))
);


--
-- Name: pubsub; Type: TABLE; Schema: public; Owner: -; Tablespace: 
--

CREATE TABLE pubsub (
    resid character(32) NOT NULL,
    lastread integer
);


--
-- Name: signers; Type: TABLE; Schema: public; Owner: -; Tablespace: 
--

CREATE TABLE signers (
    accountid character varying(56) NOT NULL,
    publickey character varying(56) NOT NULL,
    weight integer NOT NULL
);


--
-- Name: storestate; Type: TABLE; Schema: public; Owner: -; Tablespace: 
--

CREATE TABLE storestate (
    statename character(32) NOT NULL,
    state text
);


--
-- Name: trustlines; Type: TABLE; Schema: public; Owner: -; Tablespace: 
--

CREATE TABLE trustlines (
    accountid character varying(56) NOT NULL,
    assettype integer NOT NULL,
    issuer character varying(56) NOT NULL,
    assetcode character varying(12) NOT NULL,
    tlimit bigint NOT NULL,
    balance bigint NOT NULL,
    flags integer NOT NULL,
    lastmodified integer NOT NULL,
    CONSTRAINT trustlines_balance_check CHECK ((balance >= 0)),
    CONSTRAINT trustlines_tlimit_check CHECK ((tlimit > 0))
);


--
-- Name: txfeehistory; Type: TABLE; Schema: public; Owner: -; Tablespace: 
--

CREATE TABLE txfeehistory (
    txid character(64) NOT NULL,
    ledgerseq integer NOT NULL,
    txindex integer NOT NULL,
    txchanges text NOT NULL,
    CONSTRAINT txfeehistory_ledgerseq_check CHECK ((ledgerseq >= 0))
);


--
-- Name: txhistory; Type: TABLE; Schema: public; Owner: -; Tablespace: 
--

CREATE TABLE txhistory (
    txid character(64) NOT NULL,
    ledgerseq integer NOT NULL,
    txindex integer NOT NULL,
    txbody text NOT NULL,
    txresult text NOT NULL,
    txmeta text NOT NULL,
    CONSTRAINT txhistory_ledgerseq_check CHECK ((ledgerseq >= 0))
);


--
-- Data for Name: accounts; Type: TABLE DATA; Schema: public; Owner: -
--

COPY accounts (accountid, balance, seqnum, numsubentries, inflationdest, homedomain, thresholds, flags, lastmodified) FROM stdin;
GBRPYHIL2CI3FNQ4BXLFMNDLFJUNPU2HY3ZMFSHONUCEOASW7QC7OX2H	999999959999999600	4	0	\N		AQAAAA==	0	2
GDVLORSDVQHIJVH37VM4T3UUL7JYDJ7X452W7EEJ4NX65327WVXSXTNR	9999999900	8589934593	1	\N		AQAAAA==	0	3
GCRQKGWDGURKEPOAENDEZBP57O4THLAX4G2QW44BYRKGPYXFMKNCHWLS	9999999900	8589934593	1	\N		AQAAAA==	0	3
GDKID7K3AAYT2LTPUTHERKRML2EIUQUUSV4GNEIJVO53CIB7X5UUEQV3	9999999200	8589934600	0	\N		AQAAAA==	0	4
GAJ4REFERNDJ5CF7ALWBFTYV577GMMSOHR24S4JZDKQKDU2MN3BZMNTP	9999998200	8589934610	18	\N		AQAAAA==	0	5
\.


--
-- Data for Name: ledgerheaders; Type: TABLE DATA; Schema: public; Owner: -
--

COPY ledgerheaders (ledgerhash, prevhash, bucketlisthash, ledgerseq, closetime, data) FROM stdin;
63d98f536ee68d1b27b5b89f23af5311b7569a24faf1403ad0b52b633b07be99	0000000000000000000000000000000000000000000000000000000000000000	572a2e32ff248a07b0e70fd1f6d318c1facd20b6cc08c33d5775259868125a16	1	0	AAAAAAAAAAAAAAAAAAAAAAAAAAAAAAAAAAAAAAAAAAAAAAAAAAAAAAAAAAAAAAAAAAAAAAAAAAAAAAAAAAAAAAAAAAAAAAAAAAAAAAAAAAAAAAAAAAAAAAAAAAAAAAAAAAAAAAAAAAAAAAAAAAAAAAAAAABXKi4y/ySKB7DnD9H20xjB+s0gtswIwz1XdSWYaBJaFgAAAAEN4Lazp2QAAAAAAAAAAAAAAAAAAAAAAAAAAAAAAAAAZAX14QAAAABkAAAAAAAAAAAAAAAAAAAAAAAAAAAAAAAAAAAAAAAAAAAAAAAAAAAAAAAAAAAAAAAAAAAAAAAAAAAAAAAAAAAAAAAAAAAAAAAAAAAAAAAAAAAAAAAAAAAAAAAAAAAAAAAAAAAAAAAAAAAAAAAAAAAAAAAAAAAAAAAAAAAAAAAAAAAAAAAA
2f83a19772203f242389a1ed260cddb943f18833fe6863406193bea2e05a17f1	63d98f536ee68d1b27b5b89f23af5311b7569a24faf1403ad0b52b633b07be99	73692149989c64dd1a13114d41dfaf3f2ee0a865bff854a6ee37ff087f25640c	2	1443568851	AAAAAWPZj1Nu5o0bJ7W4nyOvUxG3Vpok+vFAOtC1K2M7B76ZjKWWm2Q/Mb27oys+hppoTl3Wlwy7Sas5DAk5PRnXNqAAAAAAVgsc0wAAAAIAAAAIAAAAAQAAAAEAAAAIAAAAAwAAAfQAAAAAJLR6uJLznu8cKUiKy0TA/yQ/j+Wh4adyRPikni7Xr6VzaSFJmJxk3RoTEU1B368/LuCoZb/4VKbuN/8IfyVkDAAAAAIN4Lazp2QAAAAAAAAAAAGQAAAAAAAAAAAAAAAAAAAAZAX14QAAAAH0AAAAAAAAAAAAAAAAAAAAAAAAAAAAAAAAAAAAAAAAAAAAAAAAAAAAAAAAAAAAAAAAAAAAAAAAAAAAAAAAAAAAAAAAAAAAAAAAAAAAAAAAAAAAAAAAAAAAAAAAAAAAAAAAAAAAAAAAAAAAAAAAAAAAAAAAAAAAAAAAAAAAAAAAAAAAAAAA
41300aec0e6c28c716bdec682d9da494075ba33f6231f68e64c9facd1b0452a0	2f83a19772203f242389a1ed260cddb943f18833fe6863406193bea2e05a17f1	2fa8b310d760cf9055c00c01c9ad6d87b664655f1d9c7c6d5e52f581cd338e34	3	1443568852	AAAAAS+DoZdyID8kI4mh7SYM3blD8Ygz/mhjQGGTvqLgWhfxVJVcx8ua8mZEyxkQY+E5IxH5+ecDNRbT26JpfLv5FfcAAAAAVgsc1AAAAAAAAAAAuGPWSlogfKIVm26pvcypiALReM1PhcTtDTwb/go2j8gvqLMQ12DPkFXADAHJrW2HtmRlXx2cfG1eUvWBzTOONAAAAAMN4Lazp2QAAAAAAAAAAAV4AAAAAAAAAAAAAAAAAAAAZAX14QAAAAH0AAAAAAAAAAAAAAAAAAAAAAAAAAAAAAAAAAAAAAAAAAAAAAAAAAAAAAAAAAAAAAAAAAAAAAAAAAAAAAAAAAAAAAAAAAAAAAAAAAAAAAAAAAAAAAAAAAAAAAAAAAAAAAAAAAAAAAAAAAAAAAAAAAAAAAAAAAAAAAAAAAAAAAAAAAAAAAAA
8a0b959fc2030eb13080ec0ad869ed9641620aa3f9033b46975e4f40e5ac9f9e	41300aec0e6c28c716bdec682d9da494075ba33f6231f68e64c9facd1b0452a0	e8318b65c9a84f3d98b19ebfad51c13c4f40538eb24260f0437c29978cb517ae	4	1443568853	AAAAAUEwCuwObCjHFr3saC2dpJQHW6M/YjH2jmTJ+s0bBFKg2+xc6BIRXKlNDwKN/kHjKnUNbsWWsrLAp6cOb/+J8Y4AAAAAVgsc1QAAAAAAAAAAMvK94iKISSuhNee59jlXXlTfsflfgeNxcyECyHcSwMPoMYtlyahPPZixnr+tUcE8T0BTjrJCYPBDfCmXjLUXrgAAAAQN4Lazp2QAAAAAAAAAAAiYAAAAAAAAAAAAAAAAAAAAZAX14QAAAAH0AAAAAAAAAAAAAAAAAAAAAAAAAAAAAAAAAAAAAAAAAAAAAAAAAAAAAAAAAAAAAAAAAAAAAAAAAAAAAAAAAAAAAAAAAAAAAAAAAAAAAAAAAAAAAAAAAAAAAAAAAAAAAAAAAAAAAAAAAAAAAAAAAAAAAAAAAAAAAAAAAAAAAAAAAAAAAAAA
25ffea6fab0c4bedd29473f80448d4a8bd3b5f6b457ae886dcd1f4af071c39e1	8a0b959fc2030eb13080ec0ad869ed9641620aa3f9033b46975e4f40e5ac9f9e	694fea5ad476731f02b4ffe42e6a551f0b6e07b2d7309cd2890cd68103b8af73	5	1443568854	AAAAAYoLlZ/CAw6xMIDsCthp7ZZBYgqj+QM7RpdeT0DlrJ+eL4qWYM3usc2cLfOwILDElKsEPEbHH/8sxBzW0U0k1/gAAAAAVgsc1gAAAAAAAAAAwwqNxXGG7ktt/hq6TZp+vxxNFi0Ua0cU3av7fjVUPBhpT+pa1HZzHwK0/+QualUfC24HstcwnNKJDNaBA7ivcwAAAAUN4Lazp2QAAAAAAAAAAAyAAAAAAAAAAAAAAAAKAAAAZAX14QAAAAH0AAAAAAAAAAAAAAAAAAAAAAAAAAAAAAAAAAAAAAAAAAAAAAAAAAAAAAAAAAAAAAAAAAAAAAAAAAAAAAAAAAAAAAAAAAAAAAAAAAAAAAAAAAAAAAAAAAAAAAAAAAAAAAAAAAAAAAAAAAAAAAAAAAAAAAAAAAAAAAAAAAAAAAAAAAAAAAAA
\.


--
-- Data for Name: offers; Type: TABLE DATA; Schema: public; Owner: -
--

COPY offers (sellerid, offerid, sellingassettype, sellingassetcode, sellingissuer, buyingassettype, buyingassetcode, buyingissuer, amount, pricen, priced, price, flags, lastmodified) FROM stdin;
GAJ4REFERNDJ5CF7ALWBFTYV577GMMSOHR24S4JZDKQKDU2MN3BZMNTP	1	1	EUR	GDKID7K3AAYT2LTPUTHERKRML2EIUQUUSV4GNEIJVO53CIB7X5UUEQV3	1	USD	GDKID7K3AAYT2LTPUTHERKRML2EIUQUUSV4GNEIJVO53CIB7X5UUEQV3	100000000	1	1	1	0	5
GAJ4REFERNDJ5CF7ALWBFTYV577GMMSOHR24S4JZDKQKDU2MN3BZMNTP	2	1	1	GDKID7K3AAYT2LTPUTHERKRML2EIUQUUSV4GNEIJVO53CIB7X5UUEQV3	1	USD	GDKID7K3AAYT2LTPUTHERKRML2EIUQUUSV4GNEIJVO53CIB7X5UUEQV3	200000000	1	1	1	0	5
GAJ4REFERNDJ5CF7ALWBFTYV577GMMSOHR24S4JZDKQKDU2MN3BZMNTP	3	1	EUR	GDKID7K3AAYT2LTPUTHERKRML2EIUQUUSV4GNEIJVO53CIB7X5UUEQV3	1	1	GDKID7K3AAYT2LTPUTHERKRML2EIUQUUSV4GNEIJVO53CIB7X5UUEQV3	200000000	1	1	1	0	5
GAJ4REFERNDJ5CF7ALWBFTYV577GMMSOHR24S4JZDKQKDU2MN3BZMNTP	4	1	21	GDKID7K3AAYT2LTPUTHERKRML2EIUQUUSV4GNEIJVO53CIB7X5UUEQV3	1	USD	GDKID7K3AAYT2LTPUTHERKRML2EIUQUUSV4GNEIJVO53CIB7X5UUEQV3	300000000	1	1	1	0	5
GAJ4REFERNDJ5CF7ALWBFTYV577GMMSOHR24S4JZDKQKDU2MN3BZMNTP	5	1	22	GDKID7K3AAYT2LTPUTHERKRML2EIUQUUSV4GNEIJVO53CIB7X5UUEQV3	1	21	GDKID7K3AAYT2LTPUTHERKRML2EIUQUUSV4GNEIJVO53CIB7X5UUEQV3	300000000	1	1	1	0	5
GAJ4REFERNDJ5CF7ALWBFTYV577GMMSOHR24S4JZDKQKDU2MN3BZMNTP	6	1	EUR	GDKID7K3AAYT2LTPUTHERKRML2EIUQUUSV4GNEIJVO53CIB7X5UUEQV3	1	22	GDKID7K3AAYT2LTPUTHERKRML2EIUQUUSV4GNEIJVO53CIB7X5UUEQV3	300000000	1	1	1	0	5
GAJ4REFERNDJ5CF7ALWBFTYV577GMMSOHR24S4JZDKQKDU2MN3BZMNTP	7	1	31	GDKID7K3AAYT2LTPUTHERKRML2EIUQUUSV4GNEIJVO53CIB7X5UUEQV3	1	USD	GDKID7K3AAYT2LTPUTHERKRML2EIUQUUSV4GNEIJVO53CIB7X5UUEQV3	400000000	1	1	1	0	5
GAJ4REFERNDJ5CF7ALWBFTYV577GMMSOHR24S4JZDKQKDU2MN3BZMNTP	8	1	32	GDKID7K3AAYT2LTPUTHERKRML2EIUQUUSV4GNEIJVO53CIB7X5UUEQV3	1	31	GDKID7K3AAYT2LTPUTHERKRML2EIUQUUSV4GNEIJVO53CIB7X5UUEQV3	400000000	1	1	1	0	5
GAJ4REFERNDJ5CF7ALWBFTYV577GMMSOHR24S4JZDKQKDU2MN3BZMNTP	9	1	33	GDKID7K3AAYT2LTPUTHERKRML2EIUQUUSV4GNEIJVO53CIB7X5UUEQV3	1	32	GDKID7K3AAYT2LTPUTHERKRML2EIUQUUSV4GNEIJVO53CIB7X5UUEQV3	400000000	1	1	1	0	5
GAJ4REFERNDJ5CF7ALWBFTYV577GMMSOHR24S4JZDKQKDU2MN3BZMNTP	10	1	EUR	GDKID7K3AAYT2LTPUTHERKRML2EIUQUUSV4GNEIJVO53CIB7X5UUEQV3	1	33	GDKID7K3AAYT2LTPUTHERKRML2EIUQUUSV4GNEIJVO53CIB7X5UUEQV3	400000000	1	1	1	0	5
\.


--
-- Data for Name: peers; Type: TABLE DATA; Schema: public; Owner: -
--

COPY peers (ip, port, nextattempt, numfailures) FROM stdin;
\.


--
-- Data for Name: pubsub; Type: TABLE DATA; Schema: public; Owner: -
--

COPY pubsub (resid, lastread) FROM stdin;
\.


--
-- Data for Name: signers; Type: TABLE DATA; Schema: public; Owner: -
--

COPY signers (accountid, publickey, weight) FROM stdin;
\.


--
-- Data for Name: storestate; Type: TABLE DATA; Schema: public; Owner: -
--

COPY storestate (statename, state) FROM stdin;
databaseinitialized             	true
forcescponnextlaunch            	false
lastclosedledger                	25ffea6fab0c4bedd29473f80448d4a8bd3b5f6b457ae886dcd1f4af071c39e1
historyarchivestate             	{\n    "version": 1,\n    "server": "ad22bcc-dirty",\n    "currentLedger": 5,\n    "currentBuckets": [\n        {\n            "curr": "dd725c97e2b2d165fcaac157d752ff34e7a52f9007e5616d1905ff78ae193106",\n            "next": {\n                "state": 0\n            },\n            "snap": "5a61c5f6b008b94d6f87a1785b5572dc6b712c28461a9a72a0de7fd5ea565b2c"\n        },\n        {\n            "curr": "ef31a20a398ee73ce22275ea8177786bac54656f33dcc4f3fec60d55ddf163d9",\n            "next": {\n                "state": 1,\n                "output": "5a61c5f6b008b94d6f87a1785b5572dc6b712c28461a9a72a0de7fd5ea565b2c"\n            },\n            "snap": "0000000000000000000000000000000000000000000000000000000000000000"\n        },\n        {\n            "curr": "0000000000000000000000000000000000000000000000000000000000000000",\n            "next": {\n                "state": 0\n            },\n            "snap": "0000000000000000000000000000000000000000000000000000000000000000"\n        },\n        {\n            "curr": "0000000000000000000000000000000000000000000000000000000000000000",\n            "next": {\n                "state": 0\n            },\n            "snap": "0000000000000000000000000000000000000000000000000000000000000000"\n        },\n        {\n            "curr": "0000000000000000000000000000000000000000000000000000000000000000",\n            "next": {\n                "state": 0\n            },\n            "snap": "0000000000000000000000000000000000000000000000000000000000000000"\n        },\n        {\n            "curr": "0000000000000000000000000000000000000000000000000000000000000000",\n            "next": {\n                "state": 0\n            },\n            "snap": "0000000000000000000000000000000000000000000000000000000000000000"\n        },\n        {\n            "curr": "0000000000000000000000000000000000000000000000000000000000000000",\n            "next": {\n                "state": 0\n            },\n            "snap": "0000000000000000000000000000000000000000000000000000000000000000"\n        },\n        {\n            "curr": "0000000000000000000000000000000000000000000000000000000000000000",\n            "next": {\n                "state": 0\n            },\n            "snap": "0000000000000000000000000000000000000000000000000000000000000000"\n        },\n        {\n            "curr": "0000000000000000000000000000000000000000000000000000000000000000",\n            "next": {\n                "state": 0\n            },\n            "snap": "0000000000000000000000000000000000000000000000000000000000000000"\n        },\n        {\n            "curr": "0000000000000000000000000000000000000000000000000000000000000000",\n            "next": {\n                "state": 0\n            },\n            "snap": "0000000000000000000000000000000000000000000000000000000000000000"\n        },\n        {\n            "curr": "0000000000000000000000000000000000000000000000000000000000000000",\n            "next": {\n                "state": 0\n            },\n            "snap": "0000000000000000000000000000000000000000000000000000000000000000"\n        }\n    ]\n}
\.


--
-- Data for Name: trustlines; Type: TABLE DATA; Schema: public; Owner: -
--

COPY trustlines (accountid, assettype, issuer, assetcode, tlimit, balance, flags, lastmodified) FROM stdin;
GCRQKGWDGURKEPOAENDEZBP57O4THLAX4G2QW44BYRKGPYXFMKNCHWLS	1	GDKID7K3AAYT2LTPUTHERKRML2EIUQUUSV4GNEIJVO53CIB7X5UUEQV3	EUR	9223372036854775807	0	1	3
GAJ4REFERNDJ5CF7ALWBFTYV577GMMSOHR24S4JZDKQKDU2MN3BZMNTP	1	GDKID7K3AAYT2LTPUTHERKRML2EIUQUUSV4GNEIJVO53CIB7X5UUEQV3	USD	9223372036854775807	0	1	3
GDVLORSDVQHIJVH37VM4T3UUL7JYDJ7X452W7EEJ4NX65327WVXSXTNR	1	GDKID7K3AAYT2LTPUTHERKRML2EIUQUUSV4GNEIJVO53CIB7X5UUEQV3	USD	9223372036854775807	50000000000	1	4
GAJ4REFERNDJ5CF7ALWBFTYV577GMMSOHR24S4JZDKQKDU2MN3BZMNTP	1	GDKID7K3AAYT2LTPUTHERKRML2EIUQUUSV4GNEIJVO53CIB7X5UUEQV3	EUR	9223372036854775807	50000000000	1	4
GAJ4REFERNDJ5CF7ALWBFTYV577GMMSOHR24S4JZDKQKDU2MN3BZMNTP	1	GDKID7K3AAYT2LTPUTHERKRML2EIUQUUSV4GNEIJVO53CIB7X5UUEQV3	1	9223372036854775807	50000000000	1	4
GAJ4REFERNDJ5CF7ALWBFTYV577GMMSOHR24S4JZDKQKDU2MN3BZMNTP	1	GDKID7K3AAYT2LTPUTHERKRML2EIUQUUSV4GNEIJVO53CIB7X5UUEQV3	21	9223372036854775807	50000000000	1	4
GAJ4REFERNDJ5CF7ALWBFTYV577GMMSOHR24S4JZDKQKDU2MN3BZMNTP	1	GDKID7K3AAYT2LTPUTHERKRML2EIUQUUSV4GNEIJVO53CIB7X5UUEQV3	22	9223372036854775807	50000000000	1	4
GAJ4REFERNDJ5CF7ALWBFTYV577GMMSOHR24S4JZDKQKDU2MN3BZMNTP	1	GDKID7K3AAYT2LTPUTHERKRML2EIUQUUSV4GNEIJVO53CIB7X5UUEQV3	31	9223372036854775807	50000000000	1	4
GAJ4REFERNDJ5CF7ALWBFTYV577GMMSOHR24S4JZDKQKDU2MN3BZMNTP	1	GDKID7K3AAYT2LTPUTHERKRML2EIUQUUSV4GNEIJVO53CIB7X5UUEQV3	32	9223372036854775807	50000000000	1	4
GAJ4REFERNDJ5CF7ALWBFTYV577GMMSOHR24S4JZDKQKDU2MN3BZMNTP	1	GDKID7K3AAYT2LTPUTHERKRML2EIUQUUSV4GNEIJVO53CIB7X5UUEQV3	33	9223372036854775807	50000000000	1	4
\.


--
-- Data for Name: txfeehistory; Type: TABLE DATA; Schema: public; Owner: -
--

COPY txfeehistory (txid, ledgerseq, txindex, txchanges) FROM stdin;
c94d4494cadfc8dfabf6a470e076bccffc0c32166cf5c15cff0723c8737fc292	2	1	AAAAAQAAAAEAAAACAAAAAAAAAABi/B0L0JGythwN1lY0aypo19NHxvLCyO5tBEcCVvwF9w3gtrOnY/+cAAAAAAAAAAEAAAAAAAAAAAAAAAAAAAAAAQAAAAAAAAAAAAAAAAAAAA==
f8ce0b3b4928b337248991b10e8e49e194b2f95fc54110230165e89ee96c23cd	2	2	AAAAAQAAAAEAAAACAAAAAAAAAABi/B0L0JGythwN1lY0aypo19NHxvLCyO5tBEcCVvwF9w3gtrOnY/84AAAAAAAAAAIAAAAAAAAAAAAAAAAAAAAAAQAAAAAAAAAAAAAAAAAAAA==
add808501ffab44d4604a3a423243337c0e9cec20a086c9dd2f8b34703e09e39	2	3	AAAAAQAAAAEAAAACAAAAAAAAAABi/B0L0JGythwN1lY0aypo19NHxvLCyO5tBEcCVvwF9w3gtrOnY/7UAAAAAAAAAAMAAAAAAAAAAAAAAAAAAAAAAQAAAAAAAAAAAAAAAAAAAA==
b8abb81f9edf492818c24bd58fe8ae7760638713f3eef63fdfa6871d26f1fb6d	2	4	AAAAAQAAAAEAAAACAAAAAAAAAABi/B0L0JGythwN1lY0aypo19NHxvLCyO5tBEcCVvwF9w3gtrOnY/5wAAAAAAAAAAQAAAAAAAAAAAAAAAAAAAAAAQAAAAAAAAAAAAAAAAAAAA==
ad633e4104622ba6efef3023650f2b85ec4e9d6155bc81b40a80af2ea8962277	3	1	AAAAAQAAAAEAAAADAAAAAAAAAADqt0ZDrA6E1Pv9WcnulF/Tgaf353VvkInjb+7vX7VvKwAAAAJUC+OcAAAAAgAAAAEAAAAAAAAAAAAAAAAAAAAAAQAAAAAAAAAAAAAAAAAAAA==
dfab8cbc3227eac3673c5acb884a5a426f18c3a05df6d65df8dfc82b07a8c133	3	2	AAAAAQAAAAEAAAADAAAAAAAAAACjBRrDNSKiPcAjRkyF/fu5M6wX4bULc4HEVGfi5WKaIwAAAAJUC+OcAAAAAgAAAAEAAAAAAAAAAAAAAAAAAAAAAQAAAAAAAAAAAAAAAAAAAA==
86097a47d211686062607d8a5a370625f448223402cac05e5d746e4ed4da278b	3	3	AAAAAQAAAAEAAAADAAAAAAAAAAATyJCki0aeiL8C7BLPFe/+ZjJOPHXJcTkaoKHTTG7DlgAAAAJUC+OcAAAAAgAAAAEAAAAAAAAAAAAAAAAAAAAAAQAAAAAAAAAAAAAAAAAAAA==
caa0bd248cb89e9c2ddc3dca8166c479373e319860b859cea06030a8502a64c0	3	4	AAAAAQAAAAEAAAADAAAAAAAAAAATyJCki0aeiL8C7BLPFe/+ZjJOPHXJcTkaoKHTTG7DlgAAAAJUC+M4AAAAAgAAAAIAAAAAAAAAAAAAAAAAAAAAAQAAAAAAAAAAAAAAAAAAAA==
5111c966b047bd2ba33a61c0d2274a335c124c6709d10c6b42f0baeff5feb45f	3	5	AAAAAQAAAAEAAAADAAAAAAAAAAATyJCki0aeiL8C7BLPFe/+ZjJOPHXJcTkaoKHTTG7DlgAAAAJUC+LUAAAAAgAAAAMAAAAAAAAAAAAAAAAAAAAAAQAAAAAAAAAAAAAAAAAAAA==
1b6f36d5b099b12552b31f6ab3c19274ab9c93c1fb4f15d3536a3249b9ee990e	3	6	AAAAAQAAAAEAAAADAAAAAAAAAAATyJCki0aeiL8C7BLPFe/+ZjJOPHXJcTkaoKHTTG7DlgAAAAJUC+JwAAAAAgAAAAQAAAAAAAAAAAAAAAAAAAAAAQAAAAAAAAAAAAAAAAAAAA==
fbe9f7f3cc693248c76b67d5881b01f6257c0d02fa0741bdd9dfc50e9465283f	3	7	AAAAAQAAAAEAAAADAAAAAAAAAAATyJCki0aeiL8C7BLPFe/+ZjJOPHXJcTkaoKHTTG7DlgAAAAJUC+IMAAAAAgAAAAUAAAAAAAAAAAAAAAAAAAAAAQAAAAAAAAAAAAAAAAAAAA==
3524f175205a5eeae0548d6422c59d42b10c70e2b51d8be16d0cd3d62e9e79d7	3	8	AAAAAQAAAAEAAAADAAAAAAAAAAATyJCki0aeiL8C7BLPFe/+ZjJOPHXJcTkaoKHTTG7DlgAAAAJUC+GoAAAAAgAAAAYAAAAAAAAAAAAAAAAAAAAAAQAAAAAAAAAAAAAAAAAAAA==
7b3386f25178191229965bf84f5a837b5a83748161a58462e8d5ef45e2342426	3	9	AAAAAQAAAAEAAAADAAAAAAAAAAATyJCki0aeiL8C7BLPFe/+ZjJOPHXJcTkaoKHTTG7DlgAAAAJUC+FEAAAAAgAAAAcAAAAAAAAAAAAAAAAAAAAAAQAAAAAAAAAAAAAAAAAAAA==
9d063bbd4bee7d9c538e83efd9853790d24987a06d8d95b55cad4a61c3c558d3	3	10	AAAAAQAAAAEAAAADAAAAAAAAAAATyJCki0aeiL8C7BLPFe/+ZjJOPHXJcTkaoKHTTG7DlgAAAAJUC+DgAAAAAgAAAAgAAAAAAAAAAAAAAAAAAAAAAQAAAAAAAAAAAAAAAAAAAA==
34e28f7389c0378fad4f6a50f20cfc319968373f8a1ffbdc6971caff11e90545	4	1	AAAAAQAAAAEAAAAEAAAAAAAAAADUgf1bADE9Lm+kzkiqLF6IikKUlXhmkQmru7EgP79pQgAAAAJUC+OcAAAAAgAAAAEAAAAAAAAAAAAAAAAAAAAAAQAAAAAAAAAAAAAAAAAAAA==
ca7c1f0cfeb5149940c695ee078416a5bc7b91977cb73a2d39d841dab29076e5	4	2	AAAAAQAAAAEAAAAEAAAAAAAAAADUgf1bADE9Lm+kzkiqLF6IikKUlXhmkQmru7EgP79pQgAAAAJUC+M4AAAAAgAAAAIAAAAAAAAAAAAAAAAAAAAAAQAAAAAAAAAAAAAAAAAAAA==
4b42d17db144e3bca18039482e07615f93e5d7290bd6a4d820d51b95263470d2	4	3	AAAAAQAAAAEAAAAEAAAAAAAAAADUgf1bADE9Lm+kzkiqLF6IikKUlXhmkQmru7EgP79pQgAAAAJUC+LUAAAAAgAAAAMAAAAAAAAAAAAAAAAAAAAAAQAAAAAAAAAAAAAAAAAAAA==
ac599c855429eb0a8b1aecd5ae54baeab352e11a7e64a67fc174e9129eebe895	4	4	AAAAAQAAAAEAAAAEAAAAAAAAAADUgf1bADE9Lm+kzkiqLF6IikKUlXhmkQmru7EgP79pQgAAAAJUC+JwAAAAAgAAAAQAAAAAAAAAAAAAAAAAAAAAAQAAAAAAAAAAAAAAAAAAAA==
1abb8304b2ae5d95103bb8095b2a8fd3d3a9b292a87d6b7a575abd21e85d5152	4	5	AAAAAQAAAAEAAAAEAAAAAAAAAADUgf1bADE9Lm+kzkiqLF6IikKUlXhmkQmru7EgP79pQgAAAAJUC+IMAAAAAgAAAAUAAAAAAAAAAAAAAAAAAAAAAQAAAAAAAAAAAAAAAAAAAA==
6ebbeaf15106d66916969c48e3660c6d1004f96bea20bddd6521ed1fec60582e	4	6	AAAAAQAAAAEAAAAEAAAAAAAAAADUgf1bADE9Lm+kzkiqLF6IikKUlXhmkQmru7EgP79pQgAAAAJUC+GoAAAAAgAAAAYAAAAAAAAAAAAAAAAAAAAAAQAAAAAAAAAAAAAAAAAAAA==
fd5d37f3fb7e2cb380295fc28181c184f0c02f0eaeb1fe1654448d8478d02f78	4	7	AAAAAQAAAAEAAAAEAAAAAAAAAADUgf1bADE9Lm+kzkiqLF6IikKUlXhmkQmru7EgP79pQgAAAAJUC+FEAAAAAgAAAAcAAAAAAAAAAAAAAAAAAAAAAQAAAAAAAAAAAAAAAAAAAA==
85acaefc3f7c8ecf39678f7fc5711740f3bbbb8756d10e44b9a4698a7cf84819	4	8	AAAAAQAAAAEAAAAEAAAAAAAAAADUgf1bADE9Lm+kzkiqLF6IikKUlXhmkQmru7EgP79pQgAAAAJUC+DgAAAAAgAAAAgAAAAAAAAAAAAAAAAAAAAAAQAAAAAAAAAAAAAAAAAAAA==
0937c82d54a557be29bacce3090e4b582a374581814a1dd9b54ed6825c9a7064	5	1	AAAAAQAAAAEAAAAFAAAAAAAAAAATyJCki0aeiL8C7BLPFe/+ZjJOPHXJcTkaoKHTTG7DlgAAAAJUC+B8AAAAAgAAAAkAAAAIAAAAAAAAAAAAAAAAAQAAAAAAAAAAAAAAAAAAAA==
63e9ee6a6f28e7c6d2fa792a4663391193f477d38945622af48035a09f5ab8cd	5	2	AAAAAQAAAAEAAAAFAAAAAAAAAAATyJCki0aeiL8C7BLPFe/+ZjJOPHXJcTkaoKHTTG7DlgAAAAJUC+AYAAAAAgAAAAoAAAAIAAAAAAAAAAAAAAAAAQAAAAAAAAAAAAAAAAAAAA==
8aa919e2fc71238fb55aaf292435e6a41cd81f09456bf4d19f355331c3738ac9	5	3	AAAAAQAAAAEAAAAFAAAAAAAAAAATyJCki0aeiL8C7BLPFe/+ZjJOPHXJcTkaoKHTTG7DlgAAAAJUC9+0AAAAAgAAAAsAAAAIAAAAAAAAAAAAAAAAAQAAAAAAAAAAAAAAAAAAAA==
a27c90b60c9082aa8e8dfdf974a2280c8c5f1f6a71ebfad3199c3b6264741ca8	5	4	AAAAAQAAAAEAAAAFAAAAAAAAAAATyJCki0aeiL8C7BLPFe/+ZjJOPHXJcTkaoKHTTG7DlgAAAAJUC99QAAAAAgAAAAwAAAAIAAAAAAAAAAAAAAAAAQAAAAAAAAAAAAAAAAAAAA==
68c081172973d3f5af8b88ec09d466e332b72fbfb1388968203e48bd2b5d00e0	5	5	AAAAAQAAAAEAAAAFAAAAAAAAAAATyJCki0aeiL8C7BLPFe/+ZjJOPHXJcTkaoKHTTG7DlgAAAAJUC97sAAAAAgAAAA0AAAAIAAAAAAAAAAAAAAAAAQAAAAAAAAAAAAAAAAAAAA==
772861837c755273626ba29a7eaa1ad58124e384b7e6d4701fd362efbd051fac	5	6	AAAAAQAAAAEAAAAFAAAAAAAAAAATyJCki0aeiL8C7BLPFe/+ZjJOPHXJcTkaoKHTTG7DlgAAAAJUC96IAAAAAgAAAA4AAAAIAAAAAAAAAAAAAAAAAQAAAAAAAAAAAAAAAAAAAA==
e5481e3688f6715f06347bb4255a9b626fcc25a790e5fdd8096b56a9af43cc41	5	7	AAAAAQAAAAEAAAAFAAAAAAAAAAATyJCki0aeiL8C7BLPFe/+ZjJOPHXJcTkaoKHTTG7DlgAAAAJUC94kAAAAAgAAAA8AAAAIAAAAAAAAAAAAAAAAAQAAAAAAAAAAAAAAAAAAAA==
52f5ce645dbbd43a882a770b39158440f26f04ddc7d28650b653698acb2fb5b8	5	8	AAAAAQAAAAEAAAAFAAAAAAAAAAATyJCki0aeiL8C7BLPFe/+ZjJOPHXJcTkaoKHTTG7DlgAAAAJUC93AAAAAAgAAABAAAAAIAAAAAAAAAAAAAAAAAQAAAAAAAAAAAAAAAAAAAA==
f646404ce9f2fd78e45b62c53fc32a3fae8cf0e35f67df1e171c7a0f37b795cf	5	9	AAAAAQAAAAEAAAAFAAAAAAAAAAATyJCki0aeiL8C7BLPFe/+ZjJOPHXJcTkaoKHTTG7DlgAAAAJUC91cAAAAAgAAABEAAAAIAAAAAAAAAAAAAAAAAQAAAAAAAAAAAAAAAAAAAA==
1f061281b397c8d173d73f555f3e8b8f47948b25c3178efc50cfac1f69fc4c39	5	10	AAAAAQAAAAEAAAAFAAAAAAAAAAATyJCki0aeiL8C7BLPFe/+ZjJOPHXJcTkaoKHTTG7DlgAAAAJUC9z4AAAAAgAAABIAAAAIAAAAAAAAAAAAAAAAAQAAAAAAAAAAAAAAAAAAAA==
\.


--
-- Data for Name: txhistory; Type: TABLE DATA; Schema: public; Owner: -
--

COPY txhistory (txid, ledgerseq, txindex, txbody, txresult, txmeta) FROM stdin;
c94d4494cadfc8dfabf6a470e076bccffc0c32166cf5c15cff0723c8737fc292	2	1	AAAAAGL8HQvQkbK2HA3WVjRrKmjX00fG8sLI7m0ERwJW/AX3AAAAZAAAAAAAAAABAAAAAAAAAAAAAAABAAAAAAAAAAAAAAAA1IH9WwAxPS5vpM5IqixeiIpClJV4ZpEJq7uxID+/aUIAAAACVAvkAAAAAAAAAAABVvwF9wAAAEDT92y9nHGrVeJM/PJHQIJZuZRFcOkSaa5lWT7NeqvrCyLJdj/4RWIPaYmE+7r8bD31JwAkcmTHJVJKq+GbJBEE	yU1ElMrfyN+r9qRw4Ha8z/wMMhZs9cFc/wcjyHN/wpIAAAAAAAAAZAAAAAAAAAABAAAAAAAAAAAAAAAAAAAAAA==	AAAAAAAAAAEAAAACAAAAAAAAAAIAAAAAAAAAANSB/VsAMT0ub6TOSKosXoiKQpSVeGaRCau7sSA/v2lCAAAAAlQL5AAAAAACAAAAAAAAAAAAAAAAAAAAAAAAAAABAAAAAAAAAAAAAAAAAAAAAAAAAQAAAAIAAAAAAAAAAGL8HQvQkbK2HA3WVjRrKmjX00fG8sLI7m0ERwJW/AX3DeC2sVNYGnAAAAAAAAAABAAAAAAAAAAAAAAAAAAAAAABAAAAAAAAAAAAAAAAAAAA
f8ce0b3b4928b337248991b10e8e49e194b2f95fc54110230165e89ee96c23cd	2	2	AAAAAGL8HQvQkbK2HA3WVjRrKmjX00fG8sLI7m0ERwJW/AX3AAAAZAAAAAAAAAACAAAAAAAAAAAAAAABAAAAAAAAAAAAAAAA6rdGQ6wOhNT7/VnJ7pRf04Gn9+d1b5CJ42/u71+1bysAAAACVAvkAAAAAAAAAAABVvwF9wAAAED+WOPDpHaHRpk5CciaeQUBb/vr/7TpJUusAyYRZcIuNbzZrZOGP+ICtQwhj09RvmA/euhkiLiVAqCdGhdnazMB	+M4LO0koszckiZGxDo5J4ZSy+V/FQRAjAWXonulsI80AAAAAAAAAZAAAAAAAAAABAAAAAAAAAAAAAAAAAAAAAA==	AAAAAAAAAAEAAAACAAAAAAAAAAIAAAAAAAAAAOq3RkOsDoTU+/1Zye6UX9OBp/fndW+QieNv7u9ftW8rAAAAAlQL5AAAAAACAAAAAAAAAAAAAAAAAAAAAAAAAAABAAAAAAAAAAAAAAAAAAAAAAAAAQAAAAIAAAAAAAAAAGL8HQvQkbK2HA3WVjRrKmjX00fG8sLI7m0ERwJW/AX3DeC2rv9MNnAAAAAAAAAABAAAAAAAAAAAAAAAAAAAAAABAAAAAAAAAAAAAAAAAAAA
add808501ffab44d4604a3a423243337c0e9cec20a086c9dd2f8b34703e09e39	2	3	AAAAAGL8HQvQkbK2HA3WVjRrKmjX00fG8sLI7m0ERwJW/AX3AAAAZAAAAAAAAAADAAAAAAAAAAAAAAABAAAAAAAAAAAAAAAAowUawzUioj3AI0ZMhf37uTOsF+G1C3OBxFRn4uVimiMAAAACVAvkAAAAAAAAAAABVvwF9wAAAEB7hSbBi81YaP/erHGfxDd8kl21gdKeHfU9Jy8JaHp3WYHsGKnUkSayzHK+Ri0pAoPF836moEbl4z0SAcwH5fMM	rdgIUB/6tE1GBKOkIyQzN8DpzsIKCGyd0vizRwPgnjkAAAAAAAAAZAAAAAAAAAABAAAAAAAAAAAAAAAAAAAAAA==	AAAAAAAAAAEAAAACAAAAAAAAAAIAAAAAAAAAAKMFGsM1IqI9wCNGTIX9+7kzrBfhtQtzgcRUZ+LlYpojAAAAAlQL5AAAAAACAAAAAAAAAAAAAAAAAAAAAAAAAAABAAAAAAAAAAAAAAAAAAAAAAAAAQAAAAIAAAAAAAAAAGL8HQvQkbK2HA3WVjRrKmjX00fG8sLI7m0ERwJW/AX3DeC2rKtAUnAAAAAAAAAABAAAAAAAAAAAAAAAAAAAAAABAAAAAAAAAAAAAAAAAAAA
b8abb81f9edf492818c24bd58fe8ae7760638713f3eef63fdfa6871d26f1fb6d	2	4	AAAAAGL8HQvQkbK2HA3WVjRrKmjX00fG8sLI7m0ERwJW/AX3AAAAZAAAAAAAAAAEAAAAAAAAAAAAAAABAAAAAAAAAAAAAAAAE8iQpItGnoi/AuwSzxXv/mYyTjx1yXE5GqCh00xuw5YAAAACVAvkAAAAAAAAAAABVvwF9wAAAED19WkjvJXwR/wSlx9EZdEY+92mvX8MGgIauac+5PVW5kO05nmwMJAdW2Joeq2gQc/YZoxy7DwQ4lDWcy6zYA8P	uKu4H57fSSgYwkvVj+iud2BjhxPz7vY/36aHHSbx+20AAAAAAAAAZAAAAAAAAAABAAAAAAAAAAAAAAAAAAAAAA==	AAAAAAAAAAEAAAACAAAAAAAAAAIAAAAAAAAAABPIkKSLRp6IvwLsEs8V7/5mMk48dclxORqgodNMbsOWAAAAAlQL5AAAAAACAAAAAAAAAAAAAAAAAAAAAAAAAAABAAAAAAAAAAAAAAAAAAAAAAAAAQAAAAIAAAAAAAAAAGL8HQvQkbK2HA3WVjRrKmjX00fG8sLI7m0ERwJW/AX3DeC2qlc0bnAAAAAAAAAABAAAAAAAAAAAAAAAAAAAAAABAAAAAAAAAAAAAAAAAAAA
ad633e4104622ba6efef3023650f2b85ec4e9d6155bc81b40a80af2ea8962277	3	1	AAAAAOq3RkOsDoTU+/1Zye6UX9OBp/fndW+QieNv7u9ftW8rAAAAZAAAAAIAAAABAAAAAAAAAAAAAAABAAAAAAAAAAYAAAABVVNEAAAAAADUgf1bADE9Lm+kzkiqLF6IikKUlXhmkQmru7EgP79pQn//////////AAAAAAAAAAFftW8rAAAAQMqYlqQwEanp2AOVv5LBn0aQcFM/EIV9WZVUzDvZH0tPE7DDprfvKQQdZ1Ihy2zH0M4PYaDmCDoYkMLkaZQVUQQ=	rWM+QQRiK6bv7zAjZQ8rhexOnWFVvIG0CoCvLqiWIncAAAAAAAAAZAAAAAAAAAABAAAAAAAAAAYAAAAAAAAAAA==	AAAAAAAAAAEAAAACAAAAAAAAAAMAAAABAAAAAOq3RkOsDoTU+/1Zye6UX9OBp/fndW+QieNv7u9ftW8rAAAAAVVTRAAAAAAA1IH9WwAxPS5vpM5IqixeiIpClJV4ZpEJq7uxID+/aUIAAAAAAAAAAH//////////AAAAAQAAAAAAAAAAAAAAAQAAAAMAAAAAAAAAAOq3RkOsDoTU+/1Zye6UX9OBp/fndW+QieNv7u9ftW8rAAAAAlQL45wAAAACAAAAAQAAAAEAAAAAAAAAAAAAAAABAAAAAAAAAAAAAAAAAAAA
dfab8cbc3227eac3673c5acb884a5a426f18c3a05df6d65df8dfc82b07a8c133	3	2	AAAAAKMFGsM1IqI9wCNGTIX9+7kzrBfhtQtzgcRUZ+LlYpojAAAAZAAAAAIAAAABAAAAAAAAAAAAAAABAAAAAAAAAAYAAAABRVVSAAAAAADUgf1bADE9Lm+kzkiqLF6IikKUlXhmkQmru7EgP79pQn//////////AAAAAAAAAAHlYpojAAAAQOEtbonpEg2Ee3pUmsraRqcG6NiFOzOnyZ9U7+RRyk6KIG+O4zBl92suMxAtsztXnLzsMYvstX1GzGhLmN5/TgQ=	36uMvDIn6sNnPFrLiEpaQm8Yw6Bd9tZd+N/IKweowTMAAAAAAAAAZAAAAAAAAAABAAAAAAAAAAYAAAAAAAAAAA==	AAAAAAAAAAEAAAACAAAAAAAAAAMAAAABAAAAAKMFGsM1IqI9wCNGTIX9+7kzrBfhtQtzgcRUZ+LlYpojAAAAAUVVUgAAAAAA1IH9WwAxPS5vpM5IqixeiIpClJV4ZpEJq7uxID+/aUIAAAAAAAAAAH//////////AAAAAQAAAAAAAAAAAAAAAQAAAAMAAAAAAAAAAKMFGsM1IqI9wCNGTIX9+7kzrBfhtQtzgcRUZ+LlYpojAAAAAlQL45wAAAACAAAAAQAAAAEAAAAAAAAAAAAAAAABAAAAAAAAAAAAAAAAAAAA
86097a47d211686062607d8a5a370625f448223402cac05e5d746e4ed4da278b	3	3	AAAAABPIkKSLRp6IvwLsEs8V7/5mMk48dclxORqgodNMbsOWAAAAZAAAAAIAAAABAAAAAAAAAAAAAAABAAAAAAAAAAYAAAABVVNEAAAAAADUgf1bADE9Lm+kzkiqLF6IikKUlXhmkQmru7EgP79pQn//////////AAAAAAAAAAFMbsOWAAAAQKtOk7dGtHWkh8SDvyek+CM1DxXuHzzRBYRaMrWsemCeX5+ypICkBuhW1ssSQ5oloaPUys7AOFe5NRK3bMPOcgY=	hgl6R9IRaGBiYH2KWjcGJfRIIjQCysBeXXRuTtTaJ4sAAAAAAAAAZAAAAAAAAAABAAAAAAAAAAYAAAAAAAAAAA==	AAAAAAAAAAEAAAACAAAAAAAAAAMAAAABAAAAABPIkKSLRp6IvwLsEs8V7/5mMk48dclxORqgodNMbsOWAAAAAVVTRAAAAAAA1IH9WwAxPS5vpM5IqixeiIpClJV4ZpEJq7uxID+/aUIAAAAAAAAAAH//////////AAAAAQAAAAAAAAAAAAAAAQAAAAMAAAAAAAAAABPIkKSLRp6IvwLsEs8V7/5mMk48dclxORqgodNMbsOWAAAAAlQL4OAAAAACAAAACAAAAAEAAAAAAAAAAAAAAAABAAAAAAAAAAAAAAAAAAAA
caa0bd248cb89e9c2ddc3dca8166c479373e319860b859cea06030a8502a64c0	3	4	AAAAABPIkKSLRp6IvwLsEs8V7/5mMk48dclxORqgodNMbsOWAAAAZAAAAAIAAAACAAAAAAAAAAAAAAABAAAAAAAAAAYAAAABRVVSAAAAAADUgf1bADE9Lm+kzkiqLF6IikKUlXhmkQmru7EgP79pQn//////////AAAAAAAAAAFMbsOWAAAAQJ5qRo1pjuxl7sVGUd53keGJuGl3F/SNgW99qZl0gh/Y4LxyuwVpK6q65pfYZs4IDGUTck7ddsXl8Ms1uXxJuQk=	yqC9JIy4npwt3D3KgWbEeTc+MZhguFnOoGAwqFAqZMAAAAAAAAAAZAAAAAAAAAABAAAAAAAAAAYAAAAAAAAAAA==	AAAAAAAAAAEAAAACAAAAAAAAAAMAAAABAAAAABPIkKSLRp6IvwLsEs8V7/5mMk48dclxORqgodNMbsOWAAAAAUVVUgAAAAAA1IH9WwAxPS5vpM5IqixeiIpClJV4ZpEJq7uxID+/aUIAAAAAAAAAAH//////////AAAAAQAAAAAAAAAAAAAAAQAAAAMAAAAAAAAAABPIkKSLRp6IvwLsEs8V7/5mMk48dclxORqgodNMbsOWAAAAAlQL4OAAAAACAAAACAAAAAIAAAAAAAAAAAAAAAABAAAAAAAAAAAAAAAAAAAA
5111c966b047bd2ba33a61c0d2274a335c124c6709d10c6b42f0baeff5feb45f	3	5	AAAAABPIkKSLRp6IvwLsEs8V7/5mMk48dclxORqgodNMbsOWAAAAZAAAAAIAAAADAAAAAAAAAAAAAAABAAAAAAAAAAYAAAABMQAAAAAAAADUgf1bADE9Lm+kzkiqLF6IikKUlXhmkQmru7EgP79pQn//////////AAAAAAAAAAFMbsOWAAAAQK+y2yW6GT/8kFZvKhJcWH8GV4t5aI5todc1Km1c7Wtige5sIWOuxtwp0l3jybJa4QvU224rdQkeErCN0GxzOAo=	URHJZrBHvSujOmHA0idKM1wSTGcJ0QxrQvC67/X+tF8AAAAAAAAAZAAAAAAAAAABAAAAAAAAAAYAAAAAAAAAAA==	AAAAAAAAAAEAAAACAAAAAAAAAAMAAAABAAAAABPIkKSLRp6IvwLsEs8V7/5mMk48dclxORqgodNMbsOWAAAAATEAAAAAAAAA1IH9WwAxPS5vpM5IqixeiIpClJV4ZpEJq7uxID+/aUIAAAAAAAAAAH//////////AAAAAQAAAAAAAAAAAAAAAQAAAAMAAAAAAAAAABPIkKSLRp6IvwLsEs8V7/5mMk48dclxORqgodNMbsOWAAAAAlQL4OAAAAACAAAACAAAAAMAAAAAAAAAAAAAAAABAAAAAAAAAAAAAAAAAAAA
1b6f36d5b099b12552b31f6ab3c19274ab9c93c1fb4f15d3536a3249b9ee990e	3	6	AAAAABPIkKSLRp6IvwLsEs8V7/5mMk48dclxORqgodNMbsOWAAAAZAAAAAIAAAAEAAAAAAAAAAAAAAABAAAAAAAAAAYAAAABMjEAAAAAAADUgf1bADE9Lm+kzkiqLF6IikKUlXhmkQmru7EgP79pQn//////////AAAAAAAAAAFMbsOWAAAAQHFx6DMn81avLTxOuyWTNroM+n2bqAPYuwT8R1ZzDoQIT1I/dFj1f1SWHFinVKBIJA7jNSCTYeE5WbN5O3XHrgQ=	G2821bCZsSVSsx9qs8GSdKuck8H7TxXTU2oySbnumQ4AAAAAAAAAZAAAAAAAAAABAAAAAAAAAAYAAAAAAAAAAA==	AAAAAAAAAAEAAAACAAAAAAAAAAMAAAABAAAAABPIkKSLRp6IvwLsEs8V7/5mMk48dclxORqgodNMbsOWAAAAATIxAAAAAAAA1IH9WwAxPS5vpM5IqixeiIpClJV4ZpEJq7uxID+/aUIAAAAAAAAAAH//////////AAAAAQAAAAAAAAAAAAAAAQAAAAMAAAAAAAAAABPIkKSLRp6IvwLsEs8V7/5mMk48dclxORqgodNMbsOWAAAAAlQL4OAAAAACAAAACAAAAAQAAAAAAAAAAAAAAAABAAAAAAAAAAAAAAAAAAAA
fbe9f7f3cc693248c76b67d5881b01f6257c0d02fa0741bdd9dfc50e9465283f	3	7	AAAAABPIkKSLRp6IvwLsEs8V7/5mMk48dclxORqgodNMbsOWAAAAZAAAAAIAAAAFAAAAAAAAAAAAAAABAAAAAAAAAAYAAAABMjIAAAAAAADUgf1bADE9Lm+kzkiqLF6IikKUlXhmkQmru7EgP79pQn//////////AAAAAAAAAAFMbsOWAAAAQNlFSP+hFDskGuY8VeaSWTro85EpSNW8NpSiLa4Hw7QKfmEuvQWOvdq+z+XwJM3O6EfAsaXIBqbCIWXSSYaurQI=	++n388xpMkjHa2fViBsB9iV8DQL6B0G92d/FDpRlKD8AAAAAAAAAZAAAAAAAAAABAAAAAAAAAAYAAAAAAAAAAA==	AAAAAAAAAAEAAAACAAAAAAAAAAMAAAABAAAAABPIkKSLRp6IvwLsEs8V7/5mMk48dclxORqgodNMbsOWAAAAATIyAAAAAAAA1IH9WwAxPS5vpM5IqixeiIpClJV4ZpEJq7uxID+/aUIAAAAAAAAAAH//////////AAAAAQAAAAAAAAAAAAAAAQAAAAMAAAAAAAAAABPIkKSLRp6IvwLsEs8V7/5mMk48dclxORqgodNMbsOWAAAAAlQL4OAAAAACAAAACAAAAAUAAAAAAAAAAAAAAAABAAAAAAAAAAAAAAAAAAAA
3524f175205a5eeae0548d6422c59d42b10c70e2b51d8be16d0cd3d62e9e79d7	3	8	AAAAABPIkKSLRp6IvwLsEs8V7/5mMk48dclxORqgodNMbsOWAAAAZAAAAAIAAAAGAAAAAAAAAAAAAAABAAAAAAAAAAYAAAABMzEAAAAAAADUgf1bADE9Lm+kzkiqLF6IikKUlXhmkQmru7EgP79pQn//////////AAAAAAAAAAFMbsOWAAAAQPUN7VsaSPdf2B89R3VIaPZ3hcDVQLfF/hYCS8/ef8cwLJM+sPLrDhMTBl6tSN7x7BRj08w7gOfiJGUUwvNvdgg=	NSTxdSBaXurgVI1kIsWdQrEMcOK1HYvhbQzT1i6eedcAAAAAAAAAZAAAAAAAAAABAAAAAAAAAAYAAAAAAAAAAA==	AAAAAAAAAAEAAAACAAAAAAAAAAMAAAABAAAAABPIkKSLRp6IvwLsEs8V7/5mMk48dclxORqgodNMbsOWAAAAATMxAAAAAAAA1IH9WwAxPS5vpM5IqixeiIpClJV4ZpEJq7uxID+/aUIAAAAAAAAAAH//////////AAAAAQAAAAAAAAAAAAAAAQAAAAMAAAAAAAAAABPIkKSLRp6IvwLsEs8V7/5mMk48dclxORqgodNMbsOWAAAAAlQL4OAAAAACAAAACAAAAAYAAAAAAAAAAAAAAAABAAAAAAAAAAAAAAAAAAAA
7b3386f25178191229965bf84f5a837b5a83748161a58462e8d5ef45e2342426	3	9	AAAAABPIkKSLRp6IvwLsEs8V7/5mMk48dclxORqgodNMbsOWAAAAZAAAAAIAAAAHAAAAAAAAAAAAAAABAAAAAAAAAAYAAAABMzIAAAAAAADUgf1bADE9Lm+kzkiqLF6IikKUlXhmkQmru7EgP79pQn//////////AAAAAAAAAAFMbsOWAAAAQO2jJaVTRL+GVF4hNQYgoidPaPu5c7pWc1MpNvuENPjTdT1P4xi5P5Wp4lash3qULhyZKsrHn1uGsD+QPc+1Twc=	ezOG8lF4GRIpllv4T1qDe1qDdIFhpYRi6NXvReI0JCYAAAAAAAAAZAAAAAAAAAABAAAAAAAAAAYAAAAAAAAAAA==	AAAAAAAAAAEAAAACAAAAAAAAAAMAAAABAAAAABPIkKSLRp6IvwLsEs8V7/5mMk48dclxORqgodNMbsOWAAAAATMyAAAAAAAA1IH9WwAxPS5vpM5IqixeiIpClJV4ZpEJq7uxID+/aUIAAAAAAAAAAH//////////AAAAAQAAAAAAAAAAAAAAAQAAAAMAAAAAAAAAABPIkKSLRp6IvwLsEs8V7/5mMk48dclxORqgodNMbsOWAAAAAlQL4OAAAAACAAAACAAAAAcAAAAAAAAAAAAAAAABAAAAAAAAAAAAAAAAAAAA
9d063bbd4bee7d9c538e83efd9853790d24987a06d8d95b55cad4a61c3c558d3	3	10	AAAAABPIkKSLRp6IvwLsEs8V7/5mMk48dclxORqgodNMbsOWAAAAZAAAAAIAAAAIAAAAAAAAAAAAAAABAAAAAAAAAAYAAAABMzMAAAAAAADUgf1bADE9Lm+kzkiqLF6IikKUlXhmkQmru7EgP79pQn//////////AAAAAAAAAAFMbsOWAAAAQOd96LrsA5Irj+A90VXACmZ47uje7Hhi3tt5oeA3VZJWSXVl6WJqvDf2N452k5YEsnm51hrL93kyyLNNa/VOlww=	nQY7vUvufZxTjoPv2YU3kNJJh6BtjZW1XK1KYcPFWNMAAAAAAAAAZAAAAAAAAAABAAAAAAAAAAYAAAAAAAAAAA==	AAAAAAAAAAEAAAACAAAAAAAAAAMAAAABAAAAABPIkKSLRp6IvwLsEs8V7/5mMk48dclxORqgodNMbsOWAAAAATMzAAAAAAAA1IH9WwAxPS5vpM5IqixeiIpClJV4ZpEJq7uxID+/aUIAAAAAAAAAAH//////////AAAAAQAAAAAAAAAAAAAAAQAAAAMAAAAAAAAAABPIkKSLRp6IvwLsEs8V7/5mMk48dclxORqgodNMbsOWAAAAAlQL4OAAAAACAAAACAAAAAgAAAAAAAAAAAAAAAABAAAAAAAAAAAAAAAAAAAA
34e28f7389c0378fad4f6a50f20cfc319968373f8a1ffbdc6971caff11e90545	4	1	AAAAANSB/VsAMT0ub6TOSKosXoiKQpSVeGaRCau7sSA/v2lCAAAAZAAAAAIAAAABAAAAAAAAAAAAAAABAAAAAAAAAAEAAAAA6rdGQ6wOhNT7/VnJ7pRf04Gn9+d1b5CJ42/u71+1bysAAAABVVNEAAAAAADUgf1bADE9Lm+kzkiqLF6IikKUlXhmkQmru7EgP79pQgAAAAukO3QAAAAAAAAAAAE/v2lCAAAAQEiBkEmrvFJ09siMAOqZuDBxjFpZKexcrQf70MBZ6xaxyV3WqAbn2M+5GyZqQVjOAZOwRI0KJ4nO0Ro+HJz+2g8=	NOKPc4nAN4+tT2pQ8gz8MZloNz+KH/vcaXHK/xHpBUUAAAAAAAAAZAAAAAAAAAABAAAAAAAAAAEAAAAAAAAAAA==	AAAAAAAAAAEAAAABAAAAAQAAAAQAAAABAAAAAOq3RkOsDoTU+/1Zye6UX9OBp/fndW+QieNv7u9ftW8rAAAAAVVTRAAAAAAA1IH9WwAxPS5vpM5IqixeiIpClJV4ZpEJq7uxID+/aUIAAAALpDt0AH//////////AAAAAQAAAAAAAAAA
ca7c1f0cfeb5149940c695ee078416a5bc7b91977cb73a2d39d841dab29076e5	4	2	AAAAANSB/VsAMT0ub6TOSKosXoiKQpSVeGaRCau7sSA/v2lCAAAAZAAAAAIAAAACAAAAAAAAAAAAAAABAAAAAAAAAAEAAAAAE8iQpItGnoi/AuwSzxXv/mYyTjx1yXE5GqCh00xuw5YAAAABRVVSAAAAAADUgf1bADE9Lm+kzkiqLF6IikKUlXhmkQmru7EgP79pQgAAAAukO3QAAAAAAAAAAAE/v2lCAAAAQEK6yore6mAI66WEA8kUepGYbH7qhNUPmgAB/TjzCG7l1c6B2nzR3e+EVfHe0epYFN3oUn6dFGX/PfH6GWEfYQU=	ynwfDP61FJlAxpXuB4QWpbx7kZd8tzotOdhB2rKQduUAAAAAAAAAZAAAAAAAAAABAAAAAAAAAAEAAAAAAAAAAA==	AAAAAAAAAAEAAAABAAAAAQAAAAQAAAABAAAAABPIkKSLRp6IvwLsEs8V7/5mMk48dclxORqgodNMbsOWAAAAAUVVUgAAAAAA1IH9WwAxPS5vpM5IqixeiIpClJV4ZpEJq7uxID+/aUIAAAALpDt0AH//////////AAAAAQAAAAAAAAAA
4b42d17db144e3bca18039482e07615f93e5d7290bd6a4d820d51b95263470d2	4	3	AAAAANSB/VsAMT0ub6TOSKosXoiKQpSVeGaRCau7sSA/v2lCAAAAZAAAAAIAAAADAAAAAAAAAAAAAAABAAAAAAAAAAEAAAAAE8iQpItGnoi/AuwSzxXv/mYyTjx1yXE5GqCh00xuw5YAAAABMQAAAAAAAADUgf1bADE9Lm+kzkiqLF6IikKUlXhmkQmru7EgP79pQgAAAAukO3QAAAAAAAAAAAE/v2lCAAAAQH3x4MZhBZnnRsxWTYq8wMGiM9baKULeGgBi/5UoPSSmSwkGqmUkBRxbNj3DYqdFU8nrb9i1FhVFkKGlS0ODGgc=	S0LRfbFE47yhgDlILgdhX5Pl1ykL1qTYINUblSY0cNIAAAAAAAAAZAAAAAAAAAABAAAAAAAAAAEAAAAAAAAAAA==	AAAAAAAAAAEAAAABAAAAAQAAAAQAAAABAAAAABPIkKSLRp6IvwLsEs8V7/5mMk48dclxORqgodNMbsOWAAAAATEAAAAAAAAA1IH9WwAxPS5vpM5IqixeiIpClJV4ZpEJq7uxID+/aUIAAAALpDt0AH//////////AAAAAQAAAAAAAAAA
ac599c855429eb0a8b1aecd5ae54baeab352e11a7e64a67fc174e9129eebe895	4	4	AAAAANSB/VsAMT0ub6TOSKosXoiKQpSVeGaRCau7sSA/v2lCAAAAZAAAAAIAAAAEAAAAAAAAAAAAAAABAAAAAAAAAAEAAAAAE8iQpItGnoi/AuwSzxXv/mYyTjx1yXE5GqCh00xuw5YAAAABMjEAAAAAAADUgf1bADE9Lm+kzkiqLF6IikKUlXhmkQmru7EgP79pQgAAAAukO3QAAAAAAAAAAAE/v2lCAAAAQGzmk98RJv4mk7ptizHxyu0RK9P7DjHNzqPGj7vbcc+KaAnmqdaybXRKgB5KwD9Oyfz33EJKQ0qQoYKzwuygPQM=	rFmchVQp6wqLGuzVrlS66rNS4Rp+ZKZ/wXTpEp7r6JUAAAAAAAAAZAAAAAAAAAABAAAAAAAAAAEAAAAAAAAAAA==	AAAAAAAAAAEAAAABAAAAAQAAAAQAAAABAAAAABPIkKSLRp6IvwLsEs8V7/5mMk48dclxORqgodNMbsOWAAAAATIxAAAAAAAA1IH9WwAxPS5vpM5IqixeiIpClJV4ZpEJq7uxID+/aUIAAAALpDt0AH//////////AAAAAQAAAAAAAAAA
1abb8304b2ae5d95103bb8095b2a8fd3d3a9b292a87d6b7a575abd21e85d5152	4	5	AAAAANSB/VsAMT0ub6TOSKosXoiKQpSVeGaRCau7sSA/v2lCAAAAZAAAAAIAAAAFAAAAAAAAAAAAAAABAAAAAAAAAAEAAAAAE8iQpItGnoi/AuwSzxXv/mYyTjx1yXE5GqCh00xuw5YAAAABMjIAAAAAAADUgf1bADE9Lm+kzkiqLF6IikKUlXhmkQmru7EgP79pQgAAAAukO3QAAAAAAAAAAAE/v2lCAAAAQCy35llYB4OQg7zxllVo6WAFCgCFXi0SKzu6//zG3B2c48xR3RGRub5uSoR667t9Le57xFFjRVqKSIuJD71a2gM=	GruDBLKuXZUQO7gJWyqP09OpspKofWt6V1q9IehdUVIAAAAAAAAAZAAAAAAAAAABAAAAAAAAAAEAAAAAAAAAAA==	AAAAAAAAAAEAAAABAAAAAQAAAAQAAAABAAAAABPIkKSLRp6IvwLsEs8V7/5mMk48dclxORqgodNMbsOWAAAAATIyAAAAAAAA1IH9WwAxPS5vpM5IqixeiIpClJV4ZpEJq7uxID+/aUIAAAALpDt0AH//////////AAAAAQAAAAAAAAAA
6ebbeaf15106d66916969c48e3660c6d1004f96bea20bddd6521ed1fec60582e	4	6	AAAAANSB/VsAMT0ub6TOSKosXoiKQpSVeGaRCau7sSA/v2lCAAAAZAAAAAIAAAAGAAAAAAAAAAAAAAABAAAAAAAAAAEAAAAAE8iQpItGnoi/AuwSzxXv/mYyTjx1yXE5GqCh00xuw5YAAAABMzEAAAAAAADUgf1bADE9Lm+kzkiqLF6IikKUlXhmkQmru7EgP79pQgAAAAukO3QAAAAAAAAAAAE/v2lCAAAAQLY8klu5oOXNA+l3EF5ZQGdmDqb6MIv2xZSEBaIKHHIhAeyJ0tUVkMSUjSlJnOPn1gWywbfkJCsoUPllugkJvQI=	brvq8VEG1mkWlpxI42YMbRAE+WvqIL3dZSHtH+xgWC4AAAAAAAAAZAAAAAAAAAABAAAAAAAAAAEAAAAAAAAAAA==	AAAAAAAAAAEAAAABAAAAAQAAAAQAAAABAAAAABPIkKSLRp6IvwLsEs8V7/5mMk48dclxORqgodNMbsOWAAAAATMxAAAAAAAA1IH9WwAxPS5vpM5IqixeiIpClJV4ZpEJq7uxID+/aUIAAAALpDt0AH//////////AAAAAQAAAAAAAAAA
fd5d37f3fb7e2cb380295fc28181c184f0c02f0eaeb1fe1654448d8478d02f78	4	7	AAAAANSB/VsAMT0ub6TOSKosXoiKQpSVeGaRCau7sSA/v2lCAAAAZAAAAAIAAAAHAAAAAAAAAAAAAAABAAAAAAAAAAEAAAAAE8iQpItGnoi/AuwSzxXv/mYyTjx1yXE5GqCh00xuw5YAAAABMzIAAAAAAADUgf1bADE9Lm+kzkiqLF6IikKUlXhmkQmru7EgP79pQgAAAAukO3QAAAAAAAAAAAE/v2lCAAAAQAARHaFLHnVI2JcHzIQc/Ud/yT8CiC62n0P4yiGhM/kLbAIenKbu0waX/UHKqTKZXEhtdzJrZ+tv+EI/+3kr3QI=	/V038/t+LLOAKV/CgYHBhPDALw6usf4WVESNhHjQL3gAAAAAAAAAZAAAAAAAAAABAAAAAAAAAAEAAAAAAAAAAA==	AAAAAAAAAAEAAAABAAAAAQAAAAQAAAABAAAAABPIkKSLRp6IvwLsEs8V7/5mMk48dclxORqgodNMbsOWAAAAATMyAAAAAAAA1IH9WwAxPS5vpM5IqixeiIpClJV4ZpEJq7uxID+/aUIAAAALpDt0AH//////////AAAAAQAAAAAAAAAA
85acaefc3f7c8ecf39678f7fc5711740f3bbbb8756d10e44b9a4698a7cf84819	4	8	AAAAANSB/VsAMT0ub6TOSKosXoiKQpSVeGaRCau7sSA/v2lCAAAAZAAAAAIAAAAIAAAAAAAAAAAAAAABAAAAAAAAAAEAAAAAE8iQpItGnoi/AuwSzxXv/mYyTjx1yXE5GqCh00xuw5YAAAABMzMAAAAAAADUgf1bADE9Lm+kzkiqLF6IikKUlXhmkQmru7EgP79pQgAAAAukO3QAAAAAAAAAAAE/v2lCAAAAQHJSmpdG0NaPQ/nw0u6fmMjQ0uWMR100hiwy71a45yFNpDPs00WLc/TmY9GPJEmDBECtVFY5LbH2mSpLlgdmLAM=	hayu/D98js85Z49/xXEXQPO7u4dW0Q5EuaRpinz4SBkAAAAAAAAAZAAAAAAAAAABAAAAAAAAAAEAAAAAAAAAAA==	AAAAAAAAAAEAAAABAAAAAQAAAAQAAAABAAAAABPIkKSLRp6IvwLsEs8V7/5mMk48dclxORqgodNMbsOWAAAAATMzAAAAAAAA1IH9WwAxPS5vpM5IqixeiIpClJV4ZpEJq7uxID+/aUIAAAALpDt0AH//////////AAAAAQAAAAAAAAAA
0937c82d54a557be29bacce3090e4b582a374581814a1dd9b54ed6825c9a7064	5	1	AAAAABPIkKSLRp6IvwLsEs8V7/5mMk48dclxORqgodNMbsOWAAAAZAAAAAIAAAAJAAAAAAAAAAAAAAABAAAAAAAAAAMAAAABRVVSAAAAAADUgf1bADE9Lm+kzkiqLF6IikKUlXhmkQmru7EgP79pQgAAAAFVU0QAAAAAANSB/VsAMT0ub6TOSKosXoiKQpSVeGaRCau7sSA/v2lCAAAAAAX14QAAAAABAAAAAQAAAAAAAAAAAAAAAAAAAAFMbsOWAAAAQMcRukECmFHlHNggP7B0MwcJiaXSWOhrzN5BBk6W7X7rMgYKo4y663nePiGopfwTbx5DSENzSDT7m3DH7lVoQQg=	CTfILVSlV74puszjCQ5LWCo3RYGBSh3ZtU7WglyacGQAAAAAAAAAZAAAAAAAAAABAAAAAAAAAAMAAAAAAAAAAAAAAAAAAAAAE8iQpItGnoi/AuwSzxXv/mYyTjx1yXE5GqCh00xuw5YAAAAAAAAAAQAAAAFFVVIAAAAAANSB/VsAMT0ub6TOSKosXoiKQpSVeGaRCau7sSA/v2lCAAAAAVVTRAAAAAAA1IH9WwAxPS5vpM5IqixeiIpClJV4ZpEJq7uxID+/aUIAAAAABfXhAAAAAAEAAAABAAAAAAAAAAAAAAAA	AAAAAAAAAAEAAAACAAAAAAAAAAUAAAACAAAAABPIkKSLRp6IvwLsEs8V7/5mMk48dclxORqgodNMbsOWAAAAAAAAAAEAAAABRVVSAAAAAADUgf1bADE9Lm+kzkiqLF6IikKUlXhmkQmru7EgP79pQgAAAAFVU0QAAAAAANSB/VsAMT0ub6TOSKosXoiKQpSVeGaRCau7sSA/v2lCAAAAAAX14QAAAAABAAAAAQAAAAAAAAAAAAAAAAAAAAEAAAAFAAAAAAAAAAATyJCki0aeiL8C7BLPFe/+ZjJOPHXJcTkaoKHTTG7DlgAAAAJUC9z4AAAAAgAAABIAAAAJAAAAAAAAAAAAAAAAAQAAAAAAAAAAAAAAAAAAAA==
63e9ee6a6f28e7c6d2fa792a4663391193f477d38945622af48035a09f5ab8cd	5	2	AAAAABPIkKSLRp6IvwLsEs8V7/5mMk48dclxORqgodNMbsOWAAAAZAAAAAIAAAAKAAAAAAAAAAAAAAABAAAAAAAAAAMAAAABMQAAAAAAAADUgf1bADE9Lm+kzkiqLF6IikKUlXhmkQmru7EgP79pQgAAAAFVU0QAAAAAANSB/VsAMT0ub6TOSKosXoiKQpSVeGaRCau7sSA/v2lCAAAAAAvrwgAAAAABAAAAAQAAAAAAAAAAAAAAAAAAAAFMbsOWAAAAQAQQnJyG8tsD32cKrSbedMcXP4+NfDwtfT+b5+x9Ci+Iicg7A9P//GCQwwXdgXFhbd5tEZLWqdbrkthCg1Eb5QE=	Y+nuam8o58bS+nkqRmM5EZP0d9OJRWIq9IA1oJ9auM0AAAAAAAAAZAAAAAAAAAABAAAAAAAAAAMAAAAAAAAAAAAAAAAAAAAAE8iQpItGnoi/AuwSzxXv/mYyTjx1yXE5GqCh00xuw5YAAAAAAAAAAgAAAAExAAAAAAAAANSB/VsAMT0ub6TOSKosXoiKQpSVeGaRCau7sSA/v2lCAAAAAVVTRAAAAAAA1IH9WwAxPS5vpM5IqixeiIpClJV4ZpEJq7uxID+/aUIAAAAAC+vCAAAAAAEAAAABAAAAAAAAAAAAAAAA	AAAAAAAAAAEAAAACAAAAAAAAAAUAAAACAAAAABPIkKSLRp6IvwLsEs8V7/5mMk48dclxORqgodNMbsOWAAAAAAAAAAIAAAABMQAAAAAAAADUgf1bADE9Lm+kzkiqLF6IikKUlXhmkQmru7EgP79pQgAAAAFVU0QAAAAAANSB/VsAMT0ub6TOSKosXoiKQpSVeGaRCau7sSA/v2lCAAAAAAvrwgAAAAABAAAAAQAAAAAAAAAAAAAAAAAAAAEAAAAFAAAAAAAAAAATyJCki0aeiL8C7BLPFe/+ZjJOPHXJcTkaoKHTTG7DlgAAAAJUC9z4AAAAAgAAABIAAAAKAAAAAAAAAAAAAAAAAQAAAAAAAAAAAAAAAAAAAA==
8aa919e2fc71238fb55aaf292435e6a41cd81f09456bf4d19f355331c3738ac9	5	3	AAAAABPIkKSLRp6IvwLsEs8V7/5mMk48dclxORqgodNMbsOWAAAAZAAAAAIAAAALAAAAAAAAAAAAAAABAAAAAAAAAAMAAAABRVVSAAAAAADUgf1bADE9Lm+kzkiqLF6IikKUlXhmkQmru7EgP79pQgAAAAExAAAAAAAAANSB/VsAMT0ub6TOSKosXoiKQpSVeGaRCau7sSA/v2lCAAAAAAvrwgAAAAABAAAAAQAAAAAAAAAAAAAAAAAAAAFMbsOWAAAAQN8+BXoCcevofEQoWi1JbOM6C0aOsw2bfDBKfv9mt1Ds80l+FbZM9QeqFG2IJbpCJwGb+S49DotbWMeH5KKWVgA=	iqkZ4vxxI4+1Wq8pJDXmpBzYHwlFa/TRnzVTMcNziskAAAAAAAAAZAAAAAAAAAABAAAAAAAAAAMAAAAAAAAAAAAAAAAAAAAAE8iQpItGnoi/AuwSzxXv/mYyTjx1yXE5GqCh00xuw5YAAAAAAAAAAwAAAAFFVVIAAAAAANSB/VsAMT0ub6TOSKosXoiKQpSVeGaRCau7sSA/v2lCAAAAATEAAAAAAAAA1IH9WwAxPS5vpM5IqixeiIpClJV4ZpEJq7uxID+/aUIAAAAAC+vCAAAAAAEAAAABAAAAAAAAAAAAAAAA	AAAAAAAAAAEAAAACAAAAAAAAAAUAAAACAAAAABPIkKSLRp6IvwLsEs8V7/5mMk48dclxORqgodNMbsOWAAAAAAAAAAMAAAABRVVSAAAAAADUgf1bADE9Lm+kzkiqLF6IikKUlXhmkQmru7EgP79pQgAAAAExAAAAAAAAANSB/VsAMT0ub6TOSKosXoiKQpSVeGaRCau7sSA/v2lCAAAAAAvrwgAAAAABAAAAAQAAAAAAAAAAAAAAAAAAAAEAAAAFAAAAAAAAAAATyJCki0aeiL8C7BLPFe/+ZjJOPHXJcTkaoKHTTG7DlgAAAAJUC9z4AAAAAgAAABIAAAALAAAAAAAAAAAAAAAAAQAAAAAAAAAAAAAAAAAAAA==
a27c90b60c9082aa8e8dfdf974a2280c8c5f1f6a71ebfad3199c3b6264741ca8	5	4	AAAAABPIkKSLRp6IvwLsEs8V7/5mMk48dclxORqgodNMbsOWAAAAZAAAAAIAAAAMAAAAAAAAAAAAAAABAAAAAAAAAAMAAAABMjEAAAAAAADUgf1bADE9Lm+kzkiqLF6IikKUlXhmkQmru7EgP79pQgAAAAFVU0QAAAAAANSB/VsAMT0ub6TOSKosXoiKQpSVeGaRCau7sSA/v2lCAAAAABHhowAAAAABAAAAAQAAAAAAAAAAAAAAAAAAAAFMbsOWAAAAQAVSWX5XCR3yJadjtu+XGUXmHBudLbW1iTC8x+Y7Uszuu1W4GJwNLGXih9Q3Dollcb1LO21mtGhZL/ZLCPcH4wo=	onyQtgyQgqqOjf35dKIoDIxfH2px6/rTGZw7YmR0HKgAAAAAAAAAZAAAAAAAAAABAAAAAAAAAAMAAAAAAAAAAAAAAAAAAAAAE8iQpItGnoi/AuwSzxXv/mYyTjx1yXE5GqCh00xuw5YAAAAAAAAABAAAAAEyMQAAAAAAANSB/VsAMT0ub6TOSKosXoiKQpSVeGaRCau7sSA/v2lCAAAAAVVTRAAAAAAA1IH9WwAxPS5vpM5IqixeiIpClJV4ZpEJq7uxID+/aUIAAAAAEeGjAAAAAAEAAAABAAAAAAAAAAAAAAAA	AAAAAAAAAAEAAAACAAAAAAAAAAUAAAACAAAAABPIkKSLRp6IvwLsEs8V7/5mMk48dclxORqgodNMbsOWAAAAAAAAAAQAAAABMjEAAAAAAADUgf1bADE9Lm+kzkiqLF6IikKUlXhmkQmru7EgP79pQgAAAAFVU0QAAAAAANSB/VsAMT0ub6TOSKosXoiKQpSVeGaRCau7sSA/v2lCAAAAABHhowAAAAABAAAAAQAAAAAAAAAAAAAAAAAAAAEAAAAFAAAAAAAAAAATyJCki0aeiL8C7BLPFe/+ZjJOPHXJcTkaoKHTTG7DlgAAAAJUC9z4AAAAAgAAABIAAAAMAAAAAAAAAAAAAAAAAQAAAAAAAAAAAAAAAAAAAA==
68c081172973d3f5af8b88ec09d466e332b72fbfb1388968203e48bd2b5d00e0	5	5	AAAAABPIkKSLRp6IvwLsEs8V7/5mMk48dclxORqgodNMbsOWAAAAZAAAAAIAAAANAAAAAAAAAAAAAAABAAAAAAAAAAMAAAABMjIAAAAAAADUgf1bADE9Lm+kzkiqLF6IikKUlXhmkQmru7EgP79pQgAAAAEyMQAAAAAAANSB/VsAMT0ub6TOSKosXoiKQpSVeGaRCau7sSA/v2lCAAAAABHhowAAAAABAAAAAQAAAAAAAAAAAAAAAAAAAAFMbsOWAAAAQGuCd19rnheKr50HJJM4leLKBjGZEJkpG0FNs2xGCp7TOvmTm/dH2msy9fNMxcuCQSWcqbNU95EHDV7niOg53Ag=	aMCBFylz0/Wvi4jsCdRm4zK3L7+xOIloID5IvStdAOAAAAAAAAAAZAAAAAAAAAABAAAAAAAAAAMAAAAAAAAAAAAAAAAAAAAAE8iQpItGnoi/AuwSzxXv/mYyTjx1yXE5GqCh00xuw5YAAAAAAAAABQAAAAEyMgAAAAAAANSB/VsAMT0ub6TOSKosXoiKQpSVeGaRCau7sSA/v2lCAAAAATIxAAAAAAAA1IH9WwAxPS5vpM5IqixeiIpClJV4ZpEJq7uxID+/aUIAAAAAEeGjAAAAAAEAAAABAAAAAAAAAAAAAAAA	AAAAAAAAAAEAAAACAAAAAAAAAAUAAAACAAAAABPIkKSLRp6IvwLsEs8V7/5mMk48dclxORqgodNMbsOWAAAAAAAAAAUAAAABMjIAAAAAAADUgf1bADE9Lm+kzkiqLF6IikKUlXhmkQmru7EgP79pQgAAAAEyMQAAAAAAANSB/VsAMT0ub6TOSKosXoiKQpSVeGaRCau7sSA/v2lCAAAAABHhowAAAAABAAAAAQAAAAAAAAAAAAAAAAAAAAEAAAAFAAAAAAAAAAATyJCki0aeiL8C7BLPFe/+ZjJOPHXJcTkaoKHTTG7DlgAAAAJUC9z4AAAAAgAAABIAAAANAAAAAAAAAAAAAAAAAQAAAAAAAAAAAAAAAAAAAA==
772861837c755273626ba29a7eaa1ad58124e384b7e6d4701fd362efbd051fac	5	6	AAAAABPIkKSLRp6IvwLsEs8V7/5mMk48dclxORqgodNMbsOWAAAAZAAAAAIAAAAOAAAAAAAAAAAAAAABAAAAAAAAAAMAAAABRVVSAAAAAADUgf1bADE9Lm+kzkiqLF6IikKUlXhmkQmru7EgP79pQgAAAAEyMgAAAAAAANSB/VsAMT0ub6TOSKosXoiKQpSVeGaRCau7sSA/v2lCAAAAABHhowAAAAABAAAAAQAAAAAAAAAAAAAAAAAAAAFMbsOWAAAAQGth7gAMe9lTuxahGyKYvqyJzDV7vuwgicp5qc3H4ZAlBBS9hS1WRWbWeNaHcbAlIxf0P47li9XKbtpf2VMeuA0=	dyhhg3x1UnNia6Kafqoa1YEk44S35tRwH9Ni770FH6wAAAAAAAAAZAAAAAAAAAABAAAAAAAAAAMAAAAAAAAAAAAAAAAAAAAAE8iQpItGnoi/AuwSzxXv/mYyTjx1yXE5GqCh00xuw5YAAAAAAAAABgAAAAFFVVIAAAAAANSB/VsAMT0ub6TOSKosXoiKQpSVeGaRCau7sSA/v2lCAAAAATIyAAAAAAAA1IH9WwAxPS5vpM5IqixeiIpClJV4ZpEJq7uxID+/aUIAAAAAEeGjAAAAAAEAAAABAAAAAAAAAAAAAAAA	AAAAAAAAAAEAAAACAAAAAAAAAAUAAAACAAAAABPIkKSLRp6IvwLsEs8V7/5mMk48dclxORqgodNMbsOWAAAAAAAAAAYAAAABRVVSAAAAAADUgf1bADE9Lm+kzkiqLF6IikKUlXhmkQmru7EgP79pQgAAAAEyMgAAAAAAANSB/VsAMT0ub6TOSKosXoiKQpSVeGaRCau7sSA/v2lCAAAAABHhowAAAAABAAAAAQAAAAAAAAAAAAAAAAAAAAEAAAAFAAAAAAAAAAATyJCki0aeiL8C7BLPFe/+ZjJOPHXJcTkaoKHTTG7DlgAAAAJUC9z4AAAAAgAAABIAAAAOAAAAAAAAAAAAAAAAAQAAAAAAAAAAAAAAAAAAAA==
e5481e3688f6715f06347bb4255a9b626fcc25a790e5fdd8096b56a9af43cc41	5	7	AAAAABPIkKSLRp6IvwLsEs8V7/5mMk48dclxORqgodNMbsOWAAAAZAAAAAIAAAAPAAAAAAAAAAAAAAABAAAAAAAAAAMAAAABMzEAAAAAAADUgf1bADE9Lm+kzkiqLF6IikKUlXhmkQmru7EgP79pQgAAAAFVU0QAAAAAANSB/VsAMT0ub6TOSKosXoiKQpSVeGaRCau7sSA/v2lCAAAAABfXhAAAAAABAAAAAQAAAAAAAAAAAAAAAAAAAAFMbsOWAAAAQJyR2fKN6daw2li7Jh43SWrO8iQIX0u8NDZ0HXOtups9R+C84kLbRTfgoKMo5UmtZO5c6PoCGl6CMTvA8rLNLwU=	5UgeNoj2cV8GNHu0JVqbYm/MJaeQ5f3YCWtWqa9DzEEAAAAAAAAAZAAAAAAAAAABAAAAAAAAAAMAAAAAAAAAAAAAAAAAAAAAE8iQpItGnoi/AuwSzxXv/mYyTjx1yXE5GqCh00xuw5YAAAAAAAAABwAAAAEzMQAAAAAAANSB/VsAMT0ub6TOSKosXoiKQpSVeGaRCau7sSA/v2lCAAAAAVVTRAAAAAAA1IH9WwAxPS5vpM5IqixeiIpClJV4ZpEJq7uxID+/aUIAAAAAF9eEAAAAAAEAAAABAAAAAAAAAAAAAAAA	AAAAAAAAAAEAAAACAAAAAAAAAAUAAAACAAAAABPIkKSLRp6IvwLsEs8V7/5mMk48dclxORqgodNMbsOWAAAAAAAAAAcAAAABMzEAAAAAAADUgf1bADE9Lm+kzkiqLF6IikKUlXhmkQmru7EgP79pQgAAAAFVU0QAAAAAANSB/VsAMT0ub6TOSKosXoiKQpSVeGaRCau7sSA/v2lCAAAAABfXhAAAAAABAAAAAQAAAAAAAAAAAAAAAAAAAAEAAAAFAAAAAAAAAAATyJCki0aeiL8C7BLPFe/+ZjJOPHXJcTkaoKHTTG7DlgAAAAJUC9z4AAAAAgAAABIAAAAPAAAAAAAAAAAAAAAAAQAAAAAAAAAAAAAAAAAAAA==
52f5ce645dbbd43a882a770b39158440f26f04ddc7d28650b653698acb2fb5b8	5	8	AAAAABPIkKSLRp6IvwLsEs8V7/5mMk48dclxORqgodNMbsOWAAAAZAAAAAIAAAAQAAAAAAAAAAAAAAABAAAAAAAAAAMAAAABMzIAAAAAAADUgf1bADE9Lm+kzkiqLF6IikKUlXhmkQmru7EgP79pQgAAAAEzMQAAAAAAANSB/VsAMT0ub6TOSKosXoiKQpSVeGaRCau7sSA/v2lCAAAAABfXhAAAAAABAAAAAQAAAAAAAAAAAAAAAAAAAAFMbsOWAAAAQL983H8UEtSzCn12cQ7pMvLhRNO40q/QvAEJ5bAfoDlMnF68jCmkFWRmzk/ahbnlncsQmHxT0RgyqVacTqfWzwU=	UvXOZF271DqIKncLORWEQPJvBN3H0oZQtlNpissvtbgAAAAAAAAAZAAAAAAAAAABAAAAAAAAAAMAAAAAAAAAAAAAAAAAAAAAE8iQpItGnoi/AuwSzxXv/mYyTjx1yXE5GqCh00xuw5YAAAAAAAAACAAAAAEzMgAAAAAAANSB/VsAMT0ub6TOSKosXoiKQpSVeGaRCau7sSA/v2lCAAAAATMxAAAAAAAA1IH9WwAxPS5vpM5IqixeiIpClJV4ZpEJq7uxID+/aUIAAAAAF9eEAAAAAAEAAAABAAAAAAAAAAAAAAAA	AAAAAAAAAAEAAAACAAAAAAAAAAUAAAACAAAAABPIkKSLRp6IvwLsEs8V7/5mMk48dclxORqgodNMbsOWAAAAAAAAAAgAAAABMzIAAAAAAADUgf1bADE9Lm+kzkiqLF6IikKUlXhmkQmru7EgP79pQgAAAAEzMQAAAAAAANSB/VsAMT0ub6TOSKosXoiKQpSVeGaRCau7sSA/v2lCAAAAABfXhAAAAAABAAAAAQAAAAAAAAAAAAAAAAAAAAEAAAAFAAAAAAAAAAATyJCki0aeiL8C7BLPFe/+ZjJOPHXJcTkaoKHTTG7DlgAAAAJUC9z4AAAAAgAAABIAAAAQAAAAAAAAAAAAAAAAAQAAAAAAAAAAAAAAAAAAAA==
f646404ce9f2fd78e45b62c53fc32a3fae8cf0e35f67df1e171c7a0f37b795cf	5	9	AAAAABPIkKSLRp6IvwLsEs8V7/5mMk48dclxORqgodNMbsOWAAAAZAAAAAIAAAARAAAAAAAAAAAAAAABAAAAAAAAAAMAAAABMzMAAAAAAADUgf1bADE9Lm+kzkiqLF6IikKUlXhmkQmru7EgP79pQgAAAAEzMgAAAAAAANSB/VsAMT0ub6TOSKosXoiKQpSVeGaRCau7sSA/v2lCAAAAABfXhAAAAAABAAAAAQAAAAAAAAAAAAAAAAAAAAFMbsOWAAAAQJ9wkAZuAlUq4I8dtabmVKi6I2wkWnvJR+jmQw9dE3p250mfJo9OCerjZEHr46oECu1i60AjATGU3Vp7u0WlCwU=	9kZATOny/XjkW2LFP8MqP66M8ONfZ98eFxx6Dze3lc8AAAAAAAAAZAAAAAAAAAABAAAAAAAAAAMAAAAAAAAAAAAAAAAAAAAAE8iQpItGnoi/AuwSzxXv/mYyTjx1yXE5GqCh00xuw5YAAAAAAAAACQAAAAEzMwAAAAAAANSB/VsAMT0ub6TOSKosXoiKQpSVeGaRCau7sSA/v2lCAAAAATMyAAAAAAAA1IH9WwAxPS5vpM5IqixeiIpClJV4ZpEJq7uxID+/aUIAAAAAF9eEAAAAAAEAAAABAAAAAAAAAAAAAAAA	AAAAAAAAAAEAAAACAAAAAAAAAAUAAAACAAAAABPIkKSLRp6IvwLsEs8V7/5mMk48dclxORqgodNMbsOWAAAAAAAAAAkAAAABMzMAAAAAAADUgf1bADE9Lm+kzkiqLF6IikKUlXhmkQmru7EgP79pQgAAAAEzMgAAAAAAANSB/VsAMT0ub6TOSKosXoiKQpSVeGaRCau7sSA/v2lCAAAAABfXhAAAAAABAAAAAQAAAAAAAAAAAAAAAAAAAAEAAAAFAAAAAAAAAAATyJCki0aeiL8C7BLPFe/+ZjJOPHXJcTkaoKHTTG7DlgAAAAJUC9z4AAAAAgAAABIAAAARAAAAAAAAAAAAAAAAAQAAAAAAAAAAAAAAAAAAAA==
1f061281b397c8d173d73f555f3e8b8f47948b25c3178efc50cfac1f69fc4c39	5	10	AAAAABPIkKSLRp6IvwLsEs8V7/5mMk48dclxORqgodNMbsOWAAAAZAAAAAIAAAASAAAAAAAAAAAAAAABAAAAAAAAAAMAAAABRVVSAAAAAADUgf1bADE9Lm+kzkiqLF6IikKUlXhmkQmru7EgP79pQgAAAAEzMwAAAAAAANSB/VsAMT0ub6TOSKosXoiKQpSVeGaRCau7sSA/v2lCAAAAABfXhAAAAAABAAAAAQAAAAAAAAAAAAAAAAAAAAFMbsOWAAAAQNcBH+AuCKtatcuxPmHwAXN3uoNV25XpSSosjMLY31bjnQmVV1fdwez29eoDO2nwmklQKSeXBKg/T5ex8zZ8JgM=	HwYSgbOXyNFz1z9VXz6Lj0eUiyXDF478UM+sH2n8TDkAAAAAAAAAZAAAAAAAAAABAAAAAAAAAAMAAAAAAAAAAAAAAAAAAAAAE8iQpItGnoi/AuwSzxXv/mYyTjx1yXE5GqCh00xuw5YAAAAAAAAACgAAAAFFVVIAAAAAANSB/VsAMT0ub6TOSKosXoiKQpSVeGaRCau7sSA/v2lCAAAAATMzAAAAAAAA1IH9WwAxPS5vpM5IqixeiIpClJV4ZpEJq7uxID+/aUIAAAAAF9eEAAAAAAEAAAABAAAAAAAAAAAAAAAA	AAAAAAAAAAEAAAACAAAAAAAAAAUAAAACAAAAABPIkKSLRp6IvwLsEs8V7/5mMk48dclxORqgodNMbsOWAAAAAAAAAAoAAAABRVVSAAAAAADUgf1bADE9Lm+kzkiqLF6IikKUlXhmkQmru7EgP79pQgAAAAEzMwAAAAAAANSB/VsAMT0ub6TOSKosXoiKQpSVeGaRCau7sSA/v2lCAAAAABfXhAAAAAABAAAAAQAAAAAAAAAAAAAAAAAAAAEAAAAFAAAAAAAAAAATyJCki0aeiL8C7BLPFe/+ZjJOPHXJcTkaoKHTTG7DlgAAAAJUC9z4AAAAAgAAABIAAAASAAAAAAAAAAAAAAAAAQAAAAAAAAAAAAAAAAAAAA==
\.


--
-- Name: accounts_pkey; Type: CONSTRAINT; Schema: public; Owner: -; Tablespace: 
--

ALTER TABLE ONLY accounts
    ADD CONSTRAINT accounts_pkey PRIMARY KEY (accountid);


--
-- Name: ledgerheaders_ledgerseq_key; Type: CONSTRAINT; Schema: public; Owner: -; Tablespace: 
--

ALTER TABLE ONLY ledgerheaders
    ADD CONSTRAINT ledgerheaders_ledgerseq_key UNIQUE (ledgerseq);


--
-- Name: ledgerheaders_pkey; Type: CONSTRAINT; Schema: public; Owner: -; Tablespace: 
--

ALTER TABLE ONLY ledgerheaders
    ADD CONSTRAINT ledgerheaders_pkey PRIMARY KEY (ledgerhash);


--
-- Name: offers_pkey; Type: CONSTRAINT; Schema: public; Owner: -; Tablespace: 
--

ALTER TABLE ONLY offers
    ADD CONSTRAINT offers_pkey PRIMARY KEY (offerid);


--
-- Name: peers_pkey; Type: CONSTRAINT; Schema: public; Owner: -; Tablespace: 
--

ALTER TABLE ONLY peers
    ADD CONSTRAINT peers_pkey PRIMARY KEY (ip, port);


--
-- Name: pubsub_pkey; Type: CONSTRAINT; Schema: public; Owner: -; Tablespace: 
--

ALTER TABLE ONLY pubsub
    ADD CONSTRAINT pubsub_pkey PRIMARY KEY (resid);


--
-- Name: signers_pkey; Type: CONSTRAINT; Schema: public; Owner: -; Tablespace: 
--

ALTER TABLE ONLY signers
    ADD CONSTRAINT signers_pkey PRIMARY KEY (accountid, publickey);


--
-- Name: storestate_pkey; Type: CONSTRAINT; Schema: public; Owner: -; Tablespace: 
--

ALTER TABLE ONLY storestate
    ADD CONSTRAINT storestate_pkey PRIMARY KEY (statename);


--
-- Name: trustlines_pkey; Type: CONSTRAINT; Schema: public; Owner: -; Tablespace: 
--

ALTER TABLE ONLY trustlines
    ADD CONSTRAINT trustlines_pkey PRIMARY KEY (accountid, issuer, assetcode);


--
-- Name: txfeehistory_pkey; Type: CONSTRAINT; Schema: public; Owner: -; Tablespace: 
--

ALTER TABLE ONLY txfeehistory
    ADD CONSTRAINT txfeehistory_pkey PRIMARY KEY (ledgerseq, txindex);


--
-- Name: txhistory_pkey; Type: CONSTRAINT; Schema: public; Owner: -; Tablespace: 
--

ALTER TABLE ONLY txhistory
    ADD CONSTRAINT txhistory_pkey PRIMARY KEY (ledgerseq, txindex);


--
-- Name: accountbalances; Type: INDEX; Schema: public; Owner: -; Tablespace: 
--

CREATE INDEX accountbalances ON accounts USING btree (balance) WHERE (balance >= 1000000000);


--
-- Name: buyingissuerindex; Type: INDEX; Schema: public; Owner: -; Tablespace: 
--

CREATE INDEX buyingissuerindex ON offers USING btree (buyingissuer);


--
-- Name: histbyseq; Type: INDEX; Schema: public; Owner: -; Tablespace: 
--

CREATE INDEX histbyseq ON txhistory USING btree (ledgerseq);


--
-- Name: histfeebyseq; Type: INDEX; Schema: public; Owner: -; Tablespace: 
--

CREATE INDEX histfeebyseq ON txfeehistory USING btree (ledgerseq);


--
-- Name: ledgersbyseq; Type: INDEX; Schema: public; Owner: -; Tablespace: 
--

CREATE INDEX ledgersbyseq ON ledgerheaders USING btree (ledgerseq);


--
-- Name: priceindex; Type: INDEX; Schema: public; Owner: -; Tablespace: 
--

CREATE INDEX priceindex ON offers USING btree (price);


--
-- Name: sellingissuerindex; Type: INDEX; Schema: public; Owner: -; Tablespace: 
--

CREATE INDEX sellingissuerindex ON offers USING btree (sellingissuer);


--
-- Name: signersaccount; Type: INDEX; Schema: public; Owner: -; Tablespace: 
--

CREATE INDEX signersaccount ON signers USING btree (accountid);


--
-- PostgreSQL database dump complete
--

