--
-- PostgreSQL database dump
--

SET statement_timeout = 0;
SET lock_timeout = 0;
SET client_encoding = 'UTF8';
SET standard_conforming_strings = on;
SET check_function_bodies = false;
SET client_min_messages = warning;

SET search_path = public, pg_catalog;

DROP INDEX public.unique_schema_migrations;
DROP INDEX public.trade_effects_by_order_book;
DROP INDEX public.index_history_transactions_on_id;
DROP INDEX public.index_history_transaction_statuses_lc_on_all;
DROP INDEX public.index_history_transaction_participants_on_transaction_hash;
DROP INDEX public.index_history_transaction_participants_on_account;
DROP INDEX public.index_history_operations_on_type;
DROP INDEX public.index_history_operations_on_transaction_id;
DROP INDEX public.index_history_operations_on_id;
DROP INDEX public.index_history_ledgers_on_sequence;
DROP INDEX public.index_history_ledgers_on_previous_ledger_hash;
DROP INDEX public.index_history_ledgers_on_ledger_hash;
DROP INDEX public.index_history_ledgers_on_importer_version;
DROP INDEX public.index_history_ledgers_on_id;
DROP INDEX public.index_history_ledgers_on_closed_at;
DROP INDEX public.index_history_effects_on_type;
DROP INDEX public.index_history_accounts_on_id;
DROP INDEX public.hs_transaction_by_id;
DROP INDEX public.hs_ledger_by_id;
DROP INDEX public.hist_op_p_id;
DROP INDEX public.hist_e_id;
DROP INDEX public.hist_e_by_order;
DROP INDEX public.by_ledger;
DROP INDEX public.by_hash;
DROP INDEX public.by_account;
ALTER TABLE ONLY public.history_transaction_statuses DROP CONSTRAINT history_transaction_statuses_pkey;
ALTER TABLE ONLY public.history_transaction_participants DROP CONSTRAINT history_transaction_participants_pkey;
ALTER TABLE ONLY public.history_operation_participants DROP CONSTRAINT history_operation_participants_pkey;
ALTER TABLE public.history_transaction_statuses ALTER COLUMN id DROP DEFAULT;
ALTER TABLE public.history_transaction_participants ALTER COLUMN id DROP DEFAULT;
ALTER TABLE public.history_operation_participants ALTER COLUMN id DROP DEFAULT;
DROP TABLE public.schema_migrations;
DROP TABLE public.history_transactions;
DROP SEQUENCE public.history_transaction_statuses_id_seq;
DROP TABLE public.history_transaction_statuses;
DROP SEQUENCE public.history_transaction_participants_id_seq;
DROP TABLE public.history_transaction_participants;
DROP TABLE public.history_operations;
DROP SEQUENCE public.history_operation_participants_id_seq;
DROP TABLE public.history_operation_participants;
DROP TABLE public.history_ledgers;
DROP TABLE public.history_effects;
DROP TABLE public.history_accounts;
DROP EXTENSION hstore;
DROP EXTENSION plpgsql;
DROP SCHEMA public;
--
-- Name: public; Type: SCHEMA; Schema: -; Owner: -
--

CREATE SCHEMA public;


--
-- Name: SCHEMA public; Type: COMMENT; Schema: -; Owner: -
--

COMMENT ON SCHEMA public IS 'standard public schema';


--
-- Name: plpgsql; Type: EXTENSION; Schema: -; Owner: -
--

CREATE EXTENSION IF NOT EXISTS plpgsql WITH SCHEMA pg_catalog;


--
-- Name: EXTENSION plpgsql; Type: COMMENT; Schema: -; Owner: -
--

COMMENT ON EXTENSION plpgsql IS 'PL/pgSQL procedural language';


--
-- Name: hstore; Type: EXTENSION; Schema: -; Owner: -
--

CREATE EXTENSION IF NOT EXISTS hstore WITH SCHEMA public;


--
-- Name: EXTENSION hstore; Type: COMMENT; Schema: -; Owner: -
--

COMMENT ON EXTENSION hstore IS 'data type for storing sets of (key, value) pairs';


SET search_path = public, pg_catalog;

SET default_tablespace = '';

SET default_with_oids = false;

--
-- Name: history_accounts; Type: TABLE; Schema: public; Owner: -; Tablespace: 
--

CREATE TABLE history_accounts (
    id bigint NOT NULL,
    address character varying(64)
);


--
-- Name: history_effects; Type: TABLE; Schema: public; Owner: -; Tablespace: 
--

CREATE TABLE history_effects (
    history_account_id bigint NOT NULL,
    history_operation_id bigint NOT NULL,
    "order" integer NOT NULL,
    type integer NOT NULL,
    details jsonb
);


--
-- Name: history_ledgers; Type: TABLE; Schema: public; Owner: -; Tablespace: 
--

CREATE TABLE history_ledgers (
    sequence integer NOT NULL,
    ledger_hash character varying(64) NOT NULL,
    previous_ledger_hash character varying(64),
    transaction_count integer DEFAULT 0 NOT NULL,
    operation_count integer DEFAULT 0 NOT NULL,
    closed_at timestamp without time zone NOT NULL,
    created_at timestamp without time zone,
    updated_at timestamp without time zone,
    id bigint,
    importer_version integer DEFAULT 1 NOT NULL
);


--
-- Name: history_operation_participants; Type: TABLE; Schema: public; Owner: -; Tablespace: 
--

CREATE TABLE history_operation_participants (
    id integer NOT NULL,
    history_operation_id bigint NOT NULL,
    history_account_id bigint NOT NULL
);


--
-- Name: history_operation_participants_id_seq; Type: SEQUENCE; Schema: public; Owner: -
--

CREATE SEQUENCE history_operation_participants_id_seq
    START WITH 1
    INCREMENT BY 1
    NO MINVALUE
    NO MAXVALUE
    CACHE 1;


--
-- Name: history_operation_participants_id_seq; Type: SEQUENCE OWNED BY; Schema: public; Owner: -
--

ALTER SEQUENCE history_operation_participants_id_seq OWNED BY history_operation_participants.id;


--
-- Name: history_operations; Type: TABLE; Schema: public; Owner: -; Tablespace: 
--

CREATE TABLE history_operations (
    id bigint NOT NULL,
    transaction_id bigint NOT NULL,
    application_order integer NOT NULL,
    type integer NOT NULL,
    details jsonb
);


--
-- Name: history_transaction_participants; Type: TABLE; Schema: public; Owner: -; Tablespace: 
--

CREATE TABLE history_transaction_participants (
    id integer NOT NULL,
    transaction_hash character varying(64) NOT NULL,
    account character varying(64) NOT NULL,
    created_at timestamp without time zone,
    updated_at timestamp without time zone
);


--
-- Name: history_transaction_participants_id_seq; Type: SEQUENCE; Schema: public; Owner: -
--

CREATE SEQUENCE history_transaction_participants_id_seq
    START WITH 1
    INCREMENT BY 1
    NO MINVALUE
    NO MAXVALUE
    CACHE 1;


--
-- Name: history_transaction_participants_id_seq; Type: SEQUENCE OWNED BY; Schema: public; Owner: -
--

ALTER SEQUENCE history_transaction_participants_id_seq OWNED BY history_transaction_participants.id;


--
-- Name: history_transaction_statuses; Type: TABLE; Schema: public; Owner: -; Tablespace: 
--

CREATE TABLE history_transaction_statuses (
    id integer NOT NULL,
    result_code_s character varying NOT NULL,
    result_code integer NOT NULL
);


--
-- Name: history_transaction_statuses_id_seq; Type: SEQUENCE; Schema: public; Owner: -
--

CREATE SEQUENCE history_transaction_statuses_id_seq
    START WITH 1
    INCREMENT BY 1
    NO MINVALUE
    NO MAXVALUE
    CACHE 1;


--
-- Name: history_transaction_statuses_id_seq; Type: SEQUENCE OWNED BY; Schema: public; Owner: -
--

ALTER SEQUENCE history_transaction_statuses_id_seq OWNED BY history_transaction_statuses.id;


--
-- Name: history_transactions; Type: TABLE; Schema: public; Owner: -; Tablespace: 
--

CREATE TABLE history_transactions (
    transaction_hash character varying(64) NOT NULL,
    ledger_sequence integer NOT NULL,
    application_order integer NOT NULL,
    account character varying(64) NOT NULL,
    account_sequence bigint NOT NULL,
    max_fee integer NOT NULL,
    fee_paid integer NOT NULL,
    operation_count integer NOT NULL,
    created_at timestamp without time zone,
    updated_at timestamp without time zone,
    id bigint,
    tx_envelope text NOT NULL,
    tx_result text NOT NULL,
    tx_meta text NOT NULL,
    tx_fee_meta text NOT NULL
);


--
-- Name: schema_migrations; Type: TABLE; Schema: public; Owner: -; Tablespace: 
--

CREATE TABLE schema_migrations (
    version character varying(255) NOT NULL
);


--
-- Name: id; Type: DEFAULT; Schema: public; Owner: -
--

ALTER TABLE ONLY history_operation_participants ALTER COLUMN id SET DEFAULT nextval('history_operation_participants_id_seq'::regclass);


--
-- Name: id; Type: DEFAULT; Schema: public; Owner: -
--

ALTER TABLE ONLY history_transaction_participants ALTER COLUMN id SET DEFAULT nextval('history_transaction_participants_id_seq'::regclass);


--
-- Name: id; Type: DEFAULT; Schema: public; Owner: -
--

ALTER TABLE ONLY history_transaction_statuses ALTER COLUMN id SET DEFAULT nextval('history_transaction_statuses_id_seq'::regclass);


--
-- Data for Name: history_accounts; Type: TABLE DATA; Schema: public; Owner: -
--

COPY history_accounts (id, address) FROM stdin;
0	GBRPYHIL2CI3FNQ4BXLFMNDLFJUNPU2HY3ZMFSHONUCEOASW7QC7OX2H
8589938689	GDKID7K3AAYT2LTPUTHERKRML2EIUQUUSV4GNEIJVO53CIB7X5UUEQV3
8589942785	GDVLORSDVQHIJVH37VM4T3UUL7JYDJ7X452W7EEJ4NX65327WVXSXTNR
8589946881	GCRQKGWDGURKEPOAENDEZBP57O4THLAX4G2QW44BYRKGPYXFMKNCHWLS
8589950977	GAJ4REFERNDJ5CF7ALWBFTYV577GMMSOHR24S4JZDKQKDU2MN3BZMNTP
\.


--
-- Data for Name: history_effects; Type: TABLE DATA; Schema: public; Owner: -
--

COPY history_effects (history_account_id, history_operation_id, "order", type, details) FROM stdin;
8589938689	8589938689	1	0	{"starting_balance": "1000.0"}
0	8589938689	2	3	{"amount": "1000.0", "asset_type": "native"}
8589938689	8589938689	3	10	{"weight": 2, "public_key": "GDKID7K3AAYT2LTPUTHERKRML2EIUQUUSV4GNEIJVO53CIB7X5UUEQV3"}
8589942785	8589942785	1	0	{"starting_balance": "1000.0"}
0	8589942785	2	3	{"amount": "1000.0", "asset_type": "native"}
8589942785	8589942785	3	10	{"weight": 2, "public_key": "GDVLORSDVQHIJVH37VM4T3UUL7JYDJ7X452W7EEJ4NX65327WVXSXTNR"}
8589946881	8589946881	1	0	{"starting_balance": "1000.0"}
0	8589946881	2	3	{"amount": "1000.0", "asset_type": "native"}
8589946881	8589946881	3	10	{"weight": 2, "public_key": "GCRQKGWDGURKEPOAENDEZBP57O4THLAX4G2QW44BYRKGPYXFMKNCHWLS"}
8589950977	8589950977	1	0	{"starting_balance": "1000.0"}
0	8589950977	2	3	{"amount": "1000.0", "asset_type": "native"}
8589950977	8589950977	3	10	{"weight": 2, "public_key": "GAJ4REFERNDJ5CF7ALWBFTYV577GMMSOHR24S4JZDKQKDU2MN3BZMNTP"}
8589942785	12884905985	1	20	{"limit": "922337203685.4775807", "asset_code": "USD", "asset_type": "credit_alphanum4", "asset_issuer": "GDKID7K3AAYT2LTPUTHERKRML2EIUQUUSV4GNEIJVO53CIB7X5UUEQV3"}
8589946881	12884910081	1	20	{"limit": "922337203685.4775807", "asset_code": "EUR", "asset_type": "credit_alphanum4", "asset_issuer": "GDKID7K3AAYT2LTPUTHERKRML2EIUQUUSV4GNEIJVO53CIB7X5UUEQV3"}
8589950977	12884914177	1	20	{"limit": "922337203685.4775807", "asset_code": "USD", "asset_type": "credit_alphanum4", "asset_issuer": "GDKID7K3AAYT2LTPUTHERKRML2EIUQUUSV4GNEIJVO53CIB7X5UUEQV3"}
8589950977	12884918273	1	20	{"limit": "922337203685.4775807", "asset_code": "EUR", "asset_type": "credit_alphanum4", "asset_issuer": "GDKID7K3AAYT2LTPUTHERKRML2EIUQUUSV4GNEIJVO53CIB7X5UUEQV3"}
8589950977	12884922369	1	20	{"limit": "922337203685.4775807", "asset_code": "1", "asset_type": "credit_alphanum4", "asset_issuer": "GDKID7K3AAYT2LTPUTHERKRML2EIUQUUSV4GNEIJVO53CIB7X5UUEQV3"}
8589950977	12884926465	1	20	{"limit": "922337203685.4775807", "asset_code": "21", "asset_type": "credit_alphanum4", "asset_issuer": "GDKID7K3AAYT2LTPUTHERKRML2EIUQUUSV4GNEIJVO53CIB7X5UUEQV3"}
8589950977	12884930561	1	20	{"limit": "922337203685.4775807", "asset_code": "22", "asset_type": "credit_alphanum4", "asset_issuer": "GDKID7K3AAYT2LTPUTHERKRML2EIUQUUSV4GNEIJVO53CIB7X5UUEQV3"}
8589950977	12884934657	1	20	{"limit": "922337203685.4775807", "asset_code": "31", "asset_type": "credit_alphanum4", "asset_issuer": "GDKID7K3AAYT2LTPUTHERKRML2EIUQUUSV4GNEIJVO53CIB7X5UUEQV3"}
8589950977	12884938753	1	20	{"limit": "922337203685.4775807", "asset_code": "32", "asset_type": "credit_alphanum4", "asset_issuer": "GDKID7K3AAYT2LTPUTHERKRML2EIUQUUSV4GNEIJVO53CIB7X5UUEQV3"}
8589950977	12884942849	1	20	{"limit": "922337203685.4775807", "asset_code": "33", "asset_type": "credit_alphanum4", "asset_issuer": "GDKID7K3AAYT2LTPUTHERKRML2EIUQUUSV4GNEIJVO53CIB7X5UUEQV3"}
8589942785	17179873281	1	2	{"amount": "5000.0", "asset_code": "USD", "asset_type": "credit_alphanum4", "asset_issuer": "GDKID7K3AAYT2LTPUTHERKRML2EIUQUUSV4GNEIJVO53CIB7X5UUEQV3"}
8589938689	17179873281	2	3	{"amount": "5000.0", "asset_code": "USD", "asset_type": "credit_alphanum4", "asset_issuer": "GDKID7K3AAYT2LTPUTHERKRML2EIUQUUSV4GNEIJVO53CIB7X5UUEQV3"}
8589950977	17179877377	1	2	{"amount": "5000.0", "asset_code": "EUR", "asset_type": "credit_alphanum4", "asset_issuer": "GDKID7K3AAYT2LTPUTHERKRML2EIUQUUSV4GNEIJVO53CIB7X5UUEQV3"}
8589938689	17179877377	2	3	{"amount": "5000.0", "asset_code": "EUR", "asset_type": "credit_alphanum4", "asset_issuer": "GDKID7K3AAYT2LTPUTHERKRML2EIUQUUSV4GNEIJVO53CIB7X5UUEQV3"}
8589950977	17179881473	1	2	{"amount": "5000.0", "asset_code": "1", "asset_type": "credit_alphanum4", "asset_issuer": "GDKID7K3AAYT2LTPUTHERKRML2EIUQUUSV4GNEIJVO53CIB7X5UUEQV3"}
8589938689	17179881473	2	3	{"amount": "5000.0", "asset_code": "1", "asset_type": "credit_alphanum4", "asset_issuer": "GDKID7K3AAYT2LTPUTHERKRML2EIUQUUSV4GNEIJVO53CIB7X5UUEQV3"}
8589950977	17179885569	1	2	{"amount": "5000.0", "asset_code": "21", "asset_type": "credit_alphanum4", "asset_issuer": "GDKID7K3AAYT2LTPUTHERKRML2EIUQUUSV4GNEIJVO53CIB7X5UUEQV3"}
8589938689	17179885569	2	3	{"amount": "5000.0", "asset_code": "21", "asset_type": "credit_alphanum4", "asset_issuer": "GDKID7K3AAYT2LTPUTHERKRML2EIUQUUSV4GNEIJVO53CIB7X5UUEQV3"}
8589950977	17179889665	1	2	{"amount": "5000.0", "asset_code": "22", "asset_type": "credit_alphanum4", "asset_issuer": "GDKID7K3AAYT2LTPUTHERKRML2EIUQUUSV4GNEIJVO53CIB7X5UUEQV3"}
8589938689	17179889665	2	3	{"amount": "5000.0", "asset_code": "22", "asset_type": "credit_alphanum4", "asset_issuer": "GDKID7K3AAYT2LTPUTHERKRML2EIUQUUSV4GNEIJVO53CIB7X5UUEQV3"}
8589950977	17179893761	1	2	{"amount": "5000.0", "asset_code": "31", "asset_type": "credit_alphanum4", "asset_issuer": "GDKID7K3AAYT2LTPUTHERKRML2EIUQUUSV4GNEIJVO53CIB7X5UUEQV3"}
8589938689	17179893761	2	3	{"amount": "5000.0", "asset_code": "31", "asset_type": "credit_alphanum4", "asset_issuer": "GDKID7K3AAYT2LTPUTHERKRML2EIUQUUSV4GNEIJVO53CIB7X5UUEQV3"}
8589950977	17179897857	1	2	{"amount": "5000.0", "asset_code": "32", "asset_type": "credit_alphanum4", "asset_issuer": "GDKID7K3AAYT2LTPUTHERKRML2EIUQUUSV4GNEIJVO53CIB7X5UUEQV3"}
8589938689	17179897857	2	3	{"amount": "5000.0", "asset_code": "32", "asset_type": "credit_alphanum4", "asset_issuer": "GDKID7K3AAYT2LTPUTHERKRML2EIUQUUSV4GNEIJVO53CIB7X5UUEQV3"}
8589950977	17179901953	1	2	{"amount": "5000.0", "asset_code": "33", "asset_type": "credit_alphanum4", "asset_issuer": "GDKID7K3AAYT2LTPUTHERKRML2EIUQUUSV4GNEIJVO53CIB7X5UUEQV3"}
8589938689	17179901953	2	3	{"amount": "5000.0", "asset_code": "33", "asset_type": "credit_alphanum4", "asset_issuer": "GDKID7K3AAYT2LTPUTHERKRML2EIUQUUSV4GNEIJVO53CIB7X5UUEQV3"}
\.


--
-- Data for Name: history_ledgers; Type: TABLE DATA; Schema: public; Owner: -
--

COPY history_ledgers (sequence, ledger_hash, previous_ledger_hash, transaction_count, operation_count, closed_at, created_at, updated_at, id, importer_version) FROM stdin;
1	63d98f536ee68d1b27b5b89f23af5311b7569a24faf1403ad0b52b633b07be99	\N	0	0	1970-01-01 00:00:00	2015-09-29 23:20:53.600281	2015-09-29 23:20:53.600281	4294967296	1
2	2f83a19772203f242389a1ed260cddb943f18833fe6863406193bea2e05a17f1	63d98f536ee68d1b27b5b89f23af5311b7569a24faf1403ad0b52b633b07be99	4	4	2015-09-29 23:20:51	2015-09-29 23:20:53.611194	2015-09-29 23:20:53.611194	8589934592	1
3	41300aec0e6c28c716bdec682d9da494075ba33f6231f68e64c9facd1b0452a0	2f83a19772203f242389a1ed260cddb943f18833fe6863406193bea2e05a17f1	10	10	2015-09-29 23:20:52	2015-09-29 23:20:53.717672	2015-09-29 23:20:53.717672	12884901888	1
4	8a0b959fc2030eb13080ec0ad869ed9641620aa3f9033b46975e4f40e5ac9f9e	41300aec0e6c28c716bdec682d9da494075ba33f6231f68e64c9facd1b0452a0	8	8	2015-09-29 23:20:53	2015-09-29 23:20:53.862764	2015-09-29 23:20:53.862764	17179869184	1
5	25ffea6fab0c4bedd29473f80448d4a8bd3b5f6b457ae886dcd1f4af071c39e1	8a0b959fc2030eb13080ec0ad869ed9641620aa3f9033b46975e4f40e5ac9f9e	10	10	2015-09-29 23:20:54	2015-09-29 23:20:53.988817	2015-09-29 23:20:53.988817	21474836480	1
\.


--
-- Data for Name: history_operation_participants; Type: TABLE DATA; Schema: public; Owner: -
--

COPY history_operation_participants (id, history_operation_id, history_account_id) FROM stdin;
107	8589938689	0
108	8589938689	8589938689
109	8589942785	0
110	8589942785	8589942785
111	8589946881	0
112	8589946881	8589946881
113	8589950977	0
114	8589950977	8589950977
115	12884905985	8589942785
116	12884910081	8589946881
117	12884914177	8589950977
118	12884918273	8589950977
119	12884922369	8589950977
120	12884926465	8589950977
121	12884930561	8589950977
122	12884934657	8589950977
123	12884938753	8589950977
124	12884942849	8589950977
125	17179873281	8589938689
126	17179873281	8589942785
127	17179877377	8589938689
128	17179877377	8589950977
129	17179881473	8589938689
130	17179881473	8589950977
131	17179885569	8589938689
132	17179885569	8589950977
133	17179889665	8589938689
134	17179889665	8589950977
135	17179893761	8589938689
136	17179893761	8589950977
137	17179897857	8589938689
138	17179897857	8589950977
139	17179901953	8589938689
140	17179901953	8589950977
141	21474840577	8589950977
142	21474844673	8589950977
143	21474848769	8589950977
144	21474852865	8589950977
145	21474856961	8589950977
146	21474861057	8589950977
147	21474865153	8589950977
148	21474869249	8589950977
149	21474873345	8589950977
150	21474877441	8589950977
\.


--
-- Name: history_operation_participants_id_seq; Type: SEQUENCE SET; Schema: public; Owner: -
--

SELECT pg_catalog.setval('history_operation_participants_id_seq', 150, true);


--
-- Data for Name: history_operations; Type: TABLE DATA; Schema: public; Owner: -
--

COPY history_operations (id, transaction_id, application_order, type, details) FROM stdin;
8589938689	8589938688	1	0	{"funder": "GBRPYHIL2CI3FNQ4BXLFMNDLFJUNPU2HY3ZMFSHONUCEOASW7QC7OX2H", "account": "GDKID7K3AAYT2LTPUTHERKRML2EIUQUUSV4GNEIJVO53CIB7X5UUEQV3", "starting_balance": "1000.0"}
8589942785	8589942784	1	0	{"funder": "GBRPYHIL2CI3FNQ4BXLFMNDLFJUNPU2HY3ZMFSHONUCEOASW7QC7OX2H", "account": "GDVLORSDVQHIJVH37VM4T3UUL7JYDJ7X452W7EEJ4NX65327WVXSXTNR", "starting_balance": "1000.0"}
8589946881	8589946880	1	0	{"funder": "GBRPYHIL2CI3FNQ4BXLFMNDLFJUNPU2HY3ZMFSHONUCEOASW7QC7OX2H", "account": "GCRQKGWDGURKEPOAENDEZBP57O4THLAX4G2QW44BYRKGPYXFMKNCHWLS", "starting_balance": "1000.0"}
8589950977	8589950976	1	0	{"funder": "GBRPYHIL2CI3FNQ4BXLFMNDLFJUNPU2HY3ZMFSHONUCEOASW7QC7OX2H", "account": "GAJ4REFERNDJ5CF7ALWBFTYV577GMMSOHR24S4JZDKQKDU2MN3BZMNTP", "starting_balance": "1000.0"}
12884905985	12884905984	1	6	{"limit": "922337203685.4775807", "trustee": "GDKID7K3AAYT2LTPUTHERKRML2EIUQUUSV4GNEIJVO53CIB7X5UUEQV3", "trustor": "GDVLORSDVQHIJVH37VM4T3UUL7JYDJ7X452W7EEJ4NX65327WVXSXTNR", "asset_code": "USD", "asset_type": "credit_alphanum4", "asset_issuer": "GDKID7K3AAYT2LTPUTHERKRML2EIUQUUSV4GNEIJVO53CIB7X5UUEQV3"}
12884910081	12884910080	1	6	{"limit": "922337203685.4775807", "trustee": "GDKID7K3AAYT2LTPUTHERKRML2EIUQUUSV4GNEIJVO53CIB7X5UUEQV3", "trustor": "GCRQKGWDGURKEPOAENDEZBP57O4THLAX4G2QW44BYRKGPYXFMKNCHWLS", "asset_code": "EUR", "asset_type": "credit_alphanum4", "asset_issuer": "GDKID7K3AAYT2LTPUTHERKRML2EIUQUUSV4GNEIJVO53CIB7X5UUEQV3"}
12884914177	12884914176	1	6	{"limit": "922337203685.4775807", "trustee": "GDKID7K3AAYT2LTPUTHERKRML2EIUQUUSV4GNEIJVO53CIB7X5UUEQV3", "trustor": "GAJ4REFERNDJ5CF7ALWBFTYV577GMMSOHR24S4JZDKQKDU2MN3BZMNTP", "asset_code": "USD", "asset_type": "credit_alphanum4", "asset_issuer": "GDKID7K3AAYT2LTPUTHERKRML2EIUQUUSV4GNEIJVO53CIB7X5UUEQV3"}
12884918273	12884918272	1	6	{"limit": "922337203685.4775807", "trustee": "GDKID7K3AAYT2LTPUTHERKRML2EIUQUUSV4GNEIJVO53CIB7X5UUEQV3", "trustor": "GAJ4REFERNDJ5CF7ALWBFTYV577GMMSOHR24S4JZDKQKDU2MN3BZMNTP", "asset_code": "EUR", "asset_type": "credit_alphanum4", "asset_issuer": "GDKID7K3AAYT2LTPUTHERKRML2EIUQUUSV4GNEIJVO53CIB7X5UUEQV3"}
12884922369	12884922368	1	6	{"limit": "922337203685.4775807", "trustee": "GDKID7K3AAYT2LTPUTHERKRML2EIUQUUSV4GNEIJVO53CIB7X5UUEQV3", "trustor": "GAJ4REFERNDJ5CF7ALWBFTYV577GMMSOHR24S4JZDKQKDU2MN3BZMNTP", "asset_code": "1", "asset_type": "credit_alphanum4", "asset_issuer": "GDKID7K3AAYT2LTPUTHERKRML2EIUQUUSV4GNEIJVO53CIB7X5UUEQV3"}
12884926465	12884926464	1	6	{"limit": "922337203685.4775807", "trustee": "GDKID7K3AAYT2LTPUTHERKRML2EIUQUUSV4GNEIJVO53CIB7X5UUEQV3", "trustor": "GAJ4REFERNDJ5CF7ALWBFTYV577GMMSOHR24S4JZDKQKDU2MN3BZMNTP", "asset_code": "21", "asset_type": "credit_alphanum4", "asset_issuer": "GDKID7K3AAYT2LTPUTHERKRML2EIUQUUSV4GNEIJVO53CIB7X5UUEQV3"}
12884930561	12884930560	1	6	{"limit": "922337203685.4775807", "trustee": "GDKID7K3AAYT2LTPUTHERKRML2EIUQUUSV4GNEIJVO53CIB7X5UUEQV3", "trustor": "GAJ4REFERNDJ5CF7ALWBFTYV577GMMSOHR24S4JZDKQKDU2MN3BZMNTP", "asset_code": "22", "asset_type": "credit_alphanum4", "asset_issuer": "GDKID7K3AAYT2LTPUTHERKRML2EIUQUUSV4GNEIJVO53CIB7X5UUEQV3"}
12884934657	12884934656	1	6	{"limit": "922337203685.4775807", "trustee": "GDKID7K3AAYT2LTPUTHERKRML2EIUQUUSV4GNEIJVO53CIB7X5UUEQV3", "trustor": "GAJ4REFERNDJ5CF7ALWBFTYV577GMMSOHR24S4JZDKQKDU2MN3BZMNTP", "asset_code": "31", "asset_type": "credit_alphanum4", "asset_issuer": "GDKID7K3AAYT2LTPUTHERKRML2EIUQUUSV4GNEIJVO53CIB7X5UUEQV3"}
12884938753	12884938752	1	6	{"limit": "922337203685.4775807", "trustee": "GDKID7K3AAYT2LTPUTHERKRML2EIUQUUSV4GNEIJVO53CIB7X5UUEQV3", "trustor": "GAJ4REFERNDJ5CF7ALWBFTYV577GMMSOHR24S4JZDKQKDU2MN3BZMNTP", "asset_code": "32", "asset_type": "credit_alphanum4", "asset_issuer": "GDKID7K3AAYT2LTPUTHERKRML2EIUQUUSV4GNEIJVO53CIB7X5UUEQV3"}
12884942849	12884942848	1	6	{"limit": "922337203685.4775807", "trustee": "GDKID7K3AAYT2LTPUTHERKRML2EIUQUUSV4GNEIJVO53CIB7X5UUEQV3", "trustor": "GAJ4REFERNDJ5CF7ALWBFTYV577GMMSOHR24S4JZDKQKDU2MN3BZMNTP", "asset_code": "33", "asset_type": "credit_alphanum4", "asset_issuer": "GDKID7K3AAYT2LTPUTHERKRML2EIUQUUSV4GNEIJVO53CIB7X5UUEQV3"}
17179873281	17179873280	1	1	{"to": "GDVLORSDVQHIJVH37VM4T3UUL7JYDJ7X452W7EEJ4NX65327WVXSXTNR", "from": "GDKID7K3AAYT2LTPUTHERKRML2EIUQUUSV4GNEIJVO53CIB7X5UUEQV3", "amount": "5000.0", "asset_code": "USD", "asset_type": "credit_alphanum4", "asset_issuer": "GDKID7K3AAYT2LTPUTHERKRML2EIUQUUSV4GNEIJVO53CIB7X5UUEQV3"}
17179877377	17179877376	1	1	{"to": "GAJ4REFERNDJ5CF7ALWBFTYV577GMMSOHR24S4JZDKQKDU2MN3BZMNTP", "from": "GDKID7K3AAYT2LTPUTHERKRML2EIUQUUSV4GNEIJVO53CIB7X5UUEQV3", "amount": "5000.0", "asset_code": "EUR", "asset_type": "credit_alphanum4", "asset_issuer": "GDKID7K3AAYT2LTPUTHERKRML2EIUQUUSV4GNEIJVO53CIB7X5UUEQV3"}
17179881473	17179881472	1	1	{"to": "GAJ4REFERNDJ5CF7ALWBFTYV577GMMSOHR24S4JZDKQKDU2MN3BZMNTP", "from": "GDKID7K3AAYT2LTPUTHERKRML2EIUQUUSV4GNEIJVO53CIB7X5UUEQV3", "amount": "5000.0", "asset_code": "1", "asset_type": "credit_alphanum4", "asset_issuer": "GDKID7K3AAYT2LTPUTHERKRML2EIUQUUSV4GNEIJVO53CIB7X5UUEQV3"}
17179885569	17179885568	1	1	{"to": "GAJ4REFERNDJ5CF7ALWBFTYV577GMMSOHR24S4JZDKQKDU2MN3BZMNTP", "from": "GDKID7K3AAYT2LTPUTHERKRML2EIUQUUSV4GNEIJVO53CIB7X5UUEQV3", "amount": "5000.0", "asset_code": "21", "asset_type": "credit_alphanum4", "asset_issuer": "GDKID7K3AAYT2LTPUTHERKRML2EIUQUUSV4GNEIJVO53CIB7X5UUEQV3"}
17179889665	17179889664	1	1	{"to": "GAJ4REFERNDJ5CF7ALWBFTYV577GMMSOHR24S4JZDKQKDU2MN3BZMNTP", "from": "GDKID7K3AAYT2LTPUTHERKRML2EIUQUUSV4GNEIJVO53CIB7X5UUEQV3", "amount": "5000.0", "asset_code": "22", "asset_type": "credit_alphanum4", "asset_issuer": "GDKID7K3AAYT2LTPUTHERKRML2EIUQUUSV4GNEIJVO53CIB7X5UUEQV3"}
17179893761	17179893760	1	1	{"to": "GAJ4REFERNDJ5CF7ALWBFTYV577GMMSOHR24S4JZDKQKDU2MN3BZMNTP", "from": "GDKID7K3AAYT2LTPUTHERKRML2EIUQUUSV4GNEIJVO53CIB7X5UUEQV3", "amount": "5000.0", "asset_code": "31", "asset_type": "credit_alphanum4", "asset_issuer": "GDKID7K3AAYT2LTPUTHERKRML2EIUQUUSV4GNEIJVO53CIB7X5UUEQV3"}
17179897857	17179897856	1	1	{"to": "GAJ4REFERNDJ5CF7ALWBFTYV577GMMSOHR24S4JZDKQKDU2MN3BZMNTP", "from": "GDKID7K3AAYT2LTPUTHERKRML2EIUQUUSV4GNEIJVO53CIB7X5UUEQV3", "amount": "5000.0", "asset_code": "32", "asset_type": "credit_alphanum4", "asset_issuer": "GDKID7K3AAYT2LTPUTHERKRML2EIUQUUSV4GNEIJVO53CIB7X5UUEQV3"}
17179901953	17179901952	1	1	{"to": "GAJ4REFERNDJ5CF7ALWBFTYV577GMMSOHR24S4JZDKQKDU2MN3BZMNTP", "from": "GDKID7K3AAYT2LTPUTHERKRML2EIUQUUSV4GNEIJVO53CIB7X5UUEQV3", "amount": "5000.0", "asset_code": "33", "asset_type": "credit_alphanum4", "asset_issuer": "GDKID7K3AAYT2LTPUTHERKRML2EIUQUUSV4GNEIJVO53CIB7X5UUEQV3"}
21474840577	21474840576	1	3	{"price": "1.0", "amount": "10.0", "price_r": {"d": 1, "n": 1}, "offer_id": 0, "buying_asset_code": "USD", "buying_asset_type": "credit_alphanum4", "selling_asset_code": "EUR", "selling_asset_type": "credit_alphanum4", "buying_asset_issuer": "GDKID7K3AAYT2LTPUTHERKRML2EIUQUUSV4GNEIJVO53CIB7X5UUEQV3", "selling_asset_issuer": "GDKID7K3AAYT2LTPUTHERKRML2EIUQUUSV4GNEIJVO53CIB7X5UUEQV3"}
21474844673	21474844672	1	3	{"price": "1.0", "amount": "20.0", "price_r": {"d": 1, "n": 1}, "offer_id": 0, "buying_asset_code": "USD", "buying_asset_type": "credit_alphanum4", "selling_asset_code": "1", "selling_asset_type": "credit_alphanum4", "buying_asset_issuer": "GDKID7K3AAYT2LTPUTHERKRML2EIUQUUSV4GNEIJVO53CIB7X5UUEQV3", "selling_asset_issuer": "GDKID7K3AAYT2LTPUTHERKRML2EIUQUUSV4GNEIJVO53CIB7X5UUEQV3"}
21474848769	21474848768	1	3	{"price": "1.0", "amount": "20.0", "price_r": {"d": 1, "n": 1}, "offer_id": 0, "buying_asset_code": "1", "buying_asset_type": "credit_alphanum4", "selling_asset_code": "EUR", "selling_asset_type": "credit_alphanum4", "buying_asset_issuer": "GDKID7K3AAYT2LTPUTHERKRML2EIUQUUSV4GNEIJVO53CIB7X5UUEQV3", "selling_asset_issuer": "GDKID7K3AAYT2LTPUTHERKRML2EIUQUUSV4GNEIJVO53CIB7X5UUEQV3"}
21474852865	21474852864	1	3	{"price": "1.0", "amount": "30.0", "price_r": {"d": 1, "n": 1}, "offer_id": 0, "buying_asset_code": "USD", "buying_asset_type": "credit_alphanum4", "selling_asset_code": "21", "selling_asset_type": "credit_alphanum4", "buying_asset_issuer": "GDKID7K3AAYT2LTPUTHERKRML2EIUQUUSV4GNEIJVO53CIB7X5UUEQV3", "selling_asset_issuer": "GDKID7K3AAYT2LTPUTHERKRML2EIUQUUSV4GNEIJVO53CIB7X5UUEQV3"}
21474856961	21474856960	1	3	{"price": "1.0", "amount": "30.0", "price_r": {"d": 1, "n": 1}, "offer_id": 0, "buying_asset_code": "21", "buying_asset_type": "credit_alphanum4", "selling_asset_code": "22", "selling_asset_type": "credit_alphanum4", "buying_asset_issuer": "GDKID7K3AAYT2LTPUTHERKRML2EIUQUUSV4GNEIJVO53CIB7X5UUEQV3", "selling_asset_issuer": "GDKID7K3AAYT2LTPUTHERKRML2EIUQUUSV4GNEIJVO53CIB7X5UUEQV3"}
21474861057	21474861056	1	3	{"price": "1.0", "amount": "30.0", "price_r": {"d": 1, "n": 1}, "offer_id": 0, "buying_asset_code": "22", "buying_asset_type": "credit_alphanum4", "selling_asset_code": "EUR", "selling_asset_type": "credit_alphanum4", "buying_asset_issuer": "GDKID7K3AAYT2LTPUTHERKRML2EIUQUUSV4GNEIJVO53CIB7X5UUEQV3", "selling_asset_issuer": "GDKID7K3AAYT2LTPUTHERKRML2EIUQUUSV4GNEIJVO53CIB7X5UUEQV3"}
21474865153	21474865152	1	3	{"price": "1.0", "amount": "40.0", "price_r": {"d": 1, "n": 1}, "offer_id": 0, "buying_asset_code": "USD", "buying_asset_type": "credit_alphanum4", "selling_asset_code": "31", "selling_asset_type": "credit_alphanum4", "buying_asset_issuer": "GDKID7K3AAYT2LTPUTHERKRML2EIUQUUSV4GNEIJVO53CIB7X5UUEQV3", "selling_asset_issuer": "GDKID7K3AAYT2LTPUTHERKRML2EIUQUUSV4GNEIJVO53CIB7X5UUEQV3"}
21474869249	21474869248	1	3	{"price": "1.0", "amount": "40.0", "price_r": {"d": 1, "n": 1}, "offer_id": 0, "buying_asset_code": "31", "buying_asset_type": "credit_alphanum4", "selling_asset_code": "32", "selling_asset_type": "credit_alphanum4", "buying_asset_issuer": "GDKID7K3AAYT2LTPUTHERKRML2EIUQUUSV4GNEIJVO53CIB7X5UUEQV3", "selling_asset_issuer": "GDKID7K3AAYT2LTPUTHERKRML2EIUQUUSV4GNEIJVO53CIB7X5UUEQV3"}
21474873345	21474873344	1	3	{"price": "1.0", "amount": "40.0", "price_r": {"d": 1, "n": 1}, "offer_id": 0, "buying_asset_code": "32", "buying_asset_type": "credit_alphanum4", "selling_asset_code": "33", "selling_asset_type": "credit_alphanum4", "buying_asset_issuer": "GDKID7K3AAYT2LTPUTHERKRML2EIUQUUSV4GNEIJVO53CIB7X5UUEQV3", "selling_asset_issuer": "GDKID7K3AAYT2LTPUTHERKRML2EIUQUUSV4GNEIJVO53CIB7X5UUEQV3"}
21474877441	21474877440	1	3	{"price": "1.0", "amount": "40.0", "price_r": {"d": 1, "n": 1}, "offer_id": 0, "buying_asset_code": "33", "buying_asset_type": "credit_alphanum4", "selling_asset_code": "EUR", "selling_asset_type": "credit_alphanum4", "buying_asset_issuer": "GDKID7K3AAYT2LTPUTHERKRML2EIUQUUSV4GNEIJVO53CIB7X5UUEQV3", "selling_asset_issuer": "GDKID7K3AAYT2LTPUTHERKRML2EIUQUUSV4GNEIJVO53CIB7X5UUEQV3"}
\.


--
-- Data for Name: history_transaction_participants; Type: TABLE DATA; Schema: public; Owner: -
--

COPY history_transaction_participants (id, transaction_hash, account, created_at, updated_at) FROM stdin;
82	c94d4494cadfc8dfabf6a470e076bccffc0c32166cf5c15cff0723c8737fc292	GDKID7K3AAYT2LTPUTHERKRML2EIUQUUSV4GNEIJVO53CIB7X5UUEQV3	2015-09-29 23:20:53.617771	2015-09-29 23:20:53.617771
83	c94d4494cadfc8dfabf6a470e076bccffc0c32166cf5c15cff0723c8737fc292	GBRPYHIL2CI3FNQ4BXLFMNDLFJUNPU2HY3ZMFSHONUCEOASW7QC7OX2H	2015-09-29 23:20:53.61919	2015-09-29 23:20:53.61919
84	f8ce0b3b4928b337248991b10e8e49e194b2f95fc54110230165e89ee96c23cd	GDVLORSDVQHIJVH37VM4T3UUL7JYDJ7X452W7EEJ4NX65327WVXSXTNR	2015-09-29 23:20:53.643964	2015-09-29 23:20:53.643964
85	f8ce0b3b4928b337248991b10e8e49e194b2f95fc54110230165e89ee96c23cd	GBRPYHIL2CI3FNQ4BXLFMNDLFJUNPU2HY3ZMFSHONUCEOASW7QC7OX2H	2015-09-29 23:20:53.644997	2015-09-29 23:20:53.644997
86	add808501ffab44d4604a3a423243337c0e9cec20a086c9dd2f8b34703e09e39	GCRQKGWDGURKEPOAENDEZBP57O4THLAX4G2QW44BYRKGPYXFMKNCHWLS	2015-09-29 23:20:53.66643	2015-09-29 23:20:53.66643
87	add808501ffab44d4604a3a423243337c0e9cec20a086c9dd2f8b34703e09e39	GBRPYHIL2CI3FNQ4BXLFMNDLFJUNPU2HY3ZMFSHONUCEOASW7QC7OX2H	2015-09-29 23:20:53.667478	2015-09-29 23:20:53.667478
88	b8abb81f9edf492818c24bd58fe8ae7760638713f3eef63fdfa6871d26f1fb6d	GAJ4REFERNDJ5CF7ALWBFTYV577GMMSOHR24S4JZDKQKDU2MN3BZMNTP	2015-09-29 23:20:53.689131	2015-09-29 23:20:53.689131
89	b8abb81f9edf492818c24bd58fe8ae7760638713f3eef63fdfa6871d26f1fb6d	GBRPYHIL2CI3FNQ4BXLFMNDLFJUNPU2HY3ZMFSHONUCEOASW7QC7OX2H	2015-09-29 23:20:53.690217	2015-09-29 23:20:53.690217
90	ad633e4104622ba6efef3023650f2b85ec4e9d6155bc81b40a80af2ea8962277	GDVLORSDVQHIJVH37VM4T3UUL7JYDJ7X452W7EEJ4NX65327WVXSXTNR	2015-09-29 23:20:53.72333	2015-09-29 23:20:53.72333
91	dfab8cbc3227eac3673c5acb884a5a426f18c3a05df6d65df8dfc82b07a8c133	GCRQKGWDGURKEPOAENDEZBP57O4THLAX4G2QW44BYRKGPYXFMKNCHWLS	2015-09-29 23:20:53.736158	2015-09-29 23:20:53.736158
92	86097a47d211686062607d8a5a370625f448223402cac05e5d746e4ed4da278b	GAJ4REFERNDJ5CF7ALWBFTYV577GMMSOHR24S4JZDKQKDU2MN3BZMNTP	2015-09-29 23:20:53.748511	2015-09-29 23:20:53.748511
93	caa0bd248cb89e9c2ddc3dca8166c479373e319860b859cea06030a8502a64c0	GAJ4REFERNDJ5CF7ALWBFTYV577GMMSOHR24S4JZDKQKDU2MN3BZMNTP	2015-09-29 23:20:53.761529	2015-09-29 23:20:53.761529
94	5111c966b047bd2ba33a61c0d2274a335c124c6709d10c6b42f0baeff5feb45f	GAJ4REFERNDJ5CF7ALWBFTYV577GMMSOHR24S4JZDKQKDU2MN3BZMNTP	2015-09-29 23:20:53.774047	2015-09-29 23:20:53.774047
95	1b6f36d5b099b12552b31f6ab3c19274ab9c93c1fb4f15d3536a3249b9ee990e	GAJ4REFERNDJ5CF7ALWBFTYV577GMMSOHR24S4JZDKQKDU2MN3BZMNTP	2015-09-29 23:20:53.786951	2015-09-29 23:20:53.786951
96	fbe9f7f3cc693248c76b67d5881b01f6257c0d02fa0741bdd9dfc50e9465283f	GAJ4REFERNDJ5CF7ALWBFTYV577GMMSOHR24S4JZDKQKDU2MN3BZMNTP	2015-09-29 23:20:53.800358	2015-09-29 23:20:53.800358
97	3524f175205a5eeae0548d6422c59d42b10c70e2b51d8be16d0cd3d62e9e79d7	GAJ4REFERNDJ5CF7ALWBFTYV577GMMSOHR24S4JZDKQKDU2MN3BZMNTP	2015-09-29 23:20:53.812656	2015-09-29 23:20:53.812656
98	7b3386f25178191229965bf84f5a837b5a83748161a58462e8d5ef45e2342426	GAJ4REFERNDJ5CF7ALWBFTYV577GMMSOHR24S4JZDKQKDU2MN3BZMNTP	2015-09-29 23:20:53.824089	2015-09-29 23:20:53.824089
99	9d063bbd4bee7d9c538e83efd9853790d24987a06d8d95b55cad4a61c3c558d3	GAJ4REFERNDJ5CF7ALWBFTYV577GMMSOHR24S4JZDKQKDU2MN3BZMNTP	2015-09-29 23:20:53.84355	2015-09-29 23:20:53.84355
100	0937c82d54a557be29bacce3090e4b582a374581814a1dd9b54ed6825c9a7064	GAJ4REFERNDJ5CF7ALWBFTYV577GMMSOHR24S4JZDKQKDU2MN3BZMNTP	2015-09-29 23:20:53.99421	2015-09-29 23:20:53.99421
101	63e9ee6a6f28e7c6d2fa792a4663391193f477d38945622af48035a09f5ab8cd	GAJ4REFERNDJ5CF7ALWBFTYV577GMMSOHR24S4JZDKQKDU2MN3BZMNTP	2015-09-29 23:20:54.004468	2015-09-29 23:20:54.004468
102	8aa919e2fc71238fb55aaf292435e6a41cd81f09456bf4d19f355331c3738ac9	GAJ4REFERNDJ5CF7ALWBFTYV577GMMSOHR24S4JZDKQKDU2MN3BZMNTP	2015-09-29 23:20:54.013879	2015-09-29 23:20:54.013879
103	a27c90b60c9082aa8e8dfdf974a2280c8c5f1f6a71ebfad3199c3b6264741ca8	GAJ4REFERNDJ5CF7ALWBFTYV577GMMSOHR24S4JZDKQKDU2MN3BZMNTP	2015-09-29 23:20:54.026022	2015-09-29 23:20:54.026022
104	68c081172973d3f5af8b88ec09d466e332b72fbfb1388968203e48bd2b5d00e0	GAJ4REFERNDJ5CF7ALWBFTYV577GMMSOHR24S4JZDKQKDU2MN3BZMNTP	2015-09-29 23:20:54.03592	2015-09-29 23:20:54.03592
105	772861837c755273626ba29a7eaa1ad58124e384b7e6d4701fd362efbd051fac	GAJ4REFERNDJ5CF7ALWBFTYV577GMMSOHR24S4JZDKQKDU2MN3BZMNTP	2015-09-29 23:20:54.044897	2015-09-29 23:20:54.044897
106	e5481e3688f6715f06347bb4255a9b626fcc25a790e5fdd8096b56a9af43cc41	GAJ4REFERNDJ5CF7ALWBFTYV577GMMSOHR24S4JZDKQKDU2MN3BZMNTP	2015-09-29 23:20:54.053883	2015-09-29 23:20:54.053883
107	52f5ce645dbbd43a882a770b39158440f26f04ddc7d28650b653698acb2fb5b8	GAJ4REFERNDJ5CF7ALWBFTYV577GMMSOHR24S4JZDKQKDU2MN3BZMNTP	2015-09-29 23:20:54.063042	2015-09-29 23:20:54.063042
108	f646404ce9f2fd78e45b62c53fc32a3fae8cf0e35f67df1e171c7a0f37b795cf	GAJ4REFERNDJ5CF7ALWBFTYV577GMMSOHR24S4JZDKQKDU2MN3BZMNTP	2015-09-29 23:20:54.071938	2015-09-29 23:20:54.071938
109	1f061281b397c8d173d73f555f3e8b8f47948b25c3178efc50cfac1f69fc4c39	GAJ4REFERNDJ5CF7ALWBFTYV577GMMSOHR24S4JZDKQKDU2MN3BZMNTP	2015-09-29 23:20:54.08108	2015-09-29 23:20:54.08108
\.


--
-- Name: history_transaction_participants_id_seq; Type: SEQUENCE SET; Schema: public; Owner: -
--

SELECT pg_catalog.setval('history_transaction_participants_id_seq', 109, true);


--
-- Data for Name: history_transaction_statuses; Type: TABLE DATA; Schema: public; Owner: -
--

COPY history_transaction_statuses (id, result_code_s, result_code) FROM stdin;
\.


--
-- Name: history_transaction_statuses_id_seq; Type: SEQUENCE SET; Schema: public; Owner: -
--

SELECT pg_catalog.setval('history_transaction_statuses_id_seq', 1, false);


--
-- Data for Name: history_transactions; Type: TABLE DATA; Schema: public; Owner: -
--

COPY history_transactions (transaction_hash, ledger_sequence, application_order, account, account_sequence, max_fee, fee_paid, operation_count, created_at, updated_at, id, tx_envelope, tx_result, tx_meta, tx_fee_meta) FROM stdin;
c94d4494cadfc8dfabf6a470e076bccffc0c32166cf5c15cff0723c8737fc292	2	1	GBRPYHIL2CI3FNQ4BXLFMNDLFJUNPU2HY3ZMFSHONUCEOASW7QC7OX2H	1	0	0	1	2015-09-29 23:20:53.615292	2015-09-29 23:20:53.615292	8589938688	AAAAAGL8HQvQkbK2HA3WVjRrKmjX00fG8sLI7m0ERwJW/AX3AAAAZAAAAAAAAAABAAAAAAAAAAAAAAABAAAAAAAAAAAAAAAA1IH9WwAxPS5vpM5IqixeiIpClJV4ZpEJq7uxID+/aUIAAAACVAvkAAAAAAAAAAABVvwF9wAAAEDT92y9nHGrVeJM/PJHQIJZuZRFcOkSaa5lWT7NeqvrCyLJdj/4RWIPaYmE+7r8bD31JwAkcmTHJVJKq+GbJBEE	AAAAAAAAAGQAAAAAAAAAAQAAAAAAAAAAAAAAAAAAAAA=	AAAAAAAAAAEAAAACAAAAAAAAAAIAAAAAAAAAANSB/VsAMT0ub6TOSKosXoiKQpSVeGaRCau7sSA/v2lCAAAAAlQL5AAAAAACAAAAAAAAAAAAAAAAAAAAAAAAAAABAAAAAAAAAAAAAAAAAAAAAAAAAQAAAAIAAAAAAAAAAGL8HQvQkbK2HA3WVjRrKmjX00fG8sLI7m0ERwJW/AX3DeC2sVNYGnAAAAAAAAAABAAAAAAAAAAAAAAAAAAAAAABAAAAAAAAAAAAAAAAAAAA	AAAAAQAAAAEAAAACAAAAAAAAAABi/B0L0JGythwN1lY0aypo19NHxvLCyO5tBEcCVvwF9w3gtrOnY/+cAAAAAAAAAAEAAAAAAAAAAAAAAAAAAAAAAQAAAAAAAAAAAAAAAAAAAA==
f8ce0b3b4928b337248991b10e8e49e194b2f95fc54110230165e89ee96c23cd	2	2	GBRPYHIL2CI3FNQ4BXLFMNDLFJUNPU2HY3ZMFSHONUCEOASW7QC7OX2H	2	0	0	1	2015-09-29 23:20:53.64187	2015-09-29 23:20:53.64187	8589942784	AAAAAGL8HQvQkbK2HA3WVjRrKmjX00fG8sLI7m0ERwJW/AX3AAAAZAAAAAAAAAACAAAAAAAAAAAAAAABAAAAAAAAAAAAAAAA6rdGQ6wOhNT7/VnJ7pRf04Gn9+d1b5CJ42/u71+1bysAAAACVAvkAAAAAAAAAAABVvwF9wAAAED+WOPDpHaHRpk5CciaeQUBb/vr/7TpJUusAyYRZcIuNbzZrZOGP+ICtQwhj09RvmA/euhkiLiVAqCdGhdnazMB	AAAAAAAAAGQAAAAAAAAAAQAAAAAAAAAAAAAAAAAAAAA=	AAAAAAAAAAEAAAACAAAAAAAAAAIAAAAAAAAAAOq3RkOsDoTU+/1Zye6UX9OBp/fndW+QieNv7u9ftW8rAAAAAlQL5AAAAAACAAAAAAAAAAAAAAAAAAAAAAAAAAABAAAAAAAAAAAAAAAAAAAAAAAAAQAAAAIAAAAAAAAAAGL8HQvQkbK2HA3WVjRrKmjX00fG8sLI7m0ERwJW/AX3DeC2rv9MNnAAAAAAAAAABAAAAAAAAAAAAAAAAAAAAAABAAAAAAAAAAAAAAAAAAAA	AAAAAQAAAAEAAAACAAAAAAAAAABi/B0L0JGythwN1lY0aypo19NHxvLCyO5tBEcCVvwF9w3gtrOnY/84AAAAAAAAAAIAAAAAAAAAAAAAAAAAAAAAAQAAAAAAAAAAAAAAAAAAAA==
add808501ffab44d4604a3a423243337c0e9cec20a086c9dd2f8b34703e09e39	2	3	GBRPYHIL2CI3FNQ4BXLFMNDLFJUNPU2HY3ZMFSHONUCEOASW7QC7OX2H	3	0	0	1	2015-09-29 23:20:53.664332	2015-09-29 23:20:53.664332	8589946880	AAAAAGL8HQvQkbK2HA3WVjRrKmjX00fG8sLI7m0ERwJW/AX3AAAAZAAAAAAAAAADAAAAAAAAAAAAAAABAAAAAAAAAAAAAAAAowUawzUioj3AI0ZMhf37uTOsF+G1C3OBxFRn4uVimiMAAAACVAvkAAAAAAAAAAABVvwF9wAAAEB7hSbBi81YaP/erHGfxDd8kl21gdKeHfU9Jy8JaHp3WYHsGKnUkSayzHK+Ri0pAoPF836moEbl4z0SAcwH5fMM	AAAAAAAAAGQAAAAAAAAAAQAAAAAAAAAAAAAAAAAAAAA=	AAAAAAAAAAEAAAACAAAAAAAAAAIAAAAAAAAAAKMFGsM1IqI9wCNGTIX9+7kzrBfhtQtzgcRUZ+LlYpojAAAAAlQL5AAAAAACAAAAAAAAAAAAAAAAAAAAAAAAAAABAAAAAAAAAAAAAAAAAAAAAAAAAQAAAAIAAAAAAAAAAGL8HQvQkbK2HA3WVjRrKmjX00fG8sLI7m0ERwJW/AX3DeC2rKtAUnAAAAAAAAAABAAAAAAAAAAAAAAAAAAAAAABAAAAAAAAAAAAAAAAAAAA	AAAAAQAAAAEAAAACAAAAAAAAAABi/B0L0JGythwN1lY0aypo19NHxvLCyO5tBEcCVvwF9w3gtrOnY/7UAAAAAAAAAAMAAAAAAAAAAAAAAAAAAAAAAQAAAAAAAAAAAAAAAAAAAA==
b8abb81f9edf492818c24bd58fe8ae7760638713f3eef63fdfa6871d26f1fb6d	2	4	GBRPYHIL2CI3FNQ4BXLFMNDLFJUNPU2HY3ZMFSHONUCEOASW7QC7OX2H	4	0	0	1	2015-09-29 23:20:53.686978	2015-09-29 23:20:53.686978	8589950976	AAAAAGL8HQvQkbK2HA3WVjRrKmjX00fG8sLI7m0ERwJW/AX3AAAAZAAAAAAAAAAEAAAAAAAAAAAAAAABAAAAAAAAAAAAAAAAE8iQpItGnoi/AuwSzxXv/mYyTjx1yXE5GqCh00xuw5YAAAACVAvkAAAAAAAAAAABVvwF9wAAAED19WkjvJXwR/wSlx9EZdEY+92mvX8MGgIauac+5PVW5kO05nmwMJAdW2Joeq2gQc/YZoxy7DwQ4lDWcy6zYA8P	AAAAAAAAAGQAAAAAAAAAAQAAAAAAAAAAAAAAAAAAAAA=	AAAAAAAAAAEAAAACAAAAAAAAAAIAAAAAAAAAABPIkKSLRp6IvwLsEs8V7/5mMk48dclxORqgodNMbsOWAAAAAlQL5AAAAAACAAAAAAAAAAAAAAAAAAAAAAAAAAABAAAAAAAAAAAAAAAAAAAAAAAAAQAAAAIAAAAAAAAAAGL8HQvQkbK2HA3WVjRrKmjX00fG8sLI7m0ERwJW/AX3DeC2qlc0bnAAAAAAAAAABAAAAAAAAAAAAAAAAAAAAAABAAAAAAAAAAAAAAAAAAAA	AAAAAQAAAAEAAAACAAAAAAAAAABi/B0L0JGythwN1lY0aypo19NHxvLCyO5tBEcCVvwF9w3gtrOnY/5wAAAAAAAAAAQAAAAAAAAAAAAAAAAAAAAAAQAAAAAAAAAAAAAAAAAAAA==
ad633e4104622ba6efef3023650f2b85ec4e9d6155bc81b40a80af2ea8962277	3	1	GDVLORSDVQHIJVH37VM4T3UUL7JYDJ7X452W7EEJ4NX65327WVXSXTNR	8589934593	0	0	1	2015-09-29 23:20:53.721227	2015-09-29 23:20:53.721227	12884905984	AAAAAOq3RkOsDoTU+/1Zye6UX9OBp/fndW+QieNv7u9ftW8rAAAAZAAAAAIAAAABAAAAAAAAAAAAAAABAAAAAAAAAAYAAAABVVNEAAAAAADUgf1bADE9Lm+kzkiqLF6IikKUlXhmkQmru7EgP79pQn//////////AAAAAAAAAAFftW8rAAAAQMqYlqQwEanp2AOVv5LBn0aQcFM/EIV9WZVUzDvZH0tPE7DDprfvKQQdZ1Ihy2zH0M4PYaDmCDoYkMLkaZQVUQQ=	AAAAAAAAAGQAAAAAAAAAAQAAAAAAAAAGAAAAAAAAAAA=	AAAAAAAAAAEAAAACAAAAAAAAAAMAAAABAAAAAOq3RkOsDoTU+/1Zye6UX9OBp/fndW+QieNv7u9ftW8rAAAAAVVTRAAAAAAA1IH9WwAxPS5vpM5IqixeiIpClJV4ZpEJq7uxID+/aUIAAAAAAAAAAH//////////AAAAAQAAAAAAAAAAAAAAAQAAAAMAAAAAAAAAAOq3RkOsDoTU+/1Zye6UX9OBp/fndW+QieNv7u9ftW8rAAAAAlQL45wAAAACAAAAAQAAAAEAAAAAAAAAAAAAAAABAAAAAAAAAAAAAAAAAAAA	AAAAAQAAAAEAAAADAAAAAAAAAADqt0ZDrA6E1Pv9WcnulF/Tgaf353VvkInjb+7vX7VvKwAAAAJUC+OcAAAAAgAAAAEAAAAAAAAAAAAAAAAAAAAAAQAAAAAAAAAAAAAAAAAAAA==
dfab8cbc3227eac3673c5acb884a5a426f18c3a05df6d65df8dfc82b07a8c133	3	2	GCRQKGWDGURKEPOAENDEZBP57O4THLAX4G2QW44BYRKGPYXFMKNCHWLS	8589934593	0	0	1	2015-09-29 23:20:53.73426	2015-09-29 23:20:53.73426	12884910080	AAAAAKMFGsM1IqI9wCNGTIX9+7kzrBfhtQtzgcRUZ+LlYpojAAAAZAAAAAIAAAABAAAAAAAAAAAAAAABAAAAAAAAAAYAAAABRVVSAAAAAADUgf1bADE9Lm+kzkiqLF6IikKUlXhmkQmru7EgP79pQn//////////AAAAAAAAAAHlYpojAAAAQOEtbonpEg2Ee3pUmsraRqcG6NiFOzOnyZ9U7+RRyk6KIG+O4zBl92suMxAtsztXnLzsMYvstX1GzGhLmN5/TgQ=	AAAAAAAAAGQAAAAAAAAAAQAAAAAAAAAGAAAAAAAAAAA=	AAAAAAAAAAEAAAACAAAAAAAAAAMAAAABAAAAAKMFGsM1IqI9wCNGTIX9+7kzrBfhtQtzgcRUZ+LlYpojAAAAAUVVUgAAAAAA1IH9WwAxPS5vpM5IqixeiIpClJV4ZpEJq7uxID+/aUIAAAAAAAAAAH//////////AAAAAQAAAAAAAAAAAAAAAQAAAAMAAAAAAAAAAKMFGsM1IqI9wCNGTIX9+7kzrBfhtQtzgcRUZ+LlYpojAAAAAlQL45wAAAACAAAAAQAAAAEAAAAAAAAAAAAAAAABAAAAAAAAAAAAAAAAAAAA	AAAAAQAAAAEAAAADAAAAAAAAAACjBRrDNSKiPcAjRkyF/fu5M6wX4bULc4HEVGfi5WKaIwAAAAJUC+OcAAAAAgAAAAEAAAAAAAAAAAAAAAAAAAAAAQAAAAAAAAAAAAAAAAAAAA==
86097a47d211686062607d8a5a370625f448223402cac05e5d746e4ed4da278b	3	3	GAJ4REFERNDJ5CF7ALWBFTYV577GMMSOHR24S4JZDKQKDU2MN3BZMNTP	8589934593	0	0	1	2015-09-29 23:20:53.74649	2015-09-29 23:20:53.74649	12884914176	AAAAABPIkKSLRp6IvwLsEs8V7/5mMk48dclxORqgodNMbsOWAAAAZAAAAAIAAAABAAAAAAAAAAAAAAABAAAAAAAAAAYAAAABVVNEAAAAAADUgf1bADE9Lm+kzkiqLF6IikKUlXhmkQmru7EgP79pQn//////////AAAAAAAAAAFMbsOWAAAAQKtOk7dGtHWkh8SDvyek+CM1DxXuHzzRBYRaMrWsemCeX5+ypICkBuhW1ssSQ5oloaPUys7AOFe5NRK3bMPOcgY=	AAAAAAAAAGQAAAAAAAAAAQAAAAAAAAAGAAAAAAAAAAA=	AAAAAAAAAAEAAAACAAAAAAAAAAMAAAABAAAAABPIkKSLRp6IvwLsEs8V7/5mMk48dclxORqgodNMbsOWAAAAAVVTRAAAAAAA1IH9WwAxPS5vpM5IqixeiIpClJV4ZpEJq7uxID+/aUIAAAAAAAAAAH//////////AAAAAQAAAAAAAAAAAAAAAQAAAAMAAAAAAAAAABPIkKSLRp6IvwLsEs8V7/5mMk48dclxORqgodNMbsOWAAAAAlQL4OAAAAACAAAACAAAAAEAAAAAAAAAAAAAAAABAAAAAAAAAAAAAAAAAAAA	AAAAAQAAAAEAAAADAAAAAAAAAAATyJCki0aeiL8C7BLPFe/+ZjJOPHXJcTkaoKHTTG7DlgAAAAJUC+OcAAAAAgAAAAEAAAAAAAAAAAAAAAAAAAAAAQAAAAAAAAAAAAAAAAAAAA==
caa0bd248cb89e9c2ddc3dca8166c479373e319860b859cea06030a8502a64c0	3	4	GAJ4REFERNDJ5CF7ALWBFTYV577GMMSOHR24S4JZDKQKDU2MN3BZMNTP	8589934594	0	0	1	2015-09-29 23:20:53.759658	2015-09-29 23:20:53.759658	12884918272	AAAAABPIkKSLRp6IvwLsEs8V7/5mMk48dclxORqgodNMbsOWAAAAZAAAAAIAAAACAAAAAAAAAAAAAAABAAAAAAAAAAYAAAABRVVSAAAAAADUgf1bADE9Lm+kzkiqLF6IikKUlXhmkQmru7EgP79pQn//////////AAAAAAAAAAFMbsOWAAAAQJ5qRo1pjuxl7sVGUd53keGJuGl3F/SNgW99qZl0gh/Y4LxyuwVpK6q65pfYZs4IDGUTck7ddsXl8Ms1uXxJuQk=	AAAAAAAAAGQAAAAAAAAAAQAAAAAAAAAGAAAAAAAAAAA=	AAAAAAAAAAEAAAACAAAAAAAAAAMAAAABAAAAABPIkKSLRp6IvwLsEs8V7/5mMk48dclxORqgodNMbsOWAAAAAUVVUgAAAAAA1IH9WwAxPS5vpM5IqixeiIpClJV4ZpEJq7uxID+/aUIAAAAAAAAAAH//////////AAAAAQAAAAAAAAAAAAAAAQAAAAMAAAAAAAAAABPIkKSLRp6IvwLsEs8V7/5mMk48dclxORqgodNMbsOWAAAAAlQL4OAAAAACAAAACAAAAAIAAAAAAAAAAAAAAAABAAAAAAAAAAAAAAAAAAAA	AAAAAQAAAAEAAAADAAAAAAAAAAATyJCki0aeiL8C7BLPFe/+ZjJOPHXJcTkaoKHTTG7DlgAAAAJUC+M4AAAAAgAAAAIAAAAAAAAAAAAAAAAAAAAAAQAAAAAAAAAAAAAAAAAAAA==
5111c966b047bd2ba33a61c0d2274a335c124c6709d10c6b42f0baeff5feb45f	3	5	GAJ4REFERNDJ5CF7ALWBFTYV577GMMSOHR24S4JZDKQKDU2MN3BZMNTP	8589934595	0	0	1	2015-09-29 23:20:53.772114	2015-09-29 23:20:53.772114	12884922368	AAAAABPIkKSLRp6IvwLsEs8V7/5mMk48dclxORqgodNMbsOWAAAAZAAAAAIAAAADAAAAAAAAAAAAAAABAAAAAAAAAAYAAAABMQAAAAAAAADUgf1bADE9Lm+kzkiqLF6IikKUlXhmkQmru7EgP79pQn//////////AAAAAAAAAAFMbsOWAAAAQK+y2yW6GT/8kFZvKhJcWH8GV4t5aI5todc1Km1c7Wtige5sIWOuxtwp0l3jybJa4QvU224rdQkeErCN0GxzOAo=	AAAAAAAAAGQAAAAAAAAAAQAAAAAAAAAGAAAAAAAAAAA=	AAAAAAAAAAEAAAACAAAAAAAAAAMAAAABAAAAABPIkKSLRp6IvwLsEs8V7/5mMk48dclxORqgodNMbsOWAAAAATEAAAAAAAAA1IH9WwAxPS5vpM5IqixeiIpClJV4ZpEJq7uxID+/aUIAAAAAAAAAAH//////////AAAAAQAAAAAAAAAAAAAAAQAAAAMAAAAAAAAAABPIkKSLRp6IvwLsEs8V7/5mMk48dclxORqgodNMbsOWAAAAAlQL4OAAAAACAAAACAAAAAMAAAAAAAAAAAAAAAABAAAAAAAAAAAAAAAAAAAA	AAAAAQAAAAEAAAADAAAAAAAAAAATyJCki0aeiL8C7BLPFe/+ZjJOPHXJcTkaoKHTTG7DlgAAAAJUC+LUAAAAAgAAAAMAAAAAAAAAAAAAAAAAAAAAAQAAAAAAAAAAAAAAAAAAAA==
1b6f36d5b099b12552b31f6ab3c19274ab9c93c1fb4f15d3536a3249b9ee990e	3	6	GAJ4REFERNDJ5CF7ALWBFTYV577GMMSOHR24S4JZDKQKDU2MN3BZMNTP	8589934596	0	0	1	2015-09-29 23:20:53.785075	2015-09-29 23:20:53.785075	12884926464	AAAAABPIkKSLRp6IvwLsEs8V7/5mMk48dclxORqgodNMbsOWAAAAZAAAAAIAAAAEAAAAAAAAAAAAAAABAAAAAAAAAAYAAAABMjEAAAAAAADUgf1bADE9Lm+kzkiqLF6IikKUlXhmkQmru7EgP79pQn//////////AAAAAAAAAAFMbsOWAAAAQHFx6DMn81avLTxOuyWTNroM+n2bqAPYuwT8R1ZzDoQIT1I/dFj1f1SWHFinVKBIJA7jNSCTYeE5WbN5O3XHrgQ=	AAAAAAAAAGQAAAAAAAAAAQAAAAAAAAAGAAAAAAAAAAA=	AAAAAAAAAAEAAAACAAAAAAAAAAMAAAABAAAAABPIkKSLRp6IvwLsEs8V7/5mMk48dclxORqgodNMbsOWAAAAATIxAAAAAAAA1IH9WwAxPS5vpM5IqixeiIpClJV4ZpEJq7uxID+/aUIAAAAAAAAAAH//////////AAAAAQAAAAAAAAAAAAAAAQAAAAMAAAAAAAAAABPIkKSLRp6IvwLsEs8V7/5mMk48dclxORqgodNMbsOWAAAAAlQL4OAAAAACAAAACAAAAAQAAAAAAAAAAAAAAAABAAAAAAAAAAAAAAAAAAAA	AAAAAQAAAAEAAAADAAAAAAAAAAATyJCki0aeiL8C7BLPFe/+ZjJOPHXJcTkaoKHTTG7DlgAAAAJUC+JwAAAAAgAAAAQAAAAAAAAAAAAAAAAAAAAAAQAAAAAAAAAAAAAAAAAAAA==
fbe9f7f3cc693248c76b67d5881b01f6257c0d02fa0741bdd9dfc50e9465283f	3	7	GAJ4REFERNDJ5CF7ALWBFTYV577GMMSOHR24S4JZDKQKDU2MN3BZMNTP	8589934597	0	0	1	2015-09-29 23:20:53.79797	2015-09-29 23:20:53.79797	12884930560	AAAAABPIkKSLRp6IvwLsEs8V7/5mMk48dclxORqgodNMbsOWAAAAZAAAAAIAAAAFAAAAAAAAAAAAAAABAAAAAAAAAAYAAAABMjIAAAAAAADUgf1bADE9Lm+kzkiqLF6IikKUlXhmkQmru7EgP79pQn//////////AAAAAAAAAAFMbsOWAAAAQNlFSP+hFDskGuY8VeaSWTro85EpSNW8NpSiLa4Hw7QKfmEuvQWOvdq+z+XwJM3O6EfAsaXIBqbCIWXSSYaurQI=	AAAAAAAAAGQAAAAAAAAAAQAAAAAAAAAGAAAAAAAAAAA=	AAAAAAAAAAEAAAACAAAAAAAAAAMAAAABAAAAABPIkKSLRp6IvwLsEs8V7/5mMk48dclxORqgodNMbsOWAAAAATIyAAAAAAAA1IH9WwAxPS5vpM5IqixeiIpClJV4ZpEJq7uxID+/aUIAAAAAAAAAAH//////////AAAAAQAAAAAAAAAAAAAAAQAAAAMAAAAAAAAAABPIkKSLRp6IvwLsEs8V7/5mMk48dclxORqgodNMbsOWAAAAAlQL4OAAAAACAAAACAAAAAUAAAAAAAAAAAAAAAABAAAAAAAAAAAAAAAAAAAA	AAAAAQAAAAEAAAADAAAAAAAAAAATyJCki0aeiL8C7BLPFe/+ZjJOPHXJcTkaoKHTTG7DlgAAAAJUC+IMAAAAAgAAAAUAAAAAAAAAAAAAAAAAAAAAAQAAAAAAAAAAAAAAAAAAAA==
3524f175205a5eeae0548d6422c59d42b10c70e2b51d8be16d0cd3d62e9e79d7	3	8	GAJ4REFERNDJ5CF7ALWBFTYV577GMMSOHR24S4JZDKQKDU2MN3BZMNTP	8589934598	0	0	1	2015-09-29 23:20:53.81099	2015-09-29 23:20:53.81099	12884934656	AAAAABPIkKSLRp6IvwLsEs8V7/5mMk48dclxORqgodNMbsOWAAAAZAAAAAIAAAAGAAAAAAAAAAAAAAABAAAAAAAAAAYAAAABMzEAAAAAAADUgf1bADE9Lm+kzkiqLF6IikKUlXhmkQmru7EgP79pQn//////////AAAAAAAAAAFMbsOWAAAAQPUN7VsaSPdf2B89R3VIaPZ3hcDVQLfF/hYCS8/ef8cwLJM+sPLrDhMTBl6tSN7x7BRj08w7gOfiJGUUwvNvdgg=	AAAAAAAAAGQAAAAAAAAAAQAAAAAAAAAGAAAAAAAAAAA=	AAAAAAAAAAEAAAACAAAAAAAAAAMAAAABAAAAABPIkKSLRp6IvwLsEs8V7/5mMk48dclxORqgodNMbsOWAAAAATMxAAAAAAAA1IH9WwAxPS5vpM5IqixeiIpClJV4ZpEJq7uxID+/aUIAAAAAAAAAAH//////////AAAAAQAAAAAAAAAAAAAAAQAAAAMAAAAAAAAAABPIkKSLRp6IvwLsEs8V7/5mMk48dclxORqgodNMbsOWAAAAAlQL4OAAAAACAAAACAAAAAYAAAAAAAAAAAAAAAABAAAAAAAAAAAAAAAAAAAA	AAAAAQAAAAEAAAADAAAAAAAAAAATyJCki0aeiL8C7BLPFe/+ZjJOPHXJcTkaoKHTTG7DlgAAAAJUC+GoAAAAAgAAAAYAAAAAAAAAAAAAAAAAAAAAAQAAAAAAAAAAAAAAAAAAAA==
7b3386f25178191229965bf84f5a837b5a83748161a58462e8d5ef45e2342426	3	9	GAJ4REFERNDJ5CF7ALWBFTYV577GMMSOHR24S4JZDKQKDU2MN3BZMNTP	8589934599	0	0	1	2015-09-29 23:20:53.822355	2015-09-29 23:20:53.822355	12884938752	AAAAABPIkKSLRp6IvwLsEs8V7/5mMk48dclxORqgodNMbsOWAAAAZAAAAAIAAAAHAAAAAAAAAAAAAAABAAAAAAAAAAYAAAABMzIAAAAAAADUgf1bADE9Lm+kzkiqLF6IikKUlXhmkQmru7EgP79pQn//////////AAAAAAAAAAFMbsOWAAAAQO2jJaVTRL+GVF4hNQYgoidPaPu5c7pWc1MpNvuENPjTdT1P4xi5P5Wp4lash3qULhyZKsrHn1uGsD+QPc+1Twc=	AAAAAAAAAGQAAAAAAAAAAQAAAAAAAAAGAAAAAAAAAAA=	AAAAAAAAAAEAAAACAAAAAAAAAAMAAAABAAAAABPIkKSLRp6IvwLsEs8V7/5mMk48dclxORqgodNMbsOWAAAAATMyAAAAAAAA1IH9WwAxPS5vpM5IqixeiIpClJV4ZpEJq7uxID+/aUIAAAAAAAAAAH//////////AAAAAQAAAAAAAAAAAAAAAQAAAAMAAAAAAAAAABPIkKSLRp6IvwLsEs8V7/5mMk48dclxORqgodNMbsOWAAAAAlQL4OAAAAACAAAACAAAAAcAAAAAAAAAAAAAAAABAAAAAAAAAAAAAAAAAAAA	AAAAAQAAAAEAAAADAAAAAAAAAAATyJCki0aeiL8C7BLPFe/+ZjJOPHXJcTkaoKHTTG7DlgAAAAJUC+FEAAAAAgAAAAcAAAAAAAAAAAAAAAAAAAAAAQAAAAAAAAAAAAAAAAAAAA==
9d063bbd4bee7d9c538e83efd9853790d24987a06d8d95b55cad4a61c3c558d3	3	10	GAJ4REFERNDJ5CF7ALWBFTYV577GMMSOHR24S4JZDKQKDU2MN3BZMNTP	8589934600	0	0	1	2015-09-29 23:20:53.841683	2015-09-29 23:20:53.841683	12884942848	AAAAABPIkKSLRp6IvwLsEs8V7/5mMk48dclxORqgodNMbsOWAAAAZAAAAAIAAAAIAAAAAAAAAAAAAAABAAAAAAAAAAYAAAABMzMAAAAAAADUgf1bADE9Lm+kzkiqLF6IikKUlXhmkQmru7EgP79pQn//////////AAAAAAAAAAFMbsOWAAAAQOd96LrsA5Irj+A90VXACmZ47uje7Hhi3tt5oeA3VZJWSXVl6WJqvDf2N452k5YEsnm51hrL93kyyLNNa/VOlww=	AAAAAAAAAGQAAAAAAAAAAQAAAAAAAAAGAAAAAAAAAAA=	AAAAAAAAAAEAAAACAAAAAAAAAAMAAAABAAAAABPIkKSLRp6IvwLsEs8V7/5mMk48dclxORqgodNMbsOWAAAAATMzAAAAAAAA1IH9WwAxPS5vpM5IqixeiIpClJV4ZpEJq7uxID+/aUIAAAAAAAAAAH//////////AAAAAQAAAAAAAAAAAAAAAQAAAAMAAAAAAAAAABPIkKSLRp6IvwLsEs8V7/5mMk48dclxORqgodNMbsOWAAAAAlQL4OAAAAACAAAACAAAAAgAAAAAAAAAAAAAAAABAAAAAAAAAAAAAAAAAAAA	AAAAAQAAAAEAAAADAAAAAAAAAAATyJCki0aeiL8C7BLPFe/+ZjJOPHXJcTkaoKHTTG7DlgAAAAJUC+DgAAAAAgAAAAgAAAAAAAAAAAAAAAAAAAAAAQAAAAAAAAAAAAAAAAAAAA==
34e28f7389c0378fad4f6a50f20cfc319968373f8a1ffbdc6971caff11e90545	4	1	GDKID7K3AAYT2LTPUTHERKRML2EIUQUUSV4GNEIJVO53CIB7X5UUEQV3	8589934593	0	0	1	2015-09-29 23:20:53.866057	2015-09-29 23:20:53.866057	17179873280	AAAAANSB/VsAMT0ub6TOSKosXoiKQpSVeGaRCau7sSA/v2lCAAAAZAAAAAIAAAABAAAAAAAAAAAAAAABAAAAAAAAAAEAAAAA6rdGQ6wOhNT7/VnJ7pRf04Gn9+d1b5CJ42/u71+1bysAAAABVVNEAAAAAADUgf1bADE9Lm+kzkiqLF6IikKUlXhmkQmru7EgP79pQgAAAAukO3QAAAAAAAAAAAE/v2lCAAAAQEiBkEmrvFJ09siMAOqZuDBxjFpZKexcrQf70MBZ6xaxyV3WqAbn2M+5GyZqQVjOAZOwRI0KJ4nO0Ro+HJz+2g8=	AAAAAAAAAGQAAAAAAAAAAQAAAAAAAAABAAAAAAAAAAA=	AAAAAAAAAAEAAAABAAAAAQAAAAQAAAABAAAAAOq3RkOsDoTU+/1Zye6UX9OBp/fndW+QieNv7u9ftW8rAAAAAVVTRAAAAAAA1IH9WwAxPS5vpM5IqixeiIpClJV4ZpEJq7uxID+/aUIAAAALpDt0AH//////////AAAAAQAAAAAAAAAA	AAAAAQAAAAEAAAAEAAAAAAAAAADUgf1bADE9Lm+kzkiqLF6IikKUlXhmkQmru7EgP79pQgAAAAJUC+OcAAAAAgAAAAEAAAAAAAAAAAAAAAAAAAAAAQAAAAAAAAAAAAAAAAAAAA==
ca7c1f0cfeb5149940c695ee078416a5bc7b91977cb73a2d39d841dab29076e5	4	2	GDKID7K3AAYT2LTPUTHERKRML2EIUQUUSV4GNEIJVO53CIB7X5UUEQV3	8589934594	0	0	1	2015-09-29 23:20:53.880695	2015-09-29 23:20:53.880695	17179877376	AAAAANSB/VsAMT0ub6TOSKosXoiKQpSVeGaRCau7sSA/v2lCAAAAZAAAAAIAAAACAAAAAAAAAAAAAAABAAAAAAAAAAEAAAAAE8iQpItGnoi/AuwSzxXv/mYyTjx1yXE5GqCh00xuw5YAAAABRVVSAAAAAADUgf1bADE9Lm+kzkiqLF6IikKUlXhmkQmru7EgP79pQgAAAAukO3QAAAAAAAAAAAE/v2lCAAAAQEK6yore6mAI66WEA8kUepGYbH7qhNUPmgAB/TjzCG7l1c6B2nzR3e+EVfHe0epYFN3oUn6dFGX/PfH6GWEfYQU=	AAAAAAAAAGQAAAAAAAAAAQAAAAAAAAABAAAAAAAAAAA=	AAAAAAAAAAEAAAABAAAAAQAAAAQAAAABAAAAABPIkKSLRp6IvwLsEs8V7/5mMk48dclxORqgodNMbsOWAAAAAUVVUgAAAAAA1IH9WwAxPS5vpM5IqixeiIpClJV4ZpEJq7uxID+/aUIAAAALpDt0AH//////////AAAAAQAAAAAAAAAA	AAAAAQAAAAEAAAAEAAAAAAAAAADUgf1bADE9Lm+kzkiqLF6IikKUlXhmkQmru7EgP79pQgAAAAJUC+M4AAAAAgAAAAIAAAAAAAAAAAAAAAAAAAAAAQAAAAAAAAAAAAAAAAAAAA==
4b42d17db144e3bca18039482e07615f93e5d7290bd6a4d820d51b95263470d2	4	3	GDKID7K3AAYT2LTPUTHERKRML2EIUQUUSV4GNEIJVO53CIB7X5UUEQV3	8589934595	0	0	1	2015-09-29 23:20:53.894965	2015-09-29 23:20:53.894965	17179881472	AAAAANSB/VsAMT0ub6TOSKosXoiKQpSVeGaRCau7sSA/v2lCAAAAZAAAAAIAAAADAAAAAAAAAAAAAAABAAAAAAAAAAEAAAAAE8iQpItGnoi/AuwSzxXv/mYyTjx1yXE5GqCh00xuw5YAAAABMQAAAAAAAADUgf1bADE9Lm+kzkiqLF6IikKUlXhmkQmru7EgP79pQgAAAAukO3QAAAAAAAAAAAE/v2lCAAAAQH3x4MZhBZnnRsxWTYq8wMGiM9baKULeGgBi/5UoPSSmSwkGqmUkBRxbNj3DYqdFU8nrb9i1FhVFkKGlS0ODGgc=	AAAAAAAAAGQAAAAAAAAAAQAAAAAAAAABAAAAAAAAAAA=	AAAAAAAAAAEAAAABAAAAAQAAAAQAAAABAAAAABPIkKSLRp6IvwLsEs8V7/5mMk48dclxORqgodNMbsOWAAAAATEAAAAAAAAA1IH9WwAxPS5vpM5IqixeiIpClJV4ZpEJq7uxID+/aUIAAAALpDt0AH//////////AAAAAQAAAAAAAAAA	AAAAAQAAAAEAAAAEAAAAAAAAAADUgf1bADE9Lm+kzkiqLF6IikKUlXhmkQmru7EgP79pQgAAAAJUC+LUAAAAAgAAAAMAAAAAAAAAAAAAAAAAAAAAAQAAAAAAAAAAAAAAAAAAAA==
ac599c855429eb0a8b1aecd5ae54baeab352e11a7e64a67fc174e9129eebe895	4	4	GDKID7K3AAYT2LTPUTHERKRML2EIUQUUSV4GNEIJVO53CIB7X5UUEQV3	8589934596	0	0	1	2015-09-29 23:20:53.909481	2015-09-29 23:20:53.909481	17179885568	AAAAANSB/VsAMT0ub6TOSKosXoiKQpSVeGaRCau7sSA/v2lCAAAAZAAAAAIAAAAEAAAAAAAAAAAAAAABAAAAAAAAAAEAAAAAE8iQpItGnoi/AuwSzxXv/mYyTjx1yXE5GqCh00xuw5YAAAABMjEAAAAAAADUgf1bADE9Lm+kzkiqLF6IikKUlXhmkQmru7EgP79pQgAAAAukO3QAAAAAAAAAAAE/v2lCAAAAQGzmk98RJv4mk7ptizHxyu0RK9P7DjHNzqPGj7vbcc+KaAnmqdaybXRKgB5KwD9Oyfz33EJKQ0qQoYKzwuygPQM=	AAAAAAAAAGQAAAAAAAAAAQAAAAAAAAABAAAAAAAAAAA=	AAAAAAAAAAEAAAABAAAAAQAAAAQAAAABAAAAABPIkKSLRp6IvwLsEs8V7/5mMk48dclxORqgodNMbsOWAAAAATIxAAAAAAAA1IH9WwAxPS5vpM5IqixeiIpClJV4ZpEJq7uxID+/aUIAAAALpDt0AH//////////AAAAAQAAAAAAAAAA	AAAAAQAAAAEAAAAEAAAAAAAAAADUgf1bADE9Lm+kzkiqLF6IikKUlXhmkQmru7EgP79pQgAAAAJUC+JwAAAAAgAAAAQAAAAAAAAAAAAAAAAAAAAAAQAAAAAAAAAAAAAAAAAAAA==
1abb8304b2ae5d95103bb8095b2a8fd3d3a9b292a87d6b7a575abd21e85d5152	4	5	GDKID7K3AAYT2LTPUTHERKRML2EIUQUUSV4GNEIJVO53CIB7X5UUEQV3	8589934597	0	0	1	2015-09-29 23:20:53.923656	2015-09-29 23:20:53.923656	17179889664	AAAAANSB/VsAMT0ub6TOSKosXoiKQpSVeGaRCau7sSA/v2lCAAAAZAAAAAIAAAAFAAAAAAAAAAAAAAABAAAAAAAAAAEAAAAAE8iQpItGnoi/AuwSzxXv/mYyTjx1yXE5GqCh00xuw5YAAAABMjIAAAAAAADUgf1bADE9Lm+kzkiqLF6IikKUlXhmkQmru7EgP79pQgAAAAukO3QAAAAAAAAAAAE/v2lCAAAAQCy35llYB4OQg7zxllVo6WAFCgCFXi0SKzu6//zG3B2c48xR3RGRub5uSoR667t9Le57xFFjRVqKSIuJD71a2gM=	AAAAAAAAAGQAAAAAAAAAAQAAAAAAAAABAAAAAAAAAAA=	AAAAAAAAAAEAAAABAAAAAQAAAAQAAAABAAAAABPIkKSLRp6IvwLsEs8V7/5mMk48dclxORqgodNMbsOWAAAAATIyAAAAAAAA1IH9WwAxPS5vpM5IqixeiIpClJV4ZpEJq7uxID+/aUIAAAALpDt0AH//////////AAAAAQAAAAAAAAAA	AAAAAQAAAAEAAAAEAAAAAAAAAADUgf1bADE9Lm+kzkiqLF6IikKUlXhmkQmru7EgP79pQgAAAAJUC+IMAAAAAgAAAAUAAAAAAAAAAAAAAAAAAAAAAQAAAAAAAAAAAAAAAAAAAA==
6ebbeaf15106d66916969c48e3660c6d1004f96bea20bddd6521ed1fec60582e	4	6	GDKID7K3AAYT2LTPUTHERKRML2EIUQUUSV4GNEIJVO53CIB7X5UUEQV3	8589934598	0	0	1	2015-09-29 23:20:53.938253	2015-09-29 23:20:53.938253	17179893760	AAAAANSB/VsAMT0ub6TOSKosXoiKQpSVeGaRCau7sSA/v2lCAAAAZAAAAAIAAAAGAAAAAAAAAAAAAAABAAAAAAAAAAEAAAAAE8iQpItGnoi/AuwSzxXv/mYyTjx1yXE5GqCh00xuw5YAAAABMzEAAAAAAADUgf1bADE9Lm+kzkiqLF6IikKUlXhmkQmru7EgP79pQgAAAAukO3QAAAAAAAAAAAE/v2lCAAAAQLY8klu5oOXNA+l3EF5ZQGdmDqb6MIv2xZSEBaIKHHIhAeyJ0tUVkMSUjSlJnOPn1gWywbfkJCsoUPllugkJvQI=	AAAAAAAAAGQAAAAAAAAAAQAAAAAAAAABAAAAAAAAAAA=	AAAAAAAAAAEAAAABAAAAAQAAAAQAAAABAAAAABPIkKSLRp6IvwLsEs8V7/5mMk48dclxORqgodNMbsOWAAAAATMxAAAAAAAA1IH9WwAxPS5vpM5IqixeiIpClJV4ZpEJq7uxID+/aUIAAAALpDt0AH//////////AAAAAQAAAAAAAAAA	AAAAAQAAAAEAAAAEAAAAAAAAAADUgf1bADE9Lm+kzkiqLF6IikKUlXhmkQmru7EgP79pQgAAAAJUC+GoAAAAAgAAAAYAAAAAAAAAAAAAAAAAAAAAAQAAAAAAAAAAAAAAAAAAAA==
fd5d37f3fb7e2cb380295fc28181c184f0c02f0eaeb1fe1654448d8478d02f78	4	7	GDKID7K3AAYT2LTPUTHERKRML2EIUQUUSV4GNEIJVO53CIB7X5UUEQV3	8589934599	0	0	1	2015-09-29 23:20:53.952732	2015-09-29 23:20:53.952732	17179897856	AAAAANSB/VsAMT0ub6TOSKosXoiKQpSVeGaRCau7sSA/v2lCAAAAZAAAAAIAAAAHAAAAAAAAAAAAAAABAAAAAAAAAAEAAAAAE8iQpItGnoi/AuwSzxXv/mYyTjx1yXE5GqCh00xuw5YAAAABMzIAAAAAAADUgf1bADE9Lm+kzkiqLF6IikKUlXhmkQmru7EgP79pQgAAAAukO3QAAAAAAAAAAAE/v2lCAAAAQAARHaFLHnVI2JcHzIQc/Ud/yT8CiC62n0P4yiGhM/kLbAIenKbu0waX/UHKqTKZXEhtdzJrZ+tv+EI/+3kr3QI=	AAAAAAAAAGQAAAAAAAAAAQAAAAAAAAABAAAAAAAAAAA=	AAAAAAAAAAEAAAABAAAAAQAAAAQAAAABAAAAABPIkKSLRp6IvwLsEs8V7/5mMk48dclxORqgodNMbsOWAAAAATMyAAAAAAAA1IH9WwAxPS5vpM5IqixeiIpClJV4ZpEJq7uxID+/aUIAAAALpDt0AH//////////AAAAAQAAAAAAAAAA	AAAAAQAAAAEAAAAEAAAAAAAAAADUgf1bADE9Lm+kzkiqLF6IikKUlXhmkQmru7EgP79pQgAAAAJUC+FEAAAAAgAAAAcAAAAAAAAAAAAAAAAAAAAAAQAAAAAAAAAAAAAAAAAAAA==
85acaefc3f7c8ecf39678f7fc5711740f3bbbb8756d10e44b9a4698a7cf84819	4	8	GDKID7K3AAYT2LTPUTHERKRML2EIUQUUSV4GNEIJVO53CIB7X5UUEQV3	8589934600	0	0	1	2015-09-29 23:20:53.966901	2015-09-29 23:20:53.966901	17179901952	AAAAANSB/VsAMT0ub6TOSKosXoiKQpSVeGaRCau7sSA/v2lCAAAAZAAAAAIAAAAIAAAAAAAAAAAAAAABAAAAAAAAAAEAAAAAE8iQpItGnoi/AuwSzxXv/mYyTjx1yXE5GqCh00xuw5YAAAABMzMAAAAAAADUgf1bADE9Lm+kzkiqLF6IikKUlXhmkQmru7EgP79pQgAAAAukO3QAAAAAAAAAAAE/v2lCAAAAQHJSmpdG0NaPQ/nw0u6fmMjQ0uWMR100hiwy71a45yFNpDPs00WLc/TmY9GPJEmDBECtVFY5LbH2mSpLlgdmLAM=	AAAAAAAAAGQAAAAAAAAAAQAAAAAAAAABAAAAAAAAAAA=	AAAAAAAAAAEAAAABAAAAAQAAAAQAAAABAAAAABPIkKSLRp6IvwLsEs8V7/5mMk48dclxORqgodNMbsOWAAAAATMzAAAAAAAA1IH9WwAxPS5vpM5IqixeiIpClJV4ZpEJq7uxID+/aUIAAAALpDt0AH//////////AAAAAQAAAAAAAAAA	AAAAAQAAAAEAAAAEAAAAAAAAAADUgf1bADE9Lm+kzkiqLF6IikKUlXhmkQmru7EgP79pQgAAAAJUC+DgAAAAAgAAAAgAAAAAAAAAAAAAAAAAAAAAAQAAAAAAAAAAAAAAAAAAAA==
0937c82d54a557be29bacce3090e4b582a374581814a1dd9b54ed6825c9a7064	5	1	GAJ4REFERNDJ5CF7ALWBFTYV577GMMSOHR24S4JZDKQKDU2MN3BZMNTP	8589934601	0	0	1	2015-09-29 23:20:53.992171	2015-09-29 23:20:53.992171	21474840576	AAAAABPIkKSLRp6IvwLsEs8V7/5mMk48dclxORqgodNMbsOWAAAAZAAAAAIAAAAJAAAAAAAAAAAAAAABAAAAAAAAAAMAAAABRVVSAAAAAADUgf1bADE9Lm+kzkiqLF6IikKUlXhmkQmru7EgP79pQgAAAAFVU0QAAAAAANSB/VsAMT0ub6TOSKosXoiKQpSVeGaRCau7sSA/v2lCAAAAAAX14QAAAAABAAAAAQAAAAAAAAAAAAAAAAAAAAFMbsOWAAAAQMcRukECmFHlHNggP7B0MwcJiaXSWOhrzN5BBk6W7X7rMgYKo4y663nePiGopfwTbx5DSENzSDT7m3DH7lVoQQg=	AAAAAAAAAGQAAAAAAAAAAQAAAAAAAAADAAAAAAAAAAAAAAAAAAAAABPIkKSLRp6IvwLsEs8V7/5mMk48dclxORqgodNMbsOWAAAAAAAAAAEAAAABRVVSAAAAAADUgf1bADE9Lm+kzkiqLF6IikKUlXhmkQmru7EgP79pQgAAAAFVU0QAAAAAANSB/VsAMT0ub6TOSKosXoiKQpSVeGaRCau7sSA/v2lCAAAAAAX14QAAAAABAAAAAQAAAAAAAAAAAAAAAA==	AAAAAAAAAAEAAAACAAAAAAAAAAUAAAACAAAAABPIkKSLRp6IvwLsEs8V7/5mMk48dclxORqgodNMbsOWAAAAAAAAAAEAAAABRVVSAAAAAADUgf1bADE9Lm+kzkiqLF6IikKUlXhmkQmru7EgP79pQgAAAAFVU0QAAAAAANSB/VsAMT0ub6TOSKosXoiKQpSVeGaRCau7sSA/v2lCAAAAAAX14QAAAAABAAAAAQAAAAAAAAAAAAAAAAAAAAEAAAAFAAAAAAAAAAATyJCki0aeiL8C7BLPFe/+ZjJOPHXJcTkaoKHTTG7DlgAAAAJUC9z4AAAAAgAAABIAAAAJAAAAAAAAAAAAAAAAAQAAAAAAAAAAAAAAAAAAAA==	AAAAAQAAAAEAAAAFAAAAAAAAAAATyJCki0aeiL8C7BLPFe/+ZjJOPHXJcTkaoKHTTG7DlgAAAAJUC+B8AAAAAgAAAAkAAAAIAAAAAAAAAAAAAAAAAQAAAAAAAAAAAAAAAAAAAA==
63e9ee6a6f28e7c6d2fa792a4663391193f477d38945622af48035a09f5ab8cd	5	2	GAJ4REFERNDJ5CF7ALWBFTYV577GMMSOHR24S4JZDKQKDU2MN3BZMNTP	8589934602	0	0	1	2015-09-29 23:20:54.002483	2015-09-29 23:20:54.002483	21474844672	AAAAABPIkKSLRp6IvwLsEs8V7/5mMk48dclxORqgodNMbsOWAAAAZAAAAAIAAAAKAAAAAAAAAAAAAAABAAAAAAAAAAMAAAABMQAAAAAAAADUgf1bADE9Lm+kzkiqLF6IikKUlXhmkQmru7EgP79pQgAAAAFVU0QAAAAAANSB/VsAMT0ub6TOSKosXoiKQpSVeGaRCau7sSA/v2lCAAAAAAvrwgAAAAABAAAAAQAAAAAAAAAAAAAAAAAAAAFMbsOWAAAAQAQQnJyG8tsD32cKrSbedMcXP4+NfDwtfT+b5+x9Ci+Iicg7A9P//GCQwwXdgXFhbd5tEZLWqdbrkthCg1Eb5QE=	AAAAAAAAAGQAAAAAAAAAAQAAAAAAAAADAAAAAAAAAAAAAAAAAAAAABPIkKSLRp6IvwLsEs8V7/5mMk48dclxORqgodNMbsOWAAAAAAAAAAIAAAABMQAAAAAAAADUgf1bADE9Lm+kzkiqLF6IikKUlXhmkQmru7EgP79pQgAAAAFVU0QAAAAAANSB/VsAMT0ub6TOSKosXoiKQpSVeGaRCau7sSA/v2lCAAAAAAvrwgAAAAABAAAAAQAAAAAAAAAAAAAAAA==	AAAAAAAAAAEAAAACAAAAAAAAAAUAAAACAAAAABPIkKSLRp6IvwLsEs8V7/5mMk48dclxORqgodNMbsOWAAAAAAAAAAIAAAABMQAAAAAAAADUgf1bADE9Lm+kzkiqLF6IikKUlXhmkQmru7EgP79pQgAAAAFVU0QAAAAAANSB/VsAMT0ub6TOSKosXoiKQpSVeGaRCau7sSA/v2lCAAAAAAvrwgAAAAABAAAAAQAAAAAAAAAAAAAAAAAAAAEAAAAFAAAAAAAAAAATyJCki0aeiL8C7BLPFe/+ZjJOPHXJcTkaoKHTTG7DlgAAAAJUC9z4AAAAAgAAABIAAAAKAAAAAAAAAAAAAAAAAQAAAAAAAAAAAAAAAAAAAA==	AAAAAQAAAAEAAAAFAAAAAAAAAAATyJCki0aeiL8C7BLPFe/+ZjJOPHXJcTkaoKHTTG7DlgAAAAJUC+AYAAAAAgAAAAoAAAAIAAAAAAAAAAAAAAAAAQAAAAAAAAAAAAAAAAAAAA==
8aa919e2fc71238fb55aaf292435e6a41cd81f09456bf4d19f355331c3738ac9	5	3	GAJ4REFERNDJ5CF7ALWBFTYV577GMMSOHR24S4JZDKQKDU2MN3BZMNTP	8589934603	0	0	1	2015-09-29 23:20:54.012087	2015-09-29 23:20:54.012087	21474848768	AAAAABPIkKSLRp6IvwLsEs8V7/5mMk48dclxORqgodNMbsOWAAAAZAAAAAIAAAALAAAAAAAAAAAAAAABAAAAAAAAAAMAAAABRVVSAAAAAADUgf1bADE9Lm+kzkiqLF6IikKUlXhmkQmru7EgP79pQgAAAAExAAAAAAAAANSB/VsAMT0ub6TOSKosXoiKQpSVeGaRCau7sSA/v2lCAAAAAAvrwgAAAAABAAAAAQAAAAAAAAAAAAAAAAAAAAFMbsOWAAAAQN8+BXoCcevofEQoWi1JbOM6C0aOsw2bfDBKfv9mt1Ds80l+FbZM9QeqFG2IJbpCJwGb+S49DotbWMeH5KKWVgA=	AAAAAAAAAGQAAAAAAAAAAQAAAAAAAAADAAAAAAAAAAAAAAAAAAAAABPIkKSLRp6IvwLsEs8V7/5mMk48dclxORqgodNMbsOWAAAAAAAAAAMAAAABRVVSAAAAAADUgf1bADE9Lm+kzkiqLF6IikKUlXhmkQmru7EgP79pQgAAAAExAAAAAAAAANSB/VsAMT0ub6TOSKosXoiKQpSVeGaRCau7sSA/v2lCAAAAAAvrwgAAAAABAAAAAQAAAAAAAAAAAAAAAA==	AAAAAAAAAAEAAAACAAAAAAAAAAUAAAACAAAAABPIkKSLRp6IvwLsEs8V7/5mMk48dclxORqgodNMbsOWAAAAAAAAAAMAAAABRVVSAAAAAADUgf1bADE9Lm+kzkiqLF6IikKUlXhmkQmru7EgP79pQgAAAAExAAAAAAAAANSB/VsAMT0ub6TOSKosXoiKQpSVeGaRCau7sSA/v2lCAAAAAAvrwgAAAAABAAAAAQAAAAAAAAAAAAAAAAAAAAEAAAAFAAAAAAAAAAATyJCki0aeiL8C7BLPFe/+ZjJOPHXJcTkaoKHTTG7DlgAAAAJUC9z4AAAAAgAAABIAAAALAAAAAAAAAAAAAAAAAQAAAAAAAAAAAAAAAAAAAA==	AAAAAQAAAAEAAAAFAAAAAAAAAAATyJCki0aeiL8C7BLPFe/+ZjJOPHXJcTkaoKHTTG7DlgAAAAJUC9+0AAAAAgAAAAsAAAAIAAAAAAAAAAAAAAAAAQAAAAAAAAAAAAAAAAAAAA==
a27c90b60c9082aa8e8dfdf974a2280c8c5f1f6a71ebfad3199c3b6264741ca8	5	4	GAJ4REFERNDJ5CF7ALWBFTYV577GMMSOHR24S4JZDKQKDU2MN3BZMNTP	8589934604	0	0	1	2015-09-29 23:20:54.024069	2015-09-29 23:20:54.024069	21474852864	AAAAABPIkKSLRp6IvwLsEs8V7/5mMk48dclxORqgodNMbsOWAAAAZAAAAAIAAAAMAAAAAAAAAAAAAAABAAAAAAAAAAMAAAABMjEAAAAAAADUgf1bADE9Lm+kzkiqLF6IikKUlXhmkQmru7EgP79pQgAAAAFVU0QAAAAAANSB/VsAMT0ub6TOSKosXoiKQpSVeGaRCau7sSA/v2lCAAAAABHhowAAAAABAAAAAQAAAAAAAAAAAAAAAAAAAAFMbsOWAAAAQAVSWX5XCR3yJadjtu+XGUXmHBudLbW1iTC8x+Y7Uszuu1W4GJwNLGXih9Q3Dollcb1LO21mtGhZL/ZLCPcH4wo=	AAAAAAAAAGQAAAAAAAAAAQAAAAAAAAADAAAAAAAAAAAAAAAAAAAAABPIkKSLRp6IvwLsEs8V7/5mMk48dclxORqgodNMbsOWAAAAAAAAAAQAAAABMjEAAAAAAADUgf1bADE9Lm+kzkiqLF6IikKUlXhmkQmru7EgP79pQgAAAAFVU0QAAAAAANSB/VsAMT0ub6TOSKosXoiKQpSVeGaRCau7sSA/v2lCAAAAABHhowAAAAABAAAAAQAAAAAAAAAAAAAAAA==	AAAAAAAAAAEAAAACAAAAAAAAAAUAAAACAAAAABPIkKSLRp6IvwLsEs8V7/5mMk48dclxORqgodNMbsOWAAAAAAAAAAQAAAABMjEAAAAAAADUgf1bADE9Lm+kzkiqLF6IikKUlXhmkQmru7EgP79pQgAAAAFVU0QAAAAAANSB/VsAMT0ub6TOSKosXoiKQpSVeGaRCau7sSA/v2lCAAAAABHhowAAAAABAAAAAQAAAAAAAAAAAAAAAAAAAAEAAAAFAAAAAAAAAAATyJCki0aeiL8C7BLPFe/+ZjJOPHXJcTkaoKHTTG7DlgAAAAJUC9z4AAAAAgAAABIAAAAMAAAAAAAAAAAAAAAAAQAAAAAAAAAAAAAAAAAAAA==	AAAAAQAAAAEAAAAFAAAAAAAAAAATyJCki0aeiL8C7BLPFe/+ZjJOPHXJcTkaoKHTTG7DlgAAAAJUC99QAAAAAgAAAAwAAAAIAAAAAAAAAAAAAAAAAQAAAAAAAAAAAAAAAAAAAA==
68c081172973d3f5af8b88ec09d466e332b72fbfb1388968203e48bd2b5d00e0	5	5	GAJ4REFERNDJ5CF7ALWBFTYV577GMMSOHR24S4JZDKQKDU2MN3BZMNTP	8589934605	0	0	1	2015-09-29 23:20:54.033978	2015-09-29 23:20:54.033978	21474856960	AAAAABPIkKSLRp6IvwLsEs8V7/5mMk48dclxORqgodNMbsOWAAAAZAAAAAIAAAANAAAAAAAAAAAAAAABAAAAAAAAAAMAAAABMjIAAAAAAADUgf1bADE9Lm+kzkiqLF6IikKUlXhmkQmru7EgP79pQgAAAAEyMQAAAAAAANSB/VsAMT0ub6TOSKosXoiKQpSVeGaRCau7sSA/v2lCAAAAABHhowAAAAABAAAAAQAAAAAAAAAAAAAAAAAAAAFMbsOWAAAAQGuCd19rnheKr50HJJM4leLKBjGZEJkpG0FNs2xGCp7TOvmTm/dH2msy9fNMxcuCQSWcqbNU95EHDV7niOg53Ag=	AAAAAAAAAGQAAAAAAAAAAQAAAAAAAAADAAAAAAAAAAAAAAAAAAAAABPIkKSLRp6IvwLsEs8V7/5mMk48dclxORqgodNMbsOWAAAAAAAAAAUAAAABMjIAAAAAAADUgf1bADE9Lm+kzkiqLF6IikKUlXhmkQmru7EgP79pQgAAAAEyMQAAAAAAANSB/VsAMT0ub6TOSKosXoiKQpSVeGaRCau7sSA/v2lCAAAAABHhowAAAAABAAAAAQAAAAAAAAAAAAAAAA==	AAAAAAAAAAEAAAACAAAAAAAAAAUAAAACAAAAABPIkKSLRp6IvwLsEs8V7/5mMk48dclxORqgodNMbsOWAAAAAAAAAAUAAAABMjIAAAAAAADUgf1bADE9Lm+kzkiqLF6IikKUlXhmkQmru7EgP79pQgAAAAEyMQAAAAAAANSB/VsAMT0ub6TOSKosXoiKQpSVeGaRCau7sSA/v2lCAAAAABHhowAAAAABAAAAAQAAAAAAAAAAAAAAAAAAAAEAAAAFAAAAAAAAAAATyJCki0aeiL8C7BLPFe/+ZjJOPHXJcTkaoKHTTG7DlgAAAAJUC9z4AAAAAgAAABIAAAANAAAAAAAAAAAAAAAAAQAAAAAAAAAAAAAAAAAAAA==	AAAAAQAAAAEAAAAFAAAAAAAAAAATyJCki0aeiL8C7BLPFe/+ZjJOPHXJcTkaoKHTTG7DlgAAAAJUC97sAAAAAgAAAA0AAAAIAAAAAAAAAAAAAAAAAQAAAAAAAAAAAAAAAAAAAA==
772861837c755273626ba29a7eaa1ad58124e384b7e6d4701fd362efbd051fac	5	6	GAJ4REFERNDJ5CF7ALWBFTYV577GMMSOHR24S4JZDKQKDU2MN3BZMNTP	8589934606	0	0	1	2015-09-29 23:20:54.043214	2015-09-29 23:20:54.043214	21474861056	AAAAABPIkKSLRp6IvwLsEs8V7/5mMk48dclxORqgodNMbsOWAAAAZAAAAAIAAAAOAAAAAAAAAAAAAAABAAAAAAAAAAMAAAABRVVSAAAAAADUgf1bADE9Lm+kzkiqLF6IikKUlXhmkQmru7EgP79pQgAAAAEyMgAAAAAAANSB/VsAMT0ub6TOSKosXoiKQpSVeGaRCau7sSA/v2lCAAAAABHhowAAAAABAAAAAQAAAAAAAAAAAAAAAAAAAAFMbsOWAAAAQGth7gAMe9lTuxahGyKYvqyJzDV7vuwgicp5qc3H4ZAlBBS9hS1WRWbWeNaHcbAlIxf0P47li9XKbtpf2VMeuA0=	AAAAAAAAAGQAAAAAAAAAAQAAAAAAAAADAAAAAAAAAAAAAAAAAAAAABPIkKSLRp6IvwLsEs8V7/5mMk48dclxORqgodNMbsOWAAAAAAAAAAYAAAABRVVSAAAAAADUgf1bADE9Lm+kzkiqLF6IikKUlXhmkQmru7EgP79pQgAAAAEyMgAAAAAAANSB/VsAMT0ub6TOSKosXoiKQpSVeGaRCau7sSA/v2lCAAAAABHhowAAAAABAAAAAQAAAAAAAAAAAAAAAA==	AAAAAAAAAAEAAAACAAAAAAAAAAUAAAACAAAAABPIkKSLRp6IvwLsEs8V7/5mMk48dclxORqgodNMbsOWAAAAAAAAAAYAAAABRVVSAAAAAADUgf1bADE9Lm+kzkiqLF6IikKUlXhmkQmru7EgP79pQgAAAAEyMgAAAAAAANSB/VsAMT0ub6TOSKosXoiKQpSVeGaRCau7sSA/v2lCAAAAABHhowAAAAABAAAAAQAAAAAAAAAAAAAAAAAAAAEAAAAFAAAAAAAAAAATyJCki0aeiL8C7BLPFe/+ZjJOPHXJcTkaoKHTTG7DlgAAAAJUC9z4AAAAAgAAABIAAAAOAAAAAAAAAAAAAAAAAQAAAAAAAAAAAAAAAAAAAA==	AAAAAQAAAAEAAAAFAAAAAAAAAAATyJCki0aeiL8C7BLPFe/+ZjJOPHXJcTkaoKHTTG7DlgAAAAJUC96IAAAAAgAAAA4AAAAIAAAAAAAAAAAAAAAAAQAAAAAAAAAAAAAAAAAAAA==
e5481e3688f6715f06347bb4255a9b626fcc25a790e5fdd8096b56a9af43cc41	5	7	GAJ4REFERNDJ5CF7ALWBFTYV577GMMSOHR24S4JZDKQKDU2MN3BZMNTP	8589934607	0	0	1	2015-09-29 23:20:54.052123	2015-09-29 23:20:54.052123	21474865152	AAAAABPIkKSLRp6IvwLsEs8V7/5mMk48dclxORqgodNMbsOWAAAAZAAAAAIAAAAPAAAAAAAAAAAAAAABAAAAAAAAAAMAAAABMzEAAAAAAADUgf1bADE9Lm+kzkiqLF6IikKUlXhmkQmru7EgP79pQgAAAAFVU0QAAAAAANSB/VsAMT0ub6TOSKosXoiKQpSVeGaRCau7sSA/v2lCAAAAABfXhAAAAAABAAAAAQAAAAAAAAAAAAAAAAAAAAFMbsOWAAAAQJyR2fKN6daw2li7Jh43SWrO8iQIX0u8NDZ0HXOtups9R+C84kLbRTfgoKMo5UmtZO5c6PoCGl6CMTvA8rLNLwU=	AAAAAAAAAGQAAAAAAAAAAQAAAAAAAAADAAAAAAAAAAAAAAAAAAAAABPIkKSLRp6IvwLsEs8V7/5mMk48dclxORqgodNMbsOWAAAAAAAAAAcAAAABMzEAAAAAAADUgf1bADE9Lm+kzkiqLF6IikKUlXhmkQmru7EgP79pQgAAAAFVU0QAAAAAANSB/VsAMT0ub6TOSKosXoiKQpSVeGaRCau7sSA/v2lCAAAAABfXhAAAAAABAAAAAQAAAAAAAAAAAAAAAA==	AAAAAAAAAAEAAAACAAAAAAAAAAUAAAACAAAAABPIkKSLRp6IvwLsEs8V7/5mMk48dclxORqgodNMbsOWAAAAAAAAAAcAAAABMzEAAAAAAADUgf1bADE9Lm+kzkiqLF6IikKUlXhmkQmru7EgP79pQgAAAAFVU0QAAAAAANSB/VsAMT0ub6TOSKosXoiKQpSVeGaRCau7sSA/v2lCAAAAABfXhAAAAAABAAAAAQAAAAAAAAAAAAAAAAAAAAEAAAAFAAAAAAAAAAATyJCki0aeiL8C7BLPFe/+ZjJOPHXJcTkaoKHTTG7DlgAAAAJUC9z4AAAAAgAAABIAAAAPAAAAAAAAAAAAAAAAAQAAAAAAAAAAAAAAAAAAAA==	AAAAAQAAAAEAAAAFAAAAAAAAAAATyJCki0aeiL8C7BLPFe/+ZjJOPHXJcTkaoKHTTG7DlgAAAAJUC94kAAAAAgAAAA8AAAAIAAAAAAAAAAAAAAAAAQAAAAAAAAAAAAAAAAAAAA==
52f5ce645dbbd43a882a770b39158440f26f04ddc7d28650b653698acb2fb5b8	5	8	GAJ4REFERNDJ5CF7ALWBFTYV577GMMSOHR24S4JZDKQKDU2MN3BZMNTP	8589934608	0	0	1	2015-09-29 23:20:54.061368	2015-09-29 23:20:54.061368	21474869248	AAAAABPIkKSLRp6IvwLsEs8V7/5mMk48dclxORqgodNMbsOWAAAAZAAAAAIAAAAQAAAAAAAAAAAAAAABAAAAAAAAAAMAAAABMzIAAAAAAADUgf1bADE9Lm+kzkiqLF6IikKUlXhmkQmru7EgP79pQgAAAAEzMQAAAAAAANSB/VsAMT0ub6TOSKosXoiKQpSVeGaRCau7sSA/v2lCAAAAABfXhAAAAAABAAAAAQAAAAAAAAAAAAAAAAAAAAFMbsOWAAAAQL983H8UEtSzCn12cQ7pMvLhRNO40q/QvAEJ5bAfoDlMnF68jCmkFWRmzk/ahbnlncsQmHxT0RgyqVacTqfWzwU=	AAAAAAAAAGQAAAAAAAAAAQAAAAAAAAADAAAAAAAAAAAAAAAAAAAAABPIkKSLRp6IvwLsEs8V7/5mMk48dclxORqgodNMbsOWAAAAAAAAAAgAAAABMzIAAAAAAADUgf1bADE9Lm+kzkiqLF6IikKUlXhmkQmru7EgP79pQgAAAAEzMQAAAAAAANSB/VsAMT0ub6TOSKosXoiKQpSVeGaRCau7sSA/v2lCAAAAABfXhAAAAAABAAAAAQAAAAAAAAAAAAAAAA==	AAAAAAAAAAEAAAACAAAAAAAAAAUAAAACAAAAABPIkKSLRp6IvwLsEs8V7/5mMk48dclxORqgodNMbsOWAAAAAAAAAAgAAAABMzIAAAAAAADUgf1bADE9Lm+kzkiqLF6IikKUlXhmkQmru7EgP79pQgAAAAEzMQAAAAAAANSB/VsAMT0ub6TOSKosXoiKQpSVeGaRCau7sSA/v2lCAAAAABfXhAAAAAABAAAAAQAAAAAAAAAAAAAAAAAAAAEAAAAFAAAAAAAAAAATyJCki0aeiL8C7BLPFe/+ZjJOPHXJcTkaoKHTTG7DlgAAAAJUC9z4AAAAAgAAABIAAAAQAAAAAAAAAAAAAAAAAQAAAAAAAAAAAAAAAAAAAA==	AAAAAQAAAAEAAAAFAAAAAAAAAAATyJCki0aeiL8C7BLPFe/+ZjJOPHXJcTkaoKHTTG7DlgAAAAJUC93AAAAAAgAAABAAAAAIAAAAAAAAAAAAAAAAAQAAAAAAAAAAAAAAAAAAAA==
f646404ce9f2fd78e45b62c53fc32a3fae8cf0e35f67df1e171c7a0f37b795cf	5	9	GAJ4REFERNDJ5CF7ALWBFTYV577GMMSOHR24S4JZDKQKDU2MN3BZMNTP	8589934609	0	0	1	2015-09-29 23:20:54.070206	2015-09-29 23:20:54.070206	21474873344	AAAAABPIkKSLRp6IvwLsEs8V7/5mMk48dclxORqgodNMbsOWAAAAZAAAAAIAAAARAAAAAAAAAAAAAAABAAAAAAAAAAMAAAABMzMAAAAAAADUgf1bADE9Lm+kzkiqLF6IikKUlXhmkQmru7EgP79pQgAAAAEzMgAAAAAAANSB/VsAMT0ub6TOSKosXoiKQpSVeGaRCau7sSA/v2lCAAAAABfXhAAAAAABAAAAAQAAAAAAAAAAAAAAAAAAAAFMbsOWAAAAQJ9wkAZuAlUq4I8dtabmVKi6I2wkWnvJR+jmQw9dE3p250mfJo9OCerjZEHr46oECu1i60AjATGU3Vp7u0WlCwU=	AAAAAAAAAGQAAAAAAAAAAQAAAAAAAAADAAAAAAAAAAAAAAAAAAAAABPIkKSLRp6IvwLsEs8V7/5mMk48dclxORqgodNMbsOWAAAAAAAAAAkAAAABMzMAAAAAAADUgf1bADE9Lm+kzkiqLF6IikKUlXhmkQmru7EgP79pQgAAAAEzMgAAAAAAANSB/VsAMT0ub6TOSKosXoiKQpSVeGaRCau7sSA/v2lCAAAAABfXhAAAAAABAAAAAQAAAAAAAAAAAAAAAA==	AAAAAAAAAAEAAAACAAAAAAAAAAUAAAACAAAAABPIkKSLRp6IvwLsEs8V7/5mMk48dclxORqgodNMbsOWAAAAAAAAAAkAAAABMzMAAAAAAADUgf1bADE9Lm+kzkiqLF6IikKUlXhmkQmru7EgP79pQgAAAAEzMgAAAAAAANSB/VsAMT0ub6TOSKosXoiKQpSVeGaRCau7sSA/v2lCAAAAABfXhAAAAAABAAAAAQAAAAAAAAAAAAAAAAAAAAEAAAAFAAAAAAAAAAATyJCki0aeiL8C7BLPFe/+ZjJOPHXJcTkaoKHTTG7DlgAAAAJUC9z4AAAAAgAAABIAAAARAAAAAAAAAAAAAAAAAQAAAAAAAAAAAAAAAAAAAA==	AAAAAQAAAAEAAAAFAAAAAAAAAAATyJCki0aeiL8C7BLPFe/+ZjJOPHXJcTkaoKHTTG7DlgAAAAJUC91cAAAAAgAAABEAAAAIAAAAAAAAAAAAAAAAAQAAAAAAAAAAAAAAAAAAAA==
1f061281b397c8d173d73f555f3e8b8f47948b25c3178efc50cfac1f69fc4c39	5	10	GAJ4REFERNDJ5CF7ALWBFTYV577GMMSOHR24S4JZDKQKDU2MN3BZMNTP	8589934610	0	0	1	2015-09-29 23:20:54.079323	2015-09-29 23:20:54.079323	21474877440	AAAAABPIkKSLRp6IvwLsEs8V7/5mMk48dclxORqgodNMbsOWAAAAZAAAAAIAAAASAAAAAAAAAAAAAAABAAAAAAAAAAMAAAABRVVSAAAAAADUgf1bADE9Lm+kzkiqLF6IikKUlXhmkQmru7EgP79pQgAAAAEzMwAAAAAAANSB/VsAMT0ub6TOSKosXoiKQpSVeGaRCau7sSA/v2lCAAAAABfXhAAAAAABAAAAAQAAAAAAAAAAAAAAAAAAAAFMbsOWAAAAQNcBH+AuCKtatcuxPmHwAXN3uoNV25XpSSosjMLY31bjnQmVV1fdwez29eoDO2nwmklQKSeXBKg/T5ex8zZ8JgM=	AAAAAAAAAGQAAAAAAAAAAQAAAAAAAAADAAAAAAAAAAAAAAAAAAAAABPIkKSLRp6IvwLsEs8V7/5mMk48dclxORqgodNMbsOWAAAAAAAAAAoAAAABRVVSAAAAAADUgf1bADE9Lm+kzkiqLF6IikKUlXhmkQmru7EgP79pQgAAAAEzMwAAAAAAANSB/VsAMT0ub6TOSKosXoiKQpSVeGaRCau7sSA/v2lCAAAAABfXhAAAAAABAAAAAQAAAAAAAAAAAAAAAA==	AAAAAAAAAAEAAAACAAAAAAAAAAUAAAACAAAAABPIkKSLRp6IvwLsEs8V7/5mMk48dclxORqgodNMbsOWAAAAAAAAAAoAAAABRVVSAAAAAADUgf1bADE9Lm+kzkiqLF6IikKUlXhmkQmru7EgP79pQgAAAAEzMwAAAAAAANSB/VsAMT0ub6TOSKosXoiKQpSVeGaRCau7sSA/v2lCAAAAABfXhAAAAAABAAAAAQAAAAAAAAAAAAAAAAAAAAEAAAAFAAAAAAAAAAATyJCki0aeiL8C7BLPFe/+ZjJOPHXJcTkaoKHTTG7DlgAAAAJUC9z4AAAAAgAAABIAAAASAAAAAAAAAAAAAAAAAQAAAAAAAAAAAAAAAAAAAA==	AAAAAQAAAAEAAAAFAAAAAAAAAAATyJCki0aeiL8C7BLPFe/+ZjJOPHXJcTkaoKHTTG7DlgAAAAJUC9z4AAAAAgAAABIAAAAIAAAAAAAAAAAAAAAAAQAAAAAAAAAAAAAAAAAAAA==
\.


--
-- Data for Name: schema_migrations; Type: TABLE DATA; Schema: public; Owner: -
--

COPY schema_migrations (version) FROM stdin;
20150310224849
20150313225945
20150313225955
20150501160031
20150508003829
20150508175821
20150508183542
20150508215546
20150609230237
20150629181921
20150825180131
20150825223417
20150902224148
20150929205440
\.


--
-- Name: history_operation_participants_pkey; Type: CONSTRAINT; Schema: public; Owner: -; Tablespace: 
--

ALTER TABLE ONLY history_operation_participants
    ADD CONSTRAINT history_operation_participants_pkey PRIMARY KEY (id);


--
-- Name: history_transaction_participants_pkey; Type: CONSTRAINT; Schema: public; Owner: -; Tablespace: 
--

ALTER TABLE ONLY history_transaction_participants
    ADD CONSTRAINT history_transaction_participants_pkey PRIMARY KEY (id);


--
-- Name: history_transaction_statuses_pkey; Type: CONSTRAINT; Schema: public; Owner: -; Tablespace: 
--

ALTER TABLE ONLY history_transaction_statuses
    ADD CONSTRAINT history_transaction_statuses_pkey PRIMARY KEY (id);


--
-- Name: by_account; Type: INDEX; Schema: public; Owner: -; Tablespace: 
--

CREATE INDEX by_account ON history_transactions USING btree (account, account_sequence);


--
-- Name: by_hash; Type: INDEX; Schema: public; Owner: -; Tablespace: 
--

CREATE INDEX by_hash ON history_transactions USING btree (transaction_hash);


--
-- Name: by_ledger; Type: INDEX; Schema: public; Owner: -; Tablespace: 
--

CREATE INDEX by_ledger ON history_transactions USING btree (ledger_sequence, application_order);


--
-- Name: hist_e_by_order; Type: INDEX; Schema: public; Owner: -; Tablespace: 
--

CREATE UNIQUE INDEX hist_e_by_order ON history_effects USING btree (history_operation_id, "order");


--
-- Name: hist_e_id; Type: INDEX; Schema: public; Owner: -; Tablespace: 
--

CREATE UNIQUE INDEX hist_e_id ON history_effects USING btree (history_account_id, history_operation_id, "order");


--
-- Name: hist_op_p_id; Type: INDEX; Schema: public; Owner: -; Tablespace: 
--

CREATE UNIQUE INDEX hist_op_p_id ON history_operation_participants USING btree (history_account_id, history_operation_id);


--
-- Name: hs_ledger_by_id; Type: INDEX; Schema: public; Owner: -; Tablespace: 
--

CREATE UNIQUE INDEX hs_ledger_by_id ON history_ledgers USING btree (id);


--
-- Name: hs_transaction_by_id; Type: INDEX; Schema: public; Owner: -; Tablespace: 
--

CREATE UNIQUE INDEX hs_transaction_by_id ON history_transactions USING btree (id);


--
-- Name: index_history_accounts_on_id; Type: INDEX; Schema: public; Owner: -; Tablespace: 
--

CREATE UNIQUE INDEX index_history_accounts_on_id ON history_accounts USING btree (id);


--
-- Name: index_history_effects_on_type; Type: INDEX; Schema: public; Owner: -; Tablespace: 
--

CREATE INDEX index_history_effects_on_type ON history_effects USING btree (type);


--
-- Name: index_history_ledgers_on_closed_at; Type: INDEX; Schema: public; Owner: -; Tablespace: 
--

CREATE INDEX index_history_ledgers_on_closed_at ON history_ledgers USING btree (closed_at);


--
-- Name: index_history_ledgers_on_id; Type: INDEX; Schema: public; Owner: -; Tablespace: 
--

CREATE UNIQUE INDEX index_history_ledgers_on_id ON history_ledgers USING btree (id);


--
-- Name: index_history_ledgers_on_importer_version; Type: INDEX; Schema: public; Owner: -; Tablespace: 
--

CREATE INDEX index_history_ledgers_on_importer_version ON history_ledgers USING btree (importer_version);


--
-- Name: index_history_ledgers_on_ledger_hash; Type: INDEX; Schema: public; Owner: -; Tablespace: 
--

CREATE UNIQUE INDEX index_history_ledgers_on_ledger_hash ON history_ledgers USING btree (ledger_hash);


--
-- Name: index_history_ledgers_on_previous_ledger_hash; Type: INDEX; Schema: public; Owner: -; Tablespace: 
--

CREATE UNIQUE INDEX index_history_ledgers_on_previous_ledger_hash ON history_ledgers USING btree (previous_ledger_hash);


--
-- Name: index_history_ledgers_on_sequence; Type: INDEX; Schema: public; Owner: -; Tablespace: 
--

CREATE UNIQUE INDEX index_history_ledgers_on_sequence ON history_ledgers USING btree (sequence);


--
-- Name: index_history_operations_on_id; Type: INDEX; Schema: public; Owner: -; Tablespace: 
--

CREATE UNIQUE INDEX index_history_operations_on_id ON history_operations USING btree (id);


--
-- Name: index_history_operations_on_transaction_id; Type: INDEX; Schema: public; Owner: -; Tablespace: 
--

CREATE INDEX index_history_operations_on_transaction_id ON history_operations USING btree (transaction_id);


--
-- Name: index_history_operations_on_type; Type: INDEX; Schema: public; Owner: -; Tablespace: 
--

CREATE INDEX index_history_operations_on_type ON history_operations USING btree (type);


--
-- Name: index_history_transaction_participants_on_account; Type: INDEX; Schema: public; Owner: -; Tablespace: 
--

CREATE INDEX index_history_transaction_participants_on_account ON history_transaction_participants USING btree (account);


--
-- Name: index_history_transaction_participants_on_transaction_hash; Type: INDEX; Schema: public; Owner: -; Tablespace: 
--

CREATE INDEX index_history_transaction_participants_on_transaction_hash ON history_transaction_participants USING btree (transaction_hash);


--
-- Name: index_history_transaction_statuses_lc_on_all; Type: INDEX; Schema: public; Owner: -; Tablespace: 
--

CREATE UNIQUE INDEX index_history_transaction_statuses_lc_on_all ON history_transaction_statuses USING btree (id, result_code, result_code_s);


--
-- Name: index_history_transactions_on_id; Type: INDEX; Schema: public; Owner: -; Tablespace: 
--

CREATE UNIQUE INDEX index_history_transactions_on_id ON history_transactions USING btree (id);


--
-- Name: trade_effects_by_order_book; Type: INDEX; Schema: public; Owner: -; Tablespace: 
--

CREATE INDEX trade_effects_by_order_book ON history_effects USING btree (((details ->> 'sold_asset_type'::text)), ((details ->> 'sold_asset_code'::text)), ((details ->> 'sold_asset_issuer'::text)), ((details ->> 'bought_asset_type'::text)), ((details ->> 'bought_asset_code'::text)), ((details ->> 'bought_asset_issuer'::text))) WHERE (type = 33);


--
-- Name: unique_schema_migrations; Type: INDEX; Schema: public; Owner: -; Tablespace: 
--

CREATE UNIQUE INDEX unique_schema_migrations ON schema_migrations USING btree (version);


--
-- Name: public; Type: ACL; Schema: -; Owner: -
--

REVOKE ALL ON SCHEMA public FROM PUBLIC;
REVOKE ALL ON SCHEMA public FROM nullstyle;
GRANT ALL ON SCHEMA public TO nullstyle;
GRANT ALL ON SCHEMA public TO PUBLIC;


--
-- PostgreSQL database dump complete
--

