--
-- PostgreSQL database dump
--

SET statement_timeout = 0;
SET lock_timeout = 0;
SET client_encoding = 'UTF8';
SET standard_conforming_strings = on;
SET check_function_bodies = false;
SET client_min_messages = warning;

SET search_path = public, pg_catalog;

DROP INDEX public.signersaccount;
DROP INDEX public.sellingissuerindex;
DROP INDEX public.priceindex;
DROP INDEX public.ledgersbyseq;
DROP INDEX public.buyingissuerindex;
DROP INDEX public.accountlines;
DROP INDEX public.accountbalances;
ALTER TABLE ONLY public.txhistory DROP CONSTRAINT txhistory_pkey;
ALTER TABLE ONLY public.txhistory DROP CONSTRAINT txhistory_ledgerseq_txindex_key;
ALTER TABLE ONLY public.trustlines DROP CONSTRAINT trustlines_pkey;
ALTER TABLE ONLY public.storestate DROP CONSTRAINT storestate_pkey;
ALTER TABLE ONLY public.signers DROP CONSTRAINT signers_pkey;
ALTER TABLE ONLY public.pubsub DROP CONSTRAINT pubsub_pkey;
ALTER TABLE ONLY public.peers DROP CONSTRAINT peers_pkey;
ALTER TABLE ONLY public.offers DROP CONSTRAINT offers_pkey;
ALTER TABLE ONLY public.ledgerheaders DROP CONSTRAINT ledgerheaders_pkey;
ALTER TABLE ONLY public.ledgerheaders DROP CONSTRAINT ledgerheaders_ledgerseq_key;
ALTER TABLE ONLY public.accounts DROP CONSTRAINT accounts_pkey;
DROP TABLE public.txhistory;
DROP TABLE public.trustlines;
DROP TABLE public.storestate;
DROP TABLE public.signers;
DROP TABLE public.pubsub;
DROP TABLE public.peers;
DROP TABLE public.offers;
DROP TABLE public.ledgerheaders;
DROP TABLE public.accounts;
DROP EXTENSION plpgsql;
DROP SCHEMA public;
--
-- Name: public; Type: SCHEMA; Schema: -; Owner: -
--

CREATE SCHEMA public;


--
-- Name: SCHEMA public; Type: COMMENT; Schema: -; Owner: -
--

COMMENT ON SCHEMA public IS 'standard public schema';


--
-- Name: plpgsql; Type: EXTENSION; Schema: -; Owner: -
--

CREATE EXTENSION IF NOT EXISTS plpgsql WITH SCHEMA pg_catalog;


--
-- Name: EXTENSION plpgsql; Type: COMMENT; Schema: -; Owner: -
--

COMMENT ON EXTENSION plpgsql IS 'PL/pgSQL procedural language';


SET search_path = public, pg_catalog;

SET default_tablespace = '';

SET default_with_oids = false;

--
-- Name: accounts; Type: TABLE; Schema: public; Owner: -; Tablespace: 
--

CREATE TABLE accounts (
    accountid character varying(56) NOT NULL,
    balance bigint NOT NULL,
    seqnum bigint NOT NULL,
    numsubentries integer NOT NULL,
    inflationdest character varying(56),
    homedomain character varying(32),
    thresholds text,
    flags integer NOT NULL,
    lastmodified integer NOT NULL,
    CONSTRAINT accounts_balance_check CHECK ((balance >= 0)),
    CONSTRAINT accounts_numsubentries_check CHECK ((numsubentries >= 0))
);


--
-- Name: ledgerheaders; Type: TABLE; Schema: public; Owner: -; Tablespace: 
--

CREATE TABLE ledgerheaders (
    ledgerhash character(64) NOT NULL,
    prevhash character(64) NOT NULL,
    bucketlisthash character(64) NOT NULL,
    ledgerseq integer,
    closetime bigint NOT NULL,
    data text NOT NULL,
    CONSTRAINT ledgerheaders_closetime_check CHECK ((closetime >= 0)),
    CONSTRAINT ledgerheaders_ledgerseq_check CHECK ((ledgerseq >= 0))
);


--
-- Name: offers; Type: TABLE; Schema: public; Owner: -; Tablespace: 
--

CREATE TABLE offers (
    sellerid character varying(56) NOT NULL,
    offerid bigint NOT NULL,
    sellingassettype integer,
    sellingassetcode character varying(12),
    sellingissuer character varying(56),
    buyingassettype integer,
    buyingassetcode character varying(12),
    buyingissuer character varying(56),
    amount bigint NOT NULL,
    pricen integer NOT NULL,
    priced integer NOT NULL,
    price double precision NOT NULL,
    flags integer NOT NULL,
    lastmodified integer NOT NULL,
    CONSTRAINT offers_amount_check CHECK ((amount >= 0)),
    CONSTRAINT offers_offerid_check CHECK ((offerid >= 0))
);


--
-- Name: peers; Type: TABLE; Schema: public; Owner: -; Tablespace: 
--

CREATE TABLE peers (
    ip character varying(15) NOT NULL,
    port integer DEFAULT 0 NOT NULL,
    nextattempt timestamp without time zone NOT NULL,
    numfailures integer DEFAULT 0 NOT NULL,
    rank integer DEFAULT 0 NOT NULL,
    CONSTRAINT peers_numfailures_check CHECK ((numfailures >= 0)),
    CONSTRAINT peers_port_check CHECK (((port > 0) AND (port <= 65535))),
    CONSTRAINT peers_rank_check CHECK ((rank >= 0))
);


--
-- Name: pubsub; Type: TABLE; Schema: public; Owner: -; Tablespace: 
--

CREATE TABLE pubsub (
    resid character(32) NOT NULL,
    lastread integer
);


--
-- Name: signers; Type: TABLE; Schema: public; Owner: -; Tablespace: 
--

CREATE TABLE signers (
    accountid character varying(56) NOT NULL,
    publickey character varying(56) NOT NULL,
    weight integer NOT NULL
);


--
-- Name: storestate; Type: TABLE; Schema: public; Owner: -; Tablespace: 
--

CREATE TABLE storestate (
    statename character(32) NOT NULL,
    state text
);


--
-- Name: trustlines; Type: TABLE; Schema: public; Owner: -; Tablespace: 
--

CREATE TABLE trustlines (
    accountid character varying(56) NOT NULL,
    assettype integer NOT NULL,
    issuer character varying(56) NOT NULL,
    assetcode character varying(12) NOT NULL,
    tlimit bigint DEFAULT 0 NOT NULL,
    balance bigint DEFAULT 0 NOT NULL,
    flags integer NOT NULL,
    lastmodified integer NOT NULL,
    CONSTRAINT trustlines_balance_check CHECK ((balance >= 0)),
    CONSTRAINT trustlines_tlimit_check CHECK ((tlimit >= 0))
);


--
-- Name: txhistory; Type: TABLE; Schema: public; Owner: -; Tablespace: 
--

CREATE TABLE txhistory (
    txid character(64) NOT NULL,
    ledgerseq integer NOT NULL,
    txindex integer NOT NULL,
    txbody text NOT NULL,
    txresult text NOT NULL,
    txmeta text NOT NULL,
    CONSTRAINT txhistory_ledgerseq_check CHECK ((ledgerseq >= 0))
);


--
-- Data for Name: accounts; Type: TABLE DATA; Schema: public; Owner: -
--

COPY accounts (accountid, balance, seqnum, numsubentries, inflationdest, homedomain, thresholds, flags, lastmodified) FROM stdin;
GBRPYHIL2CI3FNQ4BXLFMNDLFJUNPU2HY3ZMFSHONUCEOASW7QC7OX2H	99999959999999960	4	0	\N		AQAAAA==	0	2
GCGDVQKSARBQNKDBFSMJ7RSVF6UJS7JVX2LMAZ3VFVKAZBGVIZIKVIHL	9999999990	8589934593	1	\N		AQAAAA==	0	3
GD4YEX5TMGTVC5FIICVWUMMC6KYCVDL2JNDXWOUMTWY2FQXS7563N6AZ	9999999990	8589934593	1	\N		AQAAAA==	0	3
GD5WMLON6ONOQPLQXUSIVWEWTGP5DWJ6ZPBV44GW3DNO66WGLBIIIMMZ	9999999920	8589934600	0	\N		AQAAAA==	0	4
GBQDX4EDOTZVBPGVHT3X6TPQBTP2TUWOTH6LSYZ4KPZYX3GGCLDXKOVR	9999999820	8589934610	18	\N		AQAAAA==	0	5
\.


--
-- Data for Name: ledgerheaders; Type: TABLE DATA; Schema: public; Owner: -
--

COPY ledgerheaders (ledgerhash, prevhash, bucketlisthash, ledgerseq, closetime, data) FROM stdin;
5ade5048fb66795219cbb45a55bf5e2710f739610d10e6875bf7f85d85900669	0000000000000000000000000000000000000000000000000000000000000000	759f642a94be58e4118ef79bd7f343832a82db2fc4f98f41ee7d22b61df716ed	1	0	AAAAAAAAAAAAAAAAAAAAAAAAAAAAAAAAAAAAAAAAAAAAAAAAAAAAAAAAAAAAAAAAAAAAAAAAAAAAAAAAAAAAAAAAAAAAAAAAAAAAAAAAAAAAAAAAAAAAAAAAAAAAAAAAAAAAAAAAAAAAAAAAAAAAAAAAAAB1n2QqlL5Y5BGO95vX80ODKoLbL8T5j0HufSK2HfcW7QAAAAEBY0V4XYoAAAAAAAAAAAAAAAAAAAAAAAAAAAAAAAAACgCYloAAAAAAAAAAAAAAAAAAAAAAAAAAAAAAAAAAAAAAAAAAAAAAAAAAAAAAAAAAAAAAAAAAAAAAAAAAAAAAAAAAAAAAAAAAAAAAAAAAAAAAAAAAAAAAAAAAAAAAAAAAAAAAAAAAAAAAAAAAAAAAAAAAAAAAAAAAAAAAAAAAAAAAAAAAAAAAAAA=
a52be160e4a0fd99ca820eb8f954891f59f472130a0b46a665ad2ceaa7ae4035	5ade5048fb66795219cbb45a55bf5e2710f739610d10e6875bf7f85d85900669	bdf3abdfccbff9feb56fe0fec547fbdd45e8965e63ae9fe3e436d62d1bc09720	2	1442245229	AAAAAVreUEj7ZnlSGcu0WlW/XicQ9zlhDRDmh1v3+F2FkAZp0LHXQ0fLVjwLPJJ8N6aDk2O44OBtM3NtWnbqnKSZytoAAAAAVfbqbQAAAAEAAAAIAAAAAQAAAAEAAAAAOrC773/Q3aLwhFZZklyVzcWksVmzkdzR3OsV2SQ6LxO986vfzL/5/rVv4P7FR/vdReiWXmOun+PkNtYtG8CXIAAAAAIBY0V4XYoAAAAAAAAAAAAoAAAAAAAAAAAAAAAAAAAACgCYloAAAAAAAAAAAAAAAAAAAAAAAAAAAAAAAAAAAAAAAAAAAAAAAAAAAAAAAAAAAAAAAAAAAAAAAAAAAAAAAAAAAAAAAAAAAAAAAAAAAAAAAAAAAAAAAAAAAAAAAAAAAAAAAAAAAAAAAAAAAAAAAAAAAAAAAAAAAAAAAAAAAAAAAAAAAAAAAAA=
ecf4088b4f31eede29a02a6bfd9718e31808fd21b19ad1aa31ba5dd1254c1f41	a52be160e4a0fd99ca820eb8f954891f59f472130a0b46a665ad2ceaa7ae4035	004336b8c233ad10c755ed5cdc1b8ffd537a829a868334399f73d3552a542fff	3	1442245230	AAAAAaUr4WDkoP2ZyoIOuPlUiR9Z9HITCgtGpmWtLOqnrkA1Rs4MiHJbhdW4i9FoRYESzbZdVi/oRtaaK5LZowJqywEAAAAAVfbqbgAAAAAAAAAA7yx9XOooOf5NeCzQQFwxOt+bKpC0bH+g4k54ECLbxRIAQza4wjOtEMdV7VzcG4/9U3qCmoaDNDmfc9NVKlQv/wAAAAMBY0V4XYoAAAAAAAAAAACMAAAAAAAAAAAAAAAAAAAACgCYloAAAAAAAAAAAAAAAAAAAAAAAAAAAAAAAAAAAAAAAAAAAAAAAAAAAAAAAAAAAAAAAAAAAAAAAAAAAAAAAAAAAAAAAAAAAAAAAAAAAAAAAAAAAAAAAAAAAAAAAAAAAAAAAAAAAAAAAAAAAAAAAAAAAAAAAAAAAAAAAAAAAAAAAAAAAAAAAAA=
80781473e1188f1feb840c05586ff8d84c754a47a9d4565b50da314225ac4b99	ecf4088b4f31eede29a02a6bfd9718e31808fd21b19ad1aa31ba5dd1254c1f41	1c17bf9d982db9cb4a808369f9843cfcf042ba0cd85235593bbc49d20c48431b	4	1442245231	AAAAAez0CItPMe7eKaAqa/2XGOMYCP0hsZrRqjG6XdElTB9BHq18JQ8F9zcaNX+Vfcb9Ax3pYenSHJUrdN1GwKo39V0AAAAAVfbqbwAAAAAAAAAAdgOzlFfQzi73VqujLpjIzIwmHIYTYoH4NMIqi5he3UwcF7+dmC25y0qAg2n5hDz88EK6DNhSNVk7vEnSDEhDGwAAAAQBY0V4XYoAAAAAAAAAAADcAAAAAAAAAAAAAAAAAAAACgCYloAAAAAAAAAAAAAAAAAAAAAAAAAAAAAAAAAAAAAAAAAAAAAAAAAAAAAAAAAAAAAAAAAAAAAAAAAAAAAAAAAAAAAAAAAAAAAAAAAAAAAAAAAAAAAAAAAAAAAAAAAAAAAAAAAAAAAAAAAAAAAAAAAAAAAAAAAAAAAAAAAAAAAAAAAAAAAAAAA=
4276347a600983ebd0fe51828fd765358ebb7479c5ca343639d383b47ddcad61	80781473e1188f1feb840c05586ff8d84c754a47a9d4565b50da314225ac4b99	a03d489ea71df154d74fbd951623db5eb620d841eace5193b9398d407d16eebc	5	1442245232	AAAAAYB4FHPhGI8f64QMBVhv+NhMdUpHqdRWW1DaMUIlrEuZXRHAPhm4lI+qWkGx1jjgUOXyjaMXyjHZJPIGU8RHje8AAAAAVfbqcAAAAAAAAAAAK9ixDsz7zE3DFapZ8IwvPOnldA9ELtXJ1Y3err8h262gPUiepx3xVNdPvZUWI9tetiDYQerOUZO5OY1AfRbuvAAAAAUBY0V4XYoAAAAAAAAAAAFAAAAAAAAAAAAAAAAKAAAACgCYloAAAAAAAAAAAAAAAAAAAAAAAAAAAAAAAAAAAAAAAAAAAAAAAAAAAAAAAAAAAAAAAAAAAAAAAAAAAAAAAAAAAAAAAAAAAAAAAAAAAAAAAAAAAAAAAAAAAAAAAAAAAAAAAAAAAAAAAAAAAAAAAAAAAAAAAAAAAAAAAAAAAAAAAAAAAAAAAAA=
\.


--
-- Data for Name: offers; Type: TABLE DATA; Schema: public; Owner: -
--

COPY offers (sellerid, offerid, sellingassettype, sellingassetcode, sellingissuer, buyingassettype, buyingassetcode, buyingissuer, amount, pricen, priced, price, flags, lastmodified) FROM stdin;
GBQDX4EDOTZVBPGVHT3X6TPQBTP2TUWOTH6LSYZ4KPZYX3GGCLDXKOVR	1	1	EUR	GD5WMLON6ONOQPLQXUSIVWEWTGP5DWJ6ZPBV44GW3DNO66WGLBIIIMMZ	1	USD	GD5WMLON6ONOQPLQXUSIVWEWTGP5DWJ6ZPBV44GW3DNO66WGLBIIIMMZ	10	1	1	1	0	5
GBQDX4EDOTZVBPGVHT3X6TPQBTP2TUWOTH6LSYZ4KPZYX3GGCLDXKOVR	2	1	1	GD5WMLON6ONOQPLQXUSIVWEWTGP5DWJ6ZPBV44GW3DNO66WGLBIIIMMZ	1	USD	GD5WMLON6ONOQPLQXUSIVWEWTGP5DWJ6ZPBV44GW3DNO66WGLBIIIMMZ	20	1	1	1	0	5
GBQDX4EDOTZVBPGVHT3X6TPQBTP2TUWOTH6LSYZ4KPZYX3GGCLDXKOVR	3	1	EUR	GD5WMLON6ONOQPLQXUSIVWEWTGP5DWJ6ZPBV44GW3DNO66WGLBIIIMMZ	1	1	GD5WMLON6ONOQPLQXUSIVWEWTGP5DWJ6ZPBV44GW3DNO66WGLBIIIMMZ	20	1	1	1	0	5
GBQDX4EDOTZVBPGVHT3X6TPQBTP2TUWOTH6LSYZ4KPZYX3GGCLDXKOVR	4	1	21	GD5WMLON6ONOQPLQXUSIVWEWTGP5DWJ6ZPBV44GW3DNO66WGLBIIIMMZ	1	USD	GD5WMLON6ONOQPLQXUSIVWEWTGP5DWJ6ZPBV44GW3DNO66WGLBIIIMMZ	30	1	1	1	0	5
GBQDX4EDOTZVBPGVHT3X6TPQBTP2TUWOTH6LSYZ4KPZYX3GGCLDXKOVR	5	1	22	GD5WMLON6ONOQPLQXUSIVWEWTGP5DWJ6ZPBV44GW3DNO66WGLBIIIMMZ	1	21	GD5WMLON6ONOQPLQXUSIVWEWTGP5DWJ6ZPBV44GW3DNO66WGLBIIIMMZ	30	1	1	1	0	5
GBQDX4EDOTZVBPGVHT3X6TPQBTP2TUWOTH6LSYZ4KPZYX3GGCLDXKOVR	6	1	EUR	GD5WMLON6ONOQPLQXUSIVWEWTGP5DWJ6ZPBV44GW3DNO66WGLBIIIMMZ	1	22	GD5WMLON6ONOQPLQXUSIVWEWTGP5DWJ6ZPBV44GW3DNO66WGLBIIIMMZ	30	1	1	1	0	5
GBQDX4EDOTZVBPGVHT3X6TPQBTP2TUWOTH6LSYZ4KPZYX3GGCLDXKOVR	7	1	31	GD5WMLON6ONOQPLQXUSIVWEWTGP5DWJ6ZPBV44GW3DNO66WGLBIIIMMZ	1	USD	GD5WMLON6ONOQPLQXUSIVWEWTGP5DWJ6ZPBV44GW3DNO66WGLBIIIMMZ	40	1	1	1	0	5
GBQDX4EDOTZVBPGVHT3X6TPQBTP2TUWOTH6LSYZ4KPZYX3GGCLDXKOVR	8	1	32	GD5WMLON6ONOQPLQXUSIVWEWTGP5DWJ6ZPBV44GW3DNO66WGLBIIIMMZ	1	31	GD5WMLON6ONOQPLQXUSIVWEWTGP5DWJ6ZPBV44GW3DNO66WGLBIIIMMZ	40	1	1	1	0	5
GBQDX4EDOTZVBPGVHT3X6TPQBTP2TUWOTH6LSYZ4KPZYX3GGCLDXKOVR	9	1	33	GD5WMLON6ONOQPLQXUSIVWEWTGP5DWJ6ZPBV44GW3DNO66WGLBIIIMMZ	1	32	GD5WMLON6ONOQPLQXUSIVWEWTGP5DWJ6ZPBV44GW3DNO66WGLBIIIMMZ	40	1	1	1	0	5
GBQDX4EDOTZVBPGVHT3X6TPQBTP2TUWOTH6LSYZ4KPZYX3GGCLDXKOVR	10	1	EUR	GD5WMLON6ONOQPLQXUSIVWEWTGP5DWJ6ZPBV44GW3DNO66WGLBIIIMMZ	1	33	GD5WMLON6ONOQPLQXUSIVWEWTGP5DWJ6ZPBV44GW3DNO66WGLBIIIMMZ	40	1	1	1	0	5
\.


--
-- Data for Name: peers; Type: TABLE DATA; Schema: public; Owner: -
--

COPY peers (ip, port, nextattempt, numfailures, rank) FROM stdin;
\.


--
-- Data for Name: pubsub; Type: TABLE DATA; Schema: public; Owner: -
--

COPY pubsub (resid, lastread) FROM stdin;
\.


--
-- Data for Name: signers; Type: TABLE DATA; Schema: public; Owner: -
--

COPY signers (accountid, publickey, weight) FROM stdin;
\.


--
-- Data for Name: storestate; Type: TABLE DATA; Schema: public; Owner: -
--

COPY storestate (statename, state) FROM stdin;
databaseinitialized             	true
forcescponnextlaunch            	false
lastclosedledger                	4276347a600983ebd0fe51828fd765358ebb7479c5ca343639d383b47ddcad61
historyarchivestate             	{\n    "version": 1,\n    "server": "ad6891f",\n    "currentLedger": 5,\n    "currentBuckets": [\n        {\n            "curr": "6536c549f222042f34e7e7bdb10abae34f2f4a3a71eddfa25cecaaa3175158ca",\n            "next": {\n                "state": 0\n            },\n            "snap": "88a6dc38cc6c4b4c65e119b1346e80cde70a5f237e41c4a69ca6c990556cc3a4"\n        },\n        {\n            "curr": "936f3d81329f7c1a77aa8408d6ef5f6de032a4c866e799e4755ec0e752c8f768",\n            "next": {\n                "state": 1,\n                "output": "88a6dc38cc6c4b4c65e119b1346e80cde70a5f237e41c4a69ca6c990556cc3a4"\n            },\n            "snap": "0000000000000000000000000000000000000000000000000000000000000000"\n        },\n        {\n            "curr": "0000000000000000000000000000000000000000000000000000000000000000",\n            "next": {\n                "state": 0\n            },\n            "snap": "0000000000000000000000000000000000000000000000000000000000000000"\n        },\n        {\n            "curr": "0000000000000000000000000000000000000000000000000000000000000000",\n            "next": {\n                "state": 0\n            },\n            "snap": "0000000000000000000000000000000000000000000000000000000000000000"\n        },\n        {\n            "curr": "0000000000000000000000000000000000000000000000000000000000000000",\n            "next": {\n                "state": 0\n            },\n            "snap": "0000000000000000000000000000000000000000000000000000000000000000"\n        },\n        {\n            "curr": "0000000000000000000000000000000000000000000000000000000000000000",\n            "next": {\n                "state": 0\n            },\n            "snap": "0000000000000000000000000000000000000000000000000000000000000000"\n        },\n        {\n            "curr": "0000000000000000000000000000000000000000000000000000000000000000",\n            "next": {\n                "state": 0\n            },\n            "snap": "0000000000000000000000000000000000000000000000000000000000000000"\n        },\n        {\n            "curr": "0000000000000000000000000000000000000000000000000000000000000000",\n            "next": {\n                "state": 0\n            },\n            "snap": "0000000000000000000000000000000000000000000000000000000000000000"\n        },\n        {\n            "curr": "0000000000000000000000000000000000000000000000000000000000000000",\n            "next": {\n                "state": 0\n            },\n            "snap": "0000000000000000000000000000000000000000000000000000000000000000"\n        },\n        {\n            "curr": "0000000000000000000000000000000000000000000000000000000000000000",\n            "next": {\n                "state": 0\n            },\n            "snap": "0000000000000000000000000000000000000000000000000000000000000000"\n        },\n        {\n            "curr": "0000000000000000000000000000000000000000000000000000000000000000",\n            "next": {\n                "state": 0\n            },\n            "snap": "0000000000000000000000000000000000000000000000000000000000000000"\n        }\n    ]\n}
\.


--
-- Data for Name: trustlines; Type: TABLE DATA; Schema: public; Owner: -
--

COPY trustlines (accountid, assettype, issuer, assetcode, tlimit, balance, flags, lastmodified) FROM stdin;
GCGDVQKSARBQNKDBFSMJ7RSVF6UJS7JVX2LMAZ3VFVKAZBGVIZIKVIHL	1	GD5WMLON6ONOQPLQXUSIVWEWTGP5DWJ6ZPBV44GW3DNO66WGLBIIIMMZ	EUR	9223372036854775807	0	1	3
GBQDX4EDOTZVBPGVHT3X6TPQBTP2TUWOTH6LSYZ4KPZYX3GGCLDXKOVR	1	GD5WMLON6ONOQPLQXUSIVWEWTGP5DWJ6ZPBV44GW3DNO66WGLBIIIMMZ	USD	9223372036854775807	0	1	3
GD4YEX5TMGTVC5FIICVWUMMC6KYCVDL2JNDXWOUMTWY2FQXS7563N6AZ	1	GD5WMLON6ONOQPLQXUSIVWEWTGP5DWJ6ZPBV44GW3DNO66WGLBIIIMMZ	USD	9223372036854775807	5000	1	4
GBQDX4EDOTZVBPGVHT3X6TPQBTP2TUWOTH6LSYZ4KPZYX3GGCLDXKOVR	1	GD5WMLON6ONOQPLQXUSIVWEWTGP5DWJ6ZPBV44GW3DNO66WGLBIIIMMZ	EUR	9223372036854775807	5000	1	4
GBQDX4EDOTZVBPGVHT3X6TPQBTP2TUWOTH6LSYZ4KPZYX3GGCLDXKOVR	1	GD5WMLON6ONOQPLQXUSIVWEWTGP5DWJ6ZPBV44GW3DNO66WGLBIIIMMZ	1	9223372036854775807	5000	1	4
GBQDX4EDOTZVBPGVHT3X6TPQBTP2TUWOTH6LSYZ4KPZYX3GGCLDXKOVR	1	GD5WMLON6ONOQPLQXUSIVWEWTGP5DWJ6ZPBV44GW3DNO66WGLBIIIMMZ	21	9223372036854775807	5000	1	4
GBQDX4EDOTZVBPGVHT3X6TPQBTP2TUWOTH6LSYZ4KPZYX3GGCLDXKOVR	1	GD5WMLON6ONOQPLQXUSIVWEWTGP5DWJ6ZPBV44GW3DNO66WGLBIIIMMZ	22	9223372036854775807	5000	1	4
GBQDX4EDOTZVBPGVHT3X6TPQBTP2TUWOTH6LSYZ4KPZYX3GGCLDXKOVR	1	GD5WMLON6ONOQPLQXUSIVWEWTGP5DWJ6ZPBV44GW3DNO66WGLBIIIMMZ	31	9223372036854775807	5000	1	4
GBQDX4EDOTZVBPGVHT3X6TPQBTP2TUWOTH6LSYZ4KPZYX3GGCLDXKOVR	1	GD5WMLON6ONOQPLQXUSIVWEWTGP5DWJ6ZPBV44GW3DNO66WGLBIIIMMZ	32	9223372036854775807	5000	1	4
GBQDX4EDOTZVBPGVHT3X6TPQBTP2TUWOTH6LSYZ4KPZYX3GGCLDXKOVR	1	GD5WMLON6ONOQPLQXUSIVWEWTGP5DWJ6ZPBV44GW3DNO66WGLBIIIMMZ	33	9223372036854775807	5000	1	4
\.


--
-- Data for Name: txhistory; Type: TABLE DATA; Schema: public; Owner: -
--

COPY txhistory (txid, ledgerseq, txindex, txbody, txresult, txmeta) FROM stdin;
e92cda27b8cf4ea25f8e8c294088b33f6eb9391bf6ac6fef3d9e8e218a358448	2	1	AAAAAGL8HQvQkbK2HA3WVjRrKmjX00fG8sLI7m0ERwJW/AX3AAAACgAAAAAAAAABAAAAAAAAAAAAAAABAAAAAAAAAAAAAAAA+2YtzfOa6D1wvSSK2JaZn9HZPsvDXnDW2NrvesZYUIQAAAACVAvkAAAAAAAAAAABVvwF9wAAAED06ObFi4zHNJUfXyk/qeQEmYq5ssVMqzK0HXojhtFiAl6axm9r1knZlYUVdeYcpB9Qvu6anLpls1SstRvxCMoO	6SzaJ7jPTqJfjowpQIizP265ORv2rG/vPZ6OIYo1hEgAAAAAAAAACgAAAAAAAAABAAAAAAAAAAAAAAAAAAAAAA==	AAAAAAAAAAEAAAABAAAAAgAAAAAAAAAAYvwdC9CRsrYcDdZWNGsqaNfTR8bywsjubQRHAlb8BfcBY0V4XYn/9gAAAAAAAAABAAAAAAAAAAAAAAAAAAAAAAEAAAAAAAAAAAAAAAAAAAAAAAABAAAAAgAAAAAAAAACAAAAAAAAAAD7Zi3N85roPXC9JIrYlpmf0dk+y8NecNbY2u96xlhQhAAAAAJUC+QAAAAAAgAAAAAAAAAAAAAAAAAAAAAAAAAAAQAAAAAAAAAAAAAAAAAAAAAAAAEAAAACAAAAAAAAAABi/B0L0JGythwN1lY0aypo19NHxvLCyO5tBEcCVvwF9wFjRXYJfhv2AAAAAAAAAAEAAAAAAAAAAAAAAAAAAAAAAQAAAAAAAAAAAAAAAAAAAA==
88ab4b7a61d11dae4953d028d84290fa3fade61e4e89878977eace11e45a10f1	2	2	AAAAAGL8HQvQkbK2HA3WVjRrKmjX00fG8sLI7m0ERwJW/AX3AAAACgAAAAAAAAACAAAAAAAAAAAAAAABAAAAAAAAAAAAAAAA+YJfs2GnUXSoQKtqMYLysCqNektHezqMnbGiwvL/fbYAAAACVAvkAAAAAAAAAAABVvwF9wAAAEBA61H3xk+8siguUXFIAc51PGumawhm3plTkor5JjcuqLH1PdGCYGhQLnKHH1nJvgoqmka47XtDV+kJbKil1M0B	iKtLemHRHa5JU9Ao2EKQ+j+t5h5OiYeJd+rOEeRaEPEAAAAAAAAACgAAAAAAAAABAAAAAAAAAAAAAAAAAAAAAA==	AAAAAAAAAAEAAAABAAAAAgAAAAAAAAAAYvwdC9CRsrYcDdZWNGsqaNfTR8bywsjubQRHAlb8BfcBY0V2CX4b7AAAAAAAAAACAAAAAAAAAAAAAAAAAAAAAAEAAAAAAAAAAAAAAAAAAAAAAAABAAAAAgAAAAAAAAACAAAAAAAAAAD5gl+zYadRdKhAq2oxgvKwKo16S0d7OoydsaLC8v99tgAAAAJUC+QAAAAAAgAAAAAAAAAAAAAAAAAAAAAAAAAAAQAAAAAAAAAAAAAAAAAAAAAAAAEAAAACAAAAAAAAAABi/B0L0JGythwN1lY0aypo19NHxvLCyO5tBEcCVvwF9wFjRXO1cjfsAAAAAAAAAAIAAAAAAAAAAAAAAAAAAAAAAQAAAAAAAAAAAAAAAAAAAA==
bc3c84356f66e6e63f9ff05e45221580840fd6155c3c0a54f28a656aa95eba52	2	3	AAAAAGL8HQvQkbK2HA3WVjRrKmjX00fG8sLI7m0ERwJW/AX3AAAACgAAAAAAAAADAAAAAAAAAAAAAAABAAAAAAAAAAAAAAAAjDrBUgRDBqhhLJifxlUvqJl9Nb6WwGd1LVQMhNVGUKoAAAACVAvkAAAAAAAAAAABVvwF9wAAAEAgnKobGWypD4xFaWo+CvKOP6h0s2w6uIC4IAsb8Wj+6Bnuq/DQw43vycbiK5GLkV3Du9o3L4fJoEa0U8Um6ekK	vDyENW9m5uY/n/BeRSIVgIQP1hVcPApU8oplaqleulIAAAAAAAAACgAAAAAAAAABAAAAAAAAAAAAAAAAAAAAAA==	AAAAAAAAAAEAAAABAAAAAgAAAAAAAAAAYvwdC9CRsrYcDdZWNGsqaNfTR8bywsjubQRHAlb8BfcBY0VztXI34gAAAAAAAAADAAAAAAAAAAAAAAAAAAAAAAEAAAAAAAAAAAAAAAAAAAAAAAABAAAAAgAAAAAAAAACAAAAAAAAAACMOsFSBEMGqGEsmJ/GVS+omX01vpbAZ3UtVAyE1UZQqgAAAAJUC+QAAAAAAgAAAAAAAAAAAAAAAAAAAAAAAAAAAQAAAAAAAAAAAAAAAAAAAAAAAAEAAAACAAAAAAAAAABi/B0L0JGythwN1lY0aypo19NHxvLCyO5tBEcCVvwF9wFjRXFhZlPiAAAAAAAAAAMAAAAAAAAAAAAAAAAAAAAAAQAAAAAAAAAAAAAAAAAAAA==
38a732dc5d44b40286a43ea115f57a8f94bb3437fb0b298af65f2b7b81d65020	2	4	AAAAAGL8HQvQkbK2HA3WVjRrKmjX00fG8sLI7m0ERwJW/AX3AAAACgAAAAAAAAAEAAAAAAAAAAAAAAABAAAAAAAAAAAAAAAAYDvwg3TzULzVPPd/TfAM36nSzpn8uWM8U/OL7MYSx3UAAAACVAvkAAAAAAAAAAABVvwF9wAAAEBZh5AWdUUkdrKa+bwjlzw0m6CBFcYEgssRf77J0gWlqADPGCjOG0gBl9A+t98j0MLbtcXoCw27WylGJ0oA/8YM	OKcy3F1EtAKGpD6hFfV6j5S7NDf7CymK9l8re4HWUCAAAAAAAAAACgAAAAAAAAABAAAAAAAAAAAAAAAAAAAAAA==	AAAAAAAAAAEAAAABAAAAAgAAAAAAAAAAYvwdC9CRsrYcDdZWNGsqaNfTR8bywsjubQRHAlb8BfcBY0VxYWZT2AAAAAAAAAAEAAAAAAAAAAAAAAAAAAAAAAEAAAAAAAAAAAAAAAAAAAAAAAABAAAAAgAAAAAAAAACAAAAAAAAAABgO/CDdPNQvNU8939N8AzfqdLOmfy5YzxT84vsxhLHdQAAAAJUC+QAAAAAAgAAAAAAAAAAAAAAAAAAAAAAAAAAAQAAAAAAAAAAAAAAAAAAAAAAAAEAAAACAAAAAAAAAABi/B0L0JGythwN1lY0aypo19NHxvLCyO5tBEcCVvwF9wFjRW8NWm/YAAAAAAAAAAQAAAAAAAAAAAAAAAAAAAAAAQAAAAAAAAAAAAAAAAAAAA==
cedd71f6701f73cbb7f1b86710708cb73b03559803ad0a06f4fd8db038a14a83	3	1	AAAAAIw6wVIEQwaoYSyYn8ZVL6iZfTW+lsBndS1UDITVRlCqAAAACgAAAAIAAAABAAAAAAAAAAAAAAABAAAAAAAAAAYAAAABRVVSAAAAAAD7Zi3N85roPXC9JIrYlpmf0dk+y8NecNbY2u96xlhQhH//////////AAAAAAAAAAHVRlCqAAAAQNOHHR9sY6PV3+gslj8fJNZJ0esRDM+JtC2x9QrZRBFTeYq6QFKsZGDPJ01bADGBNrpKnfBera92zPn1cbjmZgE=	zt1x9nAfc8u38bhnEHCMtzsDVZgDrQoG9P2NsDihSoMAAAAAAAAACgAAAAAAAAABAAAAAAAAAAYAAAAAAAAAAA==	AAAAAAAAAAEAAAABAAAAAwAAAAAAAAAAjDrBUgRDBqhhLJifxlUvqJl9Nb6WwGd1LVQMhNVGUKoAAAACVAvj9gAAAAIAAAABAAAAAAAAAAAAAAAAAAAAAAEAAAAAAAAAAAAAAAAAAAAAAAABAAAAAgAAAAAAAAADAAAAAQAAAACMOsFSBEMGqGEsmJ/GVS+omX01vpbAZ3UtVAyE1UZQqgAAAAFFVVIAAAAAAPtmLc3zmug9cL0kitiWmZ/R2T7Lw15w1tja73rGWFCEAAAAAAAAAAB//////////wAAAAEAAAAAAAAAAAAAAAEAAAADAAAAAAAAAACMOsFSBEMGqGEsmJ/GVS+omX01vpbAZ3UtVAyE1UZQqgAAAAJUC+P2AAAAAgAAAAEAAAABAAAAAAAAAAAAAAAAAQAAAAAAAAAAAAAAAAAAAA==
b2e57af65ab556dcf89ab8e8388bb4e43f2e634f824a4bd05b9181ebd1159624	3	2	AAAAAPmCX7Nhp1F0qECrajGC8rAqjXpLR3s6jJ2xosLy/322AAAACgAAAAIAAAABAAAAAAAAAAAAAAABAAAAAAAAAAYAAAABVVNEAAAAAAD7Zi3N85roPXC9JIrYlpmf0dk+y8NecNbY2u96xlhQhH//////////AAAAAAAAAAHy/322AAAAQIUAU8ztK08DVt6FRzczd1xC/wQFz0rzjaPJ0tqCd62oOJgHBIQ5dv5oDBD2V8e8aRIBsHxmg/eIrM9s7/pH5Qo=	suV69lq1Vtz4mrjoOIu05D8uY0+CSkvQW5GB69EVliQAAAAAAAAACgAAAAAAAAABAAAAAAAAAAYAAAAAAAAAAA==	AAAAAAAAAAEAAAABAAAAAwAAAAAAAAAA+YJfs2GnUXSoQKtqMYLysCqNektHezqMnbGiwvL/fbYAAAACVAvj9gAAAAIAAAABAAAAAAAAAAAAAAAAAAAAAAEAAAAAAAAAAAAAAAAAAAAAAAABAAAAAgAAAAAAAAADAAAAAQAAAAD5gl+zYadRdKhAq2oxgvKwKo16S0d7OoydsaLC8v99tgAAAAFVU0QAAAAAAPtmLc3zmug9cL0kitiWmZ/R2T7Lw15w1tja73rGWFCEAAAAAAAAAAB//////////wAAAAEAAAAAAAAAAAAAAAEAAAADAAAAAAAAAAD5gl+zYadRdKhAq2oxgvKwKo16S0d7OoydsaLC8v99tgAAAAJUC+P2AAAAAgAAAAEAAAABAAAAAAAAAAAAAAAAAQAAAAAAAAAAAAAAAAAAAA==
e457244ef5b4da4c15b1acc1fc2a0b3f9902227ab05b914c3cbd96799b0513a9	3	3	AAAAAGA78IN081C81Tz3f03wDN+p0s6Z/LljPFPzi+zGEsd1AAAACgAAAAIAAAABAAAAAAAAAAAAAAABAAAAAAAAAAYAAAABVVNEAAAAAAD7Zi3N85roPXC9JIrYlpmf0dk+y8NecNbY2u96xlhQhH//////////AAAAAAAAAAHGEsd1AAAAQOb8rrGL31cn+CUZiAACr9QEdVMjzM+eayTqpbAr6c8c48qgv6rkLP3LtzENjwKgqtqPGThe8/iXuTqNTSa5MAU=	5FckTvW02kwVsazB/CoLP5kCInqwW5FMPL2WeZsFE6kAAAAAAAAACgAAAAAAAAABAAAAAAAAAAYAAAAAAAAAAA==	AAAAAAAAAAEAAAABAAAAAwAAAAAAAAAAYDvwg3TzULzVPPd/TfAM36nSzpn8uWM8U/OL7MYSx3UAAAACVAvj9gAAAAIAAAABAAAAAAAAAAAAAAAAAAAAAAEAAAAAAAAAAAAAAAAAAAAAAAABAAAAAgAAAAAAAAADAAAAAQAAAABgO/CDdPNQvNU8939N8AzfqdLOmfy5YzxT84vsxhLHdQAAAAFVU0QAAAAAAPtmLc3zmug9cL0kitiWmZ/R2T7Lw15w1tja73rGWFCEAAAAAAAAAAB//////////wAAAAEAAAAAAAAAAAAAAAEAAAADAAAAAAAAAABgO/CDdPNQvNU8939N8AzfqdLOmfy5YzxT84vsxhLHdQAAAAJUC+P2AAAAAgAAAAEAAAABAAAAAAAAAAAAAAAAAQAAAAAAAAAAAAAAAAAAAA==
77edd5b3be732ed1f6378d0def9ab8fe5f1f307f4970d6f4bf8c1ca91078fa9e	3	4	AAAAAGA78IN081C81Tz3f03wDN+p0s6Z/LljPFPzi+zGEsd1AAAACgAAAAIAAAACAAAAAAAAAAAAAAABAAAAAAAAAAYAAAABRVVSAAAAAAD7Zi3N85roPXC9JIrYlpmf0dk+y8NecNbY2u96xlhQhH//////////AAAAAAAAAAHGEsd1AAAAQAZBWieq8q1rr9EKCHmdVwC49KGlI2pU49yjN7Bthf5jpqmFXKlcINZ2yITh7bqwlxrjN0RWeovCc+hpwQJgPQs=	d+3Vs75zLtH2N40N75q4/l8fMH9JcNb0v4wcqRB4+p4AAAAAAAAACgAAAAAAAAABAAAAAAAAAAYAAAAAAAAAAA==	AAAAAAAAAAEAAAABAAAAAwAAAAAAAAAAYDvwg3TzULzVPPd/TfAM36nSzpn8uWM8U/OL7MYSx3UAAAACVAvj7AAAAAIAAAACAAAAAQAAAAAAAAAAAAAAAAEAAAAAAAAAAAAAAAAAAAAAAAABAAAAAgAAAAAAAAADAAAAAQAAAABgO/CDdPNQvNU8939N8AzfqdLOmfy5YzxT84vsxhLHdQAAAAFFVVIAAAAAAPtmLc3zmug9cL0kitiWmZ/R2T7Lw15w1tja73rGWFCEAAAAAAAAAAB//////////wAAAAEAAAAAAAAAAAAAAAEAAAADAAAAAAAAAABgO/CDdPNQvNU8939N8AzfqdLOmfy5YzxT84vsxhLHdQAAAAJUC+PsAAAAAgAAAAIAAAACAAAAAAAAAAAAAAAAAQAAAAAAAAAAAAAAAAAAAA==
2c6ac83001d1023975c2d090f265fe4262b07692baf8696cc926264f7153958a	3	5	AAAAAGA78IN081C81Tz3f03wDN+p0s6Z/LljPFPzi+zGEsd1AAAACgAAAAIAAAADAAAAAAAAAAAAAAABAAAAAAAAAAYAAAABMQAAAAAAAAD7Zi3N85roPXC9JIrYlpmf0dk+y8NecNbY2u96xlhQhH//////////AAAAAAAAAAHGEsd1AAAAQH3lVBnbvZLU50Qsz99XPzEN6gsWOILFI4WvOj6bYp1QjJySmiFrPXKDHU8M6roIGZXSzFYcJFSgxPFsOdlF8ws=	LGrIMAHRAjl1wtCQ8mX+QmKwdpK6+GlsySYmT3FTlYoAAAAAAAAACgAAAAAAAAABAAAAAAAAAAYAAAAAAAAAAA==	AAAAAAAAAAEAAAABAAAAAwAAAAAAAAAAYDvwg3TzULzVPPd/TfAM36nSzpn8uWM8U/OL7MYSx3UAAAACVAvj4gAAAAIAAAADAAAAAgAAAAAAAAAAAAAAAAEAAAAAAAAAAAAAAAAAAAAAAAABAAAAAgAAAAAAAAADAAAAAQAAAABgO/CDdPNQvNU8939N8AzfqdLOmfy5YzxT84vsxhLHdQAAAAExAAAAAAAAAPtmLc3zmug9cL0kitiWmZ/R2T7Lw15w1tja73rGWFCEAAAAAAAAAAB//////////wAAAAEAAAAAAAAAAAAAAAEAAAADAAAAAAAAAABgO/CDdPNQvNU8939N8AzfqdLOmfy5YzxT84vsxhLHdQAAAAJUC+PiAAAAAgAAAAMAAAADAAAAAAAAAAAAAAAAAQAAAAAAAAAAAAAAAAAAAA==
cd61574a1873c29abedb53b1eead22963b34cb8922dcb1aef08784c31f42b5fd	3	6	AAAAAGA78IN081C81Tz3f03wDN+p0s6Z/LljPFPzi+zGEsd1AAAACgAAAAIAAAAEAAAAAAAAAAAAAAABAAAAAAAAAAYAAAABMjEAAAAAAAD7Zi3N85roPXC9JIrYlpmf0dk+y8NecNbY2u96xlhQhH//////////AAAAAAAAAAHGEsd1AAAAQEm/3wMNUGTH+XRY2wKIL0XxeFXQCABvWN6PDiatoBeYjfPNQWzo3bKS/oE6grTfFxwrI+MKslDjsvXpKT/c2ws=	zWFXShhzwpq+21Ox7q0iljs0y4ki3LGu8IeEwx9Ctf0AAAAAAAAACgAAAAAAAAABAAAAAAAAAAYAAAAAAAAAAA==	AAAAAAAAAAEAAAABAAAAAwAAAAAAAAAAYDvwg3TzULzVPPd/TfAM36nSzpn8uWM8U/OL7MYSx3UAAAACVAvj2AAAAAIAAAAEAAAAAwAAAAAAAAAAAAAAAAEAAAAAAAAAAAAAAAAAAAAAAAABAAAAAgAAAAAAAAADAAAAAQAAAABgO/CDdPNQvNU8939N8AzfqdLOmfy5YzxT84vsxhLHdQAAAAEyMQAAAAAAAPtmLc3zmug9cL0kitiWmZ/R2T7Lw15w1tja73rGWFCEAAAAAAAAAAB//////////wAAAAEAAAAAAAAAAAAAAAEAAAADAAAAAAAAAABgO/CDdPNQvNU8939N8AzfqdLOmfy5YzxT84vsxhLHdQAAAAJUC+PYAAAAAgAAAAQAAAAEAAAAAAAAAAAAAAAAAQAAAAAAAAAAAAAAAAAAAA==
4fd31e115b0502dff7d333505dc19f073066f6297dd4c74ce3610ee573b97b95	3	7	AAAAAGA78IN081C81Tz3f03wDN+p0s6Z/LljPFPzi+zGEsd1AAAACgAAAAIAAAAFAAAAAAAAAAAAAAABAAAAAAAAAAYAAAABMjIAAAAAAAD7Zi3N85roPXC9JIrYlpmf0dk+y8NecNbY2u96xlhQhH//////////AAAAAAAAAAHGEsd1AAAAQClf6E4SiBaKc9Xy0/tW8W2oxiA58LZb6S+u+9+DQwxZ7npTXS18oxvDgtxtev0DcaSjI7IExYOhD/X3XjSiEwY=	T9MeEVsFAt/30zNQXcGfBzBm9il91MdM42EO5XO5e5UAAAAAAAAACgAAAAAAAAABAAAAAAAAAAYAAAAAAAAAAA==	AAAAAAAAAAEAAAABAAAAAwAAAAAAAAAAYDvwg3TzULzVPPd/TfAM36nSzpn8uWM8U/OL7MYSx3UAAAACVAvjzgAAAAIAAAAFAAAABAAAAAAAAAAAAAAAAAEAAAAAAAAAAAAAAAAAAAAAAAABAAAAAgAAAAAAAAADAAAAAQAAAABgO/CDdPNQvNU8939N8AzfqdLOmfy5YzxT84vsxhLHdQAAAAEyMgAAAAAAAPtmLc3zmug9cL0kitiWmZ/R2T7Lw15w1tja73rGWFCEAAAAAAAAAAB//////////wAAAAEAAAAAAAAAAAAAAAEAAAADAAAAAAAAAABgO/CDdPNQvNU8939N8AzfqdLOmfy5YzxT84vsxhLHdQAAAAJUC+POAAAAAgAAAAUAAAAFAAAAAAAAAAAAAAAAAQAAAAAAAAAAAAAAAAAAAA==
2c21e99f98ed2e8a54c1299a3bcaad468be1ec9e9a73e690ba479402f7b60b42	3	8	AAAAAGA78IN081C81Tz3f03wDN+p0s6Z/LljPFPzi+zGEsd1AAAACgAAAAIAAAAGAAAAAAAAAAAAAAABAAAAAAAAAAYAAAABMzEAAAAAAAD7Zi3N85roPXC9JIrYlpmf0dk+y8NecNbY2u96xlhQhH//////////AAAAAAAAAAHGEsd1AAAAQOJ1PQpB3dLCJe51vXtfROoRSE+XTYvrW92T4TyFJb55lQxsbZT2oKISt6nNdP5bWET74OhoOc8mb3ehTHF2Ogk=	LCHpn5jtLopUwSmaO8qtRovh7J6ac+aQukeUAve2C0IAAAAAAAAACgAAAAAAAAABAAAAAAAAAAYAAAAAAAAAAA==	AAAAAAAAAAEAAAABAAAAAwAAAAAAAAAAYDvwg3TzULzVPPd/TfAM36nSzpn8uWM8U/OL7MYSx3UAAAACVAvjxAAAAAIAAAAGAAAABQAAAAAAAAAAAAAAAAEAAAAAAAAAAAAAAAAAAAAAAAABAAAAAgAAAAAAAAADAAAAAQAAAABgO/CDdPNQvNU8939N8AzfqdLOmfy5YzxT84vsxhLHdQAAAAEzMQAAAAAAAPtmLc3zmug9cL0kitiWmZ/R2T7Lw15w1tja73rGWFCEAAAAAAAAAAB//////////wAAAAEAAAAAAAAAAAAAAAEAAAADAAAAAAAAAABgO/CDdPNQvNU8939N8AzfqdLOmfy5YzxT84vsxhLHdQAAAAJUC+PEAAAAAgAAAAYAAAAGAAAAAAAAAAAAAAAAAQAAAAAAAAAAAAAAAAAAAA==
49a427030dbcd4dc2b5e4366911e7486d4704d7f096a0b71ba70bc9303b7b26f	3	9	AAAAAGA78IN081C81Tz3f03wDN+p0s6Z/LljPFPzi+zGEsd1AAAACgAAAAIAAAAHAAAAAAAAAAAAAAABAAAAAAAAAAYAAAABMzIAAAAAAAD7Zi3N85roPXC9JIrYlpmf0dk+y8NecNbY2u96xlhQhH//////////AAAAAAAAAAHGEsd1AAAAQDCNrqD944ABFEDljRLpPPUeqQYHdfZ3RZTLkiuJGsGy8imB8l0oEuCE4mpGHnCXsuMLEuHTJntjFYA/6+Yq+Qg=	SaQnAw281NwrXkNmkR50htRwTX8JagtxunC8kwO3sm8AAAAAAAAACgAAAAAAAAABAAAAAAAAAAYAAAAAAAAAAA==	AAAAAAAAAAEAAAABAAAAAwAAAAAAAAAAYDvwg3TzULzVPPd/TfAM36nSzpn8uWM8U/OL7MYSx3UAAAACVAvjugAAAAIAAAAHAAAABgAAAAAAAAAAAAAAAAEAAAAAAAAAAAAAAAAAAAAAAAABAAAAAgAAAAAAAAADAAAAAQAAAABgO/CDdPNQvNU8939N8AzfqdLOmfy5YzxT84vsxhLHdQAAAAEzMgAAAAAAAPtmLc3zmug9cL0kitiWmZ/R2T7Lw15w1tja73rGWFCEAAAAAAAAAAB//////////wAAAAEAAAAAAAAAAAAAAAEAAAADAAAAAAAAAABgO/CDdPNQvNU8939N8AzfqdLOmfy5YzxT84vsxhLHdQAAAAJUC+O6AAAAAgAAAAcAAAAHAAAAAAAAAAAAAAAAAQAAAAAAAAAAAAAAAAAAAA==
8bdff5337f17eb11e614376eadc00039477fe1d62a3bf699f7a4154d573ec618	3	10	AAAAAGA78IN081C81Tz3f03wDN+p0s6Z/LljPFPzi+zGEsd1AAAACgAAAAIAAAAIAAAAAAAAAAAAAAABAAAAAAAAAAYAAAABMzMAAAAAAAD7Zi3N85roPXC9JIrYlpmf0dk+y8NecNbY2u96xlhQhH//////////AAAAAAAAAAHGEsd1AAAAQBjc818AgX24aMFrlq92bUUSbU8iJPF0AJxwQxdRtDEyUpGvNqyxP99T7E0S9CJbNY0hsFodJfg7mOOtM0EJrA4=	i9/1M38X6xHmFDdurcAAOUd/4dYqO/aZ96QVTVc+xhgAAAAAAAAACgAAAAAAAAABAAAAAAAAAAYAAAAAAAAAAA==	AAAAAAAAAAEAAAABAAAAAwAAAAAAAAAAYDvwg3TzULzVPPd/TfAM36nSzpn8uWM8U/OL7MYSx3UAAAACVAvjsAAAAAIAAAAIAAAABwAAAAAAAAAAAAAAAAEAAAAAAAAAAAAAAAAAAAAAAAABAAAAAgAAAAAAAAADAAAAAQAAAABgO/CDdPNQvNU8939N8AzfqdLOmfy5YzxT84vsxhLHdQAAAAEzMwAAAAAAAPtmLc3zmug9cL0kitiWmZ/R2T7Lw15w1tja73rGWFCEAAAAAAAAAAB//////////wAAAAEAAAAAAAAAAAAAAAEAAAADAAAAAAAAAABgO/CDdPNQvNU8939N8AzfqdLOmfy5YzxT84vsxhLHdQAAAAJUC+OwAAAAAgAAAAgAAAAIAAAAAAAAAAAAAAAAAQAAAAAAAAAAAAAAAAAAAA==
abc097816ff30b04563e5dc2505232a0ea4c2cfaf12c8f92687f4171f3d314a1	4	1	AAAAAPtmLc3zmug9cL0kitiWmZ/R2T7Lw15w1tja73rGWFCEAAAACgAAAAIAAAABAAAAAAAAAAAAAAABAAAAAAAAAAEAAAAA+YJfs2GnUXSoQKtqMYLysCqNektHezqMnbGiwvL/fbYAAAABVVNEAAAAAAD7Zi3N85roPXC9JIrYlpmf0dk+y8NecNbY2u96xlhQhAAAAAAAABOIAAAAAAAAAAHGWFCEAAAAQNiaxFPW7s1LQntg6FhG+osINtrrjRg/ulSo/zxflA3ndz0slQLCWIXzYvjP8tikiLGfdbgv6IKGZijWLpysCww=	q8CXgW/zCwRWPl3CUFIyoOpMLPrxLI+SaH9BcfPTFKEAAAAAAAAACgAAAAAAAAABAAAAAAAAAAEAAAAAAAAAAA==	AAAAAAAAAAEAAAABAAAABAAAAAAAAAAA+2YtzfOa6D1wvSSK2JaZn9HZPsvDXnDW2NrvesZYUIQAAAACVAvj9gAAAAIAAAABAAAAAAAAAAAAAAAAAAAAAAEAAAAAAAAAAAAAAAAAAAAAAAABAAAAAQAAAAEAAAAEAAAAAQAAAAD5gl+zYadRdKhAq2oxgvKwKo16S0d7OoydsaLC8v99tgAAAAFVU0QAAAAAAPtmLc3zmug9cL0kitiWmZ/R2T7Lw15w1tja73rGWFCEAAAAAAAAE4h//////////wAAAAEAAAAAAAAAAA==
6532340409772c120e5100b9e5dc76ef2dbc07809e22df4b5f55c824f25b9bd2	4	2	AAAAAPtmLc3zmug9cL0kitiWmZ/R2T7Lw15w1tja73rGWFCEAAAACgAAAAIAAAACAAAAAAAAAAAAAAABAAAAAAAAAAEAAAAAYDvwg3TzULzVPPd/TfAM36nSzpn8uWM8U/OL7MYSx3UAAAABRVVSAAAAAAD7Zi3N85roPXC9JIrYlpmf0dk+y8NecNbY2u96xlhQhAAAAAAAABOIAAAAAAAAAAHGWFCEAAAAQCxI2VExDzqWeupjRDW9HvQWYKjdljHbXlJv+zKmHX6Ki03cZQn9dloO9KSM3gCsexoESSxJKLKVkbd5tctF+gQ=	ZTI0BAl3LBIOUQC55dx27y28B4CeIt9LX1XIJPJbm9IAAAAAAAAACgAAAAAAAAABAAAAAAAAAAEAAAAAAAAAAA==	AAAAAAAAAAEAAAABAAAABAAAAAAAAAAA+2YtzfOa6D1wvSSK2JaZn9HZPsvDXnDW2NrvesZYUIQAAAACVAvj7AAAAAIAAAACAAAAAAAAAAAAAAAAAAAAAAEAAAAAAAAAAAAAAAAAAAAAAAABAAAAAQAAAAEAAAAEAAAAAQAAAABgO/CDdPNQvNU8939N8AzfqdLOmfy5YzxT84vsxhLHdQAAAAFFVVIAAAAAAPtmLc3zmug9cL0kitiWmZ/R2T7Lw15w1tja73rGWFCEAAAAAAAAE4h//////////wAAAAEAAAAAAAAAAA==
41a678074a02dccb871c0f1c269744b461aaabb7b8fe1c4e2868653c70f5e422	4	3	AAAAAPtmLc3zmug9cL0kitiWmZ/R2T7Lw15w1tja73rGWFCEAAAACgAAAAIAAAADAAAAAAAAAAAAAAABAAAAAAAAAAEAAAAAYDvwg3TzULzVPPd/TfAM36nSzpn8uWM8U/OL7MYSx3UAAAABMQAAAAAAAAD7Zi3N85roPXC9JIrYlpmf0dk+y8NecNbY2u96xlhQhAAAAAAAABOIAAAAAAAAAAHGWFCEAAAAQOS+sKoe2eeFrdjAgDgGd+fw/+jTxEpbeU8lKbZLue7D2UW2Q4SoRgFIELJsWOQL8FibU3SxHKIDkpf3hjdTfQY=	QaZ4B0oC3MuHHA8cJpdEtGGqq7e4/hxOKGhlPHD15CIAAAAAAAAACgAAAAAAAAABAAAAAAAAAAEAAAAAAAAAAA==	AAAAAAAAAAEAAAABAAAABAAAAAAAAAAA+2YtzfOa6D1wvSSK2JaZn9HZPsvDXnDW2NrvesZYUIQAAAACVAvj4gAAAAIAAAADAAAAAAAAAAAAAAAAAAAAAAEAAAAAAAAAAAAAAAAAAAAAAAABAAAAAQAAAAEAAAAEAAAAAQAAAABgO/CDdPNQvNU8939N8AzfqdLOmfy5YzxT84vsxhLHdQAAAAExAAAAAAAAAPtmLc3zmug9cL0kitiWmZ/R2T7Lw15w1tja73rGWFCEAAAAAAAAE4h//////////wAAAAEAAAAAAAAAAA==
78da2fa40f0d294460687940578b54d7f4020a879b2bc3c9358e69830f4862b5	4	4	AAAAAPtmLc3zmug9cL0kitiWmZ/R2T7Lw15w1tja73rGWFCEAAAACgAAAAIAAAAEAAAAAAAAAAAAAAABAAAAAAAAAAEAAAAAYDvwg3TzULzVPPd/TfAM36nSzpn8uWM8U/OL7MYSx3UAAAABMjEAAAAAAAD7Zi3N85roPXC9JIrYlpmf0dk+y8NecNbY2u96xlhQhAAAAAAAABOIAAAAAAAAAAHGWFCEAAAAQG8ppwU7zZkK9rb2dvugEk2q1M6gfxgnRjsGKQ6Ax7Wrj60YE5z2W8ChAg43JB5vXSjqICzY517B1XomavwbaQQ=	eNovpA8NKURgaHlAV4tU1/QCCoebK8PJNY5pgw9IYrUAAAAAAAAACgAAAAAAAAABAAAAAAAAAAEAAAAAAAAAAA==	AAAAAAAAAAEAAAABAAAABAAAAAAAAAAA+2YtzfOa6D1wvSSK2JaZn9HZPsvDXnDW2NrvesZYUIQAAAACVAvj2AAAAAIAAAAEAAAAAAAAAAAAAAAAAAAAAAEAAAAAAAAAAAAAAAAAAAAAAAABAAAAAQAAAAEAAAAEAAAAAQAAAABgO/CDdPNQvNU8939N8AzfqdLOmfy5YzxT84vsxhLHdQAAAAEyMQAAAAAAAPtmLc3zmug9cL0kitiWmZ/R2T7Lw15w1tja73rGWFCEAAAAAAAAE4h//////////wAAAAEAAAAAAAAAAA==
76d00f5cff86a54cf2d6c675dd7d8c83ea5f424f6604f4275e0b602f370a43f6	4	5	AAAAAPtmLc3zmug9cL0kitiWmZ/R2T7Lw15w1tja73rGWFCEAAAACgAAAAIAAAAFAAAAAAAAAAAAAAABAAAAAAAAAAEAAAAAYDvwg3TzULzVPPd/TfAM36nSzpn8uWM8U/OL7MYSx3UAAAABMjIAAAAAAAD7Zi3N85roPXC9JIrYlpmf0dk+y8NecNbY2u96xlhQhAAAAAAAABOIAAAAAAAAAAHGWFCEAAAAQH5q3K/K6TCNWlO1dCjr61b9q8YDGEkcSrGj+oEDIitSrRpeMLzqZQT/JWE1pV7T6UhulJm5pjFMJIy9Agrimgc=	dtAPXP+GpUzy1sZ13X2Mg+pfQk9mBPQnXgtgLzcKQ/YAAAAAAAAACgAAAAAAAAABAAAAAAAAAAEAAAAAAAAAAA==	AAAAAAAAAAEAAAABAAAABAAAAAAAAAAA+2YtzfOa6D1wvSSK2JaZn9HZPsvDXnDW2NrvesZYUIQAAAACVAvjzgAAAAIAAAAFAAAAAAAAAAAAAAAAAAAAAAEAAAAAAAAAAAAAAAAAAAAAAAABAAAAAQAAAAEAAAAEAAAAAQAAAABgO/CDdPNQvNU8939N8AzfqdLOmfy5YzxT84vsxhLHdQAAAAEyMgAAAAAAAPtmLc3zmug9cL0kitiWmZ/R2T7Lw15w1tja73rGWFCEAAAAAAAAE4h//////////wAAAAEAAAAAAAAAAA==
77a1c62bac8780bb6e222ef0714de78ed9bce366eb29a58f6d57077b83243d66	4	6	AAAAAPtmLc3zmug9cL0kitiWmZ/R2T7Lw15w1tja73rGWFCEAAAACgAAAAIAAAAGAAAAAAAAAAAAAAABAAAAAAAAAAEAAAAAYDvwg3TzULzVPPd/TfAM36nSzpn8uWM8U/OL7MYSx3UAAAABMzEAAAAAAAD7Zi3N85roPXC9JIrYlpmf0dk+y8NecNbY2u96xlhQhAAAAAAAABOIAAAAAAAAAAHGWFCEAAAAQOYyGFr8DJOMVziemYSe+DwI2VfszkD+hgHUpRrjK2iFkii98Jtlk7CuQjkLbgIgpeoEaukM63575vGIsI42Ew0=	d6HGK6yHgLtuIi7wcU3njtm842brKaWPbVcHe4MkPWYAAAAAAAAACgAAAAAAAAABAAAAAAAAAAEAAAAAAAAAAA==	AAAAAAAAAAEAAAABAAAABAAAAAAAAAAA+2YtzfOa6D1wvSSK2JaZn9HZPsvDXnDW2NrvesZYUIQAAAACVAvjxAAAAAIAAAAGAAAAAAAAAAAAAAAAAAAAAAEAAAAAAAAAAAAAAAAAAAAAAAABAAAAAQAAAAEAAAAEAAAAAQAAAABgO/CDdPNQvNU8939N8AzfqdLOmfy5YzxT84vsxhLHdQAAAAEzMQAAAAAAAPtmLc3zmug9cL0kitiWmZ/R2T7Lw15w1tja73rGWFCEAAAAAAAAE4h//////////wAAAAEAAAAAAAAAAA==
02ad7342a34582823fbf61a5cc9020dec161d71dd6b1af9210a6b43732a03d1c	4	7	AAAAAPtmLc3zmug9cL0kitiWmZ/R2T7Lw15w1tja73rGWFCEAAAACgAAAAIAAAAHAAAAAAAAAAAAAAABAAAAAAAAAAEAAAAAYDvwg3TzULzVPPd/TfAM36nSzpn8uWM8U/OL7MYSx3UAAAABMzIAAAAAAAD7Zi3N85roPXC9JIrYlpmf0dk+y8NecNbY2u96xlhQhAAAAAAAABOIAAAAAAAAAAHGWFCEAAAAQFB4PEE6r6Z+7TRh6BDFs3nlp582ppBW4kBOKOwW6tUcMGg6M5dGpB1vU6BA2dPDK1d8yxCtscx7BvxGcue4/g8=	Aq1zQqNFgoI/v2GlzJAg3sFh1x3Wsa+SEKa0NzKgPRwAAAAAAAAACgAAAAAAAAABAAAAAAAAAAEAAAAAAAAAAA==	AAAAAAAAAAEAAAABAAAABAAAAAAAAAAA+2YtzfOa6D1wvSSK2JaZn9HZPsvDXnDW2NrvesZYUIQAAAACVAvjugAAAAIAAAAHAAAAAAAAAAAAAAAAAAAAAAEAAAAAAAAAAAAAAAAAAAAAAAABAAAAAQAAAAEAAAAEAAAAAQAAAABgO/CDdPNQvNU8939N8AzfqdLOmfy5YzxT84vsxhLHdQAAAAEzMgAAAAAAAPtmLc3zmug9cL0kitiWmZ/R2T7Lw15w1tja73rGWFCEAAAAAAAAE4h//////////wAAAAEAAAAAAAAAAA==
b06450f16d1c50cf85a9f4c85b2c0558ee481112e4a9a858c791f0f37fbc1bb0	4	8	AAAAAPtmLc3zmug9cL0kitiWmZ/R2T7Lw15w1tja73rGWFCEAAAACgAAAAIAAAAIAAAAAAAAAAAAAAABAAAAAAAAAAEAAAAAYDvwg3TzULzVPPd/TfAM36nSzpn8uWM8U/OL7MYSx3UAAAABMzMAAAAAAAD7Zi3N85roPXC9JIrYlpmf0dk+y8NecNbY2u96xlhQhAAAAAAAABOIAAAAAAAAAAHGWFCEAAAAQAXT4ImliRcqT8dc7sgQGzxvRDi80HGgG9CkfUqdAEyaYyhyDdXiZp+kAalhHPAP1cjh0nuevZKR7r37gZBMGgA=	sGRQ8W0cUM+FqfTIWywFWO5IERLkqahYx5Hw83+8G7AAAAAAAAAACgAAAAAAAAABAAAAAAAAAAEAAAAAAAAAAA==	AAAAAAAAAAEAAAABAAAABAAAAAAAAAAA+2YtzfOa6D1wvSSK2JaZn9HZPsvDXnDW2NrvesZYUIQAAAACVAvjsAAAAAIAAAAIAAAAAAAAAAAAAAAAAAAAAAEAAAAAAAAAAAAAAAAAAAAAAAABAAAAAQAAAAEAAAAEAAAAAQAAAABgO/CDdPNQvNU8939N8AzfqdLOmfy5YzxT84vsxhLHdQAAAAEzMwAAAAAAAPtmLc3zmug9cL0kitiWmZ/R2T7Lw15w1tja73rGWFCEAAAAAAAAE4h//////////wAAAAEAAAAAAAAAAA==
37ece32e55e0cf3a0abf76a78ccd370ea46d07388867b75ea3f4e69cf98a2e73	5	1	AAAAAGA78IN081C81Tz3f03wDN+p0s6Z/LljPFPzi+zGEsd1AAAACgAAAAIAAAAJAAAAAAAAAAAAAAABAAAAAAAAAAMAAAABRVVSAAAAAAD7Zi3N85roPXC9JIrYlpmf0dk+y8NecNbY2u96xlhQhAAAAAFVU0QAAAAAAPtmLc3zmug9cL0kitiWmZ/R2T7Lw15w1tja73rGWFCEAAAAAAAAAAoAAAABAAAAAQAAAAAAAAAAAAAAAAAAAAHGEsd1AAAAQEvVPsqVFyeBXA8WFz/HYjeUfgdPOy/LGxpRfV8A0cEDV8ITCx7/JuB1rU7Ey138I7vPc4t7/rYMU/FjAjL6pQ4=	N+zjLlXgzzoKv3anjM03DqRtBziIZ7deo/TmnPmKLnMAAAAAAAAACgAAAAAAAAABAAAAAAAAAAMAAAAAAAAAAAAAAAAAAAAAYDvwg3TzULzVPPd/TfAM36nSzpn8uWM8U/OL7MYSx3UAAAAAAAAAAQAAAAFFVVIAAAAAAPtmLc3zmug9cL0kitiWmZ/R2T7Lw15w1tja73rGWFCEAAAAAVVTRAAAAAAA+2YtzfOa6D1wvSSK2JaZn9HZPsvDXnDW2NrvesZYUIQAAAAAAAAACgAAAAEAAAABAAAAAAAAAAAAAAAA	AAAAAAAAAAEAAAABAAAABQAAAAAAAAAAYDvwg3TzULzVPPd/TfAM36nSzpn8uWM8U/OL7MYSx3UAAAACVAvjpgAAAAIAAAAJAAAACAAAAAAAAAAAAAAAAAEAAAAAAAAAAAAAAAAAAAAAAAABAAAAAgAAAAAAAAAFAAAAAgAAAABgO/CDdPNQvNU8939N8AzfqdLOmfy5YzxT84vsxhLHdQAAAAAAAAABAAAAAUVVUgAAAAAA+2YtzfOa6D1wvSSK2JaZn9HZPsvDXnDW2NrvesZYUIQAAAABVVNEAAAAAAD7Zi3N85roPXC9JIrYlpmf0dk+y8NecNbY2u96xlhQhAAAAAAAAAAKAAAAAQAAAAEAAAAAAAAAAAAAAAAAAAABAAAABQAAAAAAAAAAYDvwg3TzULzVPPd/TfAM36nSzpn8uWM8U/OL7MYSx3UAAAACVAvjpgAAAAIAAAAJAAAACQAAAAAAAAAAAAAAAAEAAAAAAAAAAAAAAAAAAAA=
294d806ced53ef867c11c95f659b355c31c5227ec2f378d08429bd775c65b42f	5	2	AAAAAGA78IN081C81Tz3f03wDN+p0s6Z/LljPFPzi+zGEsd1AAAACgAAAAIAAAAKAAAAAAAAAAAAAAABAAAAAAAAAAMAAAABMQAAAAAAAAD7Zi3N85roPXC9JIrYlpmf0dk+y8NecNbY2u96xlhQhAAAAAFVU0QAAAAAAPtmLc3zmug9cL0kitiWmZ/R2T7Lw15w1tja73rGWFCEAAAAAAAAABQAAAABAAAAAQAAAAAAAAAAAAAAAAAAAAHGEsd1AAAAQPdcYlMHcOpjYNi1EF7JAt7AIlsYGctf16fR+B6jqsz0bkR/aLL6l5l+Gu4f/PQxWmr/L+s6DKVxffF/AEl1wAk=	KU2AbO1T74Z8EclfZZs1XDHFIn7C83jQhCm9d1xltC8AAAAAAAAACgAAAAAAAAABAAAAAAAAAAMAAAAAAAAAAAAAAAAAAAAAYDvwg3TzULzVPPd/TfAM36nSzpn8uWM8U/OL7MYSx3UAAAAAAAAAAgAAAAExAAAAAAAAAPtmLc3zmug9cL0kitiWmZ/R2T7Lw15w1tja73rGWFCEAAAAAVVTRAAAAAAA+2YtzfOa6D1wvSSK2JaZn9HZPsvDXnDW2NrvesZYUIQAAAAAAAAAFAAAAAEAAAABAAAAAAAAAAAAAAAA	AAAAAAAAAAEAAAABAAAABQAAAAAAAAAAYDvwg3TzULzVPPd/TfAM36nSzpn8uWM8U/OL7MYSx3UAAAACVAvjnAAAAAIAAAAKAAAACQAAAAAAAAAAAAAAAAEAAAAAAAAAAAAAAAAAAAAAAAABAAAAAgAAAAAAAAAFAAAAAgAAAABgO/CDdPNQvNU8939N8AzfqdLOmfy5YzxT84vsxhLHdQAAAAAAAAACAAAAATEAAAAAAAAA+2YtzfOa6D1wvSSK2JaZn9HZPsvDXnDW2NrvesZYUIQAAAABVVNEAAAAAAD7Zi3N85roPXC9JIrYlpmf0dk+y8NecNbY2u96xlhQhAAAAAAAAAAUAAAAAQAAAAEAAAAAAAAAAAAAAAAAAAABAAAABQAAAAAAAAAAYDvwg3TzULzVPPd/TfAM36nSzpn8uWM8U/OL7MYSx3UAAAACVAvjnAAAAAIAAAAKAAAACgAAAAAAAAAAAAAAAAEAAAAAAAAAAAAAAAAAAAA=
afdb48d756c07cb256e6e2ebd0cee04bea393882775e556bd5fcc750a61af06b	5	3	AAAAAGA78IN081C81Tz3f03wDN+p0s6Z/LljPFPzi+zGEsd1AAAACgAAAAIAAAALAAAAAAAAAAAAAAABAAAAAAAAAAMAAAABRVVSAAAAAAD7Zi3N85roPXC9JIrYlpmf0dk+y8NecNbY2u96xlhQhAAAAAExAAAAAAAAAPtmLc3zmug9cL0kitiWmZ/R2T7Lw15w1tja73rGWFCEAAAAAAAAABQAAAABAAAAAQAAAAAAAAAAAAAAAAAAAAHGEsd1AAAAQOG4Jfv3B3p9iuL7BsgxTCBVoPu2WZ8v8blophgDTYKUqt+znsOEFJ35c+YkWP+MYl8Ptt3YpNtPjNlO/Zd0tA8=	r9tI11bAfLJW5uLr0M7gS+o5OIJ3XlVr1fzHUKYa8GsAAAAAAAAACgAAAAAAAAABAAAAAAAAAAMAAAAAAAAAAAAAAAAAAAAAYDvwg3TzULzVPPd/TfAM36nSzpn8uWM8U/OL7MYSx3UAAAAAAAAAAwAAAAFFVVIAAAAAAPtmLc3zmug9cL0kitiWmZ/R2T7Lw15w1tja73rGWFCEAAAAATEAAAAAAAAA+2YtzfOa6D1wvSSK2JaZn9HZPsvDXnDW2NrvesZYUIQAAAAAAAAAFAAAAAEAAAABAAAAAAAAAAAAAAAA	AAAAAAAAAAEAAAABAAAABQAAAAAAAAAAYDvwg3TzULzVPPd/TfAM36nSzpn8uWM8U/OL7MYSx3UAAAACVAvjkgAAAAIAAAALAAAACgAAAAAAAAAAAAAAAAEAAAAAAAAAAAAAAAAAAAAAAAABAAAAAgAAAAAAAAAFAAAAAgAAAABgO/CDdPNQvNU8939N8AzfqdLOmfy5YzxT84vsxhLHdQAAAAAAAAADAAAAAUVVUgAAAAAA+2YtzfOa6D1wvSSK2JaZn9HZPsvDXnDW2NrvesZYUIQAAAABMQAAAAAAAAD7Zi3N85roPXC9JIrYlpmf0dk+y8NecNbY2u96xlhQhAAAAAAAAAAUAAAAAQAAAAEAAAAAAAAAAAAAAAAAAAABAAAABQAAAAAAAAAAYDvwg3TzULzVPPd/TfAM36nSzpn8uWM8U/OL7MYSx3UAAAACVAvjkgAAAAIAAAALAAAACwAAAAAAAAAAAAAAAAEAAAAAAAAAAAAAAAAAAAA=
89e54c7ae5239390cde503b6a8f069d0d4bf38dc2fe4f5f83043c06b9dfd7665	5	4	AAAAAGA78IN081C81Tz3f03wDN+p0s6Z/LljPFPzi+zGEsd1AAAACgAAAAIAAAAMAAAAAAAAAAAAAAABAAAAAAAAAAMAAAABMjEAAAAAAAD7Zi3N85roPXC9JIrYlpmf0dk+y8NecNbY2u96xlhQhAAAAAFVU0QAAAAAAPtmLc3zmug9cL0kitiWmZ/R2T7Lw15w1tja73rGWFCEAAAAAAAAAB4AAAABAAAAAQAAAAAAAAAAAAAAAAAAAAHGEsd1AAAAQOKOa05QjSjVTy/9nu+RGRQNvbLHiXduEVFpSWdrRUwGBpOoM5wBpMUkCYeeXsQJgcZxmwoMA6KPWFmYsONtgQY=	ieVMeuUjk5DN5QO2qPBp0NS/ONwv5PX4MEPAa539dmUAAAAAAAAACgAAAAAAAAABAAAAAAAAAAMAAAAAAAAAAAAAAAAAAAAAYDvwg3TzULzVPPd/TfAM36nSzpn8uWM8U/OL7MYSx3UAAAAAAAAABAAAAAEyMQAAAAAAAPtmLc3zmug9cL0kitiWmZ/R2T7Lw15w1tja73rGWFCEAAAAAVVTRAAAAAAA+2YtzfOa6D1wvSSK2JaZn9HZPsvDXnDW2NrvesZYUIQAAAAAAAAAHgAAAAEAAAABAAAAAAAAAAAAAAAA	AAAAAAAAAAEAAAABAAAABQAAAAAAAAAAYDvwg3TzULzVPPd/TfAM36nSzpn8uWM8U/OL7MYSx3UAAAACVAvjiAAAAAIAAAAMAAAACwAAAAAAAAAAAAAAAAEAAAAAAAAAAAAAAAAAAAAAAAABAAAAAgAAAAAAAAAFAAAAAgAAAABgO/CDdPNQvNU8939N8AzfqdLOmfy5YzxT84vsxhLHdQAAAAAAAAAEAAAAATIxAAAAAAAA+2YtzfOa6D1wvSSK2JaZn9HZPsvDXnDW2NrvesZYUIQAAAABVVNEAAAAAAD7Zi3N85roPXC9JIrYlpmf0dk+y8NecNbY2u96xlhQhAAAAAAAAAAeAAAAAQAAAAEAAAAAAAAAAAAAAAAAAAABAAAABQAAAAAAAAAAYDvwg3TzULzVPPd/TfAM36nSzpn8uWM8U/OL7MYSx3UAAAACVAvjiAAAAAIAAAAMAAAADAAAAAAAAAAAAAAAAAEAAAAAAAAAAAAAAAAAAAA=
65854d4f1f41ba34ed51e4e010a122dd70362b9b5143f87393f6384ef20c0fa7	5	5	AAAAAGA78IN081C81Tz3f03wDN+p0s6Z/LljPFPzi+zGEsd1AAAACgAAAAIAAAANAAAAAAAAAAAAAAABAAAAAAAAAAMAAAABMjIAAAAAAAD7Zi3N85roPXC9JIrYlpmf0dk+y8NecNbY2u96xlhQhAAAAAEyMQAAAAAAAPtmLc3zmug9cL0kitiWmZ/R2T7Lw15w1tja73rGWFCEAAAAAAAAAB4AAAABAAAAAQAAAAAAAAAAAAAAAAAAAAHGEsd1AAAAQAGdFn4t6equhNdO8Gg6Xip9bcazK07G84ER+GYUMFrv9BbglASo/0up/8o9vElLl40+2pmYvZ7wtjdRZZQFHAo=	ZYVNTx9BujTtUeTgEKEi3XA2K5tRQ/hzk/Y4TvIMD6cAAAAAAAAACgAAAAAAAAABAAAAAAAAAAMAAAAAAAAAAAAAAAAAAAAAYDvwg3TzULzVPPd/TfAM36nSzpn8uWM8U/OL7MYSx3UAAAAAAAAABQAAAAEyMgAAAAAAAPtmLc3zmug9cL0kitiWmZ/R2T7Lw15w1tja73rGWFCEAAAAATIxAAAAAAAA+2YtzfOa6D1wvSSK2JaZn9HZPsvDXnDW2NrvesZYUIQAAAAAAAAAHgAAAAEAAAABAAAAAAAAAAAAAAAA	AAAAAAAAAAEAAAABAAAABQAAAAAAAAAAYDvwg3TzULzVPPd/TfAM36nSzpn8uWM8U/OL7MYSx3UAAAACVAvjfgAAAAIAAAANAAAADAAAAAAAAAAAAAAAAAEAAAAAAAAAAAAAAAAAAAAAAAABAAAAAgAAAAAAAAAFAAAAAgAAAABgO/CDdPNQvNU8939N8AzfqdLOmfy5YzxT84vsxhLHdQAAAAAAAAAFAAAAATIyAAAAAAAA+2YtzfOa6D1wvSSK2JaZn9HZPsvDXnDW2NrvesZYUIQAAAABMjEAAAAAAAD7Zi3N85roPXC9JIrYlpmf0dk+y8NecNbY2u96xlhQhAAAAAAAAAAeAAAAAQAAAAEAAAAAAAAAAAAAAAAAAAABAAAABQAAAAAAAAAAYDvwg3TzULzVPPd/TfAM36nSzpn8uWM8U/OL7MYSx3UAAAACVAvjfgAAAAIAAAANAAAADQAAAAAAAAAAAAAAAAEAAAAAAAAAAAAAAAAAAAA=
7c5a475ce4150bdeea2b24032bb630a059548ba920dc427cac145720dd62f8c4	5	6	AAAAAGA78IN081C81Tz3f03wDN+p0s6Z/LljPFPzi+zGEsd1AAAACgAAAAIAAAAOAAAAAAAAAAAAAAABAAAAAAAAAAMAAAABRVVSAAAAAAD7Zi3N85roPXC9JIrYlpmf0dk+y8NecNbY2u96xlhQhAAAAAEyMgAAAAAAAPtmLc3zmug9cL0kitiWmZ/R2T7Lw15w1tja73rGWFCEAAAAAAAAAB4AAAABAAAAAQAAAAAAAAAAAAAAAAAAAAHGEsd1AAAAQAWprWvOZuFknHOlEG5S5C5BIFlfidSaJf7vUYaOcFtemCzuDHMMLJhK3wpt2nHPMK6ZwAg8bgk0971ryTmUego=	fFpHXOQVC97qKyQDK7YwoFlUi6kg3EJ8rBRXIN1i+MQAAAAAAAAACgAAAAAAAAABAAAAAAAAAAMAAAAAAAAAAAAAAAAAAAAAYDvwg3TzULzVPPd/TfAM36nSzpn8uWM8U/OL7MYSx3UAAAAAAAAABgAAAAFFVVIAAAAAAPtmLc3zmug9cL0kitiWmZ/R2T7Lw15w1tja73rGWFCEAAAAATIyAAAAAAAA+2YtzfOa6D1wvSSK2JaZn9HZPsvDXnDW2NrvesZYUIQAAAAAAAAAHgAAAAEAAAABAAAAAAAAAAAAAAAA	AAAAAAAAAAEAAAABAAAABQAAAAAAAAAAYDvwg3TzULzVPPd/TfAM36nSzpn8uWM8U/OL7MYSx3UAAAACVAvjdAAAAAIAAAAOAAAADQAAAAAAAAAAAAAAAAEAAAAAAAAAAAAAAAAAAAAAAAABAAAAAgAAAAAAAAAFAAAAAgAAAABgO/CDdPNQvNU8939N8AzfqdLOmfy5YzxT84vsxhLHdQAAAAAAAAAGAAAAAUVVUgAAAAAA+2YtzfOa6D1wvSSK2JaZn9HZPsvDXnDW2NrvesZYUIQAAAABMjIAAAAAAAD7Zi3N85roPXC9JIrYlpmf0dk+y8NecNbY2u96xlhQhAAAAAAAAAAeAAAAAQAAAAEAAAAAAAAAAAAAAAAAAAABAAAABQAAAAAAAAAAYDvwg3TzULzVPPd/TfAM36nSzpn8uWM8U/OL7MYSx3UAAAACVAvjdAAAAAIAAAAOAAAADgAAAAAAAAAAAAAAAAEAAAAAAAAAAAAAAAAAAAA=
9d2747b7a38e785c0e30d2d5060a423866f015566cacea6abe5b6cf359eae976	5	7	AAAAAGA78IN081C81Tz3f03wDN+p0s6Z/LljPFPzi+zGEsd1AAAACgAAAAIAAAAPAAAAAAAAAAAAAAABAAAAAAAAAAMAAAABMzEAAAAAAAD7Zi3N85roPXC9JIrYlpmf0dk+y8NecNbY2u96xlhQhAAAAAFVU0QAAAAAAPtmLc3zmug9cL0kitiWmZ/R2T7Lw15w1tja73rGWFCEAAAAAAAAACgAAAABAAAAAQAAAAAAAAAAAAAAAAAAAAHGEsd1AAAAQIIEp519nFEFDj0VZecZ30Ja3Do40E4bHctIgNFAyK62hRIsqXzGQ3KZ0sAvxzfhTodgd94LnrNZrgeAc1l5TAI=	nSdHt6OOeFwOMNLVBgpCOGbwFVZsrOpqvlts81nq6XYAAAAAAAAACgAAAAAAAAABAAAAAAAAAAMAAAAAAAAAAAAAAAAAAAAAYDvwg3TzULzVPPd/TfAM36nSzpn8uWM8U/OL7MYSx3UAAAAAAAAABwAAAAEzMQAAAAAAAPtmLc3zmug9cL0kitiWmZ/R2T7Lw15w1tja73rGWFCEAAAAAVVTRAAAAAAA+2YtzfOa6D1wvSSK2JaZn9HZPsvDXnDW2NrvesZYUIQAAAAAAAAAKAAAAAEAAAABAAAAAAAAAAAAAAAA	AAAAAAAAAAEAAAABAAAABQAAAAAAAAAAYDvwg3TzULzVPPd/TfAM36nSzpn8uWM8U/OL7MYSx3UAAAACVAvjagAAAAIAAAAPAAAADgAAAAAAAAAAAAAAAAEAAAAAAAAAAAAAAAAAAAAAAAABAAAAAgAAAAAAAAAFAAAAAgAAAABgO/CDdPNQvNU8939N8AzfqdLOmfy5YzxT84vsxhLHdQAAAAAAAAAHAAAAATMxAAAAAAAA+2YtzfOa6D1wvSSK2JaZn9HZPsvDXnDW2NrvesZYUIQAAAABVVNEAAAAAAD7Zi3N85roPXC9JIrYlpmf0dk+y8NecNbY2u96xlhQhAAAAAAAAAAoAAAAAQAAAAEAAAAAAAAAAAAAAAAAAAABAAAABQAAAAAAAAAAYDvwg3TzULzVPPd/TfAM36nSzpn8uWM8U/OL7MYSx3UAAAACVAvjagAAAAIAAAAPAAAADwAAAAAAAAAAAAAAAAEAAAAAAAAAAAAAAAAAAAA=
477f924ed66efb42a14c50278d33f9e5d7e5f91a7ccbf0327842556aa143e99a	5	8	AAAAAGA78IN081C81Tz3f03wDN+p0s6Z/LljPFPzi+zGEsd1AAAACgAAAAIAAAAQAAAAAAAAAAAAAAABAAAAAAAAAAMAAAABMzIAAAAAAAD7Zi3N85roPXC9JIrYlpmf0dk+y8NecNbY2u96xlhQhAAAAAEzMQAAAAAAAPtmLc3zmug9cL0kitiWmZ/R2T7Lw15w1tja73rGWFCEAAAAAAAAACgAAAABAAAAAQAAAAAAAAAAAAAAAAAAAAHGEsd1AAAAQHh3zsflanW0UjOVMs3j85thYpKgWXYrMn5ia7aX4IFTeb67g4tG8kTIo6epq5ez80aAdYi6Y+xEbEvazeUM1gI=	R3+STtZu+0KhTFAnjTP55dfl+Rp8y/AyeEJVaqFD6ZoAAAAAAAAACgAAAAAAAAABAAAAAAAAAAMAAAAAAAAAAAAAAAAAAAAAYDvwg3TzULzVPPd/TfAM36nSzpn8uWM8U/OL7MYSx3UAAAAAAAAACAAAAAEzMgAAAAAAAPtmLc3zmug9cL0kitiWmZ/R2T7Lw15w1tja73rGWFCEAAAAATMxAAAAAAAA+2YtzfOa6D1wvSSK2JaZn9HZPsvDXnDW2NrvesZYUIQAAAAAAAAAKAAAAAEAAAABAAAAAAAAAAAAAAAA	AAAAAAAAAAEAAAABAAAABQAAAAAAAAAAYDvwg3TzULzVPPd/TfAM36nSzpn8uWM8U/OL7MYSx3UAAAACVAvjYAAAAAIAAAAQAAAADwAAAAAAAAAAAAAAAAEAAAAAAAAAAAAAAAAAAAAAAAABAAAAAgAAAAAAAAAFAAAAAgAAAABgO/CDdPNQvNU8939N8AzfqdLOmfy5YzxT84vsxhLHdQAAAAAAAAAIAAAAATMyAAAAAAAA+2YtzfOa6D1wvSSK2JaZn9HZPsvDXnDW2NrvesZYUIQAAAABMzEAAAAAAAD7Zi3N85roPXC9JIrYlpmf0dk+y8NecNbY2u96xlhQhAAAAAAAAAAoAAAAAQAAAAEAAAAAAAAAAAAAAAAAAAABAAAABQAAAAAAAAAAYDvwg3TzULzVPPd/TfAM36nSzpn8uWM8U/OL7MYSx3UAAAACVAvjYAAAAAIAAAAQAAAAEAAAAAAAAAAAAAAAAAEAAAAAAAAAAAAAAAAAAAA=
ed51162dd7cbd2a2948cde4fedbb2b413e0323bf8bdf9a953c12ce3929a6f40b	5	9	AAAAAGA78IN081C81Tz3f03wDN+p0s6Z/LljPFPzi+zGEsd1AAAACgAAAAIAAAARAAAAAAAAAAAAAAABAAAAAAAAAAMAAAABMzMAAAAAAAD7Zi3N85roPXC9JIrYlpmf0dk+y8NecNbY2u96xlhQhAAAAAEzMgAAAAAAAPtmLc3zmug9cL0kitiWmZ/R2T7Lw15w1tja73rGWFCEAAAAAAAAACgAAAABAAAAAQAAAAAAAAAAAAAAAAAAAAHGEsd1AAAAQEchH9VPUSSOHfK+e89QqyDXgg9G+Fk011sAkm/UCfYLQxvYCCaiKZYXf8afoTAWB9g0F2qItpge5IkColNglA0=	7VEWLdfL0qKUjN5P7bsrQT4DI7+L35qVPBLOOSmm9AsAAAAAAAAACgAAAAAAAAABAAAAAAAAAAMAAAAAAAAAAAAAAAAAAAAAYDvwg3TzULzVPPd/TfAM36nSzpn8uWM8U/OL7MYSx3UAAAAAAAAACQAAAAEzMwAAAAAAAPtmLc3zmug9cL0kitiWmZ/R2T7Lw15w1tja73rGWFCEAAAAATMyAAAAAAAA+2YtzfOa6D1wvSSK2JaZn9HZPsvDXnDW2NrvesZYUIQAAAAAAAAAKAAAAAEAAAABAAAAAAAAAAAAAAAA	AAAAAAAAAAEAAAABAAAABQAAAAAAAAAAYDvwg3TzULzVPPd/TfAM36nSzpn8uWM8U/OL7MYSx3UAAAACVAvjVgAAAAIAAAARAAAAEAAAAAAAAAAAAAAAAAEAAAAAAAAAAAAAAAAAAAAAAAABAAAAAgAAAAAAAAAFAAAAAgAAAABgO/CDdPNQvNU8939N8AzfqdLOmfy5YzxT84vsxhLHdQAAAAAAAAAJAAAAATMzAAAAAAAA+2YtzfOa6D1wvSSK2JaZn9HZPsvDXnDW2NrvesZYUIQAAAABMzIAAAAAAAD7Zi3N85roPXC9JIrYlpmf0dk+y8NecNbY2u96xlhQhAAAAAAAAAAoAAAAAQAAAAEAAAAAAAAAAAAAAAAAAAABAAAABQAAAAAAAAAAYDvwg3TzULzVPPd/TfAM36nSzpn8uWM8U/OL7MYSx3UAAAACVAvjVgAAAAIAAAARAAAAEQAAAAAAAAAAAAAAAAEAAAAAAAAAAAAAAAAAAAA=
edd92c01fa9681da94ba770afc4880916d5983e65a472461490891ae41c35215	5	10	AAAAAGA78IN081C81Tz3f03wDN+p0s6Z/LljPFPzi+zGEsd1AAAACgAAAAIAAAASAAAAAAAAAAAAAAABAAAAAAAAAAMAAAABRVVSAAAAAAD7Zi3N85roPXC9JIrYlpmf0dk+y8NecNbY2u96xlhQhAAAAAEzMwAAAAAAAPtmLc3zmug9cL0kitiWmZ/R2T7Lw15w1tja73rGWFCEAAAAAAAAACgAAAABAAAAAQAAAAAAAAAAAAAAAAAAAAHGEsd1AAAAQNaxo1D+xcl16HODJ0TpB0eWta+ggrhbZSzD/7IWeFjqvV0JlP5Ea7bS6/gjGzOhJTJmWTj4S3XyqzWFVDEcEwU=	7dksAfqWgdqUuncK/EiAkW1Zg+ZaRyRhSQiRrkHDUhUAAAAAAAAACgAAAAAAAAABAAAAAAAAAAMAAAAAAAAAAAAAAAAAAAAAYDvwg3TzULzVPPd/TfAM36nSzpn8uWM8U/OL7MYSx3UAAAAAAAAACgAAAAFFVVIAAAAAAPtmLc3zmug9cL0kitiWmZ/R2T7Lw15w1tja73rGWFCEAAAAATMzAAAAAAAA+2YtzfOa6D1wvSSK2JaZn9HZPsvDXnDW2NrvesZYUIQAAAAAAAAAKAAAAAEAAAABAAAAAAAAAAAAAAAA	AAAAAAAAAAEAAAABAAAABQAAAAAAAAAAYDvwg3TzULzVPPd/TfAM36nSzpn8uWM8U/OL7MYSx3UAAAACVAvjTAAAAAIAAAASAAAAEQAAAAAAAAAAAAAAAAEAAAAAAAAAAAAAAAAAAAAAAAABAAAAAgAAAAAAAAAFAAAAAgAAAABgO/CDdPNQvNU8939N8AzfqdLOmfy5YzxT84vsxhLHdQAAAAAAAAAKAAAAAUVVUgAAAAAA+2YtzfOa6D1wvSSK2JaZn9HZPsvDXnDW2NrvesZYUIQAAAABMzMAAAAAAAD7Zi3N85roPXC9JIrYlpmf0dk+y8NecNbY2u96xlhQhAAAAAAAAAAoAAAAAQAAAAEAAAAAAAAAAAAAAAAAAAABAAAABQAAAAAAAAAAYDvwg3TzULzVPPd/TfAM36nSzpn8uWM8U/OL7MYSx3UAAAACVAvjTAAAAAIAAAASAAAAEgAAAAAAAAAAAAAAAAEAAAAAAAAAAAAAAAAAAAA=
\.


--
-- Name: accounts_pkey; Type: CONSTRAINT; Schema: public; Owner: -; Tablespace: 
--

ALTER TABLE ONLY accounts
    ADD CONSTRAINT accounts_pkey PRIMARY KEY (accountid);


--
-- Name: ledgerheaders_ledgerseq_key; Type: CONSTRAINT; Schema: public; Owner: -; Tablespace: 
--

ALTER TABLE ONLY ledgerheaders
    ADD CONSTRAINT ledgerheaders_ledgerseq_key UNIQUE (ledgerseq);


--
-- Name: ledgerheaders_pkey; Type: CONSTRAINT; Schema: public; Owner: -; Tablespace: 
--

ALTER TABLE ONLY ledgerheaders
    ADD CONSTRAINT ledgerheaders_pkey PRIMARY KEY (ledgerhash);


--
-- Name: offers_pkey; Type: CONSTRAINT; Schema: public; Owner: -; Tablespace: 
--

ALTER TABLE ONLY offers
    ADD CONSTRAINT offers_pkey PRIMARY KEY (offerid);


--
-- Name: peers_pkey; Type: CONSTRAINT; Schema: public; Owner: -; Tablespace: 
--

ALTER TABLE ONLY peers
    ADD CONSTRAINT peers_pkey PRIMARY KEY (ip, port);


--
-- Name: pubsub_pkey; Type: CONSTRAINT; Schema: public; Owner: -; Tablespace: 
--

ALTER TABLE ONLY pubsub
    ADD CONSTRAINT pubsub_pkey PRIMARY KEY (resid);


--
-- Name: signers_pkey; Type: CONSTRAINT; Schema: public; Owner: -; Tablespace: 
--

ALTER TABLE ONLY signers
    ADD CONSTRAINT signers_pkey PRIMARY KEY (accountid, publickey);


--
-- Name: storestate_pkey; Type: CONSTRAINT; Schema: public; Owner: -; Tablespace: 
--

ALTER TABLE ONLY storestate
    ADD CONSTRAINT storestate_pkey PRIMARY KEY (statename);


--
-- Name: trustlines_pkey; Type: CONSTRAINT; Schema: public; Owner: -; Tablespace: 
--

ALTER TABLE ONLY trustlines
    ADD CONSTRAINT trustlines_pkey PRIMARY KEY (accountid, issuer, assetcode);


--
-- Name: txhistory_ledgerseq_txindex_key; Type: CONSTRAINT; Schema: public; Owner: -; Tablespace: 
--

ALTER TABLE ONLY txhistory
    ADD CONSTRAINT txhistory_ledgerseq_txindex_key UNIQUE (ledgerseq, txindex);


--
-- Name: txhistory_pkey; Type: CONSTRAINT; Schema: public; Owner: -; Tablespace: 
--

ALTER TABLE ONLY txhistory
    ADD CONSTRAINT txhistory_pkey PRIMARY KEY (txid, ledgerseq);


--
-- Name: accountbalances; Type: INDEX; Schema: public; Owner: -; Tablespace: 
--

CREATE INDEX accountbalances ON accounts USING btree (balance) WHERE (balance >= 1000000000);


--
-- Name: accountlines; Type: INDEX; Schema: public; Owner: -; Tablespace: 
--

CREATE INDEX accountlines ON trustlines USING btree (accountid);


--
-- Name: buyingissuerindex; Type: INDEX; Schema: public; Owner: -; Tablespace: 
--

CREATE INDEX buyingissuerindex ON offers USING btree (buyingissuer);


--
-- Name: ledgersbyseq; Type: INDEX; Schema: public; Owner: -; Tablespace: 
--

CREATE INDEX ledgersbyseq ON ledgerheaders USING btree (ledgerseq);


--
-- Name: priceindex; Type: INDEX; Schema: public; Owner: -; Tablespace: 
--

CREATE INDEX priceindex ON offers USING btree (price);


--
-- Name: sellingissuerindex; Type: INDEX; Schema: public; Owner: -; Tablespace: 
--

CREATE INDEX sellingissuerindex ON offers USING btree (sellingissuer);


--
-- Name: signersaccount; Type: INDEX; Schema: public; Owner: -; Tablespace: 
--

CREATE INDEX signersaccount ON signers USING btree (accountid);


--
-- PostgreSQL database dump complete
--

