--
-- PostgreSQL database dump
--

SET statement_timeout = 0;
SET lock_timeout = 0;
SET client_encoding = 'UTF8';
SET standard_conforming_strings = on;
SET check_function_bodies = false;
SET client_min_messages = warning;

SET search_path = public, pg_catalog;

DROP INDEX public.signersaccount;
DROP INDEX public.sellingissuerindex;
DROP INDEX public.priceindex;
DROP INDEX public.ledgersbyseq;
DROP INDEX public.histfeebyseq;
DROP INDEX public.histbyseq;
DROP INDEX public.buyingissuerindex;
DROP INDEX public.accountbalances;
ALTER TABLE ONLY public.txhistory DROP CONSTRAINT txhistory_pkey;
ALTER TABLE ONLY public.txfeehistory DROP CONSTRAINT txfeehistory_pkey;
ALTER TABLE ONLY public.trustlines DROP CONSTRAINT trustlines_pkey;
ALTER TABLE ONLY public.storestate DROP CONSTRAINT storestate_pkey;
ALTER TABLE ONLY public.signers DROP CONSTRAINT signers_pkey;
ALTER TABLE ONLY public.pubsub DROP CONSTRAINT pubsub_pkey;
ALTER TABLE ONLY public.publishqueue DROP CONSTRAINT publishqueue_pkey;
ALTER TABLE ONLY public.peers DROP CONSTRAINT peers_pkey;
ALTER TABLE ONLY public.offers DROP CONSTRAINT offers_pkey;
ALTER TABLE ONLY public.ledgerheaders DROP CONSTRAINT ledgerheaders_pkey;
ALTER TABLE ONLY public.ledgerheaders DROP CONSTRAINT ledgerheaders_ledgerseq_key;
ALTER TABLE ONLY public.accounts DROP CONSTRAINT accounts_pkey;
DROP TABLE public.txhistory;
DROP TABLE public.txfeehistory;
DROP TABLE public.trustlines;
DROP TABLE public.storestate;
DROP TABLE public.signers;
DROP TABLE public.pubsub;
DROP TABLE public.publishqueue;
DROP TABLE public.peers;
DROP TABLE public.offers;
DROP TABLE public.ledgerheaders;
DROP TABLE public.accounts;
DROP EXTENSION plpgsql;
DROP SCHEMA public;
--
-- Name: public; Type: SCHEMA; Schema: -; Owner: -
--

CREATE SCHEMA public;


--
-- Name: SCHEMA public; Type: COMMENT; Schema: -; Owner: -
--

COMMENT ON SCHEMA public IS 'standard public schema';


--
-- Name: plpgsql; Type: EXTENSION; Schema: -; Owner: -
--

CREATE EXTENSION IF NOT EXISTS plpgsql WITH SCHEMA pg_catalog;


--
-- Name: EXTENSION plpgsql; Type: COMMENT; Schema: -; Owner: -
--

COMMENT ON EXTENSION plpgsql IS 'PL/pgSQL procedural language';


SET search_path = public, pg_catalog;

SET default_tablespace = '';

SET default_with_oids = false;

--
-- Name: accounts; Type: TABLE; Schema: public; Owner: -; Tablespace: 
--

CREATE TABLE accounts (
    accountid character varying(56) NOT NULL,
    balance bigint NOT NULL,
    seqnum bigint NOT NULL,
    numsubentries integer NOT NULL,
    inflationdest character varying(56),
    homedomain character varying(32) NOT NULL,
    thresholds text NOT NULL,
    flags integer NOT NULL,
    lastmodified integer NOT NULL,
    CONSTRAINT accounts_balance_check CHECK ((balance >= 0)),
    CONSTRAINT accounts_numsubentries_check CHECK ((numsubentries >= 0))
);


--
-- Name: ledgerheaders; Type: TABLE; Schema: public; Owner: -; Tablespace: 
--

CREATE TABLE ledgerheaders (
    ledgerhash character(64) NOT NULL,
    prevhash character(64) NOT NULL,
    bucketlisthash character(64) NOT NULL,
    ledgerseq integer,
    closetime bigint NOT NULL,
    data text NOT NULL,
    CONSTRAINT ledgerheaders_closetime_check CHECK ((closetime >= 0)),
    CONSTRAINT ledgerheaders_ledgerseq_check CHECK ((ledgerseq >= 0))
);


--
-- Name: offers; Type: TABLE; Schema: public; Owner: -; Tablespace: 
--

CREATE TABLE offers (
    sellerid character varying(56) NOT NULL,
    offerid bigint NOT NULL,
    sellingassettype integer NOT NULL,
    sellingassetcode character varying(12),
    sellingissuer character varying(56),
    buyingassettype integer NOT NULL,
    buyingassetcode character varying(12),
    buyingissuer character varying(56),
    amount bigint NOT NULL,
    pricen integer NOT NULL,
    priced integer NOT NULL,
    price double precision NOT NULL,
    flags integer NOT NULL,
    lastmodified integer NOT NULL,
    CONSTRAINT offers_amount_check CHECK ((amount >= 0)),
    CONSTRAINT offers_offerid_check CHECK ((offerid >= 0))
);


--
-- Name: peers; Type: TABLE; Schema: public; Owner: -; Tablespace: 
--

CREATE TABLE peers (
    ip character varying(15) NOT NULL,
    port integer DEFAULT 0 NOT NULL,
    nextattempt timestamp without time zone NOT NULL,
    numfailures integer DEFAULT 0 NOT NULL,
    CONSTRAINT peers_numfailures_check CHECK ((numfailures >= 0)),
    CONSTRAINT peers_port_check CHECK (((port > 0) AND (port <= 65535)))
);


--
-- Name: publishqueue; Type: TABLE; Schema: public; Owner: -; Tablespace: 
--

CREATE TABLE publishqueue (
    ledger integer NOT NULL,
    state text
);


--
-- Name: pubsub; Type: TABLE; Schema: public; Owner: -; Tablespace: 
--

CREATE TABLE pubsub (
    resid character(32) NOT NULL,
    lastread integer
);


--
-- Name: signers; Type: TABLE; Schema: public; Owner: -; Tablespace: 
--

CREATE TABLE signers (
    accountid character varying(56) NOT NULL,
    publickey character varying(56) NOT NULL,
    weight integer NOT NULL
);


--
-- Name: storestate; Type: TABLE; Schema: public; Owner: -; Tablespace: 
--

CREATE TABLE storestate (
    statename character(32) NOT NULL,
    state text
);


--
-- Name: trustlines; Type: TABLE; Schema: public; Owner: -; Tablespace: 
--

CREATE TABLE trustlines (
    accountid character varying(56) NOT NULL,
    assettype integer NOT NULL,
    issuer character varying(56) NOT NULL,
    assetcode character varying(12) NOT NULL,
    tlimit bigint NOT NULL,
    balance bigint NOT NULL,
    flags integer NOT NULL,
    lastmodified integer NOT NULL,
    CONSTRAINT trustlines_balance_check CHECK ((balance >= 0)),
    CONSTRAINT trustlines_tlimit_check CHECK ((tlimit > 0))
);


--
-- Name: txfeehistory; Type: TABLE; Schema: public; Owner: -; Tablespace: 
--

CREATE TABLE txfeehistory (
    txid character(64) NOT NULL,
    ledgerseq integer NOT NULL,
    txindex integer NOT NULL,
    txchanges text NOT NULL,
    CONSTRAINT txfeehistory_ledgerseq_check CHECK ((ledgerseq >= 0))
);


--
-- Name: txhistory; Type: TABLE; Schema: public; Owner: -; Tablespace: 
--

CREATE TABLE txhistory (
    txid character(64) NOT NULL,
    ledgerseq integer NOT NULL,
    txindex integer NOT NULL,
    txbody text NOT NULL,
    txresult text NOT NULL,
    txmeta text NOT NULL,
    CONSTRAINT txhistory_ledgerseq_check CHECK ((ledgerseq >= 0))
);


--
-- Data for Name: accounts; Type: TABLE DATA; Schema: public; Owner: -
--

COPY accounts (accountid, balance, seqnum, numsubentries, inflationdest, homedomain, thresholds, flags, lastmodified) FROM stdin;
GBRPYHIL2CI3FNQ4BXLFMNDLFJUNPU2HY3ZMFSHONUCEOASW7QC7OX2H	999999959999999600	4	0	\N		AQAAAA==	0	2
GAEDTJ4PPEFVW5XV2S7LUXBEHNQMX5Q2GM562RJGOQG7GVCE5H3HIB4V	9999999900	8589934593	1	\N		AQAAAA==	0	3
GARSFJNXJIHO6ULUBK3DBYKVSIZE7SC72S5DYBCHU7DKL22UXKVD7MXP	9999999900	8589934593	1	\N		AQAAAA==	0	3
GDSBCQO34HWPGUGQSP3QBFEXVTSR2PW46UIGTHVWGWJGQKH3AFNHXHXN	9999999000	8589934602	2	\N		AQAAAA==	0	5
GA2NC4ZOXMXLVQAQQ5IQKJX47M3PKBQV2N5UV5Z4OXLQJ3CKMBA2O2YL	9999998200	8589934610	18	\N		AQAAAA==	0	5
\.


--
-- Data for Name: ledgerheaders; Type: TABLE DATA; Schema: public; Owner: -
--

COPY ledgerheaders (ledgerhash, prevhash, bucketlisthash, ledgerseq, closetime, data) FROM stdin;
63d98f536ee68d1b27b5b89f23af5311b7569a24faf1403ad0b52b633b07be99	0000000000000000000000000000000000000000000000000000000000000000	572a2e32ff248a07b0e70fd1f6d318c1facd20b6cc08c33d5775259868125a16	1	0	AAAAAAAAAAAAAAAAAAAAAAAAAAAAAAAAAAAAAAAAAAAAAAAAAAAAAAAAAAAAAAAAAAAAAAAAAAAAAAAAAAAAAAAAAAAAAAAAAAAAAAAAAAAAAAAAAAAAAAAAAAAAAAAAAAAAAAAAAAAAAAAAAAAAAAAAAABXKi4y/ySKB7DnD9H20xjB+s0gtswIwz1XdSWYaBJaFgAAAAEN4Lazp2QAAAAAAAAAAAAAAAAAAAAAAAAAAAAAAAAAZAX14QAAAABkAAAAAAAAAAAAAAAAAAAAAAAAAAAAAAAAAAAAAAAAAAAAAAAAAAAAAAAAAAAAAAAAAAAAAAAAAAAAAAAAAAAAAAAAAAAAAAAAAAAAAAAAAAAAAAAAAAAAAAAAAAAAAAAAAAAAAAAAAAAAAAAAAAAAAAAAAAAAAAAAAAAAAAAAAAAAAAAA
3e0336650f411078257c6767ee8644bf1c7414454d025836af6777e20eb6eb7d	63d98f536ee68d1b27b5b89f23af5311b7569a24faf1403ad0b52b633b07be99	3ff719adc5fe15a981719819684b39c18d49018e689d04a46db43c8d5ae42758	2	1445465295	AAAAAWPZj1Nu5o0bJ7W4nyOvUxG3Vpok+vFAOtC1K2M7B76ZoFq33IYHWwlGYaJaMCjNeUfVmDLRL+zWmVJgMUZn8ukAAAAAVigMzwAAAAIAAAAIAAAAAQAAAAEAAAAIAAAAAwAAAfQAAAAABtT+dvrMtMze04+pfz4Iczf0b9AofJVgLkcJjLI5W+k/9xmtxf4VqYFxmBloSznBjUkBjmidBKRttDyNWuQnWAAAAAIN4Lazp2QAAAAAAAAAAAGQAAAAAAAAAAAAAAAAAAAAZAX14QAAAAH0AAAAAAAAAAAAAAAAAAAAAAAAAAAAAAAAAAAAAAAAAAAAAAAAAAAAAAAAAAAAAAAAAAAAAAAAAAAAAAAAAAAAAAAAAAAAAAAAAAAAAAAAAAAAAAAAAAAAAAAAAAAAAAAAAAAAAAAAAAAAAAAAAAAAAAAAAAAAAAAAAAAAAAAAAAAAAAAA
cc1f037318ca6c56b74f0b5e4f08d0816c593eb2f94aeb6aa23444321e9f2c58	3e0336650f411078257c6767ee8644bf1c7414454d025836af6777e20eb6eb7d	dd6a2f31341bcfc92f03a30fe15bdb40bcf6624b388bab124d9c67090e4ea9b8	3	1445465296	AAAAAT4DNmUPQRB4JXxnZ+6GRL8cdBRFTQJYNq9nd+IOtut9t8Gn2fNqnP22PeMIT1kjwDGuWnfZJvw2ty+meHaADtMAAAAAVigM0AAAAAAAAAAA0tYimpEAg3RiJqEuySSa5gcIvCWhKiqLZ3Zh7ZHtnm/dai8xNBvPyS8Dow/hW9tAvPZiSziLqxJNnGcJDk6puAAAAAMN4Lazp2QAAAAAAAAAAAV4AAAAAAAAAAAAAAAAAAAAZAX14QAAAAH0AAAAAAAAAAAAAAAAAAAAAAAAAAAAAAAAAAAAAAAAAAAAAAAAAAAAAAAAAAAAAAAAAAAAAAAAAAAAAAAAAAAAAAAAAAAAAAAAAAAAAAAAAAAAAAAAAAAAAAAAAAAAAAAAAAAAAAAAAAAAAAAAAAAAAAAAAAAAAAAAAAAAAAAAAAAAAAAA
89b77ca6803cd80693258d139cc485b8b69c8f3614cdb90d9a91fecfa5bdb6eb	cc1f037318ca6c56b74f0b5e4f08d0816c593eb2f94aeb6aa23444321e9f2c58	eba643795c50a54aa8088103f507d1142916fc193441bdace7fd7cdd1e74b6c4	4	1445465297	AAAAAcwfA3MYymxWt08LXk8I0IFsWT6y+UrraqI0RDIenyxYgwei8AUzCv1HKqmGbsrHjj2/FIncGu6w6B/VEsWd9csAAAAAVigM0QAAAAAAAAAA8+IeycxQU782PpfLw48z19/NsgcbSScIBi4tGKRQOHHrpkN5XFClSqgIgQP1B9EUKRb8GTRBvazn/XzdHnS2xAAAAAQN4Lazp2QAAAAAAAAAAAiYAAAAAAAAAAAAAAAAAAAAZAX14QAAAAH0AAAAAAAAAAAAAAAAAAAAAAAAAAAAAAAAAAAAAAAAAAAAAAAAAAAAAAAAAAAAAAAAAAAAAAAAAAAAAAAAAAAAAAAAAAAAAAAAAAAAAAAAAAAAAAAAAAAAAAAAAAAAAAAAAAAAAAAAAAAAAAAAAAAAAAAAAAAAAAAAAAAAAAAAAAAAAAAA
0893c8ca8d7936f6557121a424500fd16f00f886a3a58dc63397bd958ead1f9f	89b77ca6803cd80693258d139cc485b8b69c8f3614cdb90d9a91fecfa5bdb6eb	98342d889bf59ad2f5d85dbd16c5b97e840b54ff7d04f21814181e39a58eb5b1	5	1445465298	AAAAAYm3fKaAPNgGkyWNE5zEhbi2nI82FM25DZqR/s+lvbbrfBc9vj/6Ije6+WbBzvH281pGcqiXqU/UPJ8H5Ozo7w8AAAAAVigM0gAAAAAAAAAAUKOEOmthQazglwcGK6WY0mx3AtCDK4nR2aFFbcvXt9SYNC2Im/Wa0vXYXb0Wxbl+hAtU/30E8hgUGB45pY61sQAAAAUN4Lazp2QAAAAAAAAAAA1IAAAAAAAAAAAAAAAMAAAAZAX14QAAAAH0AAAAAAAAAAAAAAAAAAAAAAAAAAAAAAAAAAAAAAAAAAAAAAAAAAAAAAAAAAAAAAAAAAAAAAAAAAAAAAAAAAAAAAAAAAAAAAAAAAAAAAAAAAAAAAAAAAAAAAAAAAAAAAAAAAAAAAAAAAAAAAAAAAAAAAAAAAAAAAAAAAAAAAAAAAAAAAAA
\.


--
-- Data for Name: offers; Type: TABLE DATA; Schema: public; Owner: -
--

COPY offers (sellerid, offerid, sellingassettype, sellingassetcode, sellingissuer, buyingassettype, buyingassetcode, buyingissuer, amount, pricen, priced, price, flags, lastmodified) FROM stdin;
GDSBCQO34HWPGUGQSP3QBFEXVTSR2PW46UIGTHVWGWJGQKH3AFNHXHXN	1	1	EUR	GDSBCQO34HWPGUGQSP3QBFEXVTSR2PW46UIGTHVWGWJGQKH3AFNHXHXN	1	USD	GDSBCQO34HWPGUGQSP3QBFEXVTSR2PW46UIGTHVWGWJGQKH3AFNHXHXN	100000000	1	1	1	0	5
GA2NC4ZOXMXLVQAQQ5IQKJX47M3PKBQV2N5UV5Z4OXLQJ3CKMBA2O2YL	2	1	EUR	GDSBCQO34HWPGUGQSP3QBFEXVTSR2PW46UIGTHVWGWJGQKH3AFNHXHXN	1	USD	GDSBCQO34HWPGUGQSP3QBFEXVTSR2PW46UIGTHVWGWJGQKH3AFNHXHXN	100000000	1	2	0.5	0	5
GDSBCQO34HWPGUGQSP3QBFEXVTSR2PW46UIGTHVWGWJGQKH3AFNHXHXN	3	1	EUR	GDSBCQO34HWPGUGQSP3QBFEXVTSR2PW46UIGTHVWGWJGQKH3AFNHXHXN	1	USD	GDSBCQO34HWPGUGQSP3QBFEXVTSR2PW46UIGTHVWGWJGQKH3AFNHXHXN	100000000	1	2	0.5	0	5
GA2NC4ZOXMXLVQAQQ5IQKJX47M3PKBQV2N5UV5Z4OXLQJ3CKMBA2O2YL	4	1	1	GDSBCQO34HWPGUGQSP3QBFEXVTSR2PW46UIGTHVWGWJGQKH3AFNHXHXN	1	USD	GDSBCQO34HWPGUGQSP3QBFEXVTSR2PW46UIGTHVWGWJGQKH3AFNHXHXN	200000000	1	1	1	0	5
GA2NC4ZOXMXLVQAQQ5IQKJX47M3PKBQV2N5UV5Z4OXLQJ3CKMBA2O2YL	5	1	EUR	GDSBCQO34HWPGUGQSP3QBFEXVTSR2PW46UIGTHVWGWJGQKH3AFNHXHXN	1	1	GDSBCQO34HWPGUGQSP3QBFEXVTSR2PW46UIGTHVWGWJGQKH3AFNHXHXN	200000000	1	1	1	0	5
GA2NC4ZOXMXLVQAQQ5IQKJX47M3PKBQV2N5UV5Z4OXLQJ3CKMBA2O2YL	6	1	21	GDSBCQO34HWPGUGQSP3QBFEXVTSR2PW46UIGTHVWGWJGQKH3AFNHXHXN	1	USD	GDSBCQO34HWPGUGQSP3QBFEXVTSR2PW46UIGTHVWGWJGQKH3AFNHXHXN	300000000	1	1	1	0	5
GA2NC4ZOXMXLVQAQQ5IQKJX47M3PKBQV2N5UV5Z4OXLQJ3CKMBA2O2YL	7	1	22	GDSBCQO34HWPGUGQSP3QBFEXVTSR2PW46UIGTHVWGWJGQKH3AFNHXHXN	1	21	GDSBCQO34HWPGUGQSP3QBFEXVTSR2PW46UIGTHVWGWJGQKH3AFNHXHXN	300000000	1	1	1	0	5
GA2NC4ZOXMXLVQAQQ5IQKJX47M3PKBQV2N5UV5Z4OXLQJ3CKMBA2O2YL	8	1	EUR	GDSBCQO34HWPGUGQSP3QBFEXVTSR2PW46UIGTHVWGWJGQKH3AFNHXHXN	1	22	GDSBCQO34HWPGUGQSP3QBFEXVTSR2PW46UIGTHVWGWJGQKH3AFNHXHXN	300000000	1	1	1	0	5
GA2NC4ZOXMXLVQAQQ5IQKJX47M3PKBQV2N5UV5Z4OXLQJ3CKMBA2O2YL	9	1	31	GDSBCQO34HWPGUGQSP3QBFEXVTSR2PW46UIGTHVWGWJGQKH3AFNHXHXN	1	USD	GDSBCQO34HWPGUGQSP3QBFEXVTSR2PW46UIGTHVWGWJGQKH3AFNHXHXN	400000000	2	1	2	0	5
GA2NC4ZOXMXLVQAQQ5IQKJX47M3PKBQV2N5UV5Z4OXLQJ3CKMBA2O2YL	10	1	32	GDSBCQO34HWPGUGQSP3QBFEXVTSR2PW46UIGTHVWGWJGQKH3AFNHXHXN	1	31	GDSBCQO34HWPGUGQSP3QBFEXVTSR2PW46UIGTHVWGWJGQKH3AFNHXHXN	400000000	2	1	2	0	5
GA2NC4ZOXMXLVQAQQ5IQKJX47M3PKBQV2N5UV5Z4OXLQJ3CKMBA2O2YL	11	1	33	GDSBCQO34HWPGUGQSP3QBFEXVTSR2PW46UIGTHVWGWJGQKH3AFNHXHXN	1	32	GDSBCQO34HWPGUGQSP3QBFEXVTSR2PW46UIGTHVWGWJGQKH3AFNHXHXN	400000000	2	1	2	0	5
GA2NC4ZOXMXLVQAQQ5IQKJX47M3PKBQV2N5UV5Z4OXLQJ3CKMBA2O2YL	12	1	EUR	GDSBCQO34HWPGUGQSP3QBFEXVTSR2PW46UIGTHVWGWJGQKH3AFNHXHXN	1	33	GDSBCQO34HWPGUGQSP3QBFEXVTSR2PW46UIGTHVWGWJGQKH3AFNHXHXN	400000000	2	1	2	0	5
\.


--
-- Data for Name: peers; Type: TABLE DATA; Schema: public; Owner: -
--

COPY peers (ip, port, nextattempt, numfailures) FROM stdin;
\.


--
-- Data for Name: publishqueue; Type: TABLE DATA; Schema: public; Owner: -
--

COPY publishqueue (ledger, state) FROM stdin;
\.


--
-- Data for Name: pubsub; Type: TABLE DATA; Schema: public; Owner: -
--

COPY pubsub (resid, lastread) FROM stdin;
\.


--
-- Data for Name: signers; Type: TABLE DATA; Schema: public; Owner: -
--

COPY signers (accountid, publickey, weight) FROM stdin;
\.


--
-- Data for Name: storestate; Type: TABLE DATA; Schema: public; Owner: -
--

COPY storestate (statename, state) FROM stdin;
databaseinitialized             	true
databaseschema                  	1
forcescponnextlaunch            	false
lastclosedledger                	0893c8ca8d7936f6557121a424500fd16f00f886a3a58dc63397bd958ead1f9f
historyarchivestate             	{\n    "version": 1,\n    "server": "v0.2.1-11-g0a50758-dirty",\n    "currentLedger": 5,\n    "currentBuckets": [\n        {\n            "curr": "8dddbff064d274509892cdff26a699194a4869a7e6fc36b4575689f928d550c7",\n            "next": {\n                "state": 0\n            },\n            "snap": "2580b683169444807ba7e3c34d619163bd6d6528726952c089c3aca8ef07f42d"\n        },\n        {\n            "curr": "ef31a20a398ee73ce22275ea8177786bac54656f33dcc4f3fec60d55ddf163d9",\n            "next": {\n                "state": 1,\n                "output": "2580b683169444807ba7e3c34d619163bd6d6528726952c089c3aca8ef07f42d"\n            },\n            "snap": "0000000000000000000000000000000000000000000000000000000000000000"\n        },\n        {\n            "curr": "0000000000000000000000000000000000000000000000000000000000000000",\n            "next": {\n                "state": 0\n            },\n            "snap": "0000000000000000000000000000000000000000000000000000000000000000"\n        },\n        {\n            "curr": "0000000000000000000000000000000000000000000000000000000000000000",\n            "next": {\n                "state": 0\n            },\n            "snap": "0000000000000000000000000000000000000000000000000000000000000000"\n        },\n        {\n            "curr": "0000000000000000000000000000000000000000000000000000000000000000",\n            "next": {\n                "state": 0\n            },\n            "snap": "0000000000000000000000000000000000000000000000000000000000000000"\n        },\n        {\n            "curr": "0000000000000000000000000000000000000000000000000000000000000000",\n            "next": {\n                "state": 0\n            },\n            "snap": "0000000000000000000000000000000000000000000000000000000000000000"\n        },\n        {\n            "curr": "0000000000000000000000000000000000000000000000000000000000000000",\n            "next": {\n                "state": 0\n            },\n            "snap": "0000000000000000000000000000000000000000000000000000000000000000"\n        },\n        {\n            "curr": "0000000000000000000000000000000000000000000000000000000000000000",\n            "next": {\n                "state": 0\n            },\n            "snap": "0000000000000000000000000000000000000000000000000000000000000000"\n        },\n        {\n            "curr": "0000000000000000000000000000000000000000000000000000000000000000",\n            "next": {\n                "state": 0\n            },\n            "snap": "0000000000000000000000000000000000000000000000000000000000000000"\n        },\n        {\n            "curr": "0000000000000000000000000000000000000000000000000000000000000000",\n            "next": {\n                "state": 0\n            },\n            "snap": "0000000000000000000000000000000000000000000000000000000000000000"\n        },\n        {\n            "curr": "0000000000000000000000000000000000000000000000000000000000000000",\n            "next": {\n                "state": 0\n            },\n            "snap": "0000000000000000000000000000000000000000000000000000000000000000"\n        }\n    ]\n}
lastscpdata                     	AAAAAAAAAAAAAAAA
\.


--
-- Data for Name: trustlines; Type: TABLE DATA; Schema: public; Owner: -
--

COPY trustlines (accountid, assettype, issuer, assetcode, tlimit, balance, flags, lastmodified) FROM stdin;
GAEDTJ4PPEFVW5XV2S7LUXBEHNQMX5Q2GM562RJGOQG7GVCE5H3HIB4V	1	GDSBCQO34HWPGUGQSP3QBFEXVTSR2PW46UIGTHVWGWJGQKH3AFNHXHXN	EUR	9223372036854775807	0	1	3
GA2NC4ZOXMXLVQAQQ5IQKJX47M3PKBQV2N5UV5Z4OXLQJ3CKMBA2O2YL	1	GDSBCQO34HWPGUGQSP3QBFEXVTSR2PW46UIGTHVWGWJGQKH3AFNHXHXN	USD	9223372036854775807	0	1	3
GARSFJNXJIHO6ULUBK3DBYKVSIZE7SC72S5DYBCHU7DKL22UXKVD7MXP	1	GDSBCQO34HWPGUGQSP3QBFEXVTSR2PW46UIGTHVWGWJGQKH3AFNHXHXN	USD	9223372036854775807	50000000000	1	4
GA2NC4ZOXMXLVQAQQ5IQKJX47M3PKBQV2N5UV5Z4OXLQJ3CKMBA2O2YL	1	GDSBCQO34HWPGUGQSP3QBFEXVTSR2PW46UIGTHVWGWJGQKH3AFNHXHXN	EUR	9223372036854775807	50000000000	1	4
GA2NC4ZOXMXLVQAQQ5IQKJX47M3PKBQV2N5UV5Z4OXLQJ3CKMBA2O2YL	1	GDSBCQO34HWPGUGQSP3QBFEXVTSR2PW46UIGTHVWGWJGQKH3AFNHXHXN	1	9223372036854775807	50000000000	1	4
GA2NC4ZOXMXLVQAQQ5IQKJX47M3PKBQV2N5UV5Z4OXLQJ3CKMBA2O2YL	1	GDSBCQO34HWPGUGQSP3QBFEXVTSR2PW46UIGTHVWGWJGQKH3AFNHXHXN	21	9223372036854775807	50000000000	1	4
GA2NC4ZOXMXLVQAQQ5IQKJX47M3PKBQV2N5UV5Z4OXLQJ3CKMBA2O2YL	1	GDSBCQO34HWPGUGQSP3QBFEXVTSR2PW46UIGTHVWGWJGQKH3AFNHXHXN	22	9223372036854775807	50000000000	1	4
GA2NC4ZOXMXLVQAQQ5IQKJX47M3PKBQV2N5UV5Z4OXLQJ3CKMBA2O2YL	1	GDSBCQO34HWPGUGQSP3QBFEXVTSR2PW46UIGTHVWGWJGQKH3AFNHXHXN	31	9223372036854775807	50000000000	1	4
GA2NC4ZOXMXLVQAQQ5IQKJX47M3PKBQV2N5UV5Z4OXLQJ3CKMBA2O2YL	1	GDSBCQO34HWPGUGQSP3QBFEXVTSR2PW46UIGTHVWGWJGQKH3AFNHXHXN	32	9223372036854775807	50000000000	1	4
GA2NC4ZOXMXLVQAQQ5IQKJX47M3PKBQV2N5UV5Z4OXLQJ3CKMBA2O2YL	1	GDSBCQO34HWPGUGQSP3QBFEXVTSR2PW46UIGTHVWGWJGQKH3AFNHXHXN	33	9223372036854775807	50000000000	1	4
\.


--
-- Data for Name: txfeehistory; Type: TABLE DATA; Schema: public; Owner: -
--

COPY txfeehistory (txid, ledgerseq, txindex, txchanges) FROM stdin;
9ff6b71bba6b24c8afc6ca53b12702566d40e9c8abf9b8439e9a3b08300e4188	2	1	AAAAAQAAAAEAAAACAAAAAAAAAABi/B0L0JGythwN1lY0aypo19NHxvLCyO5tBEcCVvwF9w3gtrOnY/+cAAAAAAAAAAEAAAAAAAAAAAAAAAAAAAAAAQAAAAAAAAAAAAAAAAAAAA==
afc983f7f88809442fc616c1ce425b6c8cf6d8f7493b33ff6a809003a845ec16	2	2	AAAAAQAAAAEAAAACAAAAAAAAAABi/B0L0JGythwN1lY0aypo19NHxvLCyO5tBEcCVvwF9w3gtrOnY/84AAAAAAAAAAIAAAAAAAAAAAAAAAAAAAAAAQAAAAAAAAAAAAAAAAAAAA==
5c71f1b198a9be6b1c7e36737bb3e32c7f258530573bc11f20827d0913ba1433	2	3	AAAAAQAAAAEAAAACAAAAAAAAAABi/B0L0JGythwN1lY0aypo19NHxvLCyO5tBEcCVvwF9w3gtrOnY/7UAAAAAAAAAAMAAAAAAAAAAAAAAAAAAAAAAQAAAAAAAAAAAAAAAAAAAA==
06445dc688fc2e583567e4a4940440d87cf4877a57af306ece7c64f1f061def4	2	4	AAAAAQAAAAEAAAACAAAAAAAAAABi/B0L0JGythwN1lY0aypo19NHxvLCyO5tBEcCVvwF9w3gtrOnY/5wAAAAAAAAAAQAAAAAAAAAAAAAAAAAAAAAAQAAAAAAAAAAAAAAAAAAAA==
cdb0ce2cef61c5cab6566c1c65c5bc632f943b2bd43cfdd80984a66994cb7484	3	1	AAAAAQAAAAEAAAADAAAAAAAAAAAIOaePeQtbdvXUvrpcJDtgy/YaMzvtRSZ0DfNUROn2dAAAAAJUC+OcAAAAAgAAAAEAAAAAAAAAAAAAAAAAAAAAAQAAAAAAAAAAAAAAAAAAAA==
563ab1cf87e65377e015813499a6027081e63177a9ef35a0c5e0c0c2a5a918f7	3	2	AAAAAQAAAAEAAAADAAAAAAAAAAAjIqW3Sg7vUXQKtjDhVZIyT8hf1Lo8BEenxqXrVLqqPwAAAAJUC+OcAAAAAgAAAAEAAAAAAAAAAAAAAAAAAAAAAQAAAAAAAAAAAAAAAAAAAA==
d76450086b21a849e31a168577a9c112a913c3317a3f0c1a80c6cb43e16cf348	3	3	AAAAAQAAAAEAAAADAAAAAAAAAAA00XMuuy66wBCHUQUm/Ps29QYV03tK9zx11wTsSmBBpwAAAAJUC+OcAAAAAgAAAAEAAAAAAAAAAAAAAAAAAAAAAQAAAAAAAAAAAAAAAAAAAA==
ffe9db595b5e8be4d54b738e78652704dd96ad8729bc6b6adc17c300162f2c98	3	4	AAAAAQAAAAEAAAADAAAAAAAAAAA00XMuuy66wBCHUQUm/Ps29QYV03tK9zx11wTsSmBBpwAAAAJUC+M4AAAAAgAAAAIAAAAAAAAAAAAAAAAAAAAAAQAAAAAAAAAAAAAAAAAAAA==
1a1dc052649f98314a12a17911d3868523d7806887d49a52749221b17cd713ce	3	5	AAAAAQAAAAEAAAADAAAAAAAAAAA00XMuuy66wBCHUQUm/Ps29QYV03tK9zx11wTsSmBBpwAAAAJUC+LUAAAAAgAAAAMAAAAAAAAAAAAAAAAAAAAAAQAAAAAAAAAAAAAAAAAAAA==
6bfdfd3aeff0f617532caf59ee28fe60b7c20ffa6574e08beecda9a890d8f2b2	3	6	AAAAAQAAAAEAAAADAAAAAAAAAAA00XMuuy66wBCHUQUm/Ps29QYV03tK9zx11wTsSmBBpwAAAAJUC+JwAAAAAgAAAAQAAAAAAAAAAAAAAAAAAAAAAQAAAAAAAAAAAAAAAAAAAA==
b48686858ee595141fb7d5d9999d5d40b78cacc4e27092e48824c8a0ac01370e	3	7	AAAAAQAAAAEAAAADAAAAAAAAAAA00XMuuy66wBCHUQUm/Ps29QYV03tK9zx11wTsSmBBpwAAAAJUC+IMAAAAAgAAAAUAAAAAAAAAAAAAAAAAAAAAAQAAAAAAAAAAAAAAAAAAAA==
e6315711266014d425b16b339bba063ad1b8d8823b5dfb8cd3399644754be459	3	8	AAAAAQAAAAEAAAADAAAAAAAAAAA00XMuuy66wBCHUQUm/Ps29QYV03tK9zx11wTsSmBBpwAAAAJUC+GoAAAAAgAAAAYAAAAAAAAAAAAAAAAAAAAAAQAAAAAAAAAAAAAAAAAAAA==
344a58add4f45245924cef37386866e0fd10f38f797615551c59fc0b5521e517	3	9	AAAAAQAAAAEAAAADAAAAAAAAAAA00XMuuy66wBCHUQUm/Ps29QYV03tK9zx11wTsSmBBpwAAAAJUC+FEAAAAAgAAAAcAAAAAAAAAAAAAAAAAAAAAAQAAAAAAAAAAAAAAAAAAAA==
254f4bd646c27c730501f50bf5c9543b3510c10f8b39152b74a75cd78ec5aa7a	3	10	AAAAAQAAAAEAAAADAAAAAAAAAAA00XMuuy66wBCHUQUm/Ps29QYV03tK9zx11wTsSmBBpwAAAAJUC+DgAAAAAgAAAAgAAAAAAAAAAAAAAAAAAAAAAQAAAAAAAAAAAAAAAAAAAA==
a3fc459ac9baa9c327254ae6eb182fb60dd597ac3761159393de1564f59efa77	4	1	AAAAAQAAAAEAAAAEAAAAAAAAAADkEUHb4ezzUNCT9wCUl6zlHT7c9RBpnrY1kmgo+wFaewAAAAJUC+OcAAAAAgAAAAEAAAAAAAAAAAAAAAAAAAAAAQAAAAAAAAAAAAAAAAAAAA==
9dc1746a8a1fae0abf8756d189c3d421bb5b5a0d5c0f8a3834da6d6aae8311c7	4	2	AAAAAQAAAAEAAAAEAAAAAAAAAADkEUHb4ezzUNCT9wCUl6zlHT7c9RBpnrY1kmgo+wFaewAAAAJUC+M4AAAAAgAAAAIAAAAAAAAAAAAAAAAAAAAAAQAAAAAAAAAAAAAAAAAAAA==
335970f27c1141c865b9a77189ffe71591d13c49c8d62d57239228562bc43cf2	4	3	AAAAAQAAAAEAAAAEAAAAAAAAAADkEUHb4ezzUNCT9wCUl6zlHT7c9RBpnrY1kmgo+wFaewAAAAJUC+LUAAAAAgAAAAMAAAAAAAAAAAAAAAAAAAAAAQAAAAAAAAAAAAAAAAAAAA==
63fd31091c6a3333a8ee23297c255e1d899a275519c48defd3ce0708a904c12b	4	4	AAAAAQAAAAEAAAAEAAAAAAAAAADkEUHb4ezzUNCT9wCUl6zlHT7c9RBpnrY1kmgo+wFaewAAAAJUC+JwAAAAAgAAAAQAAAAAAAAAAAAAAAAAAAAAAQAAAAAAAAAAAAAAAAAAAA==
9b28e1c8e857b0efd958c70c36d777f36e053d4f0d2073d3276c18cfc85f9249	4	5	AAAAAQAAAAEAAAAEAAAAAAAAAADkEUHb4ezzUNCT9wCUl6zlHT7c9RBpnrY1kmgo+wFaewAAAAJUC+IMAAAAAgAAAAUAAAAAAAAAAAAAAAAAAAAAAQAAAAAAAAAAAAAAAAAAAA==
8208aa13fc4d71b7ae079072b3a3af1bfd8806ba6fd354d3fcbd127b7c0fe232	4	6	AAAAAQAAAAEAAAAEAAAAAAAAAADkEUHb4ezzUNCT9wCUl6zlHT7c9RBpnrY1kmgo+wFaewAAAAJUC+GoAAAAAgAAAAYAAAAAAAAAAAAAAAAAAAAAAQAAAAAAAAAAAAAAAAAAAA==
7c663b4fe86794c57b4f3d718b5048be1aa1e084e52f3468dd470829a057cfeb	4	7	AAAAAQAAAAEAAAAEAAAAAAAAAADkEUHb4ezzUNCT9wCUl6zlHT7c9RBpnrY1kmgo+wFaewAAAAJUC+FEAAAAAgAAAAcAAAAAAAAAAAAAAAAAAAAAAQAAAAAAAAAAAAAAAAAAAA==
57d54e294ca2d6206226a8950976bbec3852a05f977c895b68510e329ed1cf9b	4	8	AAAAAQAAAAEAAAAEAAAAAAAAAADkEUHb4ezzUNCT9wCUl6zlHT7c9RBpnrY1kmgo+wFaewAAAAJUC+DgAAAAAgAAAAgAAAAAAAAAAAAAAAAAAAAAAQAAAAAAAAAAAAAAAAAAAA==
b5e88105a360ca97acb39a2636f7cf5cdf7a901acd0d4be9c8091ba227e0452c	5	1	AAAAAQAAAAEAAAAFAAAAAAAAAADkEUHb4ezzUNCT9wCUl6zlHT7c9RBpnrY1kmgo+wFaewAAAAJUC+B8AAAAAgAAAAkAAAAAAAAAAAAAAAAAAAAAAQAAAAAAAAAAAAAAAAAAAA==
a11c4e1aada500470b2f9519a3797f6cfb70f8a776869fbf4b4b516b4d2e8133	5	2	AAAAAQAAAAEAAAAFAAAAAAAAAAA00XMuuy66wBCHUQUm/Ps29QYV03tK9zx11wTsSmBBpwAAAAJUC+B8AAAAAgAAAAkAAAAIAAAAAAAAAAAAAAAAAQAAAAAAAAAAAAAAAAAAAA==
fac63542d996fcba0e6bcb723ca94b5a3b415b36e4eeac64c881dfd61d478fe7	5	3	AAAAAQAAAAEAAAAFAAAAAAAAAADkEUHb4ezzUNCT9wCUl6zlHT7c9RBpnrY1kmgo+wFaewAAAAJUC+AYAAAAAgAAAAoAAAAAAAAAAAAAAAAAAAAAAQAAAAAAAAAAAAAAAAAAAA==
4781659c29cabdfdc55dd8d007ddd1540f6fb45f3b4ce648e45c32257e47c4a6	5	4	AAAAAQAAAAEAAAAFAAAAAAAAAAA00XMuuy66wBCHUQUm/Ps29QYV03tK9zx11wTsSmBBpwAAAAJUC+AYAAAAAgAAAAoAAAAIAAAAAAAAAAAAAAAAAQAAAAAAAAAAAAAAAAAAAA==
8915d7a8cc6be26c19195a736b535d5d7bba506f267267449787240bae9c1c80	5	5	AAAAAQAAAAEAAAAFAAAAAAAAAAA00XMuuy66wBCHUQUm/Ps29QYV03tK9zx11wTsSmBBpwAAAAJUC9+0AAAAAgAAAAsAAAAIAAAAAAAAAAAAAAAAAQAAAAAAAAAAAAAAAAAAAA==
b9925fafee10dce3211337718217a7a0691ca60d9f67c56d9a3ec823acd0c95e	5	6	AAAAAQAAAAEAAAAFAAAAAAAAAAA00XMuuy66wBCHUQUm/Ps29QYV03tK9zx11wTsSmBBpwAAAAJUC99QAAAAAgAAAAwAAAAIAAAAAAAAAAAAAAAAAQAAAAAAAAAAAAAAAAAAAA==
a89dc0b7e9e01af735994cb66cf775bfd37fb0e61225254294c00627f2cfe91a	5	7	AAAAAQAAAAEAAAAFAAAAAAAAAAA00XMuuy66wBCHUQUm/Ps29QYV03tK9zx11wTsSmBBpwAAAAJUC97sAAAAAgAAAA0AAAAIAAAAAAAAAAAAAAAAAQAAAAAAAAAAAAAAAAAAAA==
c92bb5f0ce6cbf74949af7b6404e0aae1839dcb174ca07b86b0690386b488e30	5	8	AAAAAQAAAAEAAAAFAAAAAAAAAAA00XMuuy66wBCHUQUm/Ps29QYV03tK9zx11wTsSmBBpwAAAAJUC96IAAAAAgAAAA4AAAAIAAAAAAAAAAAAAAAAAQAAAAAAAAAAAAAAAAAAAA==
8af50985527a5383992cef73235c1f9a650aa613984936afd47b72bf0b23d07a	5	9	AAAAAQAAAAEAAAAFAAAAAAAAAAA00XMuuy66wBCHUQUm/Ps29QYV03tK9zx11wTsSmBBpwAAAAJUC94kAAAAAgAAAA8AAAAIAAAAAAAAAAAAAAAAAQAAAAAAAAAAAAAAAAAAAA==
487644504432e9323eace0dd116cbb3218f2801391a91b2646cb67d797897abf	5	10	AAAAAQAAAAEAAAAFAAAAAAAAAAA00XMuuy66wBCHUQUm/Ps29QYV03tK9zx11wTsSmBBpwAAAAJUC93AAAAAAgAAABAAAAAIAAAAAAAAAAAAAAAAAQAAAAAAAAAAAAAAAAAAAA==
a34de60105499cdc69a3020fc67fa40229cd2fba20efa64e7e3530e6dcb5a4f4	5	11	AAAAAQAAAAEAAAAFAAAAAAAAAAA00XMuuy66wBCHUQUm/Ps29QYV03tK9zx11wTsSmBBpwAAAAJUC91cAAAAAgAAABEAAAAIAAAAAAAAAAAAAAAAAQAAAAAAAAAAAAAAAAAAAA==
94e908960415a58313962f8319cc695922cf0a45b56b3b6be9b81778134b9b81	5	12	AAAAAQAAAAEAAAAFAAAAAAAAAAA00XMuuy66wBCHUQUm/Ps29QYV03tK9zx11wTsSmBBpwAAAAJUC9z4AAAAAgAAABIAAAAIAAAAAAAAAAAAAAAAAQAAAAAAAAAAAAAAAAAAAA==
\.


--
-- Data for Name: txhistory; Type: TABLE DATA; Schema: public; Owner: -
--

COPY txhistory (txid, ledgerseq, txindex, txbody, txresult, txmeta) FROM stdin;
9ff6b71bba6b24c8afc6ca53b12702566d40e9c8abf9b8439e9a3b08300e4188	2	1	AAAAAGL8HQvQkbK2HA3WVjRrKmjX00fG8sLI7m0ERwJW/AX3AAAAZAAAAAAAAAABAAAAAAAAAAAAAAABAAAAAAAAAAAAAAAA5BFB2+Hs81DQk/cAlJes5R0+3PUQaZ62NZJoKPsBWnsAAAACVAvkAAAAAAAAAAABVvwF9wAAAEC96/+BcbMflvMQfFAQTbAKGu+6BR1M6SG/KVzTJSlIY8ovSVywuthk9dOW9jm23siTiIZE0IAl84wK83gnAcEK	n/a3G7prJMivxspTsScCVm1A6cir+bhDnpo7CDAOQYgAAAAAAAAAZAAAAAAAAAABAAAAAAAAAAAAAAAAAAAAAA==	AAAAAAAAAAEAAAACAAAAAAAAAAIAAAAAAAAAAOQRQdvh7PNQ0JP3AJSXrOUdPtz1EGmetjWSaCj7AVp7AAAAAlQL5AAAAAACAAAAAAAAAAAAAAAAAAAAAAAAAAABAAAAAAAAAAAAAAAAAAAAAAAAAQAAAAIAAAAAAAAAAGL8HQvQkbK2HA3WVjRrKmjX00fG8sLI7m0ERwJW/AX3DeC2sVNYGnAAAAAAAAAABAAAAAAAAAAAAAAAAAAAAAABAAAAAAAAAAAAAAAAAAAA
afc983f7f88809442fc616c1ce425b6c8cf6d8f7493b33ff6a809003a845ec16	2	2	AAAAAGL8HQvQkbK2HA3WVjRrKmjX00fG8sLI7m0ERwJW/AX3AAAAZAAAAAAAAAACAAAAAAAAAAAAAAABAAAAAAAAAAAAAAAAIyKlt0oO71F0CrYw4VWSMk/IX9S6PARHp8al61S6qj8AAAACVAvkAAAAAAAAAAABVvwF9wAAAECXh9/+55FmQjeMx9IMQfBn42fYY1fKAT/gb+e7P3jdSMCKiKhwoxj1bub733a2XuxPETpe79uzatzm8/KI0asI	r8mD9/iICUQvxhbBzkJbbIz22PdJOzP/aoCQA6hF7BYAAAAAAAAAZAAAAAAAAAABAAAAAAAAAAAAAAAAAAAAAA==	AAAAAAAAAAEAAAACAAAAAAAAAAIAAAAAAAAAACMipbdKDu9RdAq2MOFVkjJPyF/UujwER6fGpetUuqo/AAAAAlQL5AAAAAACAAAAAAAAAAAAAAAAAAAAAAAAAAABAAAAAAAAAAAAAAAAAAAAAAAAAQAAAAIAAAAAAAAAAGL8HQvQkbK2HA3WVjRrKmjX00fG8sLI7m0ERwJW/AX3DeC2rv9MNnAAAAAAAAAABAAAAAAAAAAAAAAAAAAAAAABAAAAAAAAAAAAAAAAAAAA
5c71f1b198a9be6b1c7e36737bb3e32c7f258530573bc11f20827d0913ba1433	2	3	AAAAAGL8HQvQkbK2HA3WVjRrKmjX00fG8sLI7m0ERwJW/AX3AAAAZAAAAAAAAAADAAAAAAAAAAAAAAABAAAAAAAAAAAAAAAACDmnj3kLW3b11L66XCQ7YMv2GjM77UUmdA3zVETp9nQAAAACVAvkAAAAAAAAAAABVvwF9wAAAEBdnUBKCV3HlHOqp5iNLsP8auaNCvxDeBp+0C+lwPYUNrzRALQRDJDWuKfExmsRrEnW8LKJbMdeW9ilLaEc2lAO	XHHxsZipvmscfjZze7PjLH8lhTBXO8EfIIJ9CRO6FDMAAAAAAAAAZAAAAAAAAAABAAAAAAAAAAAAAAAAAAAAAA==	AAAAAAAAAAEAAAACAAAAAAAAAAIAAAAAAAAAAAg5p495C1t29dS+ulwkO2DL9hozO+1FJnQN81RE6fZ0AAAAAlQL5AAAAAACAAAAAAAAAAAAAAAAAAAAAAAAAAABAAAAAAAAAAAAAAAAAAAAAAAAAQAAAAIAAAAAAAAAAGL8HQvQkbK2HA3WVjRrKmjX00fG8sLI7m0ERwJW/AX3DeC2rKtAUnAAAAAAAAAABAAAAAAAAAAAAAAAAAAAAAABAAAAAAAAAAAAAAAAAAAA
06445dc688fc2e583567e4a4940440d87cf4877a57af306ece7c64f1f061def4	2	4	AAAAAGL8HQvQkbK2HA3WVjRrKmjX00fG8sLI7m0ERwJW/AX3AAAAZAAAAAAAAAAEAAAAAAAAAAAAAAABAAAAAAAAAAAAAAAANNFzLrsuusAQh1EFJvz7NvUGFdN7Svc8ddcE7EpgQacAAAACVAvkAAAAAAAAAAABVvwF9wAAAEAfH3XJo+xZ8adtaA2PZZ3T0kM57CXfxGl+JItnC6nP9LziLQMKgl1EEhuiPqfjn14KK5WfEv0E0op5BJFAkd8O	BkRdxoj8Llg1Z+SklARA2Hz0h3pXrzBuznxk8fBh3vQAAAAAAAAAZAAAAAAAAAABAAAAAAAAAAAAAAAAAAAAAA==	AAAAAAAAAAEAAAACAAAAAAAAAAIAAAAAAAAAADTRcy67LrrAEIdRBSb8+zb1BhXTe0r3PHXXBOxKYEGnAAAAAlQL5AAAAAACAAAAAAAAAAAAAAAAAAAAAAAAAAABAAAAAAAAAAAAAAAAAAAAAAAAAQAAAAIAAAAAAAAAAGL8HQvQkbK2HA3WVjRrKmjX00fG8sLI7m0ERwJW/AX3DeC2qlc0bnAAAAAAAAAABAAAAAAAAAAAAAAAAAAAAAABAAAAAAAAAAAAAAAAAAAA
cdb0ce2cef61c5cab6566c1c65c5bc632f943b2bd43cfdd80984a66994cb7484	3	1	AAAAAAg5p495C1t29dS+ulwkO2DL9hozO+1FJnQN81RE6fZ0AAAAZAAAAAIAAAABAAAAAAAAAAAAAAABAAAAAAAAAAYAAAABRVVSAAAAAADkEUHb4ezzUNCT9wCUl6zlHT7c9RBpnrY1kmgo+wFae3//////////AAAAAAAAAAFE6fZ0AAAAQNSm/BIxP9LwabXoBKigrTG85o/PUp6VOWh/ne6mMaT5hvehDUvbRHQghJ/SZTDfjD+FPPjbe3nzcJEun1EX4g0=	zbDOLO9hxcq2VmwcZcW8Yy+UOyvUPP3YCYSmaZTLdIQAAAAAAAAAZAAAAAAAAAABAAAAAAAAAAYAAAAAAAAAAA==	AAAAAAAAAAEAAAACAAAAAAAAAAMAAAABAAAAAAg5p495C1t29dS+ulwkO2DL9hozO+1FJnQN81RE6fZ0AAAAAUVVUgAAAAAA5BFB2+Hs81DQk/cAlJes5R0+3PUQaZ62NZJoKPsBWnsAAAAAAAAAAH//////////AAAAAQAAAAAAAAAAAAAAAQAAAAMAAAAAAAAAAAg5p495C1t29dS+ulwkO2DL9hozO+1FJnQN81RE6fZ0AAAAAlQL45wAAAACAAAAAQAAAAEAAAAAAAAAAAAAAAABAAAAAAAAAAAAAAAAAAAA
563ab1cf87e65377e015813499a6027081e63177a9ef35a0c5e0c0c2a5a918f7	3	2	AAAAACMipbdKDu9RdAq2MOFVkjJPyF/UujwER6fGpetUuqo/AAAAZAAAAAIAAAABAAAAAAAAAAAAAAABAAAAAAAAAAYAAAABVVNEAAAAAADkEUHb4ezzUNCT9wCUl6zlHT7c9RBpnrY1kmgo+wFae3//////////AAAAAAAAAAFUuqo/AAAAQKblh64EFK4tp2+xohOkNaSdfMFDId/y4nop7dVmZRsbe4f/eVCpUrKQCRWLJ4bXzMpPTOTsjHRIxOa8WekP+ww=	Vjqxz4fmU3fgFYE0maYCcIHmMXep7zWgxeDAwqWpGPcAAAAAAAAAZAAAAAAAAAABAAAAAAAAAAYAAAAAAAAAAA==	AAAAAAAAAAEAAAACAAAAAAAAAAMAAAABAAAAACMipbdKDu9RdAq2MOFVkjJPyF/UujwER6fGpetUuqo/AAAAAVVTRAAAAAAA5BFB2+Hs81DQk/cAlJes5R0+3PUQaZ62NZJoKPsBWnsAAAAAAAAAAH//////////AAAAAQAAAAAAAAAAAAAAAQAAAAMAAAAAAAAAACMipbdKDu9RdAq2MOFVkjJPyF/UujwER6fGpetUuqo/AAAAAlQL45wAAAACAAAAAQAAAAEAAAAAAAAAAAAAAAABAAAAAAAAAAAAAAAAAAAA
d76450086b21a849e31a168577a9c112a913c3317a3f0c1a80c6cb43e16cf348	3	3	AAAAADTRcy67LrrAEIdRBSb8+zb1BhXTe0r3PHXXBOxKYEGnAAAAZAAAAAIAAAABAAAAAAAAAAAAAAABAAAAAAAAAAYAAAABVVNEAAAAAADkEUHb4ezzUNCT9wCUl6zlHT7c9RBpnrY1kmgo+wFae3//////////AAAAAAAAAAFKYEGnAAAAQC0FIi0RCGDQ0EuuBT5Kg2XxzHxLXRrCxYGj+hY7/sB2Y+JtWyWRjlq3DYL4ajSFE8Na1KKm42oM/gjZUx+1PQU=	12RQCGshqEnjGhaFd6nBEqkTwzF6PwwagMbLQ+Fs80gAAAAAAAAAZAAAAAAAAAABAAAAAAAAAAYAAAAAAAAAAA==	AAAAAAAAAAEAAAACAAAAAAAAAAMAAAABAAAAADTRcy67LrrAEIdRBSb8+zb1BhXTe0r3PHXXBOxKYEGnAAAAAVVTRAAAAAAA5BFB2+Hs81DQk/cAlJes5R0+3PUQaZ62NZJoKPsBWnsAAAAAAAAAAH//////////AAAAAQAAAAAAAAAAAAAAAQAAAAMAAAAAAAAAADTRcy67LrrAEIdRBSb8+zb1BhXTe0r3PHXXBOxKYEGnAAAAAlQL4OAAAAACAAAACAAAAAEAAAAAAAAAAAAAAAABAAAAAAAAAAAAAAAAAAAA
ffe9db595b5e8be4d54b738e78652704dd96ad8729bc6b6adc17c300162f2c98	3	4	AAAAADTRcy67LrrAEIdRBSb8+zb1BhXTe0r3PHXXBOxKYEGnAAAAZAAAAAIAAAACAAAAAAAAAAAAAAABAAAAAAAAAAYAAAABRVVSAAAAAADkEUHb4ezzUNCT9wCUl6zlHT7c9RBpnrY1kmgo+wFae3//////////AAAAAAAAAAFKYEGnAAAAQNdoCZqF5REF4OZCu65uUph5WUYmUKAcNCwgaJe4Mbakx92kViEe9kaJ13EhVOP7U+yjno/L1v1wpTaTa7YDiAc=	/+nbWVtei+TVS3OOeGUnBN2WrYcpvGtq3BfDABYvLJgAAAAAAAAAZAAAAAAAAAABAAAAAAAAAAYAAAAAAAAAAA==	AAAAAAAAAAEAAAACAAAAAAAAAAMAAAABAAAAADTRcy67LrrAEIdRBSb8+zb1BhXTe0r3PHXXBOxKYEGnAAAAAUVVUgAAAAAA5BFB2+Hs81DQk/cAlJes5R0+3PUQaZ62NZJoKPsBWnsAAAAAAAAAAH//////////AAAAAQAAAAAAAAAAAAAAAQAAAAMAAAAAAAAAADTRcy67LrrAEIdRBSb8+zb1BhXTe0r3PHXXBOxKYEGnAAAAAlQL4OAAAAACAAAACAAAAAIAAAAAAAAAAAAAAAABAAAAAAAAAAAAAAAAAAAA
1a1dc052649f98314a12a17911d3868523d7806887d49a52749221b17cd713ce	3	5	AAAAADTRcy67LrrAEIdRBSb8+zb1BhXTe0r3PHXXBOxKYEGnAAAAZAAAAAIAAAADAAAAAAAAAAAAAAABAAAAAAAAAAYAAAABMQAAAAAAAADkEUHb4ezzUNCT9wCUl6zlHT7c9RBpnrY1kmgo+wFae3//////////AAAAAAAAAAFKYEGnAAAAQMXWsXqylJxEXU0J+7PHlS/xBkw6/LXU23Q3sv7ew9z8KZZJbFEqDgrh340V57e/Xo1CIOdcRWHYpSZ0YZf5jg0=	Gh3AUmSfmDFKEqF5EdOGhSPXgGiH1JpSdJIhsXzXE84AAAAAAAAAZAAAAAAAAAABAAAAAAAAAAYAAAAAAAAAAA==	AAAAAAAAAAEAAAACAAAAAAAAAAMAAAABAAAAADTRcy67LrrAEIdRBSb8+zb1BhXTe0r3PHXXBOxKYEGnAAAAATEAAAAAAAAA5BFB2+Hs81DQk/cAlJes5R0+3PUQaZ62NZJoKPsBWnsAAAAAAAAAAH//////////AAAAAQAAAAAAAAAAAAAAAQAAAAMAAAAAAAAAADTRcy67LrrAEIdRBSb8+zb1BhXTe0r3PHXXBOxKYEGnAAAAAlQL4OAAAAACAAAACAAAAAMAAAAAAAAAAAAAAAABAAAAAAAAAAAAAAAAAAAA
6bfdfd3aeff0f617532caf59ee28fe60b7c20ffa6574e08beecda9a890d8f2b2	3	6	AAAAADTRcy67LrrAEIdRBSb8+zb1BhXTe0r3PHXXBOxKYEGnAAAAZAAAAAIAAAAEAAAAAAAAAAAAAAABAAAAAAAAAAYAAAABMjEAAAAAAADkEUHb4ezzUNCT9wCUl6zlHT7c9RBpnrY1kmgo+wFae3//////////AAAAAAAAAAFKYEGnAAAAQI7tUQkz1Dedybs2Y9fYkjeZMkPxYJyQ21NNYmdl4rV3nI+pu3ymAiPtqrLWk21sXWSh8//1rx4sXH0aG+faQQ0=	a/39Ou/w9hdTLK9Z7ij+YLfCD/pldOCL7s2pqJDY8rIAAAAAAAAAZAAAAAAAAAABAAAAAAAAAAYAAAAAAAAAAA==	AAAAAAAAAAEAAAACAAAAAAAAAAMAAAABAAAAADTRcy67LrrAEIdRBSb8+zb1BhXTe0r3PHXXBOxKYEGnAAAAATIxAAAAAAAA5BFB2+Hs81DQk/cAlJes5R0+3PUQaZ62NZJoKPsBWnsAAAAAAAAAAH//////////AAAAAQAAAAAAAAAAAAAAAQAAAAMAAAAAAAAAADTRcy67LrrAEIdRBSb8+zb1BhXTe0r3PHXXBOxKYEGnAAAAAlQL4OAAAAACAAAACAAAAAQAAAAAAAAAAAAAAAABAAAAAAAAAAAAAAAAAAAA
b48686858ee595141fb7d5d9999d5d40b78cacc4e27092e48824c8a0ac01370e	3	7	AAAAADTRcy67LrrAEIdRBSb8+zb1BhXTe0r3PHXXBOxKYEGnAAAAZAAAAAIAAAAFAAAAAAAAAAAAAAABAAAAAAAAAAYAAAABMjIAAAAAAADkEUHb4ezzUNCT9wCUl6zlHT7c9RBpnrY1kmgo+wFae3//////////AAAAAAAAAAFKYEGnAAAAQKacYiD/dSVGNuCAcHUal15ITf0UzHebfNWNudVk5DPvnxFMOqXBkxAVOyVqqXKslFAtco/hI9WNB5yaf2i8eQU=	tIaGhY7llRQft9XZmZ1dQLeMrMTicJLkiCTIoKwBNw4AAAAAAAAAZAAAAAAAAAABAAAAAAAAAAYAAAAAAAAAAA==	AAAAAAAAAAEAAAACAAAAAAAAAAMAAAABAAAAADTRcy67LrrAEIdRBSb8+zb1BhXTe0r3PHXXBOxKYEGnAAAAATIyAAAAAAAA5BFB2+Hs81DQk/cAlJes5R0+3PUQaZ62NZJoKPsBWnsAAAAAAAAAAH//////////AAAAAQAAAAAAAAAAAAAAAQAAAAMAAAAAAAAAADTRcy67LrrAEIdRBSb8+zb1BhXTe0r3PHXXBOxKYEGnAAAAAlQL4OAAAAACAAAACAAAAAUAAAAAAAAAAAAAAAABAAAAAAAAAAAAAAAAAAAA
e6315711266014d425b16b339bba063ad1b8d8823b5dfb8cd3399644754be459	3	8	AAAAADTRcy67LrrAEIdRBSb8+zb1BhXTe0r3PHXXBOxKYEGnAAAAZAAAAAIAAAAGAAAAAAAAAAAAAAABAAAAAAAAAAYAAAABMzEAAAAAAADkEUHb4ezzUNCT9wCUl6zlHT7c9RBpnrY1kmgo+wFae3//////////AAAAAAAAAAFKYEGnAAAAQI84TOk9J4ISBmnHAPy5KLkGnho/BjBWrZuYFB9I/6Z6QI9B25/mQw0EUOxBoX6X9q74a48TpIrf6n9LgonC8ws=	5jFXESZgFNQlsWszm7oGOtG42II7XfuM0zmWRHVL5FkAAAAAAAAAZAAAAAAAAAABAAAAAAAAAAYAAAAAAAAAAA==	AAAAAAAAAAEAAAACAAAAAAAAAAMAAAABAAAAADTRcy67LrrAEIdRBSb8+zb1BhXTe0r3PHXXBOxKYEGnAAAAATMxAAAAAAAA5BFB2+Hs81DQk/cAlJes5R0+3PUQaZ62NZJoKPsBWnsAAAAAAAAAAH//////////AAAAAQAAAAAAAAAAAAAAAQAAAAMAAAAAAAAAADTRcy67LrrAEIdRBSb8+zb1BhXTe0r3PHXXBOxKYEGnAAAAAlQL4OAAAAACAAAACAAAAAYAAAAAAAAAAAAAAAABAAAAAAAAAAAAAAAAAAAA
344a58add4f45245924cef37386866e0fd10f38f797615551c59fc0b5521e517	3	9	AAAAADTRcy67LrrAEIdRBSb8+zb1BhXTe0r3PHXXBOxKYEGnAAAAZAAAAAIAAAAHAAAAAAAAAAAAAAABAAAAAAAAAAYAAAABMzIAAAAAAADkEUHb4ezzUNCT9wCUl6zlHT7c9RBpnrY1kmgo+wFae3//////////AAAAAAAAAAFKYEGnAAAAQIYa/VDKchzI2ce0Hi7EZejOglDpZLsh3oLRGRkitrOM6zm9hJSZEfPZGPY/9+b14+fNnAyiHXGuVJK2ybiTJgU=	NEpYrdT0UkWSTO83OGhm4P0Q8495dhVVHFn8C1Uh5RcAAAAAAAAAZAAAAAAAAAABAAAAAAAAAAYAAAAAAAAAAA==	AAAAAAAAAAEAAAACAAAAAAAAAAMAAAABAAAAADTRcy67LrrAEIdRBSb8+zb1BhXTe0r3PHXXBOxKYEGnAAAAATMyAAAAAAAA5BFB2+Hs81DQk/cAlJes5R0+3PUQaZ62NZJoKPsBWnsAAAAAAAAAAH//////////AAAAAQAAAAAAAAAAAAAAAQAAAAMAAAAAAAAAADTRcy67LrrAEIdRBSb8+zb1BhXTe0r3PHXXBOxKYEGnAAAAAlQL4OAAAAACAAAACAAAAAcAAAAAAAAAAAAAAAABAAAAAAAAAAAAAAAAAAAA
254f4bd646c27c730501f50bf5c9543b3510c10f8b39152b74a75cd78ec5aa7a	3	10	AAAAADTRcy67LrrAEIdRBSb8+zb1BhXTe0r3PHXXBOxKYEGnAAAAZAAAAAIAAAAIAAAAAAAAAAAAAAABAAAAAAAAAAYAAAABMzMAAAAAAADkEUHb4ezzUNCT9wCUl6zlHT7c9RBpnrY1kmgo+wFae3//////////AAAAAAAAAAFKYEGnAAAAQKAZjNrWsdz1Pve6US/r4vC01x+rDl62xDI2NxieKesGxMS+yIs4Rn39O6iWlApGqGJ5LlC7QRidIVWIaF8V6gA=	JU9L1kbCfHMFAfUL9clUOzUQwQ+LORUrdKdc147FqnoAAAAAAAAAZAAAAAAAAAABAAAAAAAAAAYAAAAAAAAAAA==	AAAAAAAAAAEAAAACAAAAAAAAAAMAAAABAAAAADTRcy67LrrAEIdRBSb8+zb1BhXTe0r3PHXXBOxKYEGnAAAAATMzAAAAAAAA5BFB2+Hs81DQk/cAlJes5R0+3PUQaZ62NZJoKPsBWnsAAAAAAAAAAH//////////AAAAAQAAAAAAAAAAAAAAAQAAAAMAAAAAAAAAADTRcy67LrrAEIdRBSb8+zb1BhXTe0r3PHXXBOxKYEGnAAAAAlQL4OAAAAACAAAACAAAAAgAAAAAAAAAAAAAAAABAAAAAAAAAAAAAAAAAAAA
a3fc459ac9baa9c327254ae6eb182fb60dd597ac3761159393de1564f59efa77	4	1	AAAAAOQRQdvh7PNQ0JP3AJSXrOUdPtz1EGmetjWSaCj7AVp7AAAAZAAAAAIAAAABAAAAAAAAAAAAAAABAAAAAAAAAAEAAAAAIyKlt0oO71F0CrYw4VWSMk/IX9S6PARHp8al61S6qj8AAAABVVNEAAAAAADkEUHb4ezzUNCT9wCUl6zlHT7c9RBpnrY1kmgo+wFaewAAAAukO3QAAAAAAAAAAAH7AVp7AAAAQB0rZ3swcCS/5dUtKqTdrBYxUjI6b9C0K9bdynGsnTMDO4wLsV8IOjO+ZrSBXt9FUQHlTKgHRE5ydrNL2f4eRQM=	o/xFmsm6qcMnJUrm6xgvtg3Vl6w3YRWTk94VZPWe+ncAAAAAAAAAZAAAAAAAAAABAAAAAAAAAAEAAAAAAAAAAA==	AAAAAAAAAAEAAAABAAAAAQAAAAQAAAABAAAAACMipbdKDu9RdAq2MOFVkjJPyF/UujwER6fGpetUuqo/AAAAAVVTRAAAAAAA5BFB2+Hs81DQk/cAlJes5R0+3PUQaZ62NZJoKPsBWnsAAAALpDt0AH//////////AAAAAQAAAAAAAAAA
9dc1746a8a1fae0abf8756d189c3d421bb5b5a0d5c0f8a3834da6d6aae8311c7	4	2	AAAAAOQRQdvh7PNQ0JP3AJSXrOUdPtz1EGmetjWSaCj7AVp7AAAAZAAAAAIAAAACAAAAAAAAAAAAAAABAAAAAAAAAAEAAAAANNFzLrsuusAQh1EFJvz7NvUGFdN7Svc8ddcE7EpgQacAAAABRVVSAAAAAADkEUHb4ezzUNCT9wCUl6zlHT7c9RBpnrY1kmgo+wFaewAAAAukO3QAAAAAAAAAAAH7AVp7AAAAQC5RCYrBzLMJMo9N+MYClr/hpgXNaLNAOBtG59qk+qyavtT5Euhsa+X+ukdhYkJrWJ+Hh4ngX/1WO1SpE8q/Bws=	ncF0aoofrgq/h1bRicPUIbtbWg1cD4o4NNptaq6DEccAAAAAAAAAZAAAAAAAAAABAAAAAAAAAAEAAAAAAAAAAA==	AAAAAAAAAAEAAAABAAAAAQAAAAQAAAABAAAAADTRcy67LrrAEIdRBSb8+zb1BhXTe0r3PHXXBOxKYEGnAAAAAUVVUgAAAAAA5BFB2+Hs81DQk/cAlJes5R0+3PUQaZ62NZJoKPsBWnsAAAALpDt0AH//////////AAAAAQAAAAAAAAAA
335970f27c1141c865b9a77189ffe71591d13c49c8d62d57239228562bc43cf2	4	3	AAAAAOQRQdvh7PNQ0JP3AJSXrOUdPtz1EGmetjWSaCj7AVp7AAAAZAAAAAIAAAADAAAAAAAAAAAAAAABAAAAAAAAAAEAAAAANNFzLrsuusAQh1EFJvz7NvUGFdN7Svc8ddcE7EpgQacAAAABMQAAAAAAAADkEUHb4ezzUNCT9wCUl6zlHT7c9RBpnrY1kmgo+wFaewAAAAukO3QAAAAAAAAAAAH7AVp7AAAAQJwPDiB+yuKFlFstdLMotpJlApsm34y8aJSlr1PjJEUi6fz6FucRMktKYHhJMINqUGzzm0qEwHesc6Uo1wwRygc=	M1lw8nwRQchluadxif/nFZHRPEnI1i1XI5IoVivEPPIAAAAAAAAAZAAAAAAAAAABAAAAAAAAAAEAAAAAAAAAAA==	AAAAAAAAAAEAAAABAAAAAQAAAAQAAAABAAAAADTRcy67LrrAEIdRBSb8+zb1BhXTe0r3PHXXBOxKYEGnAAAAATEAAAAAAAAA5BFB2+Hs81DQk/cAlJes5R0+3PUQaZ62NZJoKPsBWnsAAAALpDt0AH//////////AAAAAQAAAAAAAAAA
63fd31091c6a3333a8ee23297c255e1d899a275519c48defd3ce0708a904c12b	4	4	AAAAAOQRQdvh7PNQ0JP3AJSXrOUdPtz1EGmetjWSaCj7AVp7AAAAZAAAAAIAAAAEAAAAAAAAAAAAAAABAAAAAAAAAAEAAAAANNFzLrsuusAQh1EFJvz7NvUGFdN7Svc8ddcE7EpgQacAAAABMjEAAAAAAADkEUHb4ezzUNCT9wCUl6zlHT7c9RBpnrY1kmgo+wFaewAAAAukO3QAAAAAAAAAAAH7AVp7AAAAQBqkEspJ7xLLBgXnC77mo+US4DBjZsB89rAXQO3zmcyH5qEc4nf/D4DMS8R1nHf8c8staaUV3/S1dpr8AR93CQA=	Y/0xCRxqMzOo7iMpfCVeHYmaJ1UZxI3v084HCKkEwSsAAAAAAAAAZAAAAAAAAAABAAAAAAAAAAEAAAAAAAAAAA==	AAAAAAAAAAEAAAABAAAAAQAAAAQAAAABAAAAADTRcy67LrrAEIdRBSb8+zb1BhXTe0r3PHXXBOxKYEGnAAAAATIxAAAAAAAA5BFB2+Hs81DQk/cAlJes5R0+3PUQaZ62NZJoKPsBWnsAAAALpDt0AH//////////AAAAAQAAAAAAAAAA
9b28e1c8e857b0efd958c70c36d777f36e053d4f0d2073d3276c18cfc85f9249	4	5	AAAAAOQRQdvh7PNQ0JP3AJSXrOUdPtz1EGmetjWSaCj7AVp7AAAAZAAAAAIAAAAFAAAAAAAAAAAAAAABAAAAAAAAAAEAAAAANNFzLrsuusAQh1EFJvz7NvUGFdN7Svc8ddcE7EpgQacAAAABMjIAAAAAAADkEUHb4ezzUNCT9wCUl6zlHT7c9RBpnrY1kmgo+wFaewAAAAukO3QAAAAAAAAAAAH7AVp7AAAAQPtRQAtUfiEmaZWw4ux/nbuh8y8NoG8mBwPEyFcqXHD2+/LrQ5TA6OUcovIB48cu5wlE8S23KIfYK4nE1clR+gw=	myjhyOhXsO/ZWMcMNtd3824FPU8NIHPTJ2wYz8hfkkkAAAAAAAAAZAAAAAAAAAABAAAAAAAAAAEAAAAAAAAAAA==	AAAAAAAAAAEAAAABAAAAAQAAAAQAAAABAAAAADTRcy67LrrAEIdRBSb8+zb1BhXTe0r3PHXXBOxKYEGnAAAAATIyAAAAAAAA5BFB2+Hs81DQk/cAlJes5R0+3PUQaZ62NZJoKPsBWnsAAAALpDt0AH//////////AAAAAQAAAAAAAAAA
8208aa13fc4d71b7ae079072b3a3af1bfd8806ba6fd354d3fcbd127b7c0fe232	4	6	AAAAAOQRQdvh7PNQ0JP3AJSXrOUdPtz1EGmetjWSaCj7AVp7AAAAZAAAAAIAAAAGAAAAAAAAAAAAAAABAAAAAAAAAAEAAAAANNFzLrsuusAQh1EFJvz7NvUGFdN7Svc8ddcE7EpgQacAAAABMzEAAAAAAADkEUHb4ezzUNCT9wCUl6zlHT7c9RBpnrY1kmgo+wFaewAAAAukO3QAAAAAAAAAAAH7AVp7AAAAQMzLClp/m92NuPEoN1e7F87rGGHpCoXCIrw8t9cd8tC3ukKYQViHyj2F/X0Mu83o/ooo5cXpxLyn9IbZZXt+CgU=	ggiqE/xNcbeuB5Bys6OvG/2IBrpv01TT/L0Se3wP4jIAAAAAAAAAZAAAAAAAAAABAAAAAAAAAAEAAAAAAAAAAA==	AAAAAAAAAAEAAAABAAAAAQAAAAQAAAABAAAAADTRcy67LrrAEIdRBSb8+zb1BhXTe0r3PHXXBOxKYEGnAAAAATMxAAAAAAAA5BFB2+Hs81DQk/cAlJes5R0+3PUQaZ62NZJoKPsBWnsAAAALpDt0AH//////////AAAAAQAAAAAAAAAA
7c663b4fe86794c57b4f3d718b5048be1aa1e084e52f3468dd470829a057cfeb	4	7	AAAAAOQRQdvh7PNQ0JP3AJSXrOUdPtz1EGmetjWSaCj7AVp7AAAAZAAAAAIAAAAHAAAAAAAAAAAAAAABAAAAAAAAAAEAAAAANNFzLrsuusAQh1EFJvz7NvUGFdN7Svc8ddcE7EpgQacAAAABMzIAAAAAAADkEUHb4ezzUNCT9wCUl6zlHT7c9RBpnrY1kmgo+wFaewAAAAukO3QAAAAAAAAAAAH7AVp7AAAAQPYL/L7JhjheV0aToVoB98Iuwa4Z3rcSsuf4zY0ndS8v2fy1mDzGOuS4n0Fwdcdhzy77qOdmFV3kSsR75YqLawY=	fGY7T+hnlMV7Tz1xi1BIvhqh4ITlLzRo3UcIKaBXz+sAAAAAAAAAZAAAAAAAAAABAAAAAAAAAAEAAAAAAAAAAA==	AAAAAAAAAAEAAAABAAAAAQAAAAQAAAABAAAAADTRcy67LrrAEIdRBSb8+zb1BhXTe0r3PHXXBOxKYEGnAAAAATMyAAAAAAAA5BFB2+Hs81DQk/cAlJes5R0+3PUQaZ62NZJoKPsBWnsAAAALpDt0AH//////////AAAAAQAAAAAAAAAA
57d54e294ca2d6206226a8950976bbec3852a05f977c895b68510e329ed1cf9b	4	8	AAAAAOQRQdvh7PNQ0JP3AJSXrOUdPtz1EGmetjWSaCj7AVp7AAAAZAAAAAIAAAAIAAAAAAAAAAAAAAABAAAAAAAAAAEAAAAANNFzLrsuusAQh1EFJvz7NvUGFdN7Svc8ddcE7EpgQacAAAABMzMAAAAAAADkEUHb4ezzUNCT9wCUl6zlHT7c9RBpnrY1kmgo+wFaewAAAAukO3QAAAAAAAAAAAH7AVp7AAAAQDZLOY+f8aVbrWmcdsUz5KDWGikLBfYEESNyeF/4BlFppWpejMrS36byCy2yScN9zEhx5dZgVumSfp/bthUYbwM=	V9VOKUyi1iBiJqiVCXa77DhSoF+XfIlbaFEOMp7Rz5sAAAAAAAAAZAAAAAAAAAABAAAAAAAAAAEAAAAAAAAAAA==	AAAAAAAAAAEAAAABAAAAAQAAAAQAAAABAAAAADTRcy67LrrAEIdRBSb8+zb1BhXTe0r3PHXXBOxKYEGnAAAAATMzAAAAAAAA5BFB2+Hs81DQk/cAlJes5R0+3PUQaZ62NZJoKPsBWnsAAAALpDt0AH//////////AAAAAQAAAAAAAAAA
b5e88105a360ca97acb39a2636f7cf5cdf7a901acd0d4be9c8091ba227e0452c	5	1	AAAAAOQRQdvh7PNQ0JP3AJSXrOUdPtz1EGmetjWSaCj7AVp7AAAAZAAAAAIAAAAJAAAAAAAAAAAAAAABAAAAAAAAAAMAAAABRVVSAAAAAADkEUHb4ezzUNCT9wCUl6zlHT7c9RBpnrY1kmgo+wFaewAAAAFVU0QAAAAAAOQRQdvh7PNQ0JP3AJSXrOUdPtz1EGmetjWSaCj7AVp7AAAAAAX14QAAAAABAAAAAQAAAAAAAAAAAAAAAAAAAAH7AVp7AAAAQKYsEVsOUuHcbex7veV09JgjxkZyqr2FcMzTYGPS+DFi3FhbhKgQJQnhi+dGRrcbOexMx5umUBXRodtHpPVsNgE=	teiBBaNgypess5omNvfPXN96kBrNDUvpyAkboifgRSwAAAAAAAAAZAAAAAAAAAABAAAAAAAAAAMAAAAAAAAAAAAAAAAAAAAA5BFB2+Hs81DQk/cAlJes5R0+3PUQaZ62NZJoKPsBWnsAAAAAAAAAAQAAAAFFVVIAAAAAAOQRQdvh7PNQ0JP3AJSXrOUdPtz1EGmetjWSaCj7AVp7AAAAAVVTRAAAAAAA5BFB2+Hs81DQk/cAlJes5R0+3PUQaZ62NZJoKPsBWnsAAAAABfXhAAAAAAEAAAABAAAAAAAAAAAAAAAA	AAAAAAAAAAEAAAACAAAAAAAAAAUAAAACAAAAAOQRQdvh7PNQ0JP3AJSXrOUdPtz1EGmetjWSaCj7AVp7AAAAAAAAAAEAAAABRVVSAAAAAADkEUHb4ezzUNCT9wCUl6zlHT7c9RBpnrY1kmgo+wFaewAAAAFVU0QAAAAAAOQRQdvh7PNQ0JP3AJSXrOUdPtz1EGmetjWSaCj7AVp7AAAAAAX14QAAAAABAAAAAQAAAAAAAAAAAAAAAAAAAAEAAAAFAAAAAAAAAADkEUHb4ezzUNCT9wCUl6zlHT7c9RBpnrY1kmgo+wFaewAAAAJUC+AYAAAAAgAAAAoAAAABAAAAAAAAAAAAAAAAAQAAAAAAAAAAAAAAAAAAAA==
a11c4e1aada500470b2f9519a3797f6cfb70f8a776869fbf4b4b516b4d2e8133	5	2	AAAAADTRcy67LrrAEIdRBSb8+zb1BhXTe0r3PHXXBOxKYEGnAAAAZAAAAAIAAAAJAAAAAAAAAAAAAAABAAAAAAAAAAMAAAABRVVSAAAAAADkEUHb4ezzUNCT9wCUl6zlHT7c9RBpnrY1kmgo+wFaewAAAAFVU0QAAAAAAOQRQdvh7PNQ0JP3AJSXrOUdPtz1EGmetjWSaCj7AVp7AAAAAAX14QAAAAABAAAAAgAAAAAAAAAAAAAAAAAAAAFKYEGnAAAAQHYMSNjb0f+r4Z0pfzyekxkzkV3nav7I9MIPXyPdlnPT0KM5l7Rp0aFsqFXJPACzggMqTJrWxY5k+HP6eCrG+Ag=	oRxOGq2lAEcLL5UZo3l/bPtw+Kd2hp+/S0tRa00ugTMAAAAAAAAAZAAAAAAAAAABAAAAAAAAAAMAAAAAAAAAAAAAAAAAAAAANNFzLrsuusAQh1EFJvz7NvUGFdN7Svc8ddcE7EpgQacAAAAAAAAAAgAAAAFFVVIAAAAAAOQRQdvh7PNQ0JP3AJSXrOUdPtz1EGmetjWSaCj7AVp7AAAAAVVTRAAAAAAA5BFB2+Hs81DQk/cAlJes5R0+3PUQaZ62NZJoKPsBWnsAAAAABfXhAAAAAAEAAAACAAAAAAAAAAAAAAAA	AAAAAAAAAAEAAAACAAAAAAAAAAUAAAACAAAAADTRcy67LrrAEIdRBSb8+zb1BhXTe0r3PHXXBOxKYEGnAAAAAAAAAAIAAAABRVVSAAAAAADkEUHb4ezzUNCT9wCUl6zlHT7c9RBpnrY1kmgo+wFaewAAAAFVU0QAAAAAAOQRQdvh7PNQ0JP3AJSXrOUdPtz1EGmetjWSaCj7AVp7AAAAAAX14QAAAAABAAAAAgAAAAAAAAAAAAAAAAAAAAEAAAAFAAAAAAAAAAA00XMuuy66wBCHUQUm/Ps29QYV03tK9zx11wTsSmBBpwAAAAJUC9z4AAAAAgAAABIAAAAJAAAAAAAAAAAAAAAAAQAAAAAAAAAAAAAAAAAAAA==
fac63542d996fcba0e6bcb723ca94b5a3b415b36e4eeac64c881dfd61d478fe7	5	3	AAAAAOQRQdvh7PNQ0JP3AJSXrOUdPtz1EGmetjWSaCj7AVp7AAAAZAAAAAIAAAAKAAAAAAAAAAAAAAABAAAAAAAAAAMAAAABRVVSAAAAAADkEUHb4ezzUNCT9wCUl6zlHT7c9RBpnrY1kmgo+wFaewAAAAFVU0QAAAAAAOQRQdvh7PNQ0JP3AJSXrOUdPtz1EGmetjWSaCj7AVp7AAAAAAX14QAAAAABAAAAAgAAAAAAAAAAAAAAAAAAAAH7AVp7AAAAQDcsuEiZkPgFoOKVqaXf7q1n198y1BZNFYjn1vVH5bxadN9DKREt/ULptZ/3gDYD/fiw5VJIiJzGy+r8ZWYeDg4=	+sY1QtmW/LoOa8tyPKlLWjtBWzbk7qxkyIHf1h1Hj+cAAAAAAAAAZAAAAAAAAAABAAAAAAAAAAMAAAAAAAAAAAAAAAAAAAAA5BFB2+Hs81DQk/cAlJes5R0+3PUQaZ62NZJoKPsBWnsAAAAAAAAAAwAAAAFFVVIAAAAAAOQRQdvh7PNQ0JP3AJSXrOUdPtz1EGmetjWSaCj7AVp7AAAAAVVTRAAAAAAA5BFB2+Hs81DQk/cAlJes5R0+3PUQaZ62NZJoKPsBWnsAAAAABfXhAAAAAAEAAAACAAAAAAAAAAAAAAAA	AAAAAAAAAAEAAAACAAAAAAAAAAUAAAACAAAAAOQRQdvh7PNQ0JP3AJSXrOUdPtz1EGmetjWSaCj7AVp7AAAAAAAAAAMAAAABRVVSAAAAAADkEUHb4ezzUNCT9wCUl6zlHT7c9RBpnrY1kmgo+wFaewAAAAFVU0QAAAAAAOQRQdvh7PNQ0JP3AJSXrOUdPtz1EGmetjWSaCj7AVp7AAAAAAX14QAAAAABAAAAAgAAAAAAAAAAAAAAAAAAAAEAAAAFAAAAAAAAAADkEUHb4ezzUNCT9wCUl6zlHT7c9RBpnrY1kmgo+wFaewAAAAJUC+AYAAAAAgAAAAoAAAACAAAAAAAAAAAAAAAAAQAAAAAAAAAAAAAAAAAAAA==
4781659c29cabdfdc55dd8d007ddd1540f6fb45f3b4ce648e45c32257e47c4a6	5	4	AAAAADTRcy67LrrAEIdRBSb8+zb1BhXTe0r3PHXXBOxKYEGnAAAAZAAAAAIAAAAKAAAAAAAAAAAAAAABAAAAAAAAAAMAAAABMQAAAAAAAADkEUHb4ezzUNCT9wCUl6zlHT7c9RBpnrY1kmgo+wFaewAAAAFVU0QAAAAAAOQRQdvh7PNQ0JP3AJSXrOUdPtz1EGmetjWSaCj7AVp7AAAAAAvrwgAAAAABAAAAAQAAAAAAAAAAAAAAAAAAAAFKYEGnAAAAQJ0o6N2Jk5+i0bkILbE3UTiUpyZvOJLNvARX5gYko0KCuad0n456Jm9Cqxr7seluIFSoNbxCJOrC54kyaTuO1Ak=	R4FlnCnKvf3FXdjQB93RVA9vtF87TOZI5FwyJX5HxKYAAAAAAAAAZAAAAAAAAAABAAAAAAAAAAMAAAAAAAAAAAAAAAAAAAAANNFzLrsuusAQh1EFJvz7NvUGFdN7Svc8ddcE7EpgQacAAAAAAAAABAAAAAExAAAAAAAAAOQRQdvh7PNQ0JP3AJSXrOUdPtz1EGmetjWSaCj7AVp7AAAAAVVTRAAAAAAA5BFB2+Hs81DQk/cAlJes5R0+3PUQaZ62NZJoKPsBWnsAAAAAC+vCAAAAAAEAAAABAAAAAAAAAAAAAAAA	AAAAAAAAAAEAAAACAAAAAAAAAAUAAAACAAAAADTRcy67LrrAEIdRBSb8+zb1BhXTe0r3PHXXBOxKYEGnAAAAAAAAAAQAAAABMQAAAAAAAADkEUHb4ezzUNCT9wCUl6zlHT7c9RBpnrY1kmgo+wFaewAAAAFVU0QAAAAAAOQRQdvh7PNQ0JP3AJSXrOUdPtz1EGmetjWSaCj7AVp7AAAAAAvrwgAAAAABAAAAAQAAAAAAAAAAAAAAAAAAAAEAAAAFAAAAAAAAAAA00XMuuy66wBCHUQUm/Ps29QYV03tK9zx11wTsSmBBpwAAAAJUC9z4AAAAAgAAABIAAAAKAAAAAAAAAAAAAAAAAQAAAAAAAAAAAAAAAAAAAA==
8915d7a8cc6be26c19195a736b535d5d7bba506f267267449787240bae9c1c80	5	5	AAAAADTRcy67LrrAEIdRBSb8+zb1BhXTe0r3PHXXBOxKYEGnAAAAZAAAAAIAAAALAAAAAAAAAAAAAAABAAAAAAAAAAMAAAABRVVSAAAAAADkEUHb4ezzUNCT9wCUl6zlHT7c9RBpnrY1kmgo+wFaewAAAAExAAAAAAAAAOQRQdvh7PNQ0JP3AJSXrOUdPtz1EGmetjWSaCj7AVp7AAAAAAvrwgAAAAABAAAAAQAAAAAAAAAAAAAAAAAAAAFKYEGnAAAAQNFl2eV/OTWdcSDTd/MytqUjZaSAXFEX1cRK1Ba5PUrHlxO4WdopI8D0KjJo195Xy85Dqx+iTCEM0Xr0/lGM6Qs=	iRXXqMxr4mwZGVpza1NdXXu6UG8mcmdEl4ckC66cHIAAAAAAAAAAZAAAAAAAAAABAAAAAAAAAAMAAAAAAAAAAAAAAAAAAAAANNFzLrsuusAQh1EFJvz7NvUGFdN7Svc8ddcE7EpgQacAAAAAAAAABQAAAAFFVVIAAAAAAOQRQdvh7PNQ0JP3AJSXrOUdPtz1EGmetjWSaCj7AVp7AAAAATEAAAAAAAAA5BFB2+Hs81DQk/cAlJes5R0+3PUQaZ62NZJoKPsBWnsAAAAAC+vCAAAAAAEAAAABAAAAAAAAAAAAAAAA	AAAAAAAAAAEAAAACAAAAAAAAAAUAAAACAAAAADTRcy67LrrAEIdRBSb8+zb1BhXTe0r3PHXXBOxKYEGnAAAAAAAAAAUAAAABRVVSAAAAAADkEUHb4ezzUNCT9wCUl6zlHT7c9RBpnrY1kmgo+wFaewAAAAExAAAAAAAAAOQRQdvh7PNQ0JP3AJSXrOUdPtz1EGmetjWSaCj7AVp7AAAAAAvrwgAAAAABAAAAAQAAAAAAAAAAAAAAAAAAAAEAAAAFAAAAAAAAAAA00XMuuy66wBCHUQUm/Ps29QYV03tK9zx11wTsSmBBpwAAAAJUC9z4AAAAAgAAABIAAAALAAAAAAAAAAAAAAAAAQAAAAAAAAAAAAAAAAAAAA==
b9925fafee10dce3211337718217a7a0691ca60d9f67c56d9a3ec823acd0c95e	5	6	AAAAADTRcy67LrrAEIdRBSb8+zb1BhXTe0r3PHXXBOxKYEGnAAAAZAAAAAIAAAAMAAAAAAAAAAAAAAABAAAAAAAAAAMAAAABMjEAAAAAAADkEUHb4ezzUNCT9wCUl6zlHT7c9RBpnrY1kmgo+wFaewAAAAFVU0QAAAAAAOQRQdvh7PNQ0JP3AJSXrOUdPtz1EGmetjWSaCj7AVp7AAAAABHhowAAAAABAAAAAQAAAAAAAAAAAAAAAAAAAAFKYEGnAAAAQDT4gS9N8FQ4cyYjoOqFMhn3iEqPrUO8fcc0XAUbfuBYucNKYmSt57nBfRtOzIUChOlKitxV1+0lDYp38fPv5Aw=	uZJfr+4Q3OMhEzdxghenoGkcpg2fZ8Vtmj7II6zQyV4AAAAAAAAAZAAAAAAAAAABAAAAAAAAAAMAAAAAAAAAAAAAAAAAAAAANNFzLrsuusAQh1EFJvz7NvUGFdN7Svc8ddcE7EpgQacAAAAAAAAABgAAAAEyMQAAAAAAAOQRQdvh7PNQ0JP3AJSXrOUdPtz1EGmetjWSaCj7AVp7AAAAAVVTRAAAAAAA5BFB2+Hs81DQk/cAlJes5R0+3PUQaZ62NZJoKPsBWnsAAAAAEeGjAAAAAAEAAAABAAAAAAAAAAAAAAAA	AAAAAAAAAAEAAAACAAAAAAAAAAUAAAACAAAAADTRcy67LrrAEIdRBSb8+zb1BhXTe0r3PHXXBOxKYEGnAAAAAAAAAAYAAAABMjEAAAAAAADkEUHb4ezzUNCT9wCUl6zlHT7c9RBpnrY1kmgo+wFaewAAAAFVU0QAAAAAAOQRQdvh7PNQ0JP3AJSXrOUdPtz1EGmetjWSaCj7AVp7AAAAABHhowAAAAABAAAAAQAAAAAAAAAAAAAAAAAAAAEAAAAFAAAAAAAAAAA00XMuuy66wBCHUQUm/Ps29QYV03tK9zx11wTsSmBBpwAAAAJUC9z4AAAAAgAAABIAAAAMAAAAAAAAAAAAAAAAAQAAAAAAAAAAAAAAAAAAAA==
a89dc0b7e9e01af735994cb66cf775bfd37fb0e61225254294c00627f2cfe91a	5	7	AAAAADTRcy67LrrAEIdRBSb8+zb1BhXTe0r3PHXXBOxKYEGnAAAAZAAAAAIAAAANAAAAAAAAAAAAAAABAAAAAAAAAAMAAAABMjIAAAAAAADkEUHb4ezzUNCT9wCUl6zlHT7c9RBpnrY1kmgo+wFaewAAAAEyMQAAAAAAAOQRQdvh7PNQ0JP3AJSXrOUdPtz1EGmetjWSaCj7AVp7AAAAABHhowAAAAABAAAAAQAAAAAAAAAAAAAAAAAAAAFKYEGnAAAAQMDEDKXp605d/im9Ptwenn13YSUaKKjat7MDBnNKxHnQ5OFY1L9yszv4qo7Ax4Nqd+B9YfvKxzGw4jQGQ9UdOgg=	qJ3At+ngGvc1mUy2bPd1v9N/sOYSJSVClMAGJ/LP6RoAAAAAAAAAZAAAAAAAAAABAAAAAAAAAAMAAAAAAAAAAAAAAAAAAAAANNFzLrsuusAQh1EFJvz7NvUGFdN7Svc8ddcE7EpgQacAAAAAAAAABwAAAAEyMgAAAAAAAOQRQdvh7PNQ0JP3AJSXrOUdPtz1EGmetjWSaCj7AVp7AAAAATIxAAAAAAAA5BFB2+Hs81DQk/cAlJes5R0+3PUQaZ62NZJoKPsBWnsAAAAAEeGjAAAAAAEAAAABAAAAAAAAAAAAAAAA	AAAAAAAAAAEAAAACAAAAAAAAAAUAAAACAAAAADTRcy67LrrAEIdRBSb8+zb1BhXTe0r3PHXXBOxKYEGnAAAAAAAAAAcAAAABMjIAAAAAAADkEUHb4ezzUNCT9wCUl6zlHT7c9RBpnrY1kmgo+wFaewAAAAEyMQAAAAAAAOQRQdvh7PNQ0JP3AJSXrOUdPtz1EGmetjWSaCj7AVp7AAAAABHhowAAAAABAAAAAQAAAAAAAAAAAAAAAAAAAAEAAAAFAAAAAAAAAAA00XMuuy66wBCHUQUm/Ps29QYV03tK9zx11wTsSmBBpwAAAAJUC9z4AAAAAgAAABIAAAANAAAAAAAAAAAAAAAAAQAAAAAAAAAAAAAAAAAAAA==
c92bb5f0ce6cbf74949af7b6404e0aae1839dcb174ca07b86b0690386b488e30	5	8	AAAAADTRcy67LrrAEIdRBSb8+zb1BhXTe0r3PHXXBOxKYEGnAAAAZAAAAAIAAAAOAAAAAAAAAAAAAAABAAAAAAAAAAMAAAABRVVSAAAAAADkEUHb4ezzUNCT9wCUl6zlHT7c9RBpnrY1kmgo+wFaewAAAAEyMgAAAAAAAOQRQdvh7PNQ0JP3AJSXrOUdPtz1EGmetjWSaCj7AVp7AAAAABHhowAAAAABAAAAAQAAAAAAAAAAAAAAAAAAAAFKYEGnAAAAQOn18OTylqpbRyiXNURKYg5fc1rW4P7OfdyzIhzEP6eD0gS+Se4UQMOw0zsvfC3dfS366KHEWRXB8qQLqQ7lLAs=	ySu18M5sv3SUmve2QE4Krhg53LF0yge4awaQOGtIjjAAAAAAAAAAZAAAAAAAAAABAAAAAAAAAAMAAAAAAAAAAAAAAAAAAAAANNFzLrsuusAQh1EFJvz7NvUGFdN7Svc8ddcE7EpgQacAAAAAAAAACAAAAAFFVVIAAAAAAOQRQdvh7PNQ0JP3AJSXrOUdPtz1EGmetjWSaCj7AVp7AAAAATIyAAAAAAAA5BFB2+Hs81DQk/cAlJes5R0+3PUQaZ62NZJoKPsBWnsAAAAAEeGjAAAAAAEAAAABAAAAAAAAAAAAAAAA	AAAAAAAAAAEAAAACAAAAAAAAAAUAAAACAAAAADTRcy67LrrAEIdRBSb8+zb1BhXTe0r3PHXXBOxKYEGnAAAAAAAAAAgAAAABRVVSAAAAAADkEUHb4ezzUNCT9wCUl6zlHT7c9RBpnrY1kmgo+wFaewAAAAEyMgAAAAAAAOQRQdvh7PNQ0JP3AJSXrOUdPtz1EGmetjWSaCj7AVp7AAAAABHhowAAAAABAAAAAQAAAAAAAAAAAAAAAAAAAAEAAAAFAAAAAAAAAAA00XMuuy66wBCHUQUm/Ps29QYV03tK9zx11wTsSmBBpwAAAAJUC9z4AAAAAgAAABIAAAAOAAAAAAAAAAAAAAAAAQAAAAAAAAAAAAAAAAAAAA==
8af50985527a5383992cef73235c1f9a650aa613984936afd47b72bf0b23d07a	5	9	AAAAADTRcy67LrrAEIdRBSb8+zb1BhXTe0r3PHXXBOxKYEGnAAAAZAAAAAIAAAAPAAAAAAAAAAAAAAABAAAAAAAAAAMAAAABMzEAAAAAAADkEUHb4ezzUNCT9wCUl6zlHT7c9RBpnrY1kmgo+wFaewAAAAFVU0QAAAAAAOQRQdvh7PNQ0JP3AJSXrOUdPtz1EGmetjWSaCj7AVp7AAAAABfXhAAAAAACAAAAAQAAAAAAAAAAAAAAAAAAAAFKYEGnAAAAQGOBpoZRIru8JJjmktVn8mJoQDVulo6EgqS8X71h1EvU+AS8SOvUBZWAzx+eQPom6Hagxc2R9HQgAIR96KYz/A4=	ivUJhVJ6U4OZLO9zI1wfmmUKphOYSTav1Htyvwsj0HoAAAAAAAAAZAAAAAAAAAABAAAAAAAAAAMAAAAAAAAAAAAAAAAAAAAANNFzLrsuusAQh1EFJvz7NvUGFdN7Svc8ddcE7EpgQacAAAAAAAAACQAAAAEzMQAAAAAAAOQRQdvh7PNQ0JP3AJSXrOUdPtz1EGmetjWSaCj7AVp7AAAAAVVTRAAAAAAA5BFB2+Hs81DQk/cAlJes5R0+3PUQaZ62NZJoKPsBWnsAAAAAF9eEAAAAAAIAAAABAAAAAAAAAAAAAAAA	AAAAAAAAAAEAAAACAAAAAAAAAAUAAAACAAAAADTRcy67LrrAEIdRBSb8+zb1BhXTe0r3PHXXBOxKYEGnAAAAAAAAAAkAAAABMzEAAAAAAADkEUHb4ezzUNCT9wCUl6zlHT7c9RBpnrY1kmgo+wFaewAAAAFVU0QAAAAAAOQRQdvh7PNQ0JP3AJSXrOUdPtz1EGmetjWSaCj7AVp7AAAAABfXhAAAAAACAAAAAQAAAAAAAAAAAAAAAAAAAAEAAAAFAAAAAAAAAAA00XMuuy66wBCHUQUm/Ps29QYV03tK9zx11wTsSmBBpwAAAAJUC9z4AAAAAgAAABIAAAAPAAAAAAAAAAAAAAAAAQAAAAAAAAAAAAAAAAAAAA==
487644504432e9323eace0dd116cbb3218f2801391a91b2646cb67d797897abf	5	10	AAAAADTRcy67LrrAEIdRBSb8+zb1BhXTe0r3PHXXBOxKYEGnAAAAZAAAAAIAAAAQAAAAAAAAAAAAAAABAAAAAAAAAAMAAAABMzIAAAAAAADkEUHb4ezzUNCT9wCUl6zlHT7c9RBpnrY1kmgo+wFaewAAAAEzMQAAAAAAAOQRQdvh7PNQ0JP3AJSXrOUdPtz1EGmetjWSaCj7AVp7AAAAABfXhAAAAAACAAAAAQAAAAAAAAAAAAAAAAAAAAFKYEGnAAAAQNgcJcTXnPHUexPnq4VY23CVwk8zKucnao7p0LfZtQLhJr8PRvA/iWgToaaCPxb3WDFAC84vQ6dFxzJsXMdC/wc=	SHZEUEQy6TI+rODdEWy7MhjygBORqRsmRstn15eJer8AAAAAAAAAZAAAAAAAAAABAAAAAAAAAAMAAAAAAAAAAAAAAAAAAAAANNFzLrsuusAQh1EFJvz7NvUGFdN7Svc8ddcE7EpgQacAAAAAAAAACgAAAAEzMgAAAAAAAOQRQdvh7PNQ0JP3AJSXrOUdPtz1EGmetjWSaCj7AVp7AAAAATMxAAAAAAAA5BFB2+Hs81DQk/cAlJes5R0+3PUQaZ62NZJoKPsBWnsAAAAAF9eEAAAAAAIAAAABAAAAAAAAAAAAAAAA	AAAAAAAAAAEAAAACAAAAAAAAAAUAAAACAAAAADTRcy67LrrAEIdRBSb8+zb1BhXTe0r3PHXXBOxKYEGnAAAAAAAAAAoAAAABMzIAAAAAAADkEUHb4ezzUNCT9wCUl6zlHT7c9RBpnrY1kmgo+wFaewAAAAEzMQAAAAAAAOQRQdvh7PNQ0JP3AJSXrOUdPtz1EGmetjWSaCj7AVp7AAAAABfXhAAAAAACAAAAAQAAAAAAAAAAAAAAAAAAAAEAAAAFAAAAAAAAAAA00XMuuy66wBCHUQUm/Ps29QYV03tK9zx11wTsSmBBpwAAAAJUC9z4AAAAAgAAABIAAAAQAAAAAAAAAAAAAAAAAQAAAAAAAAAAAAAAAAAAAA==
a34de60105499cdc69a3020fc67fa40229cd2fba20efa64e7e3530e6dcb5a4f4	5	11	AAAAADTRcy67LrrAEIdRBSb8+zb1BhXTe0r3PHXXBOxKYEGnAAAAZAAAAAIAAAARAAAAAAAAAAAAAAABAAAAAAAAAAMAAAABMzMAAAAAAADkEUHb4ezzUNCT9wCUl6zlHT7c9RBpnrY1kmgo+wFaewAAAAEzMgAAAAAAAOQRQdvh7PNQ0JP3AJSXrOUdPtz1EGmetjWSaCj7AVp7AAAAABfXhAAAAAACAAAAAQAAAAAAAAAAAAAAAAAAAAFKYEGnAAAAQK9w7ViDX2zIK5hOpddWTQUhso6ZmdVCf+M3ExrCAJrNzpVaHaHgYOnXaRjP9RrHxzm6u/9pb+UWWqRatwxHBwk=	o03mAQVJnNxpowIPxn+kAinNL7og76ZOfjUw5ty1pPQAAAAAAAAAZAAAAAAAAAABAAAAAAAAAAMAAAAAAAAAAAAAAAAAAAAANNFzLrsuusAQh1EFJvz7NvUGFdN7Svc8ddcE7EpgQacAAAAAAAAACwAAAAEzMwAAAAAAAOQRQdvh7PNQ0JP3AJSXrOUdPtz1EGmetjWSaCj7AVp7AAAAATMyAAAAAAAA5BFB2+Hs81DQk/cAlJes5R0+3PUQaZ62NZJoKPsBWnsAAAAAF9eEAAAAAAIAAAABAAAAAAAAAAAAAAAA	AAAAAAAAAAEAAAACAAAAAAAAAAUAAAACAAAAADTRcy67LrrAEIdRBSb8+zb1BhXTe0r3PHXXBOxKYEGnAAAAAAAAAAsAAAABMzMAAAAAAADkEUHb4ezzUNCT9wCUl6zlHT7c9RBpnrY1kmgo+wFaewAAAAEzMgAAAAAAAOQRQdvh7PNQ0JP3AJSXrOUdPtz1EGmetjWSaCj7AVp7AAAAABfXhAAAAAACAAAAAQAAAAAAAAAAAAAAAAAAAAEAAAAFAAAAAAAAAAA00XMuuy66wBCHUQUm/Ps29QYV03tK9zx11wTsSmBBpwAAAAJUC9z4AAAAAgAAABIAAAARAAAAAAAAAAAAAAAAAQAAAAAAAAAAAAAAAAAAAA==
94e908960415a58313962f8319cc695922cf0a45b56b3b6be9b81778134b9b81	5	12	AAAAADTRcy67LrrAEIdRBSb8+zb1BhXTe0r3PHXXBOxKYEGnAAAAZAAAAAIAAAASAAAAAAAAAAAAAAABAAAAAAAAAAMAAAABRVVSAAAAAADkEUHb4ezzUNCT9wCUl6zlHT7c9RBpnrY1kmgo+wFaewAAAAEzMwAAAAAAAOQRQdvh7PNQ0JP3AJSXrOUdPtz1EGmetjWSaCj7AVp7AAAAABfXhAAAAAACAAAAAQAAAAAAAAAAAAAAAAAAAAFKYEGnAAAAQBPeMF0R7VBgHYBWwmRBc9sjGMe8HiotoY3HFgb/+gj+0xpAKL5prASTRqEWW39fYFM4xLyLBkvP1wtdHnapjQ4=	lOkIlgQVpYMTli+DGcxpWSLPCkW1aztr6bgXeBNLm4EAAAAAAAAAZAAAAAAAAAABAAAAAAAAAAMAAAAAAAAAAAAAAAAAAAAANNFzLrsuusAQh1EFJvz7NvUGFdN7Svc8ddcE7EpgQacAAAAAAAAADAAAAAFFVVIAAAAAAOQRQdvh7PNQ0JP3AJSXrOUdPtz1EGmetjWSaCj7AVp7AAAAATMzAAAAAAAA5BFB2+Hs81DQk/cAlJes5R0+3PUQaZ62NZJoKPsBWnsAAAAAF9eEAAAAAAIAAAABAAAAAAAAAAAAAAAA	AAAAAAAAAAEAAAACAAAAAAAAAAUAAAACAAAAADTRcy67LrrAEIdRBSb8+zb1BhXTe0r3PHXXBOxKYEGnAAAAAAAAAAwAAAABRVVSAAAAAADkEUHb4ezzUNCT9wCUl6zlHT7c9RBpnrY1kmgo+wFaewAAAAEzMwAAAAAAAOQRQdvh7PNQ0JP3AJSXrOUdPtz1EGmetjWSaCj7AVp7AAAAABfXhAAAAAACAAAAAQAAAAAAAAAAAAAAAAAAAAEAAAAFAAAAAAAAAAA00XMuuy66wBCHUQUm/Ps29QYV03tK9zx11wTsSmBBpwAAAAJUC9z4AAAAAgAAABIAAAASAAAAAAAAAAAAAAAAAQAAAAAAAAAAAAAAAAAAAA==
\.


--
-- Name: accounts_pkey; Type: CONSTRAINT; Schema: public; Owner: -; Tablespace: 
--

ALTER TABLE ONLY accounts
    ADD CONSTRAINT accounts_pkey PRIMARY KEY (accountid);


--
-- Name: ledgerheaders_ledgerseq_key; Type: CONSTRAINT; Schema: public; Owner: -; Tablespace: 
--

ALTER TABLE ONLY ledgerheaders
    ADD CONSTRAINT ledgerheaders_ledgerseq_key UNIQUE (ledgerseq);


--
-- Name: ledgerheaders_pkey; Type: CONSTRAINT; Schema: public; Owner: -; Tablespace: 
--

ALTER TABLE ONLY ledgerheaders
    ADD CONSTRAINT ledgerheaders_pkey PRIMARY KEY (ledgerhash);


--
-- Name: offers_pkey; Type: CONSTRAINT; Schema: public; Owner: -; Tablespace: 
--

ALTER TABLE ONLY offers
    ADD CONSTRAINT offers_pkey PRIMARY KEY (offerid);


--
-- Name: peers_pkey; Type: CONSTRAINT; Schema: public; Owner: -; Tablespace: 
--

ALTER TABLE ONLY peers
    ADD CONSTRAINT peers_pkey PRIMARY KEY (ip, port);


--
-- Name: publishqueue_pkey; Type: CONSTRAINT; Schema: public; Owner: -; Tablespace: 
--

ALTER TABLE ONLY publishqueue
    ADD CONSTRAINT publishqueue_pkey PRIMARY KEY (ledger);


--
-- Name: pubsub_pkey; Type: CONSTRAINT; Schema: public; Owner: -; Tablespace: 
--

ALTER TABLE ONLY pubsub
    ADD CONSTRAINT pubsub_pkey PRIMARY KEY (resid);


--
-- Name: signers_pkey; Type: CONSTRAINT; Schema: public; Owner: -; Tablespace: 
--

ALTER TABLE ONLY signers
    ADD CONSTRAINT signers_pkey PRIMARY KEY (accountid, publickey);


--
-- Name: storestate_pkey; Type: CONSTRAINT; Schema: public; Owner: -; Tablespace: 
--

ALTER TABLE ONLY storestate
    ADD CONSTRAINT storestate_pkey PRIMARY KEY (statename);


--
-- Name: trustlines_pkey; Type: CONSTRAINT; Schema: public; Owner: -; Tablespace: 
--

ALTER TABLE ONLY trustlines
    ADD CONSTRAINT trustlines_pkey PRIMARY KEY (accountid, issuer, assetcode);


--
-- Name: txfeehistory_pkey; Type: CONSTRAINT; Schema: public; Owner: -; Tablespace: 
--

ALTER TABLE ONLY txfeehistory
    ADD CONSTRAINT txfeehistory_pkey PRIMARY KEY (ledgerseq, txindex);


--
-- Name: txhistory_pkey; Type: CONSTRAINT; Schema: public; Owner: -; Tablespace: 
--

ALTER TABLE ONLY txhistory
    ADD CONSTRAINT txhistory_pkey PRIMARY KEY (ledgerseq, txindex);


--
-- Name: accountbalances; Type: INDEX; Schema: public; Owner: -; Tablespace: 
--

CREATE INDEX accountbalances ON accounts USING btree (balance) WHERE (balance >= 1000000000);


--
-- Name: buyingissuerindex; Type: INDEX; Schema: public; Owner: -; Tablespace: 
--

CREATE INDEX buyingissuerindex ON offers USING btree (buyingissuer);


--
-- Name: histbyseq; Type: INDEX; Schema: public; Owner: -; Tablespace: 
--

CREATE INDEX histbyseq ON txhistory USING btree (ledgerseq);


--
-- Name: histfeebyseq; Type: INDEX; Schema: public; Owner: -; Tablespace: 
--

CREATE INDEX histfeebyseq ON txfeehistory USING btree (ledgerseq);


--
-- Name: ledgersbyseq; Type: INDEX; Schema: public; Owner: -; Tablespace: 
--

CREATE INDEX ledgersbyseq ON ledgerheaders USING btree (ledgerseq);


--
-- Name: priceindex; Type: INDEX; Schema: public; Owner: -; Tablespace: 
--

CREATE INDEX priceindex ON offers USING btree (price);


--
-- Name: sellingissuerindex; Type: INDEX; Schema: public; Owner: -; Tablespace: 
--

CREATE INDEX sellingissuerindex ON offers USING btree (sellingissuer);


--
-- Name: signersaccount; Type: INDEX; Schema: public; Owner: -; Tablespace: 
--

CREATE INDEX signersaccount ON signers USING btree (accountid);


--
-- PostgreSQL database dump complete
--

