--
-- PostgreSQL database dump
--

SET statement_timeout = 0;
SET lock_timeout = 0;
SET client_encoding = 'UTF8';
SET standard_conforming_strings = on;
SET check_function_bodies = false;
SET client_min_messages = warning;

SET search_path = public, pg_catalog;

DROP INDEX public.unique_schema_migrations;
DROP INDEX public.trade_effects_by_order_book;
DROP INDEX public.index_history_transactions_on_id;
DROP INDEX public.index_history_transaction_statuses_lc_on_all;
DROP INDEX public.index_history_transaction_participants_on_transaction_hash;
DROP INDEX public.index_history_transaction_participants_on_account;
DROP INDEX public.index_history_operations_on_type;
DROP INDEX public.index_history_operations_on_transaction_id;
DROP INDEX public.index_history_operations_on_id;
DROP INDEX public.index_history_ledgers_on_sequence;
DROP INDEX public.index_history_ledgers_on_previous_ledger_hash;
DROP INDEX public.index_history_ledgers_on_ledger_hash;
DROP INDEX public.index_history_ledgers_on_importer_version;
DROP INDEX public.index_history_ledgers_on_id;
DROP INDEX public.index_history_ledgers_on_closed_at;
DROP INDEX public.index_history_effects_on_type;
DROP INDEX public.index_history_accounts_on_id;
DROP INDEX public.hs_transaction_by_id;
DROP INDEX public.hs_ledger_by_id;
DROP INDEX public.hist_op_p_id;
DROP INDEX public.hist_e_id;
DROP INDEX public.hist_e_by_order;
DROP INDEX public.by_ledger;
DROP INDEX public.by_hash;
DROP INDEX public.by_account;
ALTER TABLE ONLY public.history_transaction_statuses DROP CONSTRAINT history_transaction_statuses_pkey;
ALTER TABLE ONLY public.history_transaction_participants DROP CONSTRAINT history_transaction_participants_pkey;
ALTER TABLE ONLY public.history_operation_participants DROP CONSTRAINT history_operation_participants_pkey;
ALTER TABLE public.history_transaction_statuses ALTER COLUMN id DROP DEFAULT;
ALTER TABLE public.history_transaction_participants ALTER COLUMN id DROP DEFAULT;
ALTER TABLE public.history_operation_participants ALTER COLUMN id DROP DEFAULT;
DROP TABLE public.schema_migrations;
DROP TABLE public.history_transactions;
DROP SEQUENCE public.history_transaction_statuses_id_seq;
DROP TABLE public.history_transaction_statuses;
DROP SEQUENCE public.history_transaction_participants_id_seq;
DROP TABLE public.history_transaction_participants;
DROP TABLE public.history_operations;
DROP SEQUENCE public.history_operation_participants_id_seq;
DROP TABLE public.history_operation_participants;
DROP TABLE public.history_ledgers;
DROP TABLE public.history_effects;
DROP TABLE public.history_accounts;
DROP EXTENSION hstore;
DROP EXTENSION plpgsql;
DROP SCHEMA public;
--
-- Name: public; Type: SCHEMA; Schema: -; Owner: -
--

CREATE SCHEMA public;


--
-- Name: SCHEMA public; Type: COMMENT; Schema: -; Owner: -
--

COMMENT ON SCHEMA public IS 'standard public schema';


--
-- Name: plpgsql; Type: EXTENSION; Schema: -; Owner: -
--

CREATE EXTENSION IF NOT EXISTS plpgsql WITH SCHEMA pg_catalog;


--
-- Name: EXTENSION plpgsql; Type: COMMENT; Schema: -; Owner: -
--

COMMENT ON EXTENSION plpgsql IS 'PL/pgSQL procedural language';


--
-- Name: hstore; Type: EXTENSION; Schema: -; Owner: -
--

CREATE EXTENSION IF NOT EXISTS hstore WITH SCHEMA public;


--
-- Name: EXTENSION hstore; Type: COMMENT; Schema: -; Owner: -
--

COMMENT ON EXTENSION hstore IS 'data type for storing sets of (key, value) pairs';


SET search_path = public, pg_catalog;

SET default_tablespace = '';

SET default_with_oids = false;

--
-- Name: history_accounts; Type: TABLE; Schema: public; Owner: -; Tablespace: 
--

CREATE TABLE history_accounts (
    id bigint NOT NULL,
    address character varying(64)
);


--
-- Name: history_effects; Type: TABLE; Schema: public; Owner: -; Tablespace: 
--

CREATE TABLE history_effects (
    history_account_id bigint NOT NULL,
    history_operation_id bigint NOT NULL,
    "order" integer NOT NULL,
    type integer NOT NULL,
    details jsonb
);


--
-- Name: history_ledgers; Type: TABLE; Schema: public; Owner: -; Tablespace: 
--

CREATE TABLE history_ledgers (
    sequence integer NOT NULL,
    ledger_hash character varying(64) NOT NULL,
    previous_ledger_hash character varying(64),
    transaction_count integer DEFAULT 0 NOT NULL,
    operation_count integer DEFAULT 0 NOT NULL,
    closed_at timestamp without time zone NOT NULL,
    created_at timestamp without time zone,
    updated_at timestamp without time zone,
    id bigint,
    importer_version integer DEFAULT 1 NOT NULL
);


--
-- Name: history_operation_participants; Type: TABLE; Schema: public; Owner: -; Tablespace: 
--

CREATE TABLE history_operation_participants (
    id integer NOT NULL,
    history_operation_id bigint NOT NULL,
    history_account_id bigint NOT NULL
);


--
-- Name: history_operation_participants_id_seq; Type: SEQUENCE; Schema: public; Owner: -
--

CREATE SEQUENCE history_operation_participants_id_seq
    START WITH 1
    INCREMENT BY 1
    NO MINVALUE
    NO MAXVALUE
    CACHE 1;


--
-- Name: history_operation_participants_id_seq; Type: SEQUENCE OWNED BY; Schema: public; Owner: -
--

ALTER SEQUENCE history_operation_participants_id_seq OWNED BY history_operation_participants.id;


--
-- Name: history_operations; Type: TABLE; Schema: public; Owner: -; Tablespace: 
--

CREATE TABLE history_operations (
    id bigint NOT NULL,
    transaction_id bigint NOT NULL,
    application_order integer NOT NULL,
    type integer NOT NULL,
    details jsonb,
    source_account character varying(64) DEFAULT ''::character varying NOT NULL
);


--
-- Name: history_transaction_participants; Type: TABLE; Schema: public; Owner: -; Tablespace: 
--

CREATE TABLE history_transaction_participants (
    id integer NOT NULL,
    transaction_hash character varying(64) NOT NULL,
    account character varying(64) NOT NULL,
    created_at timestamp without time zone,
    updated_at timestamp without time zone
);


--
-- Name: history_transaction_participants_id_seq; Type: SEQUENCE; Schema: public; Owner: -
--

CREATE SEQUENCE history_transaction_participants_id_seq
    START WITH 1
    INCREMENT BY 1
    NO MINVALUE
    NO MAXVALUE
    CACHE 1;


--
-- Name: history_transaction_participants_id_seq; Type: SEQUENCE OWNED BY; Schema: public; Owner: -
--

ALTER SEQUENCE history_transaction_participants_id_seq OWNED BY history_transaction_participants.id;


--
-- Name: history_transaction_statuses; Type: TABLE; Schema: public; Owner: -; Tablespace: 
--

CREATE TABLE history_transaction_statuses (
    id integer NOT NULL,
    result_code_s character varying NOT NULL,
    result_code integer NOT NULL
);


--
-- Name: history_transaction_statuses_id_seq; Type: SEQUENCE; Schema: public; Owner: -
--

CREATE SEQUENCE history_transaction_statuses_id_seq
    START WITH 1
    INCREMENT BY 1
    NO MINVALUE
    NO MAXVALUE
    CACHE 1;


--
-- Name: history_transaction_statuses_id_seq; Type: SEQUENCE OWNED BY; Schema: public; Owner: -
--

ALTER SEQUENCE history_transaction_statuses_id_seq OWNED BY history_transaction_statuses.id;


--
-- Name: history_transactions; Type: TABLE; Schema: public; Owner: -; Tablespace: 
--

CREATE TABLE history_transactions (
    transaction_hash character varying(64) NOT NULL,
    ledger_sequence integer NOT NULL,
    application_order integer NOT NULL,
    account character varying(64) NOT NULL,
    account_sequence bigint NOT NULL,
    max_fee integer NOT NULL,
    fee_paid integer NOT NULL,
    operation_count integer NOT NULL,
    created_at timestamp without time zone,
    updated_at timestamp without time zone,
    id bigint,
    tx_envelope text NOT NULL,
    tx_result text NOT NULL,
    tx_meta text NOT NULL,
    tx_fee_meta text NOT NULL,
    signatures character varying(96)[] DEFAULT '{}'::character varying[] NOT NULL,
    memo_type character varying DEFAULT 'none'::character varying NOT NULL,
    memo character varying,
    time_bounds int8range
);


--
-- Name: schema_migrations; Type: TABLE; Schema: public; Owner: -; Tablespace: 
--

CREATE TABLE schema_migrations (
    version character varying NOT NULL
);


--
-- Name: id; Type: DEFAULT; Schema: public; Owner: -
--

ALTER TABLE ONLY history_operation_participants ALTER COLUMN id SET DEFAULT nextval('history_operation_participants_id_seq'::regclass);


--
-- Name: id; Type: DEFAULT; Schema: public; Owner: -
--

ALTER TABLE ONLY history_transaction_participants ALTER COLUMN id SET DEFAULT nextval('history_transaction_participants_id_seq'::regclass);


--
-- Name: id; Type: DEFAULT; Schema: public; Owner: -
--

ALTER TABLE ONLY history_transaction_statuses ALTER COLUMN id SET DEFAULT nextval('history_transaction_statuses_id_seq'::regclass);


--
-- Data for Name: history_accounts; Type: TABLE DATA; Schema: public; Owner: -
--

COPY history_accounts (id, address) FROM stdin;
1	GBRPYHIL2CI3FNQ4BXLFMNDLFJUNPU2HY3ZMFSHONUCEOASW7QC7OX2H
8589938689	GAVZL2RKWZNVYNB6Q6SMJL34FAJ24HQEVD67UHHMNH7C7HM4XWAG3OXQ
8589942785	GBU347QDBQUWYDYNLXU7MU6EPMUIQP6XXT5JNR7UBQLK4BJAXMO34TLN
8589946881	GDLBOCQX4D66LHO2IHXU7ZNDLGU57ITD67FXL4WR5NEYQC3QIV24FIYH
8589950977	GBOPZYJQ4VJRQZC3BOJ3EEIJYLVYKRGO2NOWPEQZYZYSU2NDYLD2OQ26
\.


--
-- Data for Name: history_effects; Type: TABLE DATA; Schema: public; Owner: -
--

COPY history_effects (history_account_id, history_operation_id, "order", type, details) FROM stdin;
8589938689	8589938689	1	0	{"starting_balance": "1000.0"}
1	8589938689	2	3	{"amount": "1000.0", "asset_type": "native"}
8589938689	8589938689	3	10	{"weight": 2, "public_key": "GAVZL2RKWZNVYNB6Q6SMJL34FAJ24HQEVD67UHHMNH7C7HM4XWAG3OXQ"}
8589942785	8589942785	1	0	{"starting_balance": "1000.0"}
1	8589942785	2	3	{"amount": "1000.0", "asset_type": "native"}
8589942785	8589942785	3	10	{"weight": 2, "public_key": "GBU347QDBQUWYDYNLXU7MU6EPMUIQP6XXT5JNR7UBQLK4BJAXMO34TLN"}
8589946881	8589946881	1	0	{"starting_balance": "1000.0"}
1	8589946881	2	3	{"amount": "1000.0", "asset_type": "native"}
8589946881	8589946881	3	10	{"weight": 2, "public_key": "GDLBOCQX4D66LHO2IHXU7ZNDLGU57ITD67FXL4WR5NEYQC3QIV24FIYH"}
8589950977	8589950977	1	0	{"starting_balance": "1000.0"}
1	8589950977	2	3	{"amount": "1000.0", "asset_type": "native"}
8589950977	8589950977	3	10	{"weight": 2, "public_key": "GBOPZYJQ4VJRQZC3BOJ3EEIJYLVYKRGO2NOWPEQZYZYSU2NDYLD2OQ26"}
8589946881	12884905985	1	20	{"limit": "922337203685.4775807", "asset_code": "EUR", "asset_type": "credit_alphanum4", "asset_issuer": "GAVZL2RKWZNVYNB6Q6SMJL34FAJ24HQEVD67UHHMNH7C7HM4XWAG3OXQ"}
8589942785	12884910081	1	20	{"limit": "922337203685.4775807", "asset_code": "USD", "asset_type": "credit_alphanum4", "asset_issuer": "GAVZL2RKWZNVYNB6Q6SMJL34FAJ24HQEVD67UHHMNH7C7HM4XWAG3OXQ"}
8589950977	12884914177	1	20	{"limit": "922337203685.4775807", "asset_code": "USD", "asset_type": "credit_alphanum4", "asset_issuer": "GAVZL2RKWZNVYNB6Q6SMJL34FAJ24HQEVD67UHHMNH7C7HM4XWAG3OXQ"}
8589950977	12884918273	1	20	{"limit": "922337203685.4775807", "asset_code": "EUR", "asset_type": "credit_alphanum4", "asset_issuer": "GAVZL2RKWZNVYNB6Q6SMJL34FAJ24HQEVD67UHHMNH7C7HM4XWAG3OXQ"}
8589950977	12884922369	1	20	{"limit": "922337203685.4775807", "asset_code": "1", "asset_type": "credit_alphanum4", "asset_issuer": "GAVZL2RKWZNVYNB6Q6SMJL34FAJ24HQEVD67UHHMNH7C7HM4XWAG3OXQ"}
8589950977	12884926465	1	20	{"limit": "922337203685.4775807", "asset_code": "21", "asset_type": "credit_alphanum4", "asset_issuer": "GAVZL2RKWZNVYNB6Q6SMJL34FAJ24HQEVD67UHHMNH7C7HM4XWAG3OXQ"}
8589950977	12884930561	1	20	{"limit": "922337203685.4775807", "asset_code": "22", "asset_type": "credit_alphanum4", "asset_issuer": "GAVZL2RKWZNVYNB6Q6SMJL34FAJ24HQEVD67UHHMNH7C7HM4XWAG3OXQ"}
8589950977	12884934657	1	20	{"limit": "922337203685.4775807", "asset_code": "31", "asset_type": "credit_alphanum4", "asset_issuer": "GAVZL2RKWZNVYNB6Q6SMJL34FAJ24HQEVD67UHHMNH7C7HM4XWAG3OXQ"}
8589950977	12884938753	1	20	{"limit": "922337203685.4775807", "asset_code": "32", "asset_type": "credit_alphanum4", "asset_issuer": "GAVZL2RKWZNVYNB6Q6SMJL34FAJ24HQEVD67UHHMNH7C7HM4XWAG3OXQ"}
8589950977	12884942849	1	20	{"limit": "922337203685.4775807", "asset_code": "33", "asset_type": "credit_alphanum4", "asset_issuer": "GAVZL2RKWZNVYNB6Q6SMJL34FAJ24HQEVD67UHHMNH7C7HM4XWAG3OXQ"}
8589942785	17179873281	1	2	{"amount": "5000.0", "asset_code": "USD", "asset_type": "credit_alphanum4", "asset_issuer": "GAVZL2RKWZNVYNB6Q6SMJL34FAJ24HQEVD67UHHMNH7C7HM4XWAG3OXQ"}
8589938689	17179873281	2	3	{"amount": "5000.0", "asset_code": "USD", "asset_type": "credit_alphanum4", "asset_issuer": "GAVZL2RKWZNVYNB6Q6SMJL34FAJ24HQEVD67UHHMNH7C7HM4XWAG3OXQ"}
8589950977	17179877377	1	2	{"amount": "5000.0", "asset_code": "EUR", "asset_type": "credit_alphanum4", "asset_issuer": "GAVZL2RKWZNVYNB6Q6SMJL34FAJ24HQEVD67UHHMNH7C7HM4XWAG3OXQ"}
8589938689	17179877377	2	3	{"amount": "5000.0", "asset_code": "EUR", "asset_type": "credit_alphanum4", "asset_issuer": "GAVZL2RKWZNVYNB6Q6SMJL34FAJ24HQEVD67UHHMNH7C7HM4XWAG3OXQ"}
8589950977	17179881473	1	2	{"amount": "5000.0", "asset_code": "1", "asset_type": "credit_alphanum4", "asset_issuer": "GAVZL2RKWZNVYNB6Q6SMJL34FAJ24HQEVD67UHHMNH7C7HM4XWAG3OXQ"}
8589938689	17179881473	2	3	{"amount": "5000.0", "asset_code": "1", "asset_type": "credit_alphanum4", "asset_issuer": "GAVZL2RKWZNVYNB6Q6SMJL34FAJ24HQEVD67UHHMNH7C7HM4XWAG3OXQ"}
8589950977	17179885569	1	2	{"amount": "5000.0", "asset_code": "21", "asset_type": "credit_alphanum4", "asset_issuer": "GAVZL2RKWZNVYNB6Q6SMJL34FAJ24HQEVD67UHHMNH7C7HM4XWAG3OXQ"}
8589938689	17179885569	2	3	{"amount": "5000.0", "asset_code": "21", "asset_type": "credit_alphanum4", "asset_issuer": "GAVZL2RKWZNVYNB6Q6SMJL34FAJ24HQEVD67UHHMNH7C7HM4XWAG3OXQ"}
8589950977	17179889665	1	2	{"amount": "5000.0", "asset_code": "22", "asset_type": "credit_alphanum4", "asset_issuer": "GAVZL2RKWZNVYNB6Q6SMJL34FAJ24HQEVD67UHHMNH7C7HM4XWAG3OXQ"}
8589938689	17179889665	2	3	{"amount": "5000.0", "asset_code": "22", "asset_type": "credit_alphanum4", "asset_issuer": "GAVZL2RKWZNVYNB6Q6SMJL34FAJ24HQEVD67UHHMNH7C7HM4XWAG3OXQ"}
8589950977	17179893761	1	2	{"amount": "5000.0", "asset_code": "31", "asset_type": "credit_alphanum4", "asset_issuer": "GAVZL2RKWZNVYNB6Q6SMJL34FAJ24HQEVD67UHHMNH7C7HM4XWAG3OXQ"}
8589938689	17179893761	2	3	{"amount": "5000.0", "asset_code": "31", "asset_type": "credit_alphanum4", "asset_issuer": "GAVZL2RKWZNVYNB6Q6SMJL34FAJ24HQEVD67UHHMNH7C7HM4XWAG3OXQ"}
8589950977	17179897857	1	2	{"amount": "5000.0", "asset_code": "32", "asset_type": "credit_alphanum4", "asset_issuer": "GAVZL2RKWZNVYNB6Q6SMJL34FAJ24HQEVD67UHHMNH7C7HM4XWAG3OXQ"}
8589938689	17179897857	2	3	{"amount": "5000.0", "asset_code": "32", "asset_type": "credit_alphanum4", "asset_issuer": "GAVZL2RKWZNVYNB6Q6SMJL34FAJ24HQEVD67UHHMNH7C7HM4XWAG3OXQ"}
8589950977	17179901953	1	2	{"amount": "5000.0", "asset_code": "33", "asset_type": "credit_alphanum4", "asset_issuer": "GAVZL2RKWZNVYNB6Q6SMJL34FAJ24HQEVD67UHHMNH7C7HM4XWAG3OXQ"}
8589938689	17179901953	2	3	{"amount": "5000.0", "asset_code": "33", "asset_type": "credit_alphanum4", "asset_issuer": "GAVZL2RKWZNVYNB6Q6SMJL34FAJ24HQEVD67UHHMNH7C7HM4XWAG3OXQ"}
\.


--
-- Data for Name: history_ledgers; Type: TABLE DATA; Schema: public; Owner: -
--

COPY history_ledgers (sequence, ledger_hash, previous_ledger_hash, transaction_count, operation_count, closed_at, created_at, updated_at, id, importer_version) FROM stdin;
1	63d98f536ee68d1b27b5b89f23af5311b7569a24faf1403ad0b52b633b07be99	\N	0	0	1970-01-01 00:00:00	2015-10-07 23:07:59.367227	2015-10-07 23:07:59.367227	4294967296	2
2	950e5533fe577cfdacd03b0738dfa2f5f143dd783c6c84ef834cb60b4591d61e	63d98f536ee68d1b27b5b89f23af5311b7569a24faf1403ad0b52b633b07be99	4	4	2015-10-07 23:07:57	2015-10-07 23:07:59.378166	2015-10-07 23:07:59.378166	8589934592	2
3	656c850242bde8bdebe46e69013e69d0d5cb48d5734422751b549536d0887524	950e5533fe577cfdacd03b0738dfa2f5f143dd783c6c84ef834cb60b4591d61e	10	10	2015-10-07 23:07:58	2015-10-07 23:07:59.504973	2015-10-07 23:07:59.504973	12884901888	2
4	3f617acd0122470ff956fa09e36bad6e7bead14f4458998f824373bc64361891	656c850242bde8bdebe46e69013e69d0d5cb48d5734422751b549536d0887524	8	8	2015-10-07 23:07:59	2015-10-07 23:07:59.655184	2015-10-07 23:07:59.655184	17179869184	2
5	2228188045023d221c3c5816717071bd1e8d8a9c3a0e060b5e8ec1a113a7ac71	3f617acd0122470ff956fa09e36bad6e7bead14f4458998f824373bc64361891	10	10	2015-10-07 23:08:00	2015-10-07 23:07:59.789441	2015-10-07 23:07:59.789441	21474836480	2
\.


--
-- Data for Name: history_operation_participants; Type: TABLE DATA; Schema: public; Owner: -
--

COPY history_operation_participants (id, history_operation_id, history_account_id) FROM stdin;
107	8589938689	1
108	8589938689	8589938689
109	8589942785	1
110	8589942785	8589942785
111	8589946881	1
112	8589946881	8589946881
113	8589950977	1
114	8589950977	8589950977
115	12884905985	8589946881
116	12884910081	8589942785
117	12884914177	8589950977
118	12884918273	8589950977
119	12884922369	8589950977
120	12884926465	8589950977
121	12884930561	8589950977
122	12884934657	8589950977
123	12884938753	8589950977
124	12884942849	8589950977
125	17179873281	8589938689
126	17179873281	8589942785
127	17179877377	8589938689
128	17179877377	8589950977
129	17179881473	8589938689
130	17179881473	8589950977
131	17179885569	8589938689
132	17179885569	8589950977
133	17179889665	8589938689
134	17179889665	8589950977
135	17179893761	8589938689
136	17179893761	8589950977
137	17179897857	8589938689
138	17179897857	8589950977
139	17179901953	8589938689
140	17179901953	8589950977
141	21474840577	8589950977
142	21474844673	8589950977
143	21474848769	8589950977
144	21474852865	8589950977
145	21474856961	8589950977
146	21474861057	8589950977
147	21474865153	8589950977
148	21474869249	8589950977
149	21474873345	8589950977
150	21474877441	8589950977
\.


--
-- Name: history_operation_participants_id_seq; Type: SEQUENCE SET; Schema: public; Owner: -
--

SELECT pg_catalog.setval('history_operation_participants_id_seq', 150, true);


--
-- Data for Name: history_operations; Type: TABLE DATA; Schema: public; Owner: -
--

COPY history_operations (id, transaction_id, application_order, type, details, source_account) FROM stdin;
8589938689	8589938688	1	0	{"funder": "GBRPYHIL2CI3FNQ4BXLFMNDLFJUNPU2HY3ZMFSHONUCEOASW7QC7OX2H", "account": "GAVZL2RKWZNVYNB6Q6SMJL34FAJ24HQEVD67UHHMNH7C7HM4XWAG3OXQ", "starting_balance": "1000.0"}	GBRPYHIL2CI3FNQ4BXLFMNDLFJUNPU2HY3ZMFSHONUCEOASW7QC7OX2H
8589942785	8589942784	1	0	{"funder": "GBRPYHIL2CI3FNQ4BXLFMNDLFJUNPU2HY3ZMFSHONUCEOASW7QC7OX2H", "account": "GBU347QDBQUWYDYNLXU7MU6EPMUIQP6XXT5JNR7UBQLK4BJAXMO34TLN", "starting_balance": "1000.0"}	GBRPYHIL2CI3FNQ4BXLFMNDLFJUNPU2HY3ZMFSHONUCEOASW7QC7OX2H
8589946881	8589946880	1	0	{"funder": "GBRPYHIL2CI3FNQ4BXLFMNDLFJUNPU2HY3ZMFSHONUCEOASW7QC7OX2H", "account": "GDLBOCQX4D66LHO2IHXU7ZNDLGU57ITD67FXL4WR5NEYQC3QIV24FIYH", "starting_balance": "1000.0"}	GBRPYHIL2CI3FNQ4BXLFMNDLFJUNPU2HY3ZMFSHONUCEOASW7QC7OX2H
8589950977	8589950976	1	0	{"funder": "GBRPYHIL2CI3FNQ4BXLFMNDLFJUNPU2HY3ZMFSHONUCEOASW7QC7OX2H", "account": "GBOPZYJQ4VJRQZC3BOJ3EEIJYLVYKRGO2NOWPEQZYZYSU2NDYLD2OQ26", "starting_balance": "1000.0"}	GBRPYHIL2CI3FNQ4BXLFMNDLFJUNPU2HY3ZMFSHONUCEOASW7QC7OX2H
12884905985	12884905984	1	6	{"limit": "922337203685.4775807", "trustee": "GAVZL2RKWZNVYNB6Q6SMJL34FAJ24HQEVD67UHHMNH7C7HM4XWAG3OXQ", "trustor": "GDLBOCQX4D66LHO2IHXU7ZNDLGU57ITD67FXL4WR5NEYQC3QIV24FIYH", "asset_code": "EUR", "asset_type": "credit_alphanum4", "asset_issuer": "GAVZL2RKWZNVYNB6Q6SMJL34FAJ24HQEVD67UHHMNH7C7HM4XWAG3OXQ"}	GDLBOCQX4D66LHO2IHXU7ZNDLGU57ITD67FXL4WR5NEYQC3QIV24FIYH
12884910081	12884910080	1	6	{"limit": "922337203685.4775807", "trustee": "GAVZL2RKWZNVYNB6Q6SMJL34FAJ24HQEVD67UHHMNH7C7HM4XWAG3OXQ", "trustor": "GBU347QDBQUWYDYNLXU7MU6EPMUIQP6XXT5JNR7UBQLK4BJAXMO34TLN", "asset_code": "USD", "asset_type": "credit_alphanum4", "asset_issuer": "GAVZL2RKWZNVYNB6Q6SMJL34FAJ24HQEVD67UHHMNH7C7HM4XWAG3OXQ"}	GBU347QDBQUWYDYNLXU7MU6EPMUIQP6XXT5JNR7UBQLK4BJAXMO34TLN
12884914177	12884914176	1	6	{"limit": "922337203685.4775807", "trustee": "GAVZL2RKWZNVYNB6Q6SMJL34FAJ24HQEVD67UHHMNH7C7HM4XWAG3OXQ", "trustor": "GBOPZYJQ4VJRQZC3BOJ3EEIJYLVYKRGO2NOWPEQZYZYSU2NDYLD2OQ26", "asset_code": "USD", "asset_type": "credit_alphanum4", "asset_issuer": "GAVZL2RKWZNVYNB6Q6SMJL34FAJ24HQEVD67UHHMNH7C7HM4XWAG3OXQ"}	GBOPZYJQ4VJRQZC3BOJ3EEIJYLVYKRGO2NOWPEQZYZYSU2NDYLD2OQ26
12884918273	12884918272	1	6	{"limit": "922337203685.4775807", "trustee": "GAVZL2RKWZNVYNB6Q6SMJL34FAJ24HQEVD67UHHMNH7C7HM4XWAG3OXQ", "trustor": "GBOPZYJQ4VJRQZC3BOJ3EEIJYLVYKRGO2NOWPEQZYZYSU2NDYLD2OQ26", "asset_code": "EUR", "asset_type": "credit_alphanum4", "asset_issuer": "GAVZL2RKWZNVYNB6Q6SMJL34FAJ24HQEVD67UHHMNH7C7HM4XWAG3OXQ"}	GBOPZYJQ4VJRQZC3BOJ3EEIJYLVYKRGO2NOWPEQZYZYSU2NDYLD2OQ26
12884922369	12884922368	1	6	{"limit": "922337203685.4775807", "trustee": "GAVZL2RKWZNVYNB6Q6SMJL34FAJ24HQEVD67UHHMNH7C7HM4XWAG3OXQ", "trustor": "GBOPZYJQ4VJRQZC3BOJ3EEIJYLVYKRGO2NOWPEQZYZYSU2NDYLD2OQ26", "asset_code": "1", "asset_type": "credit_alphanum4", "asset_issuer": "GAVZL2RKWZNVYNB6Q6SMJL34FAJ24HQEVD67UHHMNH7C7HM4XWAG3OXQ"}	GBOPZYJQ4VJRQZC3BOJ3EEIJYLVYKRGO2NOWPEQZYZYSU2NDYLD2OQ26
12884926465	12884926464	1	6	{"limit": "922337203685.4775807", "trustee": "GAVZL2RKWZNVYNB6Q6SMJL34FAJ24HQEVD67UHHMNH7C7HM4XWAG3OXQ", "trustor": "GBOPZYJQ4VJRQZC3BOJ3EEIJYLVYKRGO2NOWPEQZYZYSU2NDYLD2OQ26", "asset_code": "21", "asset_type": "credit_alphanum4", "asset_issuer": "GAVZL2RKWZNVYNB6Q6SMJL34FAJ24HQEVD67UHHMNH7C7HM4XWAG3OXQ"}	GBOPZYJQ4VJRQZC3BOJ3EEIJYLVYKRGO2NOWPEQZYZYSU2NDYLD2OQ26
12884930561	12884930560	1	6	{"limit": "922337203685.4775807", "trustee": "GAVZL2RKWZNVYNB6Q6SMJL34FAJ24HQEVD67UHHMNH7C7HM4XWAG3OXQ", "trustor": "GBOPZYJQ4VJRQZC3BOJ3EEIJYLVYKRGO2NOWPEQZYZYSU2NDYLD2OQ26", "asset_code": "22", "asset_type": "credit_alphanum4", "asset_issuer": "GAVZL2RKWZNVYNB6Q6SMJL34FAJ24HQEVD67UHHMNH7C7HM4XWAG3OXQ"}	GBOPZYJQ4VJRQZC3BOJ3EEIJYLVYKRGO2NOWPEQZYZYSU2NDYLD2OQ26
12884934657	12884934656	1	6	{"limit": "922337203685.4775807", "trustee": "GAVZL2RKWZNVYNB6Q6SMJL34FAJ24HQEVD67UHHMNH7C7HM4XWAG3OXQ", "trustor": "GBOPZYJQ4VJRQZC3BOJ3EEIJYLVYKRGO2NOWPEQZYZYSU2NDYLD2OQ26", "asset_code": "31", "asset_type": "credit_alphanum4", "asset_issuer": "GAVZL2RKWZNVYNB6Q6SMJL34FAJ24HQEVD67UHHMNH7C7HM4XWAG3OXQ"}	GBOPZYJQ4VJRQZC3BOJ3EEIJYLVYKRGO2NOWPEQZYZYSU2NDYLD2OQ26
12884938753	12884938752	1	6	{"limit": "922337203685.4775807", "trustee": "GAVZL2RKWZNVYNB6Q6SMJL34FAJ24HQEVD67UHHMNH7C7HM4XWAG3OXQ", "trustor": "GBOPZYJQ4VJRQZC3BOJ3EEIJYLVYKRGO2NOWPEQZYZYSU2NDYLD2OQ26", "asset_code": "32", "asset_type": "credit_alphanum4", "asset_issuer": "GAVZL2RKWZNVYNB6Q6SMJL34FAJ24HQEVD67UHHMNH7C7HM4XWAG3OXQ"}	GBOPZYJQ4VJRQZC3BOJ3EEIJYLVYKRGO2NOWPEQZYZYSU2NDYLD2OQ26
12884942849	12884942848	1	6	{"limit": "922337203685.4775807", "trustee": "GAVZL2RKWZNVYNB6Q6SMJL34FAJ24HQEVD67UHHMNH7C7HM4XWAG3OXQ", "trustor": "GBOPZYJQ4VJRQZC3BOJ3EEIJYLVYKRGO2NOWPEQZYZYSU2NDYLD2OQ26", "asset_code": "33", "asset_type": "credit_alphanum4", "asset_issuer": "GAVZL2RKWZNVYNB6Q6SMJL34FAJ24HQEVD67UHHMNH7C7HM4XWAG3OXQ"}	GBOPZYJQ4VJRQZC3BOJ3EEIJYLVYKRGO2NOWPEQZYZYSU2NDYLD2OQ26
17179873281	17179873280	1	1	{"to": "GBU347QDBQUWYDYNLXU7MU6EPMUIQP6XXT5JNR7UBQLK4BJAXMO34TLN", "from": "GAVZL2RKWZNVYNB6Q6SMJL34FAJ24HQEVD67UHHMNH7C7HM4XWAG3OXQ", "amount": "5000.0", "asset_code": "USD", "asset_type": "credit_alphanum4", "asset_issuer": "GAVZL2RKWZNVYNB6Q6SMJL34FAJ24HQEVD67UHHMNH7C7HM4XWAG3OXQ"}	GAVZL2RKWZNVYNB6Q6SMJL34FAJ24HQEVD67UHHMNH7C7HM4XWAG3OXQ
17179877377	17179877376	1	1	{"to": "GBOPZYJQ4VJRQZC3BOJ3EEIJYLVYKRGO2NOWPEQZYZYSU2NDYLD2OQ26", "from": "GAVZL2RKWZNVYNB6Q6SMJL34FAJ24HQEVD67UHHMNH7C7HM4XWAG3OXQ", "amount": "5000.0", "asset_code": "EUR", "asset_type": "credit_alphanum4", "asset_issuer": "GAVZL2RKWZNVYNB6Q6SMJL34FAJ24HQEVD67UHHMNH7C7HM4XWAG3OXQ"}	GAVZL2RKWZNVYNB6Q6SMJL34FAJ24HQEVD67UHHMNH7C7HM4XWAG3OXQ
17179881473	17179881472	1	1	{"to": "GBOPZYJQ4VJRQZC3BOJ3EEIJYLVYKRGO2NOWPEQZYZYSU2NDYLD2OQ26", "from": "GAVZL2RKWZNVYNB6Q6SMJL34FAJ24HQEVD67UHHMNH7C7HM4XWAG3OXQ", "amount": "5000.0", "asset_code": "1", "asset_type": "credit_alphanum4", "asset_issuer": "GAVZL2RKWZNVYNB6Q6SMJL34FAJ24HQEVD67UHHMNH7C7HM4XWAG3OXQ"}	GAVZL2RKWZNVYNB6Q6SMJL34FAJ24HQEVD67UHHMNH7C7HM4XWAG3OXQ
17179885569	17179885568	1	1	{"to": "GBOPZYJQ4VJRQZC3BOJ3EEIJYLVYKRGO2NOWPEQZYZYSU2NDYLD2OQ26", "from": "GAVZL2RKWZNVYNB6Q6SMJL34FAJ24HQEVD67UHHMNH7C7HM4XWAG3OXQ", "amount": "5000.0", "asset_code": "21", "asset_type": "credit_alphanum4", "asset_issuer": "GAVZL2RKWZNVYNB6Q6SMJL34FAJ24HQEVD67UHHMNH7C7HM4XWAG3OXQ"}	GAVZL2RKWZNVYNB6Q6SMJL34FAJ24HQEVD67UHHMNH7C7HM4XWAG3OXQ
17179889665	17179889664	1	1	{"to": "GBOPZYJQ4VJRQZC3BOJ3EEIJYLVYKRGO2NOWPEQZYZYSU2NDYLD2OQ26", "from": "GAVZL2RKWZNVYNB6Q6SMJL34FAJ24HQEVD67UHHMNH7C7HM4XWAG3OXQ", "amount": "5000.0", "asset_code": "22", "asset_type": "credit_alphanum4", "asset_issuer": "GAVZL2RKWZNVYNB6Q6SMJL34FAJ24HQEVD67UHHMNH7C7HM4XWAG3OXQ"}	GAVZL2RKWZNVYNB6Q6SMJL34FAJ24HQEVD67UHHMNH7C7HM4XWAG3OXQ
17179893761	17179893760	1	1	{"to": "GBOPZYJQ4VJRQZC3BOJ3EEIJYLVYKRGO2NOWPEQZYZYSU2NDYLD2OQ26", "from": "GAVZL2RKWZNVYNB6Q6SMJL34FAJ24HQEVD67UHHMNH7C7HM4XWAG3OXQ", "amount": "5000.0", "asset_code": "31", "asset_type": "credit_alphanum4", "asset_issuer": "GAVZL2RKWZNVYNB6Q6SMJL34FAJ24HQEVD67UHHMNH7C7HM4XWAG3OXQ"}	GAVZL2RKWZNVYNB6Q6SMJL34FAJ24HQEVD67UHHMNH7C7HM4XWAG3OXQ
17179897857	17179897856	1	1	{"to": "GBOPZYJQ4VJRQZC3BOJ3EEIJYLVYKRGO2NOWPEQZYZYSU2NDYLD2OQ26", "from": "GAVZL2RKWZNVYNB6Q6SMJL34FAJ24HQEVD67UHHMNH7C7HM4XWAG3OXQ", "amount": "5000.0", "asset_code": "32", "asset_type": "credit_alphanum4", "asset_issuer": "GAVZL2RKWZNVYNB6Q6SMJL34FAJ24HQEVD67UHHMNH7C7HM4XWAG3OXQ"}	GAVZL2RKWZNVYNB6Q6SMJL34FAJ24HQEVD67UHHMNH7C7HM4XWAG3OXQ
17179901953	17179901952	1	1	{"to": "GBOPZYJQ4VJRQZC3BOJ3EEIJYLVYKRGO2NOWPEQZYZYSU2NDYLD2OQ26", "from": "GAVZL2RKWZNVYNB6Q6SMJL34FAJ24HQEVD67UHHMNH7C7HM4XWAG3OXQ", "amount": "5000.0", "asset_code": "33", "asset_type": "credit_alphanum4", "asset_issuer": "GAVZL2RKWZNVYNB6Q6SMJL34FAJ24HQEVD67UHHMNH7C7HM4XWAG3OXQ"}	GAVZL2RKWZNVYNB6Q6SMJL34FAJ24HQEVD67UHHMNH7C7HM4XWAG3OXQ
21474840577	21474840576	1	3	{"price": "1.0", "amount": "10.0", "price_r": {"d": 1, "n": 1}, "offer_id": 0, "buying_asset_code": "USD", "buying_asset_type": "credit_alphanum4", "selling_asset_code": "EUR", "selling_asset_type": "credit_alphanum4", "buying_asset_issuer": "GAVZL2RKWZNVYNB6Q6SMJL34FAJ24HQEVD67UHHMNH7C7HM4XWAG3OXQ", "selling_asset_issuer": "GAVZL2RKWZNVYNB6Q6SMJL34FAJ24HQEVD67UHHMNH7C7HM4XWAG3OXQ"}	GBOPZYJQ4VJRQZC3BOJ3EEIJYLVYKRGO2NOWPEQZYZYSU2NDYLD2OQ26
21474844673	21474844672	1	3	{"price": "1.0", "amount": "20.0", "price_r": {"d": 1, "n": 1}, "offer_id": 0, "buying_asset_code": "USD", "buying_asset_type": "credit_alphanum4", "selling_asset_code": "1", "selling_asset_type": "credit_alphanum4", "buying_asset_issuer": "GAVZL2RKWZNVYNB6Q6SMJL34FAJ24HQEVD67UHHMNH7C7HM4XWAG3OXQ", "selling_asset_issuer": "GAVZL2RKWZNVYNB6Q6SMJL34FAJ24HQEVD67UHHMNH7C7HM4XWAG3OXQ"}	GBOPZYJQ4VJRQZC3BOJ3EEIJYLVYKRGO2NOWPEQZYZYSU2NDYLD2OQ26
21474848769	21474848768	1	3	{"price": "1.0", "amount": "20.0", "price_r": {"d": 1, "n": 1}, "offer_id": 0, "buying_asset_code": "1", "buying_asset_type": "credit_alphanum4", "selling_asset_code": "EUR", "selling_asset_type": "credit_alphanum4", "buying_asset_issuer": "GAVZL2RKWZNVYNB6Q6SMJL34FAJ24HQEVD67UHHMNH7C7HM4XWAG3OXQ", "selling_asset_issuer": "GAVZL2RKWZNVYNB6Q6SMJL34FAJ24HQEVD67UHHMNH7C7HM4XWAG3OXQ"}	GBOPZYJQ4VJRQZC3BOJ3EEIJYLVYKRGO2NOWPEQZYZYSU2NDYLD2OQ26
21474852865	21474852864	1	3	{"price": "1.0", "amount": "30.0", "price_r": {"d": 1, "n": 1}, "offer_id": 0, "buying_asset_code": "USD", "buying_asset_type": "credit_alphanum4", "selling_asset_code": "21", "selling_asset_type": "credit_alphanum4", "buying_asset_issuer": "GAVZL2RKWZNVYNB6Q6SMJL34FAJ24HQEVD67UHHMNH7C7HM4XWAG3OXQ", "selling_asset_issuer": "GAVZL2RKWZNVYNB6Q6SMJL34FAJ24HQEVD67UHHMNH7C7HM4XWAG3OXQ"}	GBOPZYJQ4VJRQZC3BOJ3EEIJYLVYKRGO2NOWPEQZYZYSU2NDYLD2OQ26
21474856961	21474856960	1	3	{"price": "1.0", "amount": "30.0", "price_r": {"d": 1, "n": 1}, "offer_id": 0, "buying_asset_code": "21", "buying_asset_type": "credit_alphanum4", "selling_asset_code": "22", "selling_asset_type": "credit_alphanum4", "buying_asset_issuer": "GAVZL2RKWZNVYNB6Q6SMJL34FAJ24HQEVD67UHHMNH7C7HM4XWAG3OXQ", "selling_asset_issuer": "GAVZL2RKWZNVYNB6Q6SMJL34FAJ24HQEVD67UHHMNH7C7HM4XWAG3OXQ"}	GBOPZYJQ4VJRQZC3BOJ3EEIJYLVYKRGO2NOWPEQZYZYSU2NDYLD2OQ26
21474861057	21474861056	1	3	{"price": "1.0", "amount": "30.0", "price_r": {"d": 1, "n": 1}, "offer_id": 0, "buying_asset_code": "22", "buying_asset_type": "credit_alphanum4", "selling_asset_code": "EUR", "selling_asset_type": "credit_alphanum4", "buying_asset_issuer": "GAVZL2RKWZNVYNB6Q6SMJL34FAJ24HQEVD67UHHMNH7C7HM4XWAG3OXQ", "selling_asset_issuer": "GAVZL2RKWZNVYNB6Q6SMJL34FAJ24HQEVD67UHHMNH7C7HM4XWAG3OXQ"}	GBOPZYJQ4VJRQZC3BOJ3EEIJYLVYKRGO2NOWPEQZYZYSU2NDYLD2OQ26
21474865153	21474865152	1	3	{"price": "1.0", "amount": "40.0", "price_r": {"d": 1, "n": 1}, "offer_id": 0, "buying_asset_code": "USD", "buying_asset_type": "credit_alphanum4", "selling_asset_code": "31", "selling_asset_type": "credit_alphanum4", "buying_asset_issuer": "GAVZL2RKWZNVYNB6Q6SMJL34FAJ24HQEVD67UHHMNH7C7HM4XWAG3OXQ", "selling_asset_issuer": "GAVZL2RKWZNVYNB6Q6SMJL34FAJ24HQEVD67UHHMNH7C7HM4XWAG3OXQ"}	GBOPZYJQ4VJRQZC3BOJ3EEIJYLVYKRGO2NOWPEQZYZYSU2NDYLD2OQ26
21474869249	21474869248	1	3	{"price": "1.0", "amount": "40.0", "price_r": {"d": 1, "n": 1}, "offer_id": 0, "buying_asset_code": "31", "buying_asset_type": "credit_alphanum4", "selling_asset_code": "32", "selling_asset_type": "credit_alphanum4", "buying_asset_issuer": "GAVZL2RKWZNVYNB6Q6SMJL34FAJ24HQEVD67UHHMNH7C7HM4XWAG3OXQ", "selling_asset_issuer": "GAVZL2RKWZNVYNB6Q6SMJL34FAJ24HQEVD67UHHMNH7C7HM4XWAG3OXQ"}	GBOPZYJQ4VJRQZC3BOJ3EEIJYLVYKRGO2NOWPEQZYZYSU2NDYLD2OQ26
21474873345	21474873344	1	3	{"price": "1.0", "amount": "40.0", "price_r": {"d": 1, "n": 1}, "offer_id": 0, "buying_asset_code": "32", "buying_asset_type": "credit_alphanum4", "selling_asset_code": "33", "selling_asset_type": "credit_alphanum4", "buying_asset_issuer": "GAVZL2RKWZNVYNB6Q6SMJL34FAJ24HQEVD67UHHMNH7C7HM4XWAG3OXQ", "selling_asset_issuer": "GAVZL2RKWZNVYNB6Q6SMJL34FAJ24HQEVD67UHHMNH7C7HM4XWAG3OXQ"}	GBOPZYJQ4VJRQZC3BOJ3EEIJYLVYKRGO2NOWPEQZYZYSU2NDYLD2OQ26
21474877441	21474877440	1	3	{"price": "1.0", "amount": "40.0", "price_r": {"d": 1, "n": 1}, "offer_id": 0, "buying_asset_code": "33", "buying_asset_type": "credit_alphanum4", "selling_asset_code": "EUR", "selling_asset_type": "credit_alphanum4", "buying_asset_issuer": "GAVZL2RKWZNVYNB6Q6SMJL34FAJ24HQEVD67UHHMNH7C7HM4XWAG3OXQ", "selling_asset_issuer": "GAVZL2RKWZNVYNB6Q6SMJL34FAJ24HQEVD67UHHMNH7C7HM4XWAG3OXQ"}	GBOPZYJQ4VJRQZC3BOJ3EEIJYLVYKRGO2NOWPEQZYZYSU2NDYLD2OQ26
\.


--
-- Data for Name: history_transaction_participants; Type: TABLE DATA; Schema: public; Owner: -
--

COPY history_transaction_participants (id, transaction_hash, account, created_at, updated_at) FROM stdin;
82	835aa4809dd441849971233955daaad6506f86a0f0cfbc384f1fa2ad52d3ec65	GAVZL2RKWZNVYNB6Q6SMJL34FAJ24HQEVD67UHHMNH7C7HM4XWAG3OXQ	2015-10-07 23:07:59.386827	2015-10-07 23:07:59.386827
83	835aa4809dd441849971233955daaad6506f86a0f0cfbc384f1fa2ad52d3ec65	GBRPYHIL2CI3FNQ4BXLFMNDLFJUNPU2HY3ZMFSHONUCEOASW7QC7OX2H	2015-10-07 23:07:59.388359	2015-10-07 23:07:59.388359
84	98bd23b9e71e41b5a0f755c0549c67af118fb75fce89dab4641469d2b7eca489	GBU347QDBQUWYDYNLXU7MU6EPMUIQP6XXT5JNR7UBQLK4BJAXMO34TLN	2015-10-07 23:07:59.413498	2015-10-07 23:07:59.413498
85	98bd23b9e71e41b5a0f755c0549c67af118fb75fce89dab4641469d2b7eca489	GBRPYHIL2CI3FNQ4BXLFMNDLFJUNPU2HY3ZMFSHONUCEOASW7QC7OX2H	2015-10-07 23:07:59.414656	2015-10-07 23:07:59.414656
86	550e032a5505d4758cfeea1b8a177ed350ce02edc9f09e0453805033b8595b00	GDLBOCQX4D66LHO2IHXU7ZNDLGU57ITD67FXL4WR5NEYQC3QIV24FIYH	2015-10-07 23:07:59.442014	2015-10-07 23:07:59.442014
87	550e032a5505d4758cfeea1b8a177ed350ce02edc9f09e0453805033b8595b00	GBRPYHIL2CI3FNQ4BXLFMNDLFJUNPU2HY3ZMFSHONUCEOASW7QC7OX2H	2015-10-07 23:07:59.443229	2015-10-07 23:07:59.443229
88	1802986eb8a187744f31e6873f8eb57225ba8684347c1416a63da5ba8912f568	GBOPZYJQ4VJRQZC3BOJ3EEIJYLVYKRGO2NOWPEQZYZYSU2NDYLD2OQ26	2015-10-07 23:07:59.467452	2015-10-07 23:07:59.467452
89	1802986eb8a187744f31e6873f8eb57225ba8684347c1416a63da5ba8912f568	GBRPYHIL2CI3FNQ4BXLFMNDLFJUNPU2HY3ZMFSHONUCEOASW7QC7OX2H	2015-10-07 23:07:59.468541	2015-10-07 23:07:59.468541
90	a12c6dc7baa09a5ca7cde7a0c19a62ef9caf57892b0140f56bba37c082c2bac8	GDLBOCQX4D66LHO2IHXU7ZNDLGU57ITD67FXL4WR5NEYQC3QIV24FIYH	2015-10-07 23:07:59.510628	2015-10-07 23:07:59.510628
91	a87989edca2c7e85017f7fc8a0871c1de2c0b500799b693c7aa29653c030cf2c	GBU347QDBQUWYDYNLXU7MU6EPMUIQP6XXT5JNR7UBQLK4BJAXMO34TLN	2015-10-07 23:07:59.522539	2015-10-07 23:07:59.522539
92	f4e043ef605cd618cddaf1461b3dc83220bd8aacdfbe60c990763517e75191a1	GBOPZYJQ4VJRQZC3BOJ3EEIJYLVYKRGO2NOWPEQZYZYSU2NDYLD2OQ26	2015-10-07 23:07:59.548598	2015-10-07 23:07:59.548598
93	7ec51ea9198684b0bb433139839fd773afd2e7d79e07102492cbf6df40eefe12	GBOPZYJQ4VJRQZC3BOJ3EEIJYLVYKRGO2NOWPEQZYZYSU2NDYLD2OQ26	2015-10-07 23:07:59.56169	2015-10-07 23:07:59.56169
94	86d481de4846db02195df87a6fb8901a01a5d4f2d0b616a45654714f7d530309	GBOPZYJQ4VJRQZC3BOJ3EEIJYLVYKRGO2NOWPEQZYZYSU2NDYLD2OQ26	2015-10-07 23:07:59.574375	2015-10-07 23:07:59.574375
95	c43856c1be5a9e53e09c1aad396148760a446c6e55e71e01567f9db7584efe4c	GBOPZYJQ4VJRQZC3BOJ3EEIJYLVYKRGO2NOWPEQZYZYSU2NDYLD2OQ26	2015-10-07 23:07:59.587109	2015-10-07 23:07:59.587109
96	fb49fefea10ff3d5b9cc2c5ebe8664858004f0902476491a229fb26c8c187e2e	GBOPZYJQ4VJRQZC3BOJ3EEIJYLVYKRGO2NOWPEQZYZYSU2NDYLD2OQ26	2015-10-07 23:07:59.599374	2015-10-07 23:07:59.599374
97	0bc6a0878d0fc5b1d02c5361cbf42d1a3c4c0e54bdc5e619cea5a16dee8ae81e	GBOPZYJQ4VJRQZC3BOJ3EEIJYLVYKRGO2NOWPEQZYZYSU2NDYLD2OQ26	2015-10-07 23:07:59.612648	2015-10-07 23:07:59.612648
98	31fc8cdb206fd22ec00fd17ddd3cdde60e80aff756566687f7e63eb3a189b7b7	GBOPZYJQ4VJRQZC3BOJ3EEIJYLVYKRGO2NOWPEQZYZYSU2NDYLD2OQ26	2015-10-07 23:07:59.62536	2015-10-07 23:07:59.62536
99	7f94055d14450d0fdbf3efe76be8d934f6002fa84800d7951609ec8b5c0f102f	GBOPZYJQ4VJRQZC3BOJ3EEIJYLVYKRGO2NOWPEQZYZYSU2NDYLD2OQ26	2015-10-07 23:07:59.637717	2015-10-07 23:07:59.637717
100	92a6c2ba9760f33bed7fd5dfba110495348fcb5d0d7a32285901a197bd77ef78	GBOPZYJQ4VJRQZC3BOJ3EEIJYLVYKRGO2NOWPEQZYZYSU2NDYLD2OQ26	2015-10-07 23:07:59.796147	2015-10-07 23:07:59.796147
101	5cdeafc347d01cc73ca229addb32ea1fdd005d52dee955c33f45771ec21dc944	GBOPZYJQ4VJRQZC3BOJ3EEIJYLVYKRGO2NOWPEQZYZYSU2NDYLD2OQ26	2015-10-07 23:07:59.806008	2015-10-07 23:07:59.806008
102	615814b9dbe2da6996583506cfaf6be2629a33619a7cb92ba40bd83548a3d04b	GBOPZYJQ4VJRQZC3BOJ3EEIJYLVYKRGO2NOWPEQZYZYSU2NDYLD2OQ26	2015-10-07 23:07:59.81517	2015-10-07 23:07:59.81517
103	b62536290de1e619f9fc29ac1b334fe38aff046f9d35256d78c73ce111469a6d	GBOPZYJQ4VJRQZC3BOJ3EEIJYLVYKRGO2NOWPEQZYZYSU2NDYLD2OQ26	2015-10-07 23:07:59.824438	2015-10-07 23:07:59.824438
104	bcde9081ada73ed805a55d8950ea843a1e03e8744026938f81f57bd75f84be26	GBOPZYJQ4VJRQZC3BOJ3EEIJYLVYKRGO2NOWPEQZYZYSU2NDYLD2OQ26	2015-10-07 23:07:59.834263	2015-10-07 23:07:59.834263
105	b96502994bcdba30fa06709e482a4b0836e18d6199ba2615e3da1d81993ab43d	GBOPZYJQ4VJRQZC3BOJ3EEIJYLVYKRGO2NOWPEQZYZYSU2NDYLD2OQ26	2015-10-07 23:07:59.843522	2015-10-07 23:07:59.843522
106	270d75e32d7b5dcb78a45bf74ceb14284c8379516e9e9280159cebbcabbfc3d4	GBOPZYJQ4VJRQZC3BOJ3EEIJYLVYKRGO2NOWPEQZYZYSU2NDYLD2OQ26	2015-10-07 23:07:59.854303	2015-10-07 23:07:59.854303
107	5246b1654bb469d404adcf922bb4fce4a58aa0725de792ab236a76b4eb086ef0	GBOPZYJQ4VJRQZC3BOJ3EEIJYLVYKRGO2NOWPEQZYZYSU2NDYLD2OQ26	2015-10-07 23:07:59.864917	2015-10-07 23:07:59.864917
108	270f5276486296de832992748742c8c31caa417d55cbf67757cc88a17defdb35	GBOPZYJQ4VJRQZC3BOJ3EEIJYLVYKRGO2NOWPEQZYZYSU2NDYLD2OQ26	2015-10-07 23:07:59.874446	2015-10-07 23:07:59.874446
109	90a88d0eb3a9fdfb8b474010acea7850011be438bb031a6c1df8c54cba260c9a	GBOPZYJQ4VJRQZC3BOJ3EEIJYLVYKRGO2NOWPEQZYZYSU2NDYLD2OQ26	2015-10-07 23:07:59.884092	2015-10-07 23:07:59.884092
\.


--
-- Name: history_transaction_participants_id_seq; Type: SEQUENCE SET; Schema: public; Owner: -
--

SELECT pg_catalog.setval('history_transaction_participants_id_seq', 109, true);


--
-- Data for Name: history_transaction_statuses; Type: TABLE DATA; Schema: public; Owner: -
--

COPY history_transaction_statuses (id, result_code_s, result_code) FROM stdin;
\.


--
-- Name: history_transaction_statuses_id_seq; Type: SEQUENCE SET; Schema: public; Owner: -
--

SELECT pg_catalog.setval('history_transaction_statuses_id_seq', 1, false);


--
-- Data for Name: history_transactions; Type: TABLE DATA; Schema: public; Owner: -
--

COPY history_transactions (transaction_hash, ledger_sequence, application_order, account, account_sequence, max_fee, fee_paid, operation_count, created_at, updated_at, id, tx_envelope, tx_result, tx_meta, tx_fee_meta, signatures, memo_type, memo, time_bounds) FROM stdin;
835aa4809dd441849971233955daaad6506f86a0f0cfbc384f1fa2ad52d3ec65	2	1	GBRPYHIL2CI3FNQ4BXLFMNDLFJUNPU2HY3ZMFSHONUCEOASW7QC7OX2H	1	0	0	1	2015-10-07 23:07:59.384042	2015-10-07 23:07:59.384042	8589938688	AAAAAGL8HQvQkbK2HA3WVjRrKmjX00fG8sLI7m0ERwJW/AX3AAAAZAAAAAAAAAABAAAAAAAAAAAAAAABAAAAAAAAAAAAAAAAK5XqKrZbXDQ+h6TEr3woE64eBKj9+hzsaf4vnZy9gG0AAAACVAvkAAAAAAAAAAABVvwF9wAAAEBpikG2oIWHxtqdFq6qDriFT20BH5/ykEBShWXqJcSUAkkKmUqEwVFBMz+vz1nnirjvDdGnbJBm9k0hh7rX7jUP	AAAAAAAAAGQAAAAAAAAAAQAAAAAAAAAAAAAAAAAAAAA=	AAAAAAAAAAEAAAACAAAAAAAAAAIAAAAAAAAAACuV6iq2W1w0PoekxK98KBOuHgSo/foc7Gn+L52cvYBtAAAAAlQL5AAAAAACAAAAAAAAAAAAAAAAAAAAAAAAAAABAAAAAAAAAAAAAAAAAAAAAAAAAQAAAAIAAAAAAAAAAGL8HQvQkbK2HA3WVjRrKmjX00fG8sLI7m0ERwJW/AX3DeC2sVNYGnAAAAAAAAAABAAAAAAAAAAAAAAAAAAAAAABAAAAAAAAAAAAAAAAAAAA	AAAAAQAAAAEAAAACAAAAAAAAAABi/B0L0JGythwN1lY0aypo19NHxvLCyO5tBEcCVvwF9w3gtrOnY/+cAAAAAAAAAAEAAAAAAAAAAAAAAAAAAAAAAQAAAAAAAAAAAAAAAAAAAA==	{aYpBtqCFh8banRauqg64hU9tAR+f8pBAUoVl6iXElAJJCplKhMFRQTM/r89Z54q47w3Rp2yQZvZNIYe61+41Dw==}	none	\N	\N
98bd23b9e71e41b5a0f755c0549c67af118fb75fce89dab4641469d2b7eca489	2	2	GBRPYHIL2CI3FNQ4BXLFMNDLFJUNPU2HY3ZMFSHONUCEOASW7QC7OX2H	2	0	0	1	2015-10-07 23:07:59.410976	2015-10-07 23:07:59.410976	8589942784	AAAAAGL8HQvQkbK2HA3WVjRrKmjX00fG8sLI7m0ERwJW/AX3AAAAZAAAAAAAAAACAAAAAAAAAAAAAAABAAAAAAAAAAAAAAAAab5+AwwpbA8NXen2U8R7KIg/17z6lsf0DBauBSC7Hb4AAAACVAvkAAAAAAAAAAABVvwF9wAAAEBfULnF8srjkPhmlS2GVvGwRjsG0fQdF26W9W0M0u46HBbG3yziiHA4wnTD1hRQRgE2Y54IuQzo2EwiaB2XnIkA	AAAAAAAAAGQAAAAAAAAAAQAAAAAAAAAAAAAAAAAAAAA=	AAAAAAAAAAEAAAACAAAAAAAAAAIAAAAAAAAAAGm+fgMMKWwPDV3p9lPEeyiIP9e8+pbH9AwWrgUgux2+AAAAAlQL5AAAAAACAAAAAAAAAAAAAAAAAAAAAAAAAAABAAAAAAAAAAAAAAAAAAAAAAAAAQAAAAIAAAAAAAAAAGL8HQvQkbK2HA3WVjRrKmjX00fG8sLI7m0ERwJW/AX3DeC2rv9MNnAAAAAAAAAABAAAAAAAAAAAAAAAAAAAAAABAAAAAAAAAAAAAAAAAAAA	AAAAAQAAAAEAAAACAAAAAAAAAABi/B0L0JGythwN1lY0aypo19NHxvLCyO5tBEcCVvwF9w3gtrOnY/84AAAAAAAAAAIAAAAAAAAAAAAAAAAAAAAAAQAAAAAAAAAAAAAAAAAAAA==	{X1C5xfLK45D4ZpUthlbxsEY7BtH0HRdulvVtDNLuOhwWxt8s4ohwOMJ0w9YUUEYBNmOeCLkM6NhMImgdl5yJAA==}	none	\N	\N
550e032a5505d4758cfeea1b8a177ed350ce02edc9f09e0453805033b8595b00	2	3	GBRPYHIL2CI3FNQ4BXLFMNDLFJUNPU2HY3ZMFSHONUCEOASW7QC7OX2H	3	0	0	1	2015-10-07 23:07:59.439833	2015-10-07 23:07:59.439833	8589946880	AAAAAGL8HQvQkbK2HA3WVjRrKmjX00fG8sLI7m0ERwJW/AX3AAAAZAAAAAAAAAADAAAAAAAAAAAAAAABAAAAAAAAAAAAAAAA1hcKF+D95Z3aQe9P5aNZqd+iY/fLdfLR60mIC3BFdcIAAAACVAvkAAAAAAAAAAABVvwF9wAAAEA8bBkVCsS3p9KLkHLfeV7vpT0GE6I6ySS1+P45itiv+hrg3QodigT2boItEvbd30iV3yRRZHEzf+dv8BxZjYgK	AAAAAAAAAGQAAAAAAAAAAQAAAAAAAAAAAAAAAAAAAAA=	AAAAAAAAAAEAAAACAAAAAAAAAAIAAAAAAAAAANYXChfg/eWd2kHvT+WjWanfomP3y3Xy0etJiAtwRXXCAAAAAlQL5AAAAAACAAAAAAAAAAAAAAAAAAAAAAAAAAABAAAAAAAAAAAAAAAAAAAAAAAAAQAAAAIAAAAAAAAAAGL8HQvQkbK2HA3WVjRrKmjX00fG8sLI7m0ERwJW/AX3DeC2rKtAUnAAAAAAAAAABAAAAAAAAAAAAAAAAAAAAAABAAAAAAAAAAAAAAAAAAAA	AAAAAQAAAAEAAAACAAAAAAAAAABi/B0L0JGythwN1lY0aypo19NHxvLCyO5tBEcCVvwF9w3gtrOnY/7UAAAAAAAAAAMAAAAAAAAAAAAAAAAAAAAAAQAAAAAAAAAAAAAAAAAAAA==	{PGwZFQrEt6fSi5By33le76U9BhOiOskktfj+OYrYr/oa4N0KHYoE9m6CLRL23d9Ild8kUWRxM3/nb/AcWY2ICg==}	none	\N	\N
1802986eb8a187744f31e6873f8eb57225ba8684347c1416a63da5ba8912f568	2	4	GBRPYHIL2CI3FNQ4BXLFMNDLFJUNPU2HY3ZMFSHONUCEOASW7QC7OX2H	4	0	0	1	2015-10-07 23:07:59.465245	2015-10-07 23:07:59.465245	8589950976	AAAAAGL8HQvQkbK2HA3WVjRrKmjX00fG8sLI7m0ERwJW/AX3AAAAZAAAAAAAAAAEAAAAAAAAAAAAAAABAAAAAAAAAAAAAAAAXPzhMOVTGGRbC5OyEQnC64VEztNdZ5IZxnEqaaPCx6cAAAACVAvkAAAAAAAAAAABVvwF9wAAAECyFbXx2tAub4S/X7ZQ6UIlZm24A/vbGVd/kxywpF+rzWD4ykog42SZ9qMP3Zvg4PSBzBdiwL+rlOBISJWE1PcG	AAAAAAAAAGQAAAAAAAAAAQAAAAAAAAAAAAAAAAAAAAA=	AAAAAAAAAAEAAAACAAAAAAAAAAIAAAAAAAAAAFz84TDlUxhkWwuTshEJwuuFRM7TXWeSGcZxKmmjwsenAAAAAlQL5AAAAAACAAAAAAAAAAAAAAAAAAAAAAAAAAABAAAAAAAAAAAAAAAAAAAAAAAAAQAAAAIAAAAAAAAAAGL8HQvQkbK2HA3WVjRrKmjX00fG8sLI7m0ERwJW/AX3DeC2qlc0bnAAAAAAAAAABAAAAAAAAAAAAAAAAAAAAAABAAAAAAAAAAAAAAAAAAAA	AAAAAQAAAAEAAAACAAAAAAAAAABi/B0L0JGythwN1lY0aypo19NHxvLCyO5tBEcCVvwF9w3gtrOnY/5wAAAAAAAAAAQAAAAAAAAAAAAAAAAAAAAAAQAAAAAAAAAAAAAAAAAAAA==	{shW18drQLm+Ev1+2UOlCJWZtuAP72xlXf5McsKRfq81g+MpKIONkmfajD92b4OD0gcwXYsC/q5TgSEiVhNT3Bg==}	none	\N	\N
a12c6dc7baa09a5ca7cde7a0c19a62ef9caf57892b0140f56bba37c082c2bac8	3	1	GDLBOCQX4D66LHO2IHXU7ZNDLGU57ITD67FXL4WR5NEYQC3QIV24FIYH	8589934593	0	0	1	2015-10-07 23:07:59.508691	2015-10-07 23:07:59.508691	12884905984	AAAAANYXChfg/eWd2kHvT+WjWanfomP3y3Xy0etJiAtwRXXCAAAAZAAAAAIAAAABAAAAAAAAAAAAAAABAAAAAAAAAAYAAAABRVVSAAAAAAArleoqtltcND6HpMSvfCgTrh4EqP36HOxp/i+dnL2AbX//////////AAAAAAAAAAFwRXXCAAAAQDt4FeC1fYgGLIQ+wY5rRkpey0+QTI7rLlkjrFiWoL/QwK3+paDod1aGqyFClm13Yhib2t5VAw8F0I0JV5ZYFgw=	AAAAAAAAAGQAAAAAAAAAAQAAAAAAAAAGAAAAAAAAAAA=	AAAAAAAAAAEAAAACAAAAAAAAAAMAAAABAAAAANYXChfg/eWd2kHvT+WjWanfomP3y3Xy0etJiAtwRXXCAAAAAUVVUgAAAAAAK5XqKrZbXDQ+h6TEr3woE64eBKj9+hzsaf4vnZy9gG0AAAAAAAAAAH//////////AAAAAQAAAAAAAAAAAAAAAQAAAAMAAAAAAAAAANYXChfg/eWd2kHvT+WjWanfomP3y3Xy0etJiAtwRXXCAAAAAlQL45wAAAACAAAAAQAAAAEAAAAAAAAAAAAAAAABAAAAAAAAAAAAAAAAAAAA	AAAAAQAAAAEAAAADAAAAAAAAAADWFwoX4P3lndpB70/lo1mp36Jj98t18tHrSYgLcEV1wgAAAAJUC+OcAAAAAgAAAAEAAAAAAAAAAAAAAAAAAAAAAQAAAAAAAAAAAAAAAAAAAA==	{O3gV4LV9iAYshD7BjmtGSl7LT5BMjusuWSOsWJagv9DArf6loOh3VoarIUKWbXdiGJva3lUDDwXQjQlXllgWDA==}	none	\N	\N
a87989edca2c7e85017f7fc8a0871c1de2c0b500799b693c7aa29653c030cf2c	3	2	GBU347QDBQUWYDYNLXU7MU6EPMUIQP6XXT5JNR7UBQLK4BJAXMO34TLN	8589934593	0	0	1	2015-10-07 23:07:59.520806	2015-10-07 23:07:59.520806	12884910080	AAAAAGm+fgMMKWwPDV3p9lPEeyiIP9e8+pbH9AwWrgUgux2+AAAAZAAAAAIAAAABAAAAAAAAAAAAAAABAAAAAAAAAAYAAAABVVNEAAAAAAArleoqtltcND6HpMSvfCgTrh4EqP36HOxp/i+dnL2AbX//////////AAAAAAAAAAEgux2+AAAAQDXGRFeg9i+RiAsCbdaCqSphLM7CSXUHNjNFX9QUcA0OEWnAKzD0fGL3UNx/lwg3sWUCJ1xiwGuXn63YF5lGCQk=	AAAAAAAAAGQAAAAAAAAAAQAAAAAAAAAGAAAAAAAAAAA=	AAAAAAAAAAEAAAACAAAAAAAAAAMAAAABAAAAAGm+fgMMKWwPDV3p9lPEeyiIP9e8+pbH9AwWrgUgux2+AAAAAVVTRAAAAAAAK5XqKrZbXDQ+h6TEr3woE64eBKj9+hzsaf4vnZy9gG0AAAAAAAAAAH//////////AAAAAQAAAAAAAAAAAAAAAQAAAAMAAAAAAAAAAGm+fgMMKWwPDV3p9lPEeyiIP9e8+pbH9AwWrgUgux2+AAAAAlQL45wAAAACAAAAAQAAAAEAAAAAAAAAAAAAAAABAAAAAAAAAAAAAAAAAAAA	AAAAAQAAAAEAAAADAAAAAAAAAABpvn4DDClsDw1d6fZTxHsoiD/XvPqWx/QMFq4FILsdvgAAAAJUC+OcAAAAAgAAAAEAAAAAAAAAAAAAAAAAAAAAAQAAAAAAAAAAAAAAAAAAAA==	{NcZEV6D2L5GICwJt1oKpKmEszsJJdQc2M0Vf1BRwDQ4RacArMPR8YvdQ3H+XCDexZQInXGLAa5efrdgXmUYJCQ==}	none	\N	\N
f4e043ef605cd618cddaf1461b3dc83220bd8aacdfbe60c990763517e75191a1	3	3	GBOPZYJQ4VJRQZC3BOJ3EEIJYLVYKRGO2NOWPEQZYZYSU2NDYLD2OQ26	8589934593	0	0	1	2015-10-07 23:07:59.546304	2015-10-07 23:07:59.546304	12884914176	AAAAAFz84TDlUxhkWwuTshEJwuuFRM7TXWeSGcZxKmmjwsenAAAAZAAAAAIAAAABAAAAAAAAAAAAAAABAAAAAAAAAAYAAAABVVNEAAAAAAArleoqtltcND6HpMSvfCgTrh4EqP36HOxp/i+dnL2AbX//////////AAAAAAAAAAGjwsenAAAAQBH0Yc1xtHPoNns0vbveJAtgPTY0Ny0w7nKAWwgqeNNZJ4Tavp0bC8O28OOzE/TiVPIMjQ3RdCirMw8aHDNgQgE=	AAAAAAAAAGQAAAAAAAAAAQAAAAAAAAAGAAAAAAAAAAA=	AAAAAAAAAAEAAAACAAAAAAAAAAMAAAABAAAAAFz84TDlUxhkWwuTshEJwuuFRM7TXWeSGcZxKmmjwsenAAAAAVVTRAAAAAAAK5XqKrZbXDQ+h6TEr3woE64eBKj9+hzsaf4vnZy9gG0AAAAAAAAAAH//////////AAAAAQAAAAAAAAAAAAAAAQAAAAMAAAAAAAAAAFz84TDlUxhkWwuTshEJwuuFRM7TXWeSGcZxKmmjwsenAAAAAlQL4OAAAAACAAAACAAAAAEAAAAAAAAAAAAAAAABAAAAAAAAAAAAAAAAAAAA	AAAAAQAAAAEAAAADAAAAAAAAAABc/OEw5VMYZFsLk7IRCcLrhUTO011nkhnGcSppo8LHpwAAAAJUC+OcAAAAAgAAAAEAAAAAAAAAAAAAAAAAAAAAAQAAAAAAAAAAAAAAAAAAAA==	{EfRhzXG0c+g2ezS9u94kC2A9NjQ3LTDucoBbCCp401knhNq+nRsLw7bw47MT9OJU8gyNDdF0KKszDxocM2BCAQ==}	none	\N	\N
7ec51ea9198684b0bb433139839fd773afd2e7d79e07102492cbf6df40eefe12	3	4	GBOPZYJQ4VJRQZC3BOJ3EEIJYLVYKRGO2NOWPEQZYZYSU2NDYLD2OQ26	8589934594	0	0	1	2015-10-07 23:07:59.559589	2015-10-07 23:07:59.559589	12884918272	AAAAAFz84TDlUxhkWwuTshEJwuuFRM7TXWeSGcZxKmmjwsenAAAAZAAAAAIAAAACAAAAAAAAAAAAAAABAAAAAAAAAAYAAAABRVVSAAAAAAArleoqtltcND6HpMSvfCgTrh4EqP36HOxp/i+dnL2AbX//////////AAAAAAAAAAGjwsenAAAAQC55nA6iH3AE9X2d6XGEqPVmsK7qgN19riKwpQOipzPFdEgXs7oVbUQzJEDpq99LFxDZq3pRGzjJROmaHf6NTgA=	AAAAAAAAAGQAAAAAAAAAAQAAAAAAAAAGAAAAAAAAAAA=	AAAAAAAAAAEAAAACAAAAAAAAAAMAAAABAAAAAFz84TDlUxhkWwuTshEJwuuFRM7TXWeSGcZxKmmjwsenAAAAAUVVUgAAAAAAK5XqKrZbXDQ+h6TEr3woE64eBKj9+hzsaf4vnZy9gG0AAAAAAAAAAH//////////AAAAAQAAAAAAAAAAAAAAAQAAAAMAAAAAAAAAAFz84TDlUxhkWwuTshEJwuuFRM7TXWeSGcZxKmmjwsenAAAAAlQL4OAAAAACAAAACAAAAAIAAAAAAAAAAAAAAAABAAAAAAAAAAAAAAAAAAAA	AAAAAQAAAAEAAAADAAAAAAAAAABc/OEw5VMYZFsLk7IRCcLrhUTO011nkhnGcSppo8LHpwAAAAJUC+M4AAAAAgAAAAIAAAAAAAAAAAAAAAAAAAAAAQAAAAAAAAAAAAAAAAAAAA==	{LnmcDqIfcAT1fZ3pcYSo9WawruqA3X2uIrClA6KnM8V0SBezuhVtRDMkQOmr30sXENmrelEbOMlE6Zod/o1OAA==}	none	\N	\N
86d481de4846db02195df87a6fb8901a01a5d4f2d0b616a45654714f7d530309	3	5	GBOPZYJQ4VJRQZC3BOJ3EEIJYLVYKRGO2NOWPEQZYZYSU2NDYLD2OQ26	8589934595	0	0	1	2015-10-07 23:07:59.57249	2015-10-07 23:07:59.57249	12884922368	AAAAAFz84TDlUxhkWwuTshEJwuuFRM7TXWeSGcZxKmmjwsenAAAAZAAAAAIAAAADAAAAAAAAAAAAAAABAAAAAAAAAAYAAAABMQAAAAAAAAArleoqtltcND6HpMSvfCgTrh4EqP36HOxp/i+dnL2AbX//////////AAAAAAAAAAGjwsenAAAAQJdmxKkp+053QIpwFwjQf3GKWCWHQZEv/TvfipQEA/LvDkMa/eWE0Xt/d39lBCmcrMU0SvZtpoAEX/D9gZXwngk=	AAAAAAAAAGQAAAAAAAAAAQAAAAAAAAAGAAAAAAAAAAA=	AAAAAAAAAAEAAAACAAAAAAAAAAMAAAABAAAAAFz84TDlUxhkWwuTshEJwuuFRM7TXWeSGcZxKmmjwsenAAAAATEAAAAAAAAAK5XqKrZbXDQ+h6TEr3woE64eBKj9+hzsaf4vnZy9gG0AAAAAAAAAAH//////////AAAAAQAAAAAAAAAAAAAAAQAAAAMAAAAAAAAAAFz84TDlUxhkWwuTshEJwuuFRM7TXWeSGcZxKmmjwsenAAAAAlQL4OAAAAACAAAACAAAAAMAAAAAAAAAAAAAAAABAAAAAAAAAAAAAAAAAAAA	AAAAAQAAAAEAAAADAAAAAAAAAABc/OEw5VMYZFsLk7IRCcLrhUTO011nkhnGcSppo8LHpwAAAAJUC+LUAAAAAgAAAAMAAAAAAAAAAAAAAAAAAAAAAQAAAAAAAAAAAAAAAAAAAA==	{l2bEqSn7TndAinAXCNB/cYpYJYdBkS/9O9+KlAQD8u8OQxr95YTRe393f2UEKZysxTRK9m2mgARf8P2BlfCeCQ==}	none	\N	\N
c43856c1be5a9e53e09c1aad396148760a446c6e55e71e01567f9db7584efe4c	3	6	GBOPZYJQ4VJRQZC3BOJ3EEIJYLVYKRGO2NOWPEQZYZYSU2NDYLD2OQ26	8589934596	0	0	1	2015-10-07 23:07:59.584989	2015-10-07 23:07:59.584989	12884926464	AAAAAFz84TDlUxhkWwuTshEJwuuFRM7TXWeSGcZxKmmjwsenAAAAZAAAAAIAAAAEAAAAAAAAAAAAAAABAAAAAAAAAAYAAAABMjEAAAAAAAArleoqtltcND6HpMSvfCgTrh4EqP36HOxp/i+dnL2AbX//////////AAAAAAAAAAGjwsenAAAAQDNiWdp40Uvos3PI6APB53HWv1LwhhsVNDi6OSTMjyOppqGXEOqrCltiyKuRwdlk4hkxV1TT+oIL6jOiZ+CtiQo=	AAAAAAAAAGQAAAAAAAAAAQAAAAAAAAAGAAAAAAAAAAA=	AAAAAAAAAAEAAAACAAAAAAAAAAMAAAABAAAAAFz84TDlUxhkWwuTshEJwuuFRM7TXWeSGcZxKmmjwsenAAAAATIxAAAAAAAAK5XqKrZbXDQ+h6TEr3woE64eBKj9+hzsaf4vnZy9gG0AAAAAAAAAAH//////////AAAAAQAAAAAAAAAAAAAAAQAAAAMAAAAAAAAAAFz84TDlUxhkWwuTshEJwuuFRM7TXWeSGcZxKmmjwsenAAAAAlQL4OAAAAACAAAACAAAAAQAAAAAAAAAAAAAAAABAAAAAAAAAAAAAAAAAAAA	AAAAAQAAAAEAAAADAAAAAAAAAABc/OEw5VMYZFsLk7IRCcLrhUTO011nkhnGcSppo8LHpwAAAAJUC+JwAAAAAgAAAAQAAAAAAAAAAAAAAAAAAAAAAQAAAAAAAAAAAAAAAAAAAA==	{M2JZ2njRS+izc8joA8Hncda/UvCGGxU0OLo5JMyPI6mmoZcQ6qsKW2LIq5HB2WTiGTFXVNP6ggvqM6Jn4K2JCg==}	none	\N	\N
fb49fefea10ff3d5b9cc2c5ebe8664858004f0902476491a229fb26c8c187e2e	3	7	GBOPZYJQ4VJRQZC3BOJ3EEIJYLVYKRGO2NOWPEQZYZYSU2NDYLD2OQ26	8589934597	0	0	1	2015-10-07 23:07:59.597612	2015-10-07 23:07:59.597612	12884930560	AAAAAFz84TDlUxhkWwuTshEJwuuFRM7TXWeSGcZxKmmjwsenAAAAZAAAAAIAAAAFAAAAAAAAAAAAAAABAAAAAAAAAAYAAAABMjIAAAAAAAArleoqtltcND6HpMSvfCgTrh4EqP36HOxp/i+dnL2AbX//////////AAAAAAAAAAGjwsenAAAAQJum7XD88gyYXc0gKd0zQa8de9X7Hbo9tPJSjGxIzCeD3stpEvCCtJRsCuHDtQ8uhfv6pS5R33xSw5F+/AJvhwA=	AAAAAAAAAGQAAAAAAAAAAQAAAAAAAAAGAAAAAAAAAAA=	AAAAAAAAAAEAAAACAAAAAAAAAAMAAAABAAAAAFz84TDlUxhkWwuTshEJwuuFRM7TXWeSGcZxKmmjwsenAAAAATIyAAAAAAAAK5XqKrZbXDQ+h6TEr3woE64eBKj9+hzsaf4vnZy9gG0AAAAAAAAAAH//////////AAAAAQAAAAAAAAAAAAAAAQAAAAMAAAAAAAAAAFz84TDlUxhkWwuTshEJwuuFRM7TXWeSGcZxKmmjwsenAAAAAlQL4OAAAAACAAAACAAAAAUAAAAAAAAAAAAAAAABAAAAAAAAAAAAAAAAAAAA	AAAAAQAAAAEAAAADAAAAAAAAAABc/OEw5VMYZFsLk7IRCcLrhUTO011nkhnGcSppo8LHpwAAAAJUC+IMAAAAAgAAAAUAAAAAAAAAAAAAAAAAAAAAAQAAAAAAAAAAAAAAAAAAAA==	{m6btcPzyDJhdzSAp3TNBrx171fsduj208lKMbEjMJ4Pey2kS8IK0lGwK4cO1Dy6F+/qlLlHffFLDkX78Am+HAA==}	none	\N	\N
0bc6a0878d0fc5b1d02c5361cbf42d1a3c4c0e54bdc5e619cea5a16dee8ae81e	3	8	GBOPZYJQ4VJRQZC3BOJ3EEIJYLVYKRGO2NOWPEQZYZYSU2NDYLD2OQ26	8589934598	0	0	1	2015-10-07 23:07:59.610632	2015-10-07 23:07:59.610632	12884934656	AAAAAFz84TDlUxhkWwuTshEJwuuFRM7TXWeSGcZxKmmjwsenAAAAZAAAAAIAAAAGAAAAAAAAAAAAAAABAAAAAAAAAAYAAAABMzEAAAAAAAArleoqtltcND6HpMSvfCgTrh4EqP36HOxp/i+dnL2AbX//////////AAAAAAAAAAGjwsenAAAAQGP0ZEraDwTm08JuOD0eSiLGBQ8LxOwgSFL1bZBiiXiLzk9worWbyMtGa4fMJXULZj8pO2dOjVjql3Ubs/j5wg4=	AAAAAAAAAGQAAAAAAAAAAQAAAAAAAAAGAAAAAAAAAAA=	AAAAAAAAAAEAAAACAAAAAAAAAAMAAAABAAAAAFz84TDlUxhkWwuTshEJwuuFRM7TXWeSGcZxKmmjwsenAAAAATMxAAAAAAAAK5XqKrZbXDQ+h6TEr3woE64eBKj9+hzsaf4vnZy9gG0AAAAAAAAAAH//////////AAAAAQAAAAAAAAAAAAAAAQAAAAMAAAAAAAAAAFz84TDlUxhkWwuTshEJwuuFRM7TXWeSGcZxKmmjwsenAAAAAlQL4OAAAAACAAAACAAAAAYAAAAAAAAAAAAAAAABAAAAAAAAAAAAAAAAAAAA	AAAAAQAAAAEAAAADAAAAAAAAAABc/OEw5VMYZFsLk7IRCcLrhUTO011nkhnGcSppo8LHpwAAAAJUC+GoAAAAAgAAAAYAAAAAAAAAAAAAAAAAAAAAAQAAAAAAAAAAAAAAAAAAAA==	{Y/RkStoPBObTwm44PR5KIsYFDwvE7CBIUvVtkGKJeIvOT3CitZvIy0Zrh8wldQtmPyk7Z06NWOqXdRuz+PnCDg==}	none	\N	\N
31fc8cdb206fd22ec00fd17ddd3cdde60e80aff756566687f7e63eb3a189b7b7	3	9	GBOPZYJQ4VJRQZC3BOJ3EEIJYLVYKRGO2NOWPEQZYZYSU2NDYLD2OQ26	8589934599	0	0	1	2015-10-07 23:07:59.623508	2015-10-07 23:07:59.623508	12884938752	AAAAAFz84TDlUxhkWwuTshEJwuuFRM7TXWeSGcZxKmmjwsenAAAAZAAAAAIAAAAHAAAAAAAAAAAAAAABAAAAAAAAAAYAAAABMzIAAAAAAAArleoqtltcND6HpMSvfCgTrh4EqP36HOxp/i+dnL2AbX//////////AAAAAAAAAAGjwsenAAAAQMzh2ncToECcaIEoqgsAh24rrPoFAKNmAbQnXgezosgI5puL6esLe9mrAiHCQNJ1SquEho2xrEUDGu2QDpPhlgc=	AAAAAAAAAGQAAAAAAAAAAQAAAAAAAAAGAAAAAAAAAAA=	AAAAAAAAAAEAAAACAAAAAAAAAAMAAAABAAAAAFz84TDlUxhkWwuTshEJwuuFRM7TXWeSGcZxKmmjwsenAAAAATMyAAAAAAAAK5XqKrZbXDQ+h6TEr3woE64eBKj9+hzsaf4vnZy9gG0AAAAAAAAAAH//////////AAAAAQAAAAAAAAAAAAAAAQAAAAMAAAAAAAAAAFz84TDlUxhkWwuTshEJwuuFRM7TXWeSGcZxKmmjwsenAAAAAlQL4OAAAAACAAAACAAAAAcAAAAAAAAAAAAAAAABAAAAAAAAAAAAAAAAAAAA	AAAAAQAAAAEAAAADAAAAAAAAAABc/OEw5VMYZFsLk7IRCcLrhUTO011nkhnGcSppo8LHpwAAAAJUC+FEAAAAAgAAAAcAAAAAAAAAAAAAAAAAAAAAAQAAAAAAAAAAAAAAAAAAAA==	{zOHadxOgQJxogSiqCwCHbius+gUAo2YBtCdeB7OiyAjmm4vp6wt72asCIcJA0nVKq4SGjbGsRQMa7ZAOk+GWBw==}	none	\N	\N
7f94055d14450d0fdbf3efe76be8d934f6002fa84800d7951609ec8b5c0f102f	3	10	GBOPZYJQ4VJRQZC3BOJ3EEIJYLVYKRGO2NOWPEQZYZYSU2NDYLD2OQ26	8589934600	0	0	1	2015-10-07 23:07:59.635917	2015-10-07 23:07:59.635917	12884942848	AAAAAFz84TDlUxhkWwuTshEJwuuFRM7TXWeSGcZxKmmjwsenAAAAZAAAAAIAAAAIAAAAAAAAAAAAAAABAAAAAAAAAAYAAAABMzMAAAAAAAArleoqtltcND6HpMSvfCgTrh4EqP36HOxp/i+dnL2AbX//////////AAAAAAAAAAGjwsenAAAAQNAtG9HR1sESU/nNq+QwxIfoVWm8xqViqb+H5HRn4CLW40DhmIcGtgICvPRBRClN2zROhAIPnioNI/1iREEjCwM=	AAAAAAAAAGQAAAAAAAAAAQAAAAAAAAAGAAAAAAAAAAA=	AAAAAAAAAAEAAAACAAAAAAAAAAMAAAABAAAAAFz84TDlUxhkWwuTshEJwuuFRM7TXWeSGcZxKmmjwsenAAAAATMzAAAAAAAAK5XqKrZbXDQ+h6TEr3woE64eBKj9+hzsaf4vnZy9gG0AAAAAAAAAAH//////////AAAAAQAAAAAAAAAAAAAAAQAAAAMAAAAAAAAAAFz84TDlUxhkWwuTshEJwuuFRM7TXWeSGcZxKmmjwsenAAAAAlQL4OAAAAACAAAACAAAAAgAAAAAAAAAAAAAAAABAAAAAAAAAAAAAAAAAAAA	AAAAAQAAAAEAAAADAAAAAAAAAABc/OEw5VMYZFsLk7IRCcLrhUTO011nkhnGcSppo8LHpwAAAAJUC+DgAAAAAgAAAAgAAAAAAAAAAAAAAAAAAAAAAQAAAAAAAAAAAAAAAAAAAA==	{0C0b0dHWwRJT+c2r5DDEh+hVabzGpWKpv4fkdGfgItbjQOGYhwa2AgK89EFEKU3bNE6EAg+eKg0j/WJEQSMLAw==}	none	\N	\N
73fef5ab18e52c2420961e141897ff5877f75de4c1c1675090b42939dae7654c	4	1	GAVZL2RKWZNVYNB6Q6SMJL34FAJ24HQEVD67UHHMNH7C7HM4XWAG3OXQ	8589934593	0	0	1	2015-10-07 23:07:59.658352	2015-10-07 23:07:59.658352	17179873280	AAAAACuV6iq2W1w0PoekxK98KBOuHgSo/foc7Gn+L52cvYBtAAAAZAAAAAIAAAABAAAAAAAAAAAAAAABAAAAAAAAAAEAAAAAab5+AwwpbA8NXen2U8R7KIg/17z6lsf0DBauBSC7Hb4AAAABVVNEAAAAAAArleoqtltcND6HpMSvfCgTrh4EqP36HOxp/i+dnL2AbQAAAAukO3QAAAAAAAAAAAGcvYBtAAAAQOPhbUnSd+QHGVVUmBfYp2PLvdjd9DV/16/zSc+fVN9dp/7lo1KbFlJ6f9+KJ3933nb9J6eviI2oBPLVQJNOQwQ=	AAAAAAAAAGQAAAAAAAAAAQAAAAAAAAABAAAAAAAAAAA=	AAAAAAAAAAEAAAABAAAAAQAAAAQAAAABAAAAAGm+fgMMKWwPDV3p9lPEeyiIP9e8+pbH9AwWrgUgux2+AAAAAVVTRAAAAAAAK5XqKrZbXDQ+h6TEr3woE64eBKj9+hzsaf4vnZy9gG0AAAALpDt0AH//////////AAAAAQAAAAAAAAAA	AAAAAQAAAAEAAAAEAAAAAAAAAAArleoqtltcND6HpMSvfCgTrh4EqP36HOxp/i+dnL2AbQAAAAJUC+OcAAAAAgAAAAEAAAAAAAAAAAAAAAAAAAAAAQAAAAAAAAAAAAAAAAAAAA==	{4+FtSdJ35AcZVVSYF9inY8u92N30NX/Xr/NJz59U312n/uWjUpsWUnp/34onf3fedv0np6+IjagE8tVAk05DBA==}	none	\N	\N
cccbbc479b8e753e689151107254379b21635be5c36ff54ef2f9fefffdecf624	4	2	GAVZL2RKWZNVYNB6Q6SMJL34FAJ24HQEVD67UHHMNH7C7HM4XWAG3OXQ	8589934594	0	0	1	2015-10-07 23:07:59.67531	2015-10-07 23:07:59.67531	17179877376	AAAAACuV6iq2W1w0PoekxK98KBOuHgSo/foc7Gn+L52cvYBtAAAAZAAAAAIAAAACAAAAAAAAAAAAAAABAAAAAAAAAAEAAAAAXPzhMOVTGGRbC5OyEQnC64VEztNdZ5IZxnEqaaPCx6cAAAABRVVSAAAAAAArleoqtltcND6HpMSvfCgTrh4EqP36HOxp/i+dnL2AbQAAAAukO3QAAAAAAAAAAAGcvYBtAAAAQDtUkohoT4hdGeVdKzpX5Gw21HN4B8yBKJECtxUr6q1t23zix3SJmOwgT4LTo4SkOY4iAbliqwOKNmuYbrbJqA0=	AAAAAAAAAGQAAAAAAAAAAQAAAAAAAAABAAAAAAAAAAA=	AAAAAAAAAAEAAAABAAAAAQAAAAQAAAABAAAAAFz84TDlUxhkWwuTshEJwuuFRM7TXWeSGcZxKmmjwsenAAAAAUVVUgAAAAAAK5XqKrZbXDQ+h6TEr3woE64eBKj9+hzsaf4vnZy9gG0AAAALpDt0AH//////////AAAAAQAAAAAAAAAA	AAAAAQAAAAEAAAAEAAAAAAAAAAArleoqtltcND6HpMSvfCgTrh4EqP36HOxp/i+dnL2AbQAAAAJUC+M4AAAAAgAAAAIAAAAAAAAAAAAAAAAAAAAAAQAAAAAAAAAAAAAAAAAAAA==	{O1SSiGhPiF0Z5V0rOlfkbDbUc3gHzIEokQK3FSvqrW3bfOLHdImY7CBPgtOjhKQ5jiIBuWKrA4o2a5hutsmoDQ==}	none	\N	\N
256ee6adfc4a953d77e580271adad11d7e07c9b595b8ae116685f5997e899b3c	4	3	GAVZL2RKWZNVYNB6Q6SMJL34FAJ24HQEVD67UHHMNH7C7HM4XWAG3OXQ	8589934595	0	0	1	2015-10-07 23:07:59.690419	2015-10-07 23:07:59.690419	17179881472	AAAAACuV6iq2W1w0PoekxK98KBOuHgSo/foc7Gn+L52cvYBtAAAAZAAAAAIAAAADAAAAAAAAAAAAAAABAAAAAAAAAAEAAAAAXPzhMOVTGGRbC5OyEQnC64VEztNdZ5IZxnEqaaPCx6cAAAABMQAAAAAAAAArleoqtltcND6HpMSvfCgTrh4EqP36HOxp/i+dnL2AbQAAAAukO3QAAAAAAAAAAAGcvYBtAAAAQFugri22ix3qZsmJA+QrTX8HqsB/prLQuzOIY3va7MXHLt2hNvlApF7WMd9mwPDyelLHqzoBrArY7L2ibLj2awg=	AAAAAAAAAGQAAAAAAAAAAQAAAAAAAAABAAAAAAAAAAA=	AAAAAAAAAAEAAAABAAAAAQAAAAQAAAABAAAAAFz84TDlUxhkWwuTshEJwuuFRM7TXWeSGcZxKmmjwsenAAAAATEAAAAAAAAAK5XqKrZbXDQ+h6TEr3woE64eBKj9+hzsaf4vnZy9gG0AAAALpDt0AH//////////AAAAAQAAAAAAAAAA	AAAAAQAAAAEAAAAEAAAAAAAAAAArleoqtltcND6HpMSvfCgTrh4EqP36HOxp/i+dnL2AbQAAAAJUC+LUAAAAAgAAAAMAAAAAAAAAAAAAAAAAAAAAAQAAAAAAAAAAAAAAAAAAAA==	{W6CuLbaLHepmyYkD5CtNfweqwH+mstC7M4hje9rsxccu3aE2+UCkXtYx32bA8PJ6UserOgGsCtjsvaJsuPZrCA==}	none	\N	\N
4f10a0201ca773f71688bd92d357ac18854366b115dbeb3782dd4e96d9a155c4	4	4	GAVZL2RKWZNVYNB6Q6SMJL34FAJ24HQEVD67UHHMNH7C7HM4XWAG3OXQ	8589934596	0	0	1	2015-10-07 23:07:59.704956	2015-10-07 23:07:59.704956	17179885568	AAAAACuV6iq2W1w0PoekxK98KBOuHgSo/foc7Gn+L52cvYBtAAAAZAAAAAIAAAAEAAAAAAAAAAAAAAABAAAAAAAAAAEAAAAAXPzhMOVTGGRbC5OyEQnC64VEztNdZ5IZxnEqaaPCx6cAAAABMjEAAAAAAAArleoqtltcND6HpMSvfCgTrh4EqP36HOxp/i+dnL2AbQAAAAukO3QAAAAAAAAAAAGcvYBtAAAAQD0Ajx8ZPnMLTGWPMekAp8sqmXZBDt5BjfRkj2QXM7KVr+VIGslz1CDYn3jktqTH3x2Shd0BnqZKLNjN16DlLAA=	AAAAAAAAAGQAAAAAAAAAAQAAAAAAAAABAAAAAAAAAAA=	AAAAAAAAAAEAAAABAAAAAQAAAAQAAAABAAAAAFz84TDlUxhkWwuTshEJwuuFRM7TXWeSGcZxKmmjwsenAAAAATIxAAAAAAAAK5XqKrZbXDQ+h6TEr3woE64eBKj9+hzsaf4vnZy9gG0AAAALpDt0AH//////////AAAAAQAAAAAAAAAA	AAAAAQAAAAEAAAAEAAAAAAAAAAArleoqtltcND6HpMSvfCgTrh4EqP36HOxp/i+dnL2AbQAAAAJUC+JwAAAAAgAAAAQAAAAAAAAAAAAAAAAAAAAAAQAAAAAAAAAAAAAAAAAAAA==	{PQCPHxk+cwtMZY8x6QCnyyqZdkEO3kGN9GSPZBczspWv5UgayXPUINifeOS2pMffHZKF3QGepkos2M3XoOUsAA==}	none	\N	\N
ebe1fc56920c31c2a182d251de3e5fcea6df40623de27b007d61b2db7200f94f	4	5	GAVZL2RKWZNVYNB6Q6SMJL34FAJ24HQEVD67UHHMNH7C7HM4XWAG3OXQ	8589934597	0	0	1	2015-10-07 23:07:59.721907	2015-10-07 23:07:59.721907	17179889664	AAAAACuV6iq2W1w0PoekxK98KBOuHgSo/foc7Gn+L52cvYBtAAAAZAAAAAIAAAAFAAAAAAAAAAAAAAABAAAAAAAAAAEAAAAAXPzhMOVTGGRbC5OyEQnC64VEztNdZ5IZxnEqaaPCx6cAAAABMjIAAAAAAAArleoqtltcND6HpMSvfCgTrh4EqP36HOxp/i+dnL2AbQAAAAukO3QAAAAAAAAAAAGcvYBtAAAAQPdpkBOlltNEWLho8g8qAsKxPvea7lg4UjwESugp/WtB0t5foVlrF3dSeem8aD0KKRjukKdFBWNlcyix7BYHNAQ=	AAAAAAAAAGQAAAAAAAAAAQAAAAAAAAABAAAAAAAAAAA=	AAAAAAAAAAEAAAABAAAAAQAAAAQAAAABAAAAAFz84TDlUxhkWwuTshEJwuuFRM7TXWeSGcZxKmmjwsenAAAAATIyAAAAAAAAK5XqKrZbXDQ+h6TEr3woE64eBKj9+hzsaf4vnZy9gG0AAAALpDt0AH//////////AAAAAQAAAAAAAAAA	AAAAAQAAAAEAAAAEAAAAAAAAAAArleoqtltcND6HpMSvfCgTrh4EqP36HOxp/i+dnL2AbQAAAAJUC+IMAAAAAgAAAAUAAAAAAAAAAAAAAAAAAAAAAQAAAAAAAAAAAAAAAAAAAA==	{92mQE6WW00RYuGjyDyoCwrE+95ruWDhSPARK6Cn9a0HS3l+hWWsXd1J56bxoPQopGO6Qp0UFY2VzKLHsFgc0BA==}	none	\N	\N
f59df9255f165a2e30cc6a53c89593dca1ea2cbea07a9e63bdc89c67f9e3a65a	4	6	GAVZL2RKWZNVYNB6Q6SMJL34FAJ24HQEVD67UHHMNH7C7HM4XWAG3OXQ	8589934598	0	0	1	2015-10-07 23:07:59.737001	2015-10-07 23:07:59.737001	17179893760	AAAAACuV6iq2W1w0PoekxK98KBOuHgSo/foc7Gn+L52cvYBtAAAAZAAAAAIAAAAGAAAAAAAAAAAAAAABAAAAAAAAAAEAAAAAXPzhMOVTGGRbC5OyEQnC64VEztNdZ5IZxnEqaaPCx6cAAAABMzEAAAAAAAArleoqtltcND6HpMSvfCgTrh4EqP36HOxp/i+dnL2AbQAAAAukO3QAAAAAAAAAAAGcvYBtAAAAQB5P3meq0eqDO+AZcOmhgYc8g+agy8i4cB64Jbd9qAoL9EJThg0qq0/ggrq88JWXmuYU8riHwLkw5hrwoT/8AgA=	AAAAAAAAAGQAAAAAAAAAAQAAAAAAAAABAAAAAAAAAAA=	AAAAAAAAAAEAAAABAAAAAQAAAAQAAAABAAAAAFz84TDlUxhkWwuTshEJwuuFRM7TXWeSGcZxKmmjwsenAAAAATMxAAAAAAAAK5XqKrZbXDQ+h6TEr3woE64eBKj9+hzsaf4vnZy9gG0AAAALpDt0AH//////////AAAAAQAAAAAAAAAA	AAAAAQAAAAEAAAAEAAAAAAAAAAArleoqtltcND6HpMSvfCgTrh4EqP36HOxp/i+dnL2AbQAAAAJUC+GoAAAAAgAAAAYAAAAAAAAAAAAAAAAAAAAAAQAAAAAAAAAAAAAAAAAAAA==	{Hk/eZ6rR6oM74Blw6aGBhzyD5qDLyLhwHrglt32oCgv0QlOGDSqrT+CCurzwlZea5hTyuIfAuTDmGvChP/wCAA==}	none	\N	\N
2da08505e2b857a9fb9316d56d90e1c312115abef0f0625fc3b70d27a2cb421e	4	7	GAVZL2RKWZNVYNB6Q6SMJL34FAJ24HQEVD67UHHMNH7C7HM4XWAG3OXQ	8589934599	0	0	1	2015-10-07 23:07:59.751614	2015-10-07 23:07:59.751614	17179897856	AAAAACuV6iq2W1w0PoekxK98KBOuHgSo/foc7Gn+L52cvYBtAAAAZAAAAAIAAAAHAAAAAAAAAAAAAAABAAAAAAAAAAEAAAAAXPzhMOVTGGRbC5OyEQnC64VEztNdZ5IZxnEqaaPCx6cAAAABMzIAAAAAAAArleoqtltcND6HpMSvfCgTrh4EqP36HOxp/i+dnL2AbQAAAAukO3QAAAAAAAAAAAGcvYBtAAAAQO7LxupKDMe6ui1JLylDG9hzE54KIkwmR0wq2c6+mvMyRtos/zg+qAOPQ63VbdyD1mt8B5FRcCWNlSJCdoA1Owc=	AAAAAAAAAGQAAAAAAAAAAQAAAAAAAAABAAAAAAAAAAA=	AAAAAAAAAAEAAAABAAAAAQAAAAQAAAABAAAAAFz84TDlUxhkWwuTshEJwuuFRM7TXWeSGcZxKmmjwsenAAAAATMyAAAAAAAAK5XqKrZbXDQ+h6TEr3woE64eBKj9+hzsaf4vnZy9gG0AAAALpDt0AH//////////AAAAAQAAAAAAAAAA	AAAAAQAAAAEAAAAEAAAAAAAAAAArleoqtltcND6HpMSvfCgTrh4EqP36HOxp/i+dnL2AbQAAAAJUC+FEAAAAAgAAAAcAAAAAAAAAAAAAAAAAAAAAAQAAAAAAAAAAAAAAAAAAAA==	{7svG6koMx7q6LUkvKUMb2HMTngoiTCZHTCrZzr6a8zJG2iz/OD6oA49DrdVt3IPWa3wHkVFwJY2VIkJ2gDU7Bw==}	none	\N	\N
70d8650d3e1eff28b712d702f38bd1a3b9b90516747e20b9db2b6b9236e94ad1	4	8	GAVZL2RKWZNVYNB6Q6SMJL34FAJ24HQEVD67UHHMNH7C7HM4XWAG3OXQ	8589934600	0	0	1	2015-10-07 23:07:59.76606	2015-10-07 23:07:59.76606	17179901952	AAAAACuV6iq2W1w0PoekxK98KBOuHgSo/foc7Gn+L52cvYBtAAAAZAAAAAIAAAAIAAAAAAAAAAAAAAABAAAAAAAAAAEAAAAAXPzhMOVTGGRbC5OyEQnC64VEztNdZ5IZxnEqaaPCx6cAAAABMzMAAAAAAAArleoqtltcND6HpMSvfCgTrh4EqP36HOxp/i+dnL2AbQAAAAukO3QAAAAAAAAAAAGcvYBtAAAAQGe0k5/giMKMhEGj1Y2ZGxKSSV9rMH3+H4N72RmGf2gKGQfqA7B2VrW2OWKzya/VGF7RvFycpZdNMxwHFEiNXgA=	AAAAAAAAAGQAAAAAAAAAAQAAAAAAAAABAAAAAAAAAAA=	AAAAAAAAAAEAAAABAAAAAQAAAAQAAAABAAAAAFz84TDlUxhkWwuTshEJwuuFRM7TXWeSGcZxKmmjwsenAAAAATMzAAAAAAAAK5XqKrZbXDQ+h6TEr3woE64eBKj9+hzsaf4vnZy9gG0AAAALpDt0AH//////////AAAAAQAAAAAAAAAA	AAAAAQAAAAEAAAAEAAAAAAAAAAArleoqtltcND6HpMSvfCgTrh4EqP36HOxp/i+dnL2AbQAAAAJUC+DgAAAAAgAAAAgAAAAAAAAAAAAAAAAAAAAAAQAAAAAAAAAAAAAAAAAAAA==	{Z7STn+CIwoyEQaPVjZkbEpJJX2swff4fg3vZGYZ/aAoZB+oDsHZWtbY5YrPJr9UYXtG8XJyll00zHAcUSI1eAA==}	none	\N	\N
92a6c2ba9760f33bed7fd5dfba110495348fcb5d0d7a32285901a197bd77ef78	5	1	GBOPZYJQ4VJRQZC3BOJ3EEIJYLVYKRGO2NOWPEQZYZYSU2NDYLD2OQ26	8589934601	0	0	1	2015-10-07 23:07:59.793875	2015-10-07 23:07:59.793875	21474840576	AAAAAFz84TDlUxhkWwuTshEJwuuFRM7TXWeSGcZxKmmjwsenAAAAZAAAAAIAAAAJAAAAAAAAAAAAAAABAAAAAAAAAAMAAAABRVVSAAAAAAArleoqtltcND6HpMSvfCgTrh4EqP36HOxp/i+dnL2AbQAAAAFVU0QAAAAAACuV6iq2W1w0PoekxK98KBOuHgSo/foc7Gn+L52cvYBtAAAAAAX14QAAAAABAAAAAQAAAAAAAAAAAAAAAAAAAAGjwsenAAAAQNPFRp1Vk0dVTMtIt6KbPIjzDJDPr9E7v9Al+KBxf9X1Ery2L1WVdZwKdnUfTLuZDOZbwQGN4c1k9jSjykAaIA4=	AAAAAAAAAGQAAAAAAAAAAQAAAAAAAAADAAAAAAAAAAAAAAAAAAAAAFz84TDlUxhkWwuTshEJwuuFRM7TXWeSGcZxKmmjwsenAAAAAAAAAAEAAAABRVVSAAAAAAArleoqtltcND6HpMSvfCgTrh4EqP36HOxp/i+dnL2AbQAAAAFVU0QAAAAAACuV6iq2W1w0PoekxK98KBOuHgSo/foc7Gn+L52cvYBtAAAAAAX14QAAAAABAAAAAQAAAAAAAAAAAAAAAA==	AAAAAAAAAAEAAAACAAAAAAAAAAUAAAACAAAAAFz84TDlUxhkWwuTshEJwuuFRM7TXWeSGcZxKmmjwsenAAAAAAAAAAEAAAABRVVSAAAAAAArleoqtltcND6HpMSvfCgTrh4EqP36HOxp/i+dnL2AbQAAAAFVU0QAAAAAACuV6iq2W1w0PoekxK98KBOuHgSo/foc7Gn+L52cvYBtAAAAAAX14QAAAAABAAAAAQAAAAAAAAAAAAAAAAAAAAEAAAAFAAAAAAAAAABc/OEw5VMYZFsLk7IRCcLrhUTO011nkhnGcSppo8LHpwAAAAJUC9z4AAAAAgAAABIAAAAJAAAAAAAAAAAAAAAAAQAAAAAAAAAAAAAAAAAAAA==	AAAAAQAAAAEAAAAFAAAAAAAAAABc/OEw5VMYZFsLk7IRCcLrhUTO011nkhnGcSppo8LHpwAAAAJUC+B8AAAAAgAAAAkAAAAIAAAAAAAAAAAAAAAAAQAAAAAAAAAAAAAAAAAAAA==	{08VGnVWTR1VMy0i3ops8iPMMkM+v0Tu/0CX4oHF/1fUSvLYvVZV1nAp2dR9Mu5kM5lvBAY3hzWT2NKPKQBogDg==}	none	\N	\N
5cdeafc347d01cc73ca229addb32ea1fdd005d52dee955c33f45771ec21dc944	5	2	GBOPZYJQ4VJRQZC3BOJ3EEIJYLVYKRGO2NOWPEQZYZYSU2NDYLD2OQ26	8589934602	0	0	1	2015-10-07 23:07:59.804118	2015-10-07 23:07:59.804118	21474844672	AAAAAFz84TDlUxhkWwuTshEJwuuFRM7TXWeSGcZxKmmjwsenAAAAZAAAAAIAAAAKAAAAAAAAAAAAAAABAAAAAAAAAAMAAAABMQAAAAAAAAArleoqtltcND6HpMSvfCgTrh4EqP36HOxp/i+dnL2AbQAAAAFVU0QAAAAAACuV6iq2W1w0PoekxK98KBOuHgSo/foc7Gn+L52cvYBtAAAAAAvrwgAAAAABAAAAAQAAAAAAAAAAAAAAAAAAAAGjwsenAAAAQCl8mkig7dSPHdegUj4eyT+Fx2dGc/skBlwrheqTWdhKkyO+np8/jvMhv3mSjJkCaZGIK+bqxru7Iy+Ic+YTpww=	AAAAAAAAAGQAAAAAAAAAAQAAAAAAAAADAAAAAAAAAAAAAAAAAAAAAFz84TDlUxhkWwuTshEJwuuFRM7TXWeSGcZxKmmjwsenAAAAAAAAAAIAAAABMQAAAAAAAAArleoqtltcND6HpMSvfCgTrh4EqP36HOxp/i+dnL2AbQAAAAFVU0QAAAAAACuV6iq2W1w0PoekxK98KBOuHgSo/foc7Gn+L52cvYBtAAAAAAvrwgAAAAABAAAAAQAAAAAAAAAAAAAAAA==	AAAAAAAAAAEAAAACAAAAAAAAAAUAAAACAAAAAFz84TDlUxhkWwuTshEJwuuFRM7TXWeSGcZxKmmjwsenAAAAAAAAAAIAAAABMQAAAAAAAAArleoqtltcND6HpMSvfCgTrh4EqP36HOxp/i+dnL2AbQAAAAFVU0QAAAAAACuV6iq2W1w0PoekxK98KBOuHgSo/foc7Gn+L52cvYBtAAAAAAvrwgAAAAABAAAAAQAAAAAAAAAAAAAAAAAAAAEAAAAFAAAAAAAAAABc/OEw5VMYZFsLk7IRCcLrhUTO011nkhnGcSppo8LHpwAAAAJUC9z4AAAAAgAAABIAAAAKAAAAAAAAAAAAAAAAAQAAAAAAAAAAAAAAAAAAAA==	AAAAAQAAAAEAAAAFAAAAAAAAAABc/OEw5VMYZFsLk7IRCcLrhUTO011nkhnGcSppo8LHpwAAAAJUC+AYAAAAAgAAAAoAAAAIAAAAAAAAAAAAAAAAAQAAAAAAAAAAAAAAAAAAAA==	{KXyaSKDt1I8d16BSPh7JP4XHZ0Zz+yQGXCuF6pNZ2EqTI76enz+O8yG/eZKMmQJpkYgr5urGu7sjL4hz5hOnDA==}	none	\N	\N
615814b9dbe2da6996583506cfaf6be2629a33619a7cb92ba40bd83548a3d04b	5	3	GBOPZYJQ4VJRQZC3BOJ3EEIJYLVYKRGO2NOWPEQZYZYSU2NDYLD2OQ26	8589934603	0	0	1	2015-10-07 23:07:59.813395	2015-10-07 23:07:59.813395	21474848768	AAAAAFz84TDlUxhkWwuTshEJwuuFRM7TXWeSGcZxKmmjwsenAAAAZAAAAAIAAAALAAAAAAAAAAAAAAABAAAAAAAAAAMAAAABRVVSAAAAAAArleoqtltcND6HpMSvfCgTrh4EqP36HOxp/i+dnL2AbQAAAAExAAAAAAAAACuV6iq2W1w0PoekxK98KBOuHgSo/foc7Gn+L52cvYBtAAAAAAvrwgAAAAABAAAAAQAAAAAAAAAAAAAAAAAAAAGjwsenAAAAQJOjkMCNIIsBwHAeZBsSJGT5klVLtF8F3SrnA0IajhhPYBsFUY/M93KcSr8nUBIRVVmDuN9n16DqMZ5c05TZVg0=	AAAAAAAAAGQAAAAAAAAAAQAAAAAAAAADAAAAAAAAAAAAAAAAAAAAAFz84TDlUxhkWwuTshEJwuuFRM7TXWeSGcZxKmmjwsenAAAAAAAAAAMAAAABRVVSAAAAAAArleoqtltcND6HpMSvfCgTrh4EqP36HOxp/i+dnL2AbQAAAAExAAAAAAAAACuV6iq2W1w0PoekxK98KBOuHgSo/foc7Gn+L52cvYBtAAAAAAvrwgAAAAABAAAAAQAAAAAAAAAAAAAAAA==	AAAAAAAAAAEAAAACAAAAAAAAAAUAAAACAAAAAFz84TDlUxhkWwuTshEJwuuFRM7TXWeSGcZxKmmjwsenAAAAAAAAAAMAAAABRVVSAAAAAAArleoqtltcND6HpMSvfCgTrh4EqP36HOxp/i+dnL2AbQAAAAExAAAAAAAAACuV6iq2W1w0PoekxK98KBOuHgSo/foc7Gn+L52cvYBtAAAAAAvrwgAAAAABAAAAAQAAAAAAAAAAAAAAAAAAAAEAAAAFAAAAAAAAAABc/OEw5VMYZFsLk7IRCcLrhUTO011nkhnGcSppo8LHpwAAAAJUC9z4AAAAAgAAABIAAAALAAAAAAAAAAAAAAAAAQAAAAAAAAAAAAAAAAAAAA==	AAAAAQAAAAEAAAAFAAAAAAAAAABc/OEw5VMYZFsLk7IRCcLrhUTO011nkhnGcSppo8LHpwAAAAJUC9+0AAAAAgAAAAsAAAAIAAAAAAAAAAAAAAAAAQAAAAAAAAAAAAAAAAAAAA==	{k6OQwI0giwHAcB5kGxIkZPmSVUu0XwXdKucDQhqOGE9gGwVRj8z3cpxKvydQEhFVWYO432fXoOoxnlzTlNlWDQ==}	none	\N	\N
b62536290de1e619f9fc29ac1b334fe38aff046f9d35256d78c73ce111469a6d	5	4	GBOPZYJQ4VJRQZC3BOJ3EEIJYLVYKRGO2NOWPEQZYZYSU2NDYLD2OQ26	8589934604	0	0	1	2015-10-07 23:07:59.822666	2015-10-07 23:07:59.822666	21474852864	AAAAAFz84TDlUxhkWwuTshEJwuuFRM7TXWeSGcZxKmmjwsenAAAAZAAAAAIAAAAMAAAAAAAAAAAAAAABAAAAAAAAAAMAAAABMjEAAAAAAAArleoqtltcND6HpMSvfCgTrh4EqP36HOxp/i+dnL2AbQAAAAFVU0QAAAAAACuV6iq2W1w0PoekxK98KBOuHgSo/foc7Gn+L52cvYBtAAAAABHhowAAAAABAAAAAQAAAAAAAAAAAAAAAAAAAAGjwsenAAAAQPdW0bLsWZIruhp9pBKQK0tP59LmST/C030g2AT07ax/+hIEg9oA2S99FcJOI50HkERya6yQU9II50NtOyWMPAk=	AAAAAAAAAGQAAAAAAAAAAQAAAAAAAAADAAAAAAAAAAAAAAAAAAAAAFz84TDlUxhkWwuTshEJwuuFRM7TXWeSGcZxKmmjwsenAAAAAAAAAAQAAAABMjEAAAAAAAArleoqtltcND6HpMSvfCgTrh4EqP36HOxp/i+dnL2AbQAAAAFVU0QAAAAAACuV6iq2W1w0PoekxK98KBOuHgSo/foc7Gn+L52cvYBtAAAAABHhowAAAAABAAAAAQAAAAAAAAAAAAAAAA==	AAAAAAAAAAEAAAACAAAAAAAAAAUAAAACAAAAAFz84TDlUxhkWwuTshEJwuuFRM7TXWeSGcZxKmmjwsenAAAAAAAAAAQAAAABMjEAAAAAAAArleoqtltcND6HpMSvfCgTrh4EqP36HOxp/i+dnL2AbQAAAAFVU0QAAAAAACuV6iq2W1w0PoekxK98KBOuHgSo/foc7Gn+L52cvYBtAAAAABHhowAAAAABAAAAAQAAAAAAAAAAAAAAAAAAAAEAAAAFAAAAAAAAAABc/OEw5VMYZFsLk7IRCcLrhUTO011nkhnGcSppo8LHpwAAAAJUC9z4AAAAAgAAABIAAAAMAAAAAAAAAAAAAAAAAQAAAAAAAAAAAAAAAAAAAA==	AAAAAQAAAAEAAAAFAAAAAAAAAABc/OEw5VMYZFsLk7IRCcLrhUTO011nkhnGcSppo8LHpwAAAAJUC99QAAAAAgAAAAwAAAAIAAAAAAAAAAAAAAAAAQAAAAAAAAAAAAAAAAAAAA==	{91bRsuxZkiu6Gn2kEpArS0/n0uZJP8LTfSDYBPTtrH/6EgSD2gDZL30Vwk4jnQeQRHJrrJBT0gjnQ207JYw8CQ==}	none	\N	\N
bcde9081ada73ed805a55d8950ea843a1e03e8744026938f81f57bd75f84be26	5	5	GBOPZYJQ4VJRQZC3BOJ3EEIJYLVYKRGO2NOWPEQZYZYSU2NDYLD2OQ26	8589934605	0	0	1	2015-10-07 23:07:59.832287	2015-10-07 23:07:59.832287	21474856960	AAAAAFz84TDlUxhkWwuTshEJwuuFRM7TXWeSGcZxKmmjwsenAAAAZAAAAAIAAAANAAAAAAAAAAAAAAABAAAAAAAAAAMAAAABMjIAAAAAAAArleoqtltcND6HpMSvfCgTrh4EqP36HOxp/i+dnL2AbQAAAAEyMQAAAAAAACuV6iq2W1w0PoekxK98KBOuHgSo/foc7Gn+L52cvYBtAAAAABHhowAAAAABAAAAAQAAAAAAAAAAAAAAAAAAAAGjwsenAAAAQKYsKeqA8B4xqVH4WJJvD4Y/y/wxmdZvCjiGhDA77uLK/aVngZQGxRyf6bNFwjzkV0UzOseB9bwYospbFfryPwo=	AAAAAAAAAGQAAAAAAAAAAQAAAAAAAAADAAAAAAAAAAAAAAAAAAAAAFz84TDlUxhkWwuTshEJwuuFRM7TXWeSGcZxKmmjwsenAAAAAAAAAAUAAAABMjIAAAAAAAArleoqtltcND6HpMSvfCgTrh4EqP36HOxp/i+dnL2AbQAAAAEyMQAAAAAAACuV6iq2W1w0PoekxK98KBOuHgSo/foc7Gn+L52cvYBtAAAAABHhowAAAAABAAAAAQAAAAAAAAAAAAAAAA==	AAAAAAAAAAEAAAACAAAAAAAAAAUAAAACAAAAAFz84TDlUxhkWwuTshEJwuuFRM7TXWeSGcZxKmmjwsenAAAAAAAAAAUAAAABMjIAAAAAAAArleoqtltcND6HpMSvfCgTrh4EqP36HOxp/i+dnL2AbQAAAAEyMQAAAAAAACuV6iq2W1w0PoekxK98KBOuHgSo/foc7Gn+L52cvYBtAAAAABHhowAAAAABAAAAAQAAAAAAAAAAAAAAAAAAAAEAAAAFAAAAAAAAAABc/OEw5VMYZFsLk7IRCcLrhUTO011nkhnGcSppo8LHpwAAAAJUC9z4AAAAAgAAABIAAAANAAAAAAAAAAAAAAAAAQAAAAAAAAAAAAAAAAAAAA==	AAAAAQAAAAEAAAAFAAAAAAAAAABc/OEw5VMYZFsLk7IRCcLrhUTO011nkhnGcSppo8LHpwAAAAJUC97sAAAAAgAAAA0AAAAIAAAAAAAAAAAAAAAAAQAAAAAAAAAAAAAAAAAAAA==	{piwp6oDwHjGpUfhYkm8Phj/L/DGZ1m8KOIaEMDvu4sr9pWeBlAbFHJ/ps0XCPORXRTM6x4H1vBiiylsV+vI/Cg==}	none	\N	\N
b96502994bcdba30fa06709e482a4b0836e18d6199ba2615e3da1d81993ab43d	5	6	GBOPZYJQ4VJRQZC3BOJ3EEIJYLVYKRGO2NOWPEQZYZYSU2NDYLD2OQ26	8589934606	0	0	1	2015-10-07 23:07:59.841689	2015-10-07 23:07:59.841689	21474861056	AAAAAFz84TDlUxhkWwuTshEJwuuFRM7TXWeSGcZxKmmjwsenAAAAZAAAAAIAAAAOAAAAAAAAAAAAAAABAAAAAAAAAAMAAAABRVVSAAAAAAArleoqtltcND6HpMSvfCgTrh4EqP36HOxp/i+dnL2AbQAAAAEyMgAAAAAAACuV6iq2W1w0PoekxK98KBOuHgSo/foc7Gn+L52cvYBtAAAAABHhowAAAAABAAAAAQAAAAAAAAAAAAAAAAAAAAGjwsenAAAAQIhRyL+Ly18QKvlN6k3z3Nn1Z3nPZUuYBxEMVsgI/ecrY2w6kGu426pirotCrDuAfHh08USEWBIoSSsKBQlwZg0=	AAAAAAAAAGQAAAAAAAAAAQAAAAAAAAADAAAAAAAAAAAAAAAAAAAAAFz84TDlUxhkWwuTshEJwuuFRM7TXWeSGcZxKmmjwsenAAAAAAAAAAYAAAABRVVSAAAAAAArleoqtltcND6HpMSvfCgTrh4EqP36HOxp/i+dnL2AbQAAAAEyMgAAAAAAACuV6iq2W1w0PoekxK98KBOuHgSo/foc7Gn+L52cvYBtAAAAABHhowAAAAABAAAAAQAAAAAAAAAAAAAAAA==	AAAAAAAAAAEAAAACAAAAAAAAAAUAAAACAAAAAFz84TDlUxhkWwuTshEJwuuFRM7TXWeSGcZxKmmjwsenAAAAAAAAAAYAAAABRVVSAAAAAAArleoqtltcND6HpMSvfCgTrh4EqP36HOxp/i+dnL2AbQAAAAEyMgAAAAAAACuV6iq2W1w0PoekxK98KBOuHgSo/foc7Gn+L52cvYBtAAAAABHhowAAAAABAAAAAQAAAAAAAAAAAAAAAAAAAAEAAAAFAAAAAAAAAABc/OEw5VMYZFsLk7IRCcLrhUTO011nkhnGcSppo8LHpwAAAAJUC9z4AAAAAgAAABIAAAAOAAAAAAAAAAAAAAAAAQAAAAAAAAAAAAAAAAAAAA==	AAAAAQAAAAEAAAAFAAAAAAAAAABc/OEw5VMYZFsLk7IRCcLrhUTO011nkhnGcSppo8LHpwAAAAJUC96IAAAAAgAAAA4AAAAIAAAAAAAAAAAAAAAAAQAAAAAAAAAAAAAAAAAAAA==	{iFHIv4vLXxAq+U3qTfPc2fVnec9lS5gHEQxWyAj95ytjbDqQa7jbqmKui0KsO4B8eHTxRIRYEihJKwoFCXBmDQ==}	none	\N	\N
270d75e32d7b5dcb78a45bf74ceb14284c8379516e9e9280159cebbcabbfc3d4	5	7	GBOPZYJQ4VJRQZC3BOJ3EEIJYLVYKRGO2NOWPEQZYZYSU2NDYLD2OQ26	8589934607	0	0	1	2015-10-07 23:07:59.851882	2015-10-07 23:07:59.851882	21474865152	AAAAAFz84TDlUxhkWwuTshEJwuuFRM7TXWeSGcZxKmmjwsenAAAAZAAAAAIAAAAPAAAAAAAAAAAAAAABAAAAAAAAAAMAAAABMzEAAAAAAAArleoqtltcND6HpMSvfCgTrh4EqP36HOxp/i+dnL2AbQAAAAFVU0QAAAAAACuV6iq2W1w0PoekxK98KBOuHgSo/foc7Gn+L52cvYBtAAAAABfXhAAAAAABAAAAAQAAAAAAAAAAAAAAAAAAAAGjwsenAAAAQEw1ySMilFoky2wvEOo9p+wrNaMFCl3NnugAmXYF+ynZR67hDNbPrMBVUOimyMHsSOXstm3t21WvGLq31DzKswE=	AAAAAAAAAGQAAAAAAAAAAQAAAAAAAAADAAAAAAAAAAAAAAAAAAAAAFz84TDlUxhkWwuTshEJwuuFRM7TXWeSGcZxKmmjwsenAAAAAAAAAAcAAAABMzEAAAAAAAArleoqtltcND6HpMSvfCgTrh4EqP36HOxp/i+dnL2AbQAAAAFVU0QAAAAAACuV6iq2W1w0PoekxK98KBOuHgSo/foc7Gn+L52cvYBtAAAAABfXhAAAAAABAAAAAQAAAAAAAAAAAAAAAA==	AAAAAAAAAAEAAAACAAAAAAAAAAUAAAACAAAAAFz84TDlUxhkWwuTshEJwuuFRM7TXWeSGcZxKmmjwsenAAAAAAAAAAcAAAABMzEAAAAAAAArleoqtltcND6HpMSvfCgTrh4EqP36HOxp/i+dnL2AbQAAAAFVU0QAAAAAACuV6iq2W1w0PoekxK98KBOuHgSo/foc7Gn+L52cvYBtAAAAABfXhAAAAAABAAAAAQAAAAAAAAAAAAAAAAAAAAEAAAAFAAAAAAAAAABc/OEw5VMYZFsLk7IRCcLrhUTO011nkhnGcSppo8LHpwAAAAJUC9z4AAAAAgAAABIAAAAPAAAAAAAAAAAAAAAAAQAAAAAAAAAAAAAAAAAAAA==	AAAAAQAAAAEAAAAFAAAAAAAAAABc/OEw5VMYZFsLk7IRCcLrhUTO011nkhnGcSppo8LHpwAAAAJUC94kAAAAAgAAAA8AAAAIAAAAAAAAAAAAAAAAAQAAAAAAAAAAAAAAAAAAAA==	{TDXJIyKUWiTLbC8Q6j2n7Cs1owUKXc2e6ACZdgX7KdlHruEM1s+swFVQ6KbIwexI5ey2be3bVa8YurfUPMqzAQ==}	none	\N	\N
5246b1654bb469d404adcf922bb4fce4a58aa0725de792ab236a76b4eb086ef0	5	8	GBOPZYJQ4VJRQZC3BOJ3EEIJYLVYKRGO2NOWPEQZYZYSU2NDYLD2OQ26	8589934608	0	0	1	2015-10-07 23:07:59.863006	2015-10-07 23:07:59.863006	21474869248	AAAAAFz84TDlUxhkWwuTshEJwuuFRM7TXWeSGcZxKmmjwsenAAAAZAAAAAIAAAAQAAAAAAAAAAAAAAABAAAAAAAAAAMAAAABMzIAAAAAAAArleoqtltcND6HpMSvfCgTrh4EqP36HOxp/i+dnL2AbQAAAAEzMQAAAAAAACuV6iq2W1w0PoekxK98KBOuHgSo/foc7Gn+L52cvYBtAAAAABfXhAAAAAABAAAAAQAAAAAAAAAAAAAAAAAAAAGjwsenAAAAQISuBw2OV5WunFGHTmY6LLYJbEuarlou1F5MEJYuUvmbeVjn2WnHmL8/+dnX0W4D6cg6nJtWbmvuiL2bn+2C7A4=	AAAAAAAAAGQAAAAAAAAAAQAAAAAAAAADAAAAAAAAAAAAAAAAAAAAAFz84TDlUxhkWwuTshEJwuuFRM7TXWeSGcZxKmmjwsenAAAAAAAAAAgAAAABMzIAAAAAAAArleoqtltcND6HpMSvfCgTrh4EqP36HOxp/i+dnL2AbQAAAAEzMQAAAAAAACuV6iq2W1w0PoekxK98KBOuHgSo/foc7Gn+L52cvYBtAAAAABfXhAAAAAABAAAAAQAAAAAAAAAAAAAAAA==	AAAAAAAAAAEAAAACAAAAAAAAAAUAAAACAAAAAFz84TDlUxhkWwuTshEJwuuFRM7TXWeSGcZxKmmjwsenAAAAAAAAAAgAAAABMzIAAAAAAAArleoqtltcND6HpMSvfCgTrh4EqP36HOxp/i+dnL2AbQAAAAEzMQAAAAAAACuV6iq2W1w0PoekxK98KBOuHgSo/foc7Gn+L52cvYBtAAAAABfXhAAAAAABAAAAAQAAAAAAAAAAAAAAAAAAAAEAAAAFAAAAAAAAAABc/OEw5VMYZFsLk7IRCcLrhUTO011nkhnGcSppo8LHpwAAAAJUC9z4AAAAAgAAABIAAAAQAAAAAAAAAAAAAAAAAQAAAAAAAAAAAAAAAAAAAA==	AAAAAQAAAAEAAAAFAAAAAAAAAABc/OEw5VMYZFsLk7IRCcLrhUTO011nkhnGcSppo8LHpwAAAAJUC93AAAAAAgAAABAAAAAIAAAAAAAAAAAAAAAAAQAAAAAAAAAAAAAAAAAAAA==	{hK4HDY5Xla6cUYdOZjostglsS5quWi7UXkwQli5S+Zt5WOfZaceYvz/52dfRbgPpyDqcm1Zua+6IvZuf7YLsDg==}	none	\N	\N
270f5276486296de832992748742c8c31caa417d55cbf67757cc88a17defdb35	5	9	GBOPZYJQ4VJRQZC3BOJ3EEIJYLVYKRGO2NOWPEQZYZYSU2NDYLD2OQ26	8589934609	0	0	1	2015-10-07 23:07:59.872612	2015-10-07 23:07:59.872612	21474873344	AAAAAFz84TDlUxhkWwuTshEJwuuFRM7TXWeSGcZxKmmjwsenAAAAZAAAAAIAAAARAAAAAAAAAAAAAAABAAAAAAAAAAMAAAABMzMAAAAAAAArleoqtltcND6HpMSvfCgTrh4EqP36HOxp/i+dnL2AbQAAAAEzMgAAAAAAACuV6iq2W1w0PoekxK98KBOuHgSo/foc7Gn+L52cvYBtAAAAABfXhAAAAAABAAAAAQAAAAAAAAAAAAAAAAAAAAGjwsenAAAAQEgt9hY9W6X8gEkgQ8wATOOmcqmYZcZxVZLrL0mMdwvNhe1olmabdAAnrrgJr9/Xk5DB9fZqjVAT4hBBxikd9gI=	AAAAAAAAAGQAAAAAAAAAAQAAAAAAAAADAAAAAAAAAAAAAAAAAAAAAFz84TDlUxhkWwuTshEJwuuFRM7TXWeSGcZxKmmjwsenAAAAAAAAAAkAAAABMzMAAAAAAAArleoqtltcND6HpMSvfCgTrh4EqP36HOxp/i+dnL2AbQAAAAEzMgAAAAAAACuV6iq2W1w0PoekxK98KBOuHgSo/foc7Gn+L52cvYBtAAAAABfXhAAAAAABAAAAAQAAAAAAAAAAAAAAAA==	AAAAAAAAAAEAAAACAAAAAAAAAAUAAAACAAAAAFz84TDlUxhkWwuTshEJwuuFRM7TXWeSGcZxKmmjwsenAAAAAAAAAAkAAAABMzMAAAAAAAArleoqtltcND6HpMSvfCgTrh4EqP36HOxp/i+dnL2AbQAAAAEzMgAAAAAAACuV6iq2W1w0PoekxK98KBOuHgSo/foc7Gn+L52cvYBtAAAAABfXhAAAAAABAAAAAQAAAAAAAAAAAAAAAAAAAAEAAAAFAAAAAAAAAABc/OEw5VMYZFsLk7IRCcLrhUTO011nkhnGcSppo8LHpwAAAAJUC9z4AAAAAgAAABIAAAARAAAAAAAAAAAAAAAAAQAAAAAAAAAAAAAAAAAAAA==	AAAAAQAAAAEAAAAFAAAAAAAAAABc/OEw5VMYZFsLk7IRCcLrhUTO011nkhnGcSppo8LHpwAAAAJUC91cAAAAAgAAABEAAAAIAAAAAAAAAAAAAAAAAQAAAAAAAAAAAAAAAAAAAA==	{SC32Fj1bpfyASSBDzABM46ZyqZhlxnFVkusvSYx3C82F7WiWZpt0ACeuuAmv39eTkMH19mqNUBPiEEHGKR32Ag==}	none	\N	\N
90a88d0eb3a9fdfb8b474010acea7850011be438bb031a6c1df8c54cba260c9a	5	10	GBOPZYJQ4VJRQZC3BOJ3EEIJYLVYKRGO2NOWPEQZYZYSU2NDYLD2OQ26	8589934610	0	0	1	2015-10-07 23:07:59.882217	2015-10-07 23:07:59.882217	21474877440	AAAAAFz84TDlUxhkWwuTshEJwuuFRM7TXWeSGcZxKmmjwsenAAAAZAAAAAIAAAASAAAAAAAAAAAAAAABAAAAAAAAAAMAAAABRVVSAAAAAAArleoqtltcND6HpMSvfCgTrh4EqP36HOxp/i+dnL2AbQAAAAEzMwAAAAAAACuV6iq2W1w0PoekxK98KBOuHgSo/foc7Gn+L52cvYBtAAAAABfXhAAAAAABAAAAAQAAAAAAAAAAAAAAAAAAAAGjwsenAAAAQM33rItZ+v/Xn0USQW351QDmT/AWeas19lb4TNfXw6n4qeBmBPAhywwOZJuqSR4/D2ltg/g2zThKX8m480Xiwwk=	AAAAAAAAAGQAAAAAAAAAAQAAAAAAAAADAAAAAAAAAAAAAAAAAAAAAFz84TDlUxhkWwuTshEJwuuFRM7TXWeSGcZxKmmjwsenAAAAAAAAAAoAAAABRVVSAAAAAAArleoqtltcND6HpMSvfCgTrh4EqP36HOxp/i+dnL2AbQAAAAEzMwAAAAAAACuV6iq2W1w0PoekxK98KBOuHgSo/foc7Gn+L52cvYBtAAAAABfXhAAAAAABAAAAAQAAAAAAAAAAAAAAAA==	AAAAAAAAAAEAAAACAAAAAAAAAAUAAAACAAAAAFz84TDlUxhkWwuTshEJwuuFRM7TXWeSGcZxKmmjwsenAAAAAAAAAAoAAAABRVVSAAAAAAArleoqtltcND6HpMSvfCgTrh4EqP36HOxp/i+dnL2AbQAAAAEzMwAAAAAAACuV6iq2W1w0PoekxK98KBOuHgSo/foc7Gn+L52cvYBtAAAAABfXhAAAAAABAAAAAQAAAAAAAAAAAAAAAAAAAAEAAAAFAAAAAAAAAABc/OEw5VMYZFsLk7IRCcLrhUTO011nkhnGcSppo8LHpwAAAAJUC9z4AAAAAgAAABIAAAASAAAAAAAAAAAAAAAAAQAAAAAAAAAAAAAAAAAAAA==	AAAAAQAAAAEAAAAFAAAAAAAAAABc/OEw5VMYZFsLk7IRCcLrhUTO011nkhnGcSppo8LHpwAAAAJUC9z4AAAAAgAAABIAAAAIAAAAAAAAAAAAAAAAAQAAAAAAAAAAAAAAAAAAAA==	{zfesi1n6/9efRRJBbfnVAOZP8BZ5qzX2VvhM19fDqfip4GYE8CHLDA5km6pJHj8PaW2D+DbNOEpfybjzReLDCQ==}	none	\N	\N
\.


--
-- Data for Name: schema_migrations; Type: TABLE DATA; Schema: public; Owner: -
--

COPY schema_migrations (version) FROM stdin;
20150310224849
20150313225945
20150313225955
20150501160031
20150508003829
20150508175821
20150508183542
20150508215546
20150609230237
20150629181921
20150825180131
20150825223417
20150902224148
20150929205440
20151006205250
\.


--
-- Name: history_operation_participants_pkey; Type: CONSTRAINT; Schema: public; Owner: -; Tablespace: 
--

ALTER TABLE ONLY history_operation_participants
    ADD CONSTRAINT history_operation_participants_pkey PRIMARY KEY (id);


--
-- Name: history_transaction_participants_pkey; Type: CONSTRAINT; Schema: public; Owner: -; Tablespace: 
--

ALTER TABLE ONLY history_transaction_participants
    ADD CONSTRAINT history_transaction_participants_pkey PRIMARY KEY (id);


--
-- Name: history_transaction_statuses_pkey; Type: CONSTRAINT; Schema: public; Owner: -; Tablespace: 
--

ALTER TABLE ONLY history_transaction_statuses
    ADD CONSTRAINT history_transaction_statuses_pkey PRIMARY KEY (id);


--
-- Name: by_account; Type: INDEX; Schema: public; Owner: -; Tablespace: 
--

CREATE INDEX by_account ON history_transactions USING btree (account, account_sequence);


--
-- Name: by_hash; Type: INDEX; Schema: public; Owner: -; Tablespace: 
--

CREATE INDEX by_hash ON history_transactions USING btree (transaction_hash);


--
-- Name: by_ledger; Type: INDEX; Schema: public; Owner: -; Tablespace: 
--

CREATE INDEX by_ledger ON history_transactions USING btree (ledger_sequence, application_order);


--
-- Name: hist_e_by_order; Type: INDEX; Schema: public; Owner: -; Tablespace: 
--

CREATE UNIQUE INDEX hist_e_by_order ON history_effects USING btree (history_operation_id, "order");


--
-- Name: hist_e_id; Type: INDEX; Schema: public; Owner: -; Tablespace: 
--

CREATE UNIQUE INDEX hist_e_id ON history_effects USING btree (history_account_id, history_operation_id, "order");


--
-- Name: hist_op_p_id; Type: INDEX; Schema: public; Owner: -; Tablespace: 
--

CREATE UNIQUE INDEX hist_op_p_id ON history_operation_participants USING btree (history_account_id, history_operation_id);


--
-- Name: hs_ledger_by_id; Type: INDEX; Schema: public; Owner: -; Tablespace: 
--

CREATE UNIQUE INDEX hs_ledger_by_id ON history_ledgers USING btree (id);


--
-- Name: hs_transaction_by_id; Type: INDEX; Schema: public; Owner: -; Tablespace: 
--

CREATE UNIQUE INDEX hs_transaction_by_id ON history_transactions USING btree (id);


--
-- Name: index_history_accounts_on_id; Type: INDEX; Schema: public; Owner: -; Tablespace: 
--

CREATE UNIQUE INDEX index_history_accounts_on_id ON history_accounts USING btree (id);


--
-- Name: index_history_effects_on_type; Type: INDEX; Schema: public; Owner: -; Tablespace: 
--

CREATE INDEX index_history_effects_on_type ON history_effects USING btree (type);


--
-- Name: index_history_ledgers_on_closed_at; Type: INDEX; Schema: public; Owner: -; Tablespace: 
--

CREATE INDEX index_history_ledgers_on_closed_at ON history_ledgers USING btree (closed_at);


--
-- Name: index_history_ledgers_on_id; Type: INDEX; Schema: public; Owner: -; Tablespace: 
--

CREATE UNIQUE INDEX index_history_ledgers_on_id ON history_ledgers USING btree (id);


--
-- Name: index_history_ledgers_on_importer_version; Type: INDEX; Schema: public; Owner: -; Tablespace: 
--

CREATE INDEX index_history_ledgers_on_importer_version ON history_ledgers USING btree (importer_version);


--
-- Name: index_history_ledgers_on_ledger_hash; Type: INDEX; Schema: public; Owner: -; Tablespace: 
--

CREATE UNIQUE INDEX index_history_ledgers_on_ledger_hash ON history_ledgers USING btree (ledger_hash);


--
-- Name: index_history_ledgers_on_previous_ledger_hash; Type: INDEX; Schema: public; Owner: -; Tablespace: 
--

CREATE UNIQUE INDEX index_history_ledgers_on_previous_ledger_hash ON history_ledgers USING btree (previous_ledger_hash);


--
-- Name: index_history_ledgers_on_sequence; Type: INDEX; Schema: public; Owner: -; Tablespace: 
--

CREATE UNIQUE INDEX index_history_ledgers_on_sequence ON history_ledgers USING btree (sequence);


--
-- Name: index_history_operations_on_id; Type: INDEX; Schema: public; Owner: -; Tablespace: 
--

CREATE UNIQUE INDEX index_history_operations_on_id ON history_operations USING btree (id);


--
-- Name: index_history_operations_on_transaction_id; Type: INDEX; Schema: public; Owner: -; Tablespace: 
--

CREATE INDEX index_history_operations_on_transaction_id ON history_operations USING btree (transaction_id);


--
-- Name: index_history_operations_on_type; Type: INDEX; Schema: public; Owner: -; Tablespace: 
--

CREATE INDEX index_history_operations_on_type ON history_operations USING btree (type);


--
-- Name: index_history_transaction_participants_on_account; Type: INDEX; Schema: public; Owner: -; Tablespace: 
--

CREATE INDEX index_history_transaction_participants_on_account ON history_transaction_participants USING btree (account);


--
-- Name: index_history_transaction_participants_on_transaction_hash; Type: INDEX; Schema: public; Owner: -; Tablespace: 
--

CREATE INDEX index_history_transaction_participants_on_transaction_hash ON history_transaction_participants USING btree (transaction_hash);


--
-- Name: index_history_transaction_statuses_lc_on_all; Type: INDEX; Schema: public; Owner: -; Tablespace: 
--

CREATE UNIQUE INDEX index_history_transaction_statuses_lc_on_all ON history_transaction_statuses USING btree (id, result_code, result_code_s);


--
-- Name: index_history_transactions_on_id; Type: INDEX; Schema: public; Owner: -; Tablespace: 
--

CREATE UNIQUE INDEX index_history_transactions_on_id ON history_transactions USING btree (id);


--
-- Name: trade_effects_by_order_book; Type: INDEX; Schema: public; Owner: -; Tablespace: 
--

CREATE INDEX trade_effects_by_order_book ON history_effects USING btree (((details ->> 'sold_asset_type'::text)), ((details ->> 'sold_asset_code'::text)), ((details ->> 'sold_asset_issuer'::text)), ((details ->> 'bought_asset_type'::text)), ((details ->> 'bought_asset_code'::text)), ((details ->> 'bought_asset_issuer'::text))) WHERE (type = 33);


--
-- Name: unique_schema_migrations; Type: INDEX; Schema: public; Owner: -; Tablespace: 
--

CREATE UNIQUE INDEX unique_schema_migrations ON schema_migrations USING btree (version);


--
-- Name: public; Type: ACL; Schema: -; Owner: -
--

REVOKE ALL ON SCHEMA public FROM PUBLIC;
REVOKE ALL ON SCHEMA public FROM nullstyle;
GRANT ALL ON SCHEMA public TO nullstyle;
GRANT ALL ON SCHEMA public TO PUBLIC;


--
-- PostgreSQL database dump complete
--

