--
-- PostgreSQL database dump
--

SET statement_timeout = 0;
SET lock_timeout = 0;
SET client_encoding = 'UTF8';
SET standard_conforming_strings = on;
SET check_function_bodies = false;
SET client_min_messages = warning;

SET search_path = public, pg_catalog;

DROP INDEX public.signersaccount;
DROP INDEX public.sellingissuerindex;
DROP INDEX public.priceindex;
DROP INDEX public.ledgersbyseq;
DROP INDEX public.histfeebyseq;
DROP INDEX public.histbyseq;
DROP INDEX public.buyingissuerindex;
DROP INDEX public.accountbalances;
ALTER TABLE ONLY public.txhistory DROP CONSTRAINT txhistory_pkey;
ALTER TABLE ONLY public.txfeehistory DROP CONSTRAINT txfeehistory_pkey;
ALTER TABLE ONLY public.trustlines DROP CONSTRAINT trustlines_pkey;
ALTER TABLE ONLY public.storestate DROP CONSTRAINT storestate_pkey;
ALTER TABLE ONLY public.signers DROP CONSTRAINT signers_pkey;
ALTER TABLE ONLY public.pubsub DROP CONSTRAINT pubsub_pkey;
ALTER TABLE ONLY public.peers DROP CONSTRAINT peers_pkey;
ALTER TABLE ONLY public.offers DROP CONSTRAINT offers_pkey;
ALTER TABLE ONLY public.ledgerheaders DROP CONSTRAINT ledgerheaders_pkey;
ALTER TABLE ONLY public.ledgerheaders DROP CONSTRAINT ledgerheaders_ledgerseq_key;
ALTER TABLE ONLY public.accounts DROP CONSTRAINT accounts_pkey;
DROP TABLE public.txhistory;
DROP TABLE public.txfeehistory;
DROP TABLE public.trustlines;
DROP TABLE public.storestate;
DROP TABLE public.signers;
DROP TABLE public.pubsub;
DROP TABLE public.peers;
DROP TABLE public.offers;
DROP TABLE public.ledgerheaders;
DROP TABLE public.accounts;
DROP EXTENSION plpgsql;
DROP SCHEMA public;
--
-- Name: public; Type: SCHEMA; Schema: -; Owner: -
--

CREATE SCHEMA public;


--
-- Name: SCHEMA public; Type: COMMENT; Schema: -; Owner: -
--

COMMENT ON SCHEMA public IS 'standard public schema';


--
-- Name: plpgsql; Type: EXTENSION; Schema: -; Owner: -
--

CREATE EXTENSION IF NOT EXISTS plpgsql WITH SCHEMA pg_catalog;


--
-- Name: EXTENSION plpgsql; Type: COMMENT; Schema: -; Owner: -
--

COMMENT ON EXTENSION plpgsql IS 'PL/pgSQL procedural language';


SET search_path = public, pg_catalog;

SET default_tablespace = '';

SET default_with_oids = false;

--
-- Name: accounts; Type: TABLE; Schema: public; Owner: -; Tablespace: 
--

CREATE TABLE accounts (
    accountid character varying(56) NOT NULL,
    balance bigint NOT NULL,
    seqnum bigint NOT NULL,
    numsubentries integer NOT NULL,
    inflationdest character varying(56),
    homedomain character varying(32) NOT NULL,
    thresholds text NOT NULL,
    flags integer NOT NULL,
    lastmodified integer NOT NULL,
    CONSTRAINT accounts_balance_check CHECK ((balance >= 0)),
    CONSTRAINT accounts_numsubentries_check CHECK ((numsubentries >= 0))
);


--
-- Name: ledgerheaders; Type: TABLE; Schema: public; Owner: -; Tablespace: 
--

CREATE TABLE ledgerheaders (
    ledgerhash character(64) NOT NULL,
    prevhash character(64) NOT NULL,
    bucketlisthash character(64) NOT NULL,
    ledgerseq integer,
    closetime bigint NOT NULL,
    data text NOT NULL,
    CONSTRAINT ledgerheaders_closetime_check CHECK ((closetime >= 0)),
    CONSTRAINT ledgerheaders_ledgerseq_check CHECK ((ledgerseq >= 0))
);


--
-- Name: offers; Type: TABLE; Schema: public; Owner: -; Tablespace: 
--

CREATE TABLE offers (
    sellerid character varying(56) NOT NULL,
    offerid bigint NOT NULL,
    sellingassettype integer NOT NULL,
    sellingassetcode character varying(12),
    sellingissuer character varying(56),
    buyingassettype integer NOT NULL,
    buyingassetcode character varying(12),
    buyingissuer character varying(56),
    amount bigint NOT NULL,
    pricen integer NOT NULL,
    priced integer NOT NULL,
    price double precision NOT NULL,
    flags integer NOT NULL,
    lastmodified integer NOT NULL,
    CONSTRAINT offers_amount_check CHECK ((amount >= 0)),
    CONSTRAINT offers_offerid_check CHECK ((offerid >= 0))
);


--
-- Name: peers; Type: TABLE; Schema: public; Owner: -; Tablespace: 
--

CREATE TABLE peers (
    ip character varying(15) NOT NULL,
    port integer DEFAULT 0 NOT NULL,
    nextattempt timestamp without time zone NOT NULL,
    numfailures integer DEFAULT 0 NOT NULL,
    CONSTRAINT peers_numfailures_check CHECK ((numfailures >= 0)),
    CONSTRAINT peers_port_check CHECK (((port > 0) AND (port <= 65535)))
);


--
-- Name: pubsub; Type: TABLE; Schema: public; Owner: -; Tablespace: 
--

CREATE TABLE pubsub (
    resid character(32) NOT NULL,
    lastread integer
);


--
-- Name: signers; Type: TABLE; Schema: public; Owner: -; Tablespace: 
--

CREATE TABLE signers (
    accountid character varying(56) NOT NULL,
    publickey character varying(56) NOT NULL,
    weight integer NOT NULL
);


--
-- Name: storestate; Type: TABLE; Schema: public; Owner: -; Tablespace: 
--

CREATE TABLE storestate (
    statename character(32) NOT NULL,
    state text
);


--
-- Name: trustlines; Type: TABLE; Schema: public; Owner: -; Tablespace: 
--

CREATE TABLE trustlines (
    accountid character varying(56) NOT NULL,
    assettype integer NOT NULL,
    issuer character varying(56) NOT NULL,
    assetcode character varying(12) NOT NULL,
    tlimit bigint NOT NULL,
    balance bigint NOT NULL,
    flags integer NOT NULL,
    lastmodified integer NOT NULL,
    CONSTRAINT trustlines_balance_check CHECK ((balance >= 0)),
    CONSTRAINT trustlines_tlimit_check CHECK ((tlimit > 0))
);


--
-- Name: txfeehistory; Type: TABLE; Schema: public; Owner: -; Tablespace: 
--

CREATE TABLE txfeehistory (
    txid character(64) NOT NULL,
    ledgerseq integer NOT NULL,
    txindex integer NOT NULL,
    txchanges text NOT NULL,
    CONSTRAINT txfeehistory_ledgerseq_check CHECK ((ledgerseq >= 0))
);


--
-- Name: txhistory; Type: TABLE; Schema: public; Owner: -; Tablespace: 
--

CREATE TABLE txhistory (
    txid character(64) NOT NULL,
    ledgerseq integer NOT NULL,
    txindex integer NOT NULL,
    txbody text NOT NULL,
    txresult text NOT NULL,
    txmeta text NOT NULL,
    CONSTRAINT txhistory_ledgerseq_check CHECK ((ledgerseq >= 0))
);


--
-- Data for Name: accounts; Type: TABLE DATA; Schema: public; Owner: -
--

COPY accounts (accountid, balance, seqnum, numsubentries, inflationdest, homedomain, thresholds, flags, lastmodified) FROM stdin;
GBRPYHIL2CI3FNQ4BXLFMNDLFJUNPU2HY3ZMFSHONUCEOASW7QC7OX2H	999999959999999600	4	0	\N		AQAAAA==	0	2
GDLBOCQX4D66LHO2IHXU7ZNDLGU57ITD67FXL4WR5NEYQC3QIV24FIYH	9999999900	8589934593	1	\N		AQAAAA==	0	3
GBU347QDBQUWYDYNLXU7MU6EPMUIQP6XXT5JNR7UBQLK4BJAXMO34TLN	9999999900	8589934593	1	\N		AQAAAA==	0	3
GAVZL2RKWZNVYNB6Q6SMJL34FAJ24HQEVD67UHHMNH7C7HM4XWAG3OXQ	9999999200	8589934600	0	\N		AQAAAA==	0	4
GBOPZYJQ4VJRQZC3BOJ3EEIJYLVYKRGO2NOWPEQZYZYSU2NDYLD2OQ26	9999998200	8589934610	18	\N		AQAAAA==	0	5
\.


--
-- Data for Name: ledgerheaders; Type: TABLE DATA; Schema: public; Owner: -
--

COPY ledgerheaders (ledgerhash, prevhash, bucketlisthash, ledgerseq, closetime, data) FROM stdin;
63d98f536ee68d1b27b5b89f23af5311b7569a24faf1403ad0b52b633b07be99	0000000000000000000000000000000000000000000000000000000000000000	572a2e32ff248a07b0e70fd1f6d318c1facd20b6cc08c33d5775259868125a16	1	0	AAAAAAAAAAAAAAAAAAAAAAAAAAAAAAAAAAAAAAAAAAAAAAAAAAAAAAAAAAAAAAAAAAAAAAAAAAAAAAAAAAAAAAAAAAAAAAAAAAAAAAAAAAAAAAAAAAAAAAAAAAAAAAAAAAAAAAAAAAAAAAAAAAAAAAAAAABXKi4y/ySKB7DnD9H20xjB+s0gtswIwz1XdSWYaBJaFgAAAAEN4Lazp2QAAAAAAAAAAAAAAAAAAAAAAAAAAAAAAAAAZAX14QAAAABkAAAAAAAAAAAAAAAAAAAAAAAAAAAAAAAAAAAAAAAAAAAAAAAAAAAAAAAAAAAAAAAAAAAAAAAAAAAAAAAAAAAAAAAAAAAAAAAAAAAAAAAAAAAAAAAAAAAAAAAAAAAAAAAAAAAAAAAAAAAAAAAAAAAAAAAAAAAAAAAAAAAAAAAAAAAAAAAA
950e5533fe577cfdacd03b0738dfa2f5f143dd783c6c84ef834cb60b4591d61e	63d98f536ee68d1b27b5b89f23af5311b7569a24faf1403ad0b52b633b07be99	0a03f5d89bb29a95f874614d67b791ac1a76ae53f9c6174e611fb25dcf4c2395	2	1444259277	AAAAAWPZj1Nu5o0bJ7W4nyOvUxG3Vpok+vFAOtC1K2M7B76ZGPNJ1TFZpBFE5QWXMavwkNik0noLnzIWC8kvR8F6Q3UAAAAAVhWlzQAAAAIAAAAIAAAAAQAAAAEAAAAIAAAAAwAAAfQAAAAA+TZULukUskI3zTz5lekqRsdkvtC4P8KLC3NeOPq2ymgKA/XYm7Kalfh0YU1nt5GsGnauU/nGF05hH7Jdz0wjlQAAAAIN4Lazp2QAAAAAAAAAAAGQAAAAAAAAAAAAAAAAAAAAZAX14QAAAAH0AAAAAAAAAAAAAAAAAAAAAAAAAAAAAAAAAAAAAAAAAAAAAAAAAAAAAAAAAAAAAAAAAAAAAAAAAAAAAAAAAAAAAAAAAAAAAAAAAAAAAAAAAAAAAAAAAAAAAAAAAAAAAAAAAAAAAAAAAAAAAAAAAAAAAAAAAAAAAAAAAAAAAAAAAAAAAAAA
656c850242bde8bdebe46e69013e69d0d5cb48d5734422751b549536d0887524	950e5533fe577cfdacd03b0738dfa2f5f143dd783c6c84ef834cb60b4591d61e	3ab1ffc0e60a25f5abcf80fabb48217a70f2d4252336caa5494f8339bdd9bc7f	3	1444259278	AAAAAZUOVTP+V3z9rNA7BzjfovXxQ914PGyE74NMtgtFkdYerZ/YKnSFZ27/QpQK7CEM0GTRkJ0socjGRsScSlCoQmkAAAAAVhWlzgAAAAAAAAAAsISilvX3oqykAeariQXnw9QbhLx2fIja2a0WuXaaI8Y6sf/A5gol9avPgPq7SCF6cPLUJSM2yqVJT4M5vdm8fwAAAAMN4Lazp2QAAAAAAAAAAAV4AAAAAAAAAAAAAAAAAAAAZAX14QAAAAH0AAAAAAAAAAAAAAAAAAAAAAAAAAAAAAAAAAAAAAAAAAAAAAAAAAAAAAAAAAAAAAAAAAAAAAAAAAAAAAAAAAAAAAAAAAAAAAAAAAAAAAAAAAAAAAAAAAAAAAAAAAAAAAAAAAAAAAAAAAAAAAAAAAAAAAAAAAAAAAAAAAAAAAAAAAAAAAAA
3f617acd0122470ff956fa09e36bad6e7bead14f4458998f824373bc64361891	656c850242bde8bdebe46e69013e69d0d5cb48d5734422751b549536d0887524	f327a23689c5578804881b9fc874bf6bad07850fa17cff6c1bd6fb8743253746	4	1444259279	AAAAAWVshQJCvei96+RuaQE+adDVy0jVc0QidRtUlTbQiHUkESaYEMW1Y2ZlLgk/kQTLvfRlNf5B2j6g/Le85Dzfp9wAAAAAVhWlzwAAAAAAAAAAv/T+n23AgHE6CXkO6TAnAQUfpOS412pi90Sj2+UGFB/zJ6I2icVXiASIG5/IdL9rrQeFD6F8/2wb1vuHQyU3RgAAAAQN4Lazp2QAAAAAAAAAAAiYAAAAAAAAAAAAAAAAAAAAZAX14QAAAAH0AAAAAAAAAAAAAAAAAAAAAAAAAAAAAAAAAAAAAAAAAAAAAAAAAAAAAAAAAAAAAAAAAAAAAAAAAAAAAAAAAAAAAAAAAAAAAAAAAAAAAAAAAAAAAAAAAAAAAAAAAAAAAAAAAAAAAAAAAAAAAAAAAAAAAAAAAAAAAAAAAAAAAAAAAAAAAAAA
2228188045023d221c3c5816717071bd1e8d8a9c3a0e060b5e8ec1a113a7ac71	3f617acd0122470ff956fa09e36bad6e7bead14f4458998f824373bc64361891	99d2ee86b93cb9102cb65c47e0c3236ba614528c99c5d210187d7003c170ab5e	5	1444259280	AAAAAT9hes0BIkcP+Vb6CeNrrW576tFPRFiZj4JDc7xkNhiRhpA2svpkpLESuzJOdYSc2nomR1YaCAfHjfJxwOvBurgAAAAAVhWl0AAAAAAAAAAAXF8OvI6oRhXFPkEO97nV+gScptbUWRGVkymD6S+QFlyZ0u6GuTy5ECy2XEfgwyNrphRSjJnF0hAYfXADwXCrXgAAAAUN4Lazp2QAAAAAAAAAAAyAAAAAAAAAAAAAAAAKAAAAZAX14QAAAAH0AAAAAAAAAAAAAAAAAAAAAAAAAAAAAAAAAAAAAAAAAAAAAAAAAAAAAAAAAAAAAAAAAAAAAAAAAAAAAAAAAAAAAAAAAAAAAAAAAAAAAAAAAAAAAAAAAAAAAAAAAAAAAAAAAAAAAAAAAAAAAAAAAAAAAAAAAAAAAAAAAAAAAAAAAAAAAAAA
\.


--
-- Data for Name: offers; Type: TABLE DATA; Schema: public; Owner: -
--

COPY offers (sellerid, offerid, sellingassettype, sellingassetcode, sellingissuer, buyingassettype, buyingassetcode, buyingissuer, amount, pricen, priced, price, flags, lastmodified) FROM stdin;
GBOPZYJQ4VJRQZC3BOJ3EEIJYLVYKRGO2NOWPEQZYZYSU2NDYLD2OQ26	1	1	EUR	GAVZL2RKWZNVYNB6Q6SMJL34FAJ24HQEVD67UHHMNH7C7HM4XWAG3OXQ	1	USD	GAVZL2RKWZNVYNB6Q6SMJL34FAJ24HQEVD67UHHMNH7C7HM4XWAG3OXQ	100000000	1	1	1	0	5
GBOPZYJQ4VJRQZC3BOJ3EEIJYLVYKRGO2NOWPEQZYZYSU2NDYLD2OQ26	2	1	1	GAVZL2RKWZNVYNB6Q6SMJL34FAJ24HQEVD67UHHMNH7C7HM4XWAG3OXQ	1	USD	GAVZL2RKWZNVYNB6Q6SMJL34FAJ24HQEVD67UHHMNH7C7HM4XWAG3OXQ	200000000	1	1	1	0	5
GBOPZYJQ4VJRQZC3BOJ3EEIJYLVYKRGO2NOWPEQZYZYSU2NDYLD2OQ26	3	1	EUR	GAVZL2RKWZNVYNB6Q6SMJL34FAJ24HQEVD67UHHMNH7C7HM4XWAG3OXQ	1	1	GAVZL2RKWZNVYNB6Q6SMJL34FAJ24HQEVD67UHHMNH7C7HM4XWAG3OXQ	200000000	1	1	1	0	5
GBOPZYJQ4VJRQZC3BOJ3EEIJYLVYKRGO2NOWPEQZYZYSU2NDYLD2OQ26	4	1	21	GAVZL2RKWZNVYNB6Q6SMJL34FAJ24HQEVD67UHHMNH7C7HM4XWAG3OXQ	1	USD	GAVZL2RKWZNVYNB6Q6SMJL34FAJ24HQEVD67UHHMNH7C7HM4XWAG3OXQ	300000000	1	1	1	0	5
GBOPZYJQ4VJRQZC3BOJ3EEIJYLVYKRGO2NOWPEQZYZYSU2NDYLD2OQ26	5	1	22	GAVZL2RKWZNVYNB6Q6SMJL34FAJ24HQEVD67UHHMNH7C7HM4XWAG3OXQ	1	21	GAVZL2RKWZNVYNB6Q6SMJL34FAJ24HQEVD67UHHMNH7C7HM4XWAG3OXQ	300000000	1	1	1	0	5
GBOPZYJQ4VJRQZC3BOJ3EEIJYLVYKRGO2NOWPEQZYZYSU2NDYLD2OQ26	6	1	EUR	GAVZL2RKWZNVYNB6Q6SMJL34FAJ24HQEVD67UHHMNH7C7HM4XWAG3OXQ	1	22	GAVZL2RKWZNVYNB6Q6SMJL34FAJ24HQEVD67UHHMNH7C7HM4XWAG3OXQ	300000000	1	1	1	0	5
GBOPZYJQ4VJRQZC3BOJ3EEIJYLVYKRGO2NOWPEQZYZYSU2NDYLD2OQ26	7	1	31	GAVZL2RKWZNVYNB6Q6SMJL34FAJ24HQEVD67UHHMNH7C7HM4XWAG3OXQ	1	USD	GAVZL2RKWZNVYNB6Q6SMJL34FAJ24HQEVD67UHHMNH7C7HM4XWAG3OXQ	400000000	1	1	1	0	5
GBOPZYJQ4VJRQZC3BOJ3EEIJYLVYKRGO2NOWPEQZYZYSU2NDYLD2OQ26	8	1	32	GAVZL2RKWZNVYNB6Q6SMJL34FAJ24HQEVD67UHHMNH7C7HM4XWAG3OXQ	1	31	GAVZL2RKWZNVYNB6Q6SMJL34FAJ24HQEVD67UHHMNH7C7HM4XWAG3OXQ	400000000	1	1	1	0	5
GBOPZYJQ4VJRQZC3BOJ3EEIJYLVYKRGO2NOWPEQZYZYSU2NDYLD2OQ26	9	1	33	GAVZL2RKWZNVYNB6Q6SMJL34FAJ24HQEVD67UHHMNH7C7HM4XWAG3OXQ	1	32	GAVZL2RKWZNVYNB6Q6SMJL34FAJ24HQEVD67UHHMNH7C7HM4XWAG3OXQ	400000000	1	1	1	0	5
GBOPZYJQ4VJRQZC3BOJ3EEIJYLVYKRGO2NOWPEQZYZYSU2NDYLD2OQ26	10	1	EUR	GAVZL2RKWZNVYNB6Q6SMJL34FAJ24HQEVD67UHHMNH7C7HM4XWAG3OXQ	1	33	GAVZL2RKWZNVYNB6Q6SMJL34FAJ24HQEVD67UHHMNH7C7HM4XWAG3OXQ	400000000	1	1	1	0	5
\.


--
-- Data for Name: peers; Type: TABLE DATA; Schema: public; Owner: -
--

COPY peers (ip, port, nextattempt, numfailures) FROM stdin;
\.


--
-- Data for Name: pubsub; Type: TABLE DATA; Schema: public; Owner: -
--

COPY pubsub (resid, lastread) FROM stdin;
\.


--
-- Data for Name: signers; Type: TABLE DATA; Schema: public; Owner: -
--

COPY signers (accountid, publickey, weight) FROM stdin;
\.


--
-- Data for Name: storestate; Type: TABLE DATA; Schema: public; Owner: -
--

COPY storestate (statename, state) FROM stdin;
databaseinitialized             	true
forcescponnextlaunch            	false
lastclosedledger                	2228188045023d221c3c5816717071bd1e8d8a9c3a0e060b5e8ec1a113a7ac71
historyarchivestate             	{\n    "version": 1,\n    "server": "v0.1-7-gd6ebc57-dirty",\n    "currentLedger": 5,\n    "currentBuckets": [\n        {\n            "curr": "cc982b83828165504b74fb4ca648ea0b4a181bf0409210f33fd10c1352043043",\n            "next": {\n                "state": 0\n            },\n            "snap": "2f13f932869e542e7aa25ba954e5be274af2bc57f019f8ad31870f8af7e77435"\n        },\n        {\n            "curr": "ef31a20a398ee73ce22275ea8177786bac54656f33dcc4f3fec60d55ddf163d9",\n            "next": {\n                "state": 1,\n                "output": "2f13f932869e542e7aa25ba954e5be274af2bc57f019f8ad31870f8af7e77435"\n            },\n            "snap": "0000000000000000000000000000000000000000000000000000000000000000"\n        },\n        {\n            "curr": "0000000000000000000000000000000000000000000000000000000000000000",\n            "next": {\n                "state": 0\n            },\n            "snap": "0000000000000000000000000000000000000000000000000000000000000000"\n        },\n        {\n            "curr": "0000000000000000000000000000000000000000000000000000000000000000",\n            "next": {\n                "state": 0\n            },\n            "snap": "0000000000000000000000000000000000000000000000000000000000000000"\n        },\n        {\n            "curr": "0000000000000000000000000000000000000000000000000000000000000000",\n            "next": {\n                "state": 0\n            },\n            "snap": "0000000000000000000000000000000000000000000000000000000000000000"\n        },\n        {\n            "curr": "0000000000000000000000000000000000000000000000000000000000000000",\n            "next": {\n                "state": 0\n            },\n            "snap": "0000000000000000000000000000000000000000000000000000000000000000"\n        },\n        {\n            "curr": "0000000000000000000000000000000000000000000000000000000000000000",\n            "next": {\n                "state": 0\n            },\n            "snap": "0000000000000000000000000000000000000000000000000000000000000000"\n        },\n        {\n            "curr": "0000000000000000000000000000000000000000000000000000000000000000",\n            "next": {\n                "state": 0\n            },\n            "snap": "0000000000000000000000000000000000000000000000000000000000000000"\n        },\n        {\n            "curr": "0000000000000000000000000000000000000000000000000000000000000000",\n            "next": {\n                "state": 0\n            },\n            "snap": "0000000000000000000000000000000000000000000000000000000000000000"\n        },\n        {\n            "curr": "0000000000000000000000000000000000000000000000000000000000000000",\n            "next": {\n                "state": 0\n            },\n            "snap": "0000000000000000000000000000000000000000000000000000000000000000"\n        },\n        {\n            "curr": "0000000000000000000000000000000000000000000000000000000000000000",\n            "next": {\n                "state": 0\n            },\n            "snap": "0000000000000000000000000000000000000000000000000000000000000000"\n        }\n    ]\n}
\.


--
-- Data for Name: trustlines; Type: TABLE DATA; Schema: public; Owner: -
--

COPY trustlines (accountid, assettype, issuer, assetcode, tlimit, balance, flags, lastmodified) FROM stdin;
GDLBOCQX4D66LHO2IHXU7ZNDLGU57ITD67FXL4WR5NEYQC3QIV24FIYH	1	GAVZL2RKWZNVYNB6Q6SMJL34FAJ24HQEVD67UHHMNH7C7HM4XWAG3OXQ	EUR	9223372036854775807	0	1	3
GBOPZYJQ4VJRQZC3BOJ3EEIJYLVYKRGO2NOWPEQZYZYSU2NDYLD2OQ26	1	GAVZL2RKWZNVYNB6Q6SMJL34FAJ24HQEVD67UHHMNH7C7HM4XWAG3OXQ	USD	9223372036854775807	0	1	3
GBU347QDBQUWYDYNLXU7MU6EPMUIQP6XXT5JNR7UBQLK4BJAXMO34TLN	1	GAVZL2RKWZNVYNB6Q6SMJL34FAJ24HQEVD67UHHMNH7C7HM4XWAG3OXQ	USD	9223372036854775807	50000000000	1	4
GBOPZYJQ4VJRQZC3BOJ3EEIJYLVYKRGO2NOWPEQZYZYSU2NDYLD2OQ26	1	GAVZL2RKWZNVYNB6Q6SMJL34FAJ24HQEVD67UHHMNH7C7HM4XWAG3OXQ	EUR	9223372036854775807	50000000000	1	4
GBOPZYJQ4VJRQZC3BOJ3EEIJYLVYKRGO2NOWPEQZYZYSU2NDYLD2OQ26	1	GAVZL2RKWZNVYNB6Q6SMJL34FAJ24HQEVD67UHHMNH7C7HM4XWAG3OXQ	1	9223372036854775807	50000000000	1	4
GBOPZYJQ4VJRQZC3BOJ3EEIJYLVYKRGO2NOWPEQZYZYSU2NDYLD2OQ26	1	GAVZL2RKWZNVYNB6Q6SMJL34FAJ24HQEVD67UHHMNH7C7HM4XWAG3OXQ	21	9223372036854775807	50000000000	1	4
GBOPZYJQ4VJRQZC3BOJ3EEIJYLVYKRGO2NOWPEQZYZYSU2NDYLD2OQ26	1	GAVZL2RKWZNVYNB6Q6SMJL34FAJ24HQEVD67UHHMNH7C7HM4XWAG3OXQ	22	9223372036854775807	50000000000	1	4
GBOPZYJQ4VJRQZC3BOJ3EEIJYLVYKRGO2NOWPEQZYZYSU2NDYLD2OQ26	1	GAVZL2RKWZNVYNB6Q6SMJL34FAJ24HQEVD67UHHMNH7C7HM4XWAG3OXQ	31	9223372036854775807	50000000000	1	4
GBOPZYJQ4VJRQZC3BOJ3EEIJYLVYKRGO2NOWPEQZYZYSU2NDYLD2OQ26	1	GAVZL2RKWZNVYNB6Q6SMJL34FAJ24HQEVD67UHHMNH7C7HM4XWAG3OXQ	32	9223372036854775807	50000000000	1	4
GBOPZYJQ4VJRQZC3BOJ3EEIJYLVYKRGO2NOWPEQZYZYSU2NDYLD2OQ26	1	GAVZL2RKWZNVYNB6Q6SMJL34FAJ24HQEVD67UHHMNH7C7HM4XWAG3OXQ	33	9223372036854775807	50000000000	1	4
\.


--
-- Data for Name: txfeehistory; Type: TABLE DATA; Schema: public; Owner: -
--

COPY txfeehistory (txid, ledgerseq, txindex, txchanges) FROM stdin;
835aa4809dd441849971233955daaad6506f86a0f0cfbc384f1fa2ad52d3ec65	2	1	AAAAAQAAAAEAAAACAAAAAAAAAABi/B0L0JGythwN1lY0aypo19NHxvLCyO5tBEcCVvwF9w3gtrOnY/+cAAAAAAAAAAEAAAAAAAAAAAAAAAAAAAAAAQAAAAAAAAAAAAAAAAAAAA==
98bd23b9e71e41b5a0f755c0549c67af118fb75fce89dab4641469d2b7eca489	2	2	AAAAAQAAAAEAAAACAAAAAAAAAABi/B0L0JGythwN1lY0aypo19NHxvLCyO5tBEcCVvwF9w3gtrOnY/84AAAAAAAAAAIAAAAAAAAAAAAAAAAAAAAAAQAAAAAAAAAAAAAAAAAAAA==
550e032a5505d4758cfeea1b8a177ed350ce02edc9f09e0453805033b8595b00	2	3	AAAAAQAAAAEAAAACAAAAAAAAAABi/B0L0JGythwN1lY0aypo19NHxvLCyO5tBEcCVvwF9w3gtrOnY/7UAAAAAAAAAAMAAAAAAAAAAAAAAAAAAAAAAQAAAAAAAAAAAAAAAAAAAA==
1802986eb8a187744f31e6873f8eb57225ba8684347c1416a63da5ba8912f568	2	4	AAAAAQAAAAEAAAACAAAAAAAAAABi/B0L0JGythwN1lY0aypo19NHxvLCyO5tBEcCVvwF9w3gtrOnY/5wAAAAAAAAAAQAAAAAAAAAAAAAAAAAAAAAAQAAAAAAAAAAAAAAAAAAAA==
a12c6dc7baa09a5ca7cde7a0c19a62ef9caf57892b0140f56bba37c082c2bac8	3	1	AAAAAQAAAAEAAAADAAAAAAAAAADWFwoX4P3lndpB70/lo1mp36Jj98t18tHrSYgLcEV1wgAAAAJUC+OcAAAAAgAAAAEAAAAAAAAAAAAAAAAAAAAAAQAAAAAAAAAAAAAAAAAAAA==
a87989edca2c7e85017f7fc8a0871c1de2c0b500799b693c7aa29653c030cf2c	3	2	AAAAAQAAAAEAAAADAAAAAAAAAABpvn4DDClsDw1d6fZTxHsoiD/XvPqWx/QMFq4FILsdvgAAAAJUC+OcAAAAAgAAAAEAAAAAAAAAAAAAAAAAAAAAAQAAAAAAAAAAAAAAAAAAAA==
f4e043ef605cd618cddaf1461b3dc83220bd8aacdfbe60c990763517e75191a1	3	3	AAAAAQAAAAEAAAADAAAAAAAAAABc/OEw5VMYZFsLk7IRCcLrhUTO011nkhnGcSppo8LHpwAAAAJUC+OcAAAAAgAAAAEAAAAAAAAAAAAAAAAAAAAAAQAAAAAAAAAAAAAAAAAAAA==
7ec51ea9198684b0bb433139839fd773afd2e7d79e07102492cbf6df40eefe12	3	4	AAAAAQAAAAEAAAADAAAAAAAAAABc/OEw5VMYZFsLk7IRCcLrhUTO011nkhnGcSppo8LHpwAAAAJUC+M4AAAAAgAAAAIAAAAAAAAAAAAAAAAAAAAAAQAAAAAAAAAAAAAAAAAAAA==
86d481de4846db02195df87a6fb8901a01a5d4f2d0b616a45654714f7d530309	3	5	AAAAAQAAAAEAAAADAAAAAAAAAABc/OEw5VMYZFsLk7IRCcLrhUTO011nkhnGcSppo8LHpwAAAAJUC+LUAAAAAgAAAAMAAAAAAAAAAAAAAAAAAAAAAQAAAAAAAAAAAAAAAAAAAA==
c43856c1be5a9e53e09c1aad396148760a446c6e55e71e01567f9db7584efe4c	3	6	AAAAAQAAAAEAAAADAAAAAAAAAABc/OEw5VMYZFsLk7IRCcLrhUTO011nkhnGcSppo8LHpwAAAAJUC+JwAAAAAgAAAAQAAAAAAAAAAAAAAAAAAAAAAQAAAAAAAAAAAAAAAAAAAA==
fb49fefea10ff3d5b9cc2c5ebe8664858004f0902476491a229fb26c8c187e2e	3	7	AAAAAQAAAAEAAAADAAAAAAAAAABc/OEw5VMYZFsLk7IRCcLrhUTO011nkhnGcSppo8LHpwAAAAJUC+IMAAAAAgAAAAUAAAAAAAAAAAAAAAAAAAAAAQAAAAAAAAAAAAAAAAAAAA==
0bc6a0878d0fc5b1d02c5361cbf42d1a3c4c0e54bdc5e619cea5a16dee8ae81e	3	8	AAAAAQAAAAEAAAADAAAAAAAAAABc/OEw5VMYZFsLk7IRCcLrhUTO011nkhnGcSppo8LHpwAAAAJUC+GoAAAAAgAAAAYAAAAAAAAAAAAAAAAAAAAAAQAAAAAAAAAAAAAAAAAAAA==
31fc8cdb206fd22ec00fd17ddd3cdde60e80aff756566687f7e63eb3a189b7b7	3	9	AAAAAQAAAAEAAAADAAAAAAAAAABc/OEw5VMYZFsLk7IRCcLrhUTO011nkhnGcSppo8LHpwAAAAJUC+FEAAAAAgAAAAcAAAAAAAAAAAAAAAAAAAAAAQAAAAAAAAAAAAAAAAAAAA==
7f94055d14450d0fdbf3efe76be8d934f6002fa84800d7951609ec8b5c0f102f	3	10	AAAAAQAAAAEAAAADAAAAAAAAAABc/OEw5VMYZFsLk7IRCcLrhUTO011nkhnGcSppo8LHpwAAAAJUC+DgAAAAAgAAAAgAAAAAAAAAAAAAAAAAAAAAAQAAAAAAAAAAAAAAAAAAAA==
73fef5ab18e52c2420961e141897ff5877f75de4c1c1675090b42939dae7654c	4	1	AAAAAQAAAAEAAAAEAAAAAAAAAAArleoqtltcND6HpMSvfCgTrh4EqP36HOxp/i+dnL2AbQAAAAJUC+OcAAAAAgAAAAEAAAAAAAAAAAAAAAAAAAAAAQAAAAAAAAAAAAAAAAAAAA==
cccbbc479b8e753e689151107254379b21635be5c36ff54ef2f9fefffdecf624	4	2	AAAAAQAAAAEAAAAEAAAAAAAAAAArleoqtltcND6HpMSvfCgTrh4EqP36HOxp/i+dnL2AbQAAAAJUC+M4AAAAAgAAAAIAAAAAAAAAAAAAAAAAAAAAAQAAAAAAAAAAAAAAAAAAAA==
256ee6adfc4a953d77e580271adad11d7e07c9b595b8ae116685f5997e899b3c	4	3	AAAAAQAAAAEAAAAEAAAAAAAAAAArleoqtltcND6HpMSvfCgTrh4EqP36HOxp/i+dnL2AbQAAAAJUC+LUAAAAAgAAAAMAAAAAAAAAAAAAAAAAAAAAAQAAAAAAAAAAAAAAAAAAAA==
4f10a0201ca773f71688bd92d357ac18854366b115dbeb3782dd4e96d9a155c4	4	4	AAAAAQAAAAEAAAAEAAAAAAAAAAArleoqtltcND6HpMSvfCgTrh4EqP36HOxp/i+dnL2AbQAAAAJUC+JwAAAAAgAAAAQAAAAAAAAAAAAAAAAAAAAAAQAAAAAAAAAAAAAAAAAAAA==
ebe1fc56920c31c2a182d251de3e5fcea6df40623de27b007d61b2db7200f94f	4	5	AAAAAQAAAAEAAAAEAAAAAAAAAAArleoqtltcND6HpMSvfCgTrh4EqP36HOxp/i+dnL2AbQAAAAJUC+IMAAAAAgAAAAUAAAAAAAAAAAAAAAAAAAAAAQAAAAAAAAAAAAAAAAAAAA==
f59df9255f165a2e30cc6a53c89593dca1ea2cbea07a9e63bdc89c67f9e3a65a	4	6	AAAAAQAAAAEAAAAEAAAAAAAAAAArleoqtltcND6HpMSvfCgTrh4EqP36HOxp/i+dnL2AbQAAAAJUC+GoAAAAAgAAAAYAAAAAAAAAAAAAAAAAAAAAAQAAAAAAAAAAAAAAAAAAAA==
2da08505e2b857a9fb9316d56d90e1c312115abef0f0625fc3b70d27a2cb421e	4	7	AAAAAQAAAAEAAAAEAAAAAAAAAAArleoqtltcND6HpMSvfCgTrh4EqP36HOxp/i+dnL2AbQAAAAJUC+FEAAAAAgAAAAcAAAAAAAAAAAAAAAAAAAAAAQAAAAAAAAAAAAAAAAAAAA==
70d8650d3e1eff28b712d702f38bd1a3b9b90516747e20b9db2b6b9236e94ad1	4	8	AAAAAQAAAAEAAAAEAAAAAAAAAAArleoqtltcND6HpMSvfCgTrh4EqP36HOxp/i+dnL2AbQAAAAJUC+DgAAAAAgAAAAgAAAAAAAAAAAAAAAAAAAAAAQAAAAAAAAAAAAAAAAAAAA==
92a6c2ba9760f33bed7fd5dfba110495348fcb5d0d7a32285901a197bd77ef78	5	1	AAAAAQAAAAEAAAAFAAAAAAAAAABc/OEw5VMYZFsLk7IRCcLrhUTO011nkhnGcSppo8LHpwAAAAJUC+B8AAAAAgAAAAkAAAAIAAAAAAAAAAAAAAAAAQAAAAAAAAAAAAAAAAAAAA==
5cdeafc347d01cc73ca229addb32ea1fdd005d52dee955c33f45771ec21dc944	5	2	AAAAAQAAAAEAAAAFAAAAAAAAAABc/OEw5VMYZFsLk7IRCcLrhUTO011nkhnGcSppo8LHpwAAAAJUC+AYAAAAAgAAAAoAAAAIAAAAAAAAAAAAAAAAAQAAAAAAAAAAAAAAAAAAAA==
615814b9dbe2da6996583506cfaf6be2629a33619a7cb92ba40bd83548a3d04b	5	3	AAAAAQAAAAEAAAAFAAAAAAAAAABc/OEw5VMYZFsLk7IRCcLrhUTO011nkhnGcSppo8LHpwAAAAJUC9+0AAAAAgAAAAsAAAAIAAAAAAAAAAAAAAAAAQAAAAAAAAAAAAAAAAAAAA==
b62536290de1e619f9fc29ac1b334fe38aff046f9d35256d78c73ce111469a6d	5	4	AAAAAQAAAAEAAAAFAAAAAAAAAABc/OEw5VMYZFsLk7IRCcLrhUTO011nkhnGcSppo8LHpwAAAAJUC99QAAAAAgAAAAwAAAAIAAAAAAAAAAAAAAAAAQAAAAAAAAAAAAAAAAAAAA==
bcde9081ada73ed805a55d8950ea843a1e03e8744026938f81f57bd75f84be26	5	5	AAAAAQAAAAEAAAAFAAAAAAAAAABc/OEw5VMYZFsLk7IRCcLrhUTO011nkhnGcSppo8LHpwAAAAJUC97sAAAAAgAAAA0AAAAIAAAAAAAAAAAAAAAAAQAAAAAAAAAAAAAAAAAAAA==
b96502994bcdba30fa06709e482a4b0836e18d6199ba2615e3da1d81993ab43d	5	6	AAAAAQAAAAEAAAAFAAAAAAAAAABc/OEw5VMYZFsLk7IRCcLrhUTO011nkhnGcSppo8LHpwAAAAJUC96IAAAAAgAAAA4AAAAIAAAAAAAAAAAAAAAAAQAAAAAAAAAAAAAAAAAAAA==
270d75e32d7b5dcb78a45bf74ceb14284c8379516e9e9280159cebbcabbfc3d4	5	7	AAAAAQAAAAEAAAAFAAAAAAAAAABc/OEw5VMYZFsLk7IRCcLrhUTO011nkhnGcSppo8LHpwAAAAJUC94kAAAAAgAAAA8AAAAIAAAAAAAAAAAAAAAAAQAAAAAAAAAAAAAAAAAAAA==
5246b1654bb469d404adcf922bb4fce4a58aa0725de792ab236a76b4eb086ef0	5	8	AAAAAQAAAAEAAAAFAAAAAAAAAABc/OEw5VMYZFsLk7IRCcLrhUTO011nkhnGcSppo8LHpwAAAAJUC93AAAAAAgAAABAAAAAIAAAAAAAAAAAAAAAAAQAAAAAAAAAAAAAAAAAAAA==
270f5276486296de832992748742c8c31caa417d55cbf67757cc88a17defdb35	5	9	AAAAAQAAAAEAAAAFAAAAAAAAAABc/OEw5VMYZFsLk7IRCcLrhUTO011nkhnGcSppo8LHpwAAAAJUC91cAAAAAgAAABEAAAAIAAAAAAAAAAAAAAAAAQAAAAAAAAAAAAAAAAAAAA==
90a88d0eb3a9fdfb8b474010acea7850011be438bb031a6c1df8c54cba260c9a	5	10	AAAAAQAAAAEAAAAFAAAAAAAAAABc/OEw5VMYZFsLk7IRCcLrhUTO011nkhnGcSppo8LHpwAAAAJUC9z4AAAAAgAAABIAAAAIAAAAAAAAAAAAAAAAAQAAAAAAAAAAAAAAAAAAAA==
\.


--
-- Data for Name: txhistory; Type: TABLE DATA; Schema: public; Owner: -
--

COPY txhistory (txid, ledgerseq, txindex, txbody, txresult, txmeta) FROM stdin;
835aa4809dd441849971233955daaad6506f86a0f0cfbc384f1fa2ad52d3ec65	2	1	AAAAAGL8HQvQkbK2HA3WVjRrKmjX00fG8sLI7m0ERwJW/AX3AAAAZAAAAAAAAAABAAAAAAAAAAAAAAABAAAAAAAAAAAAAAAAK5XqKrZbXDQ+h6TEr3woE64eBKj9+hzsaf4vnZy9gG0AAAACVAvkAAAAAAAAAAABVvwF9wAAAEBpikG2oIWHxtqdFq6qDriFT20BH5/ykEBShWXqJcSUAkkKmUqEwVFBMz+vz1nnirjvDdGnbJBm9k0hh7rX7jUP	g1qkgJ3UQYSZcSM5Vdqq1lBvhqDwz7w4Tx+irVLT7GUAAAAAAAAAZAAAAAAAAAABAAAAAAAAAAAAAAAAAAAAAA==	AAAAAAAAAAEAAAACAAAAAAAAAAIAAAAAAAAAACuV6iq2W1w0PoekxK98KBOuHgSo/foc7Gn+L52cvYBtAAAAAlQL5AAAAAACAAAAAAAAAAAAAAAAAAAAAAAAAAABAAAAAAAAAAAAAAAAAAAAAAAAAQAAAAIAAAAAAAAAAGL8HQvQkbK2HA3WVjRrKmjX00fG8sLI7m0ERwJW/AX3DeC2sVNYGnAAAAAAAAAABAAAAAAAAAAAAAAAAAAAAAABAAAAAAAAAAAAAAAAAAAA
98bd23b9e71e41b5a0f755c0549c67af118fb75fce89dab4641469d2b7eca489	2	2	AAAAAGL8HQvQkbK2HA3WVjRrKmjX00fG8sLI7m0ERwJW/AX3AAAAZAAAAAAAAAACAAAAAAAAAAAAAAABAAAAAAAAAAAAAAAAab5+AwwpbA8NXen2U8R7KIg/17z6lsf0DBauBSC7Hb4AAAACVAvkAAAAAAAAAAABVvwF9wAAAEBfULnF8srjkPhmlS2GVvGwRjsG0fQdF26W9W0M0u46HBbG3yziiHA4wnTD1hRQRgE2Y54IuQzo2EwiaB2XnIkA	mL0jueceQbWg91XAVJxnrxGPt1/Oidq0ZBRp0rfspIkAAAAAAAAAZAAAAAAAAAABAAAAAAAAAAAAAAAAAAAAAA==	AAAAAAAAAAEAAAACAAAAAAAAAAIAAAAAAAAAAGm+fgMMKWwPDV3p9lPEeyiIP9e8+pbH9AwWrgUgux2+AAAAAlQL5AAAAAACAAAAAAAAAAAAAAAAAAAAAAAAAAABAAAAAAAAAAAAAAAAAAAAAAAAAQAAAAIAAAAAAAAAAGL8HQvQkbK2HA3WVjRrKmjX00fG8sLI7m0ERwJW/AX3DeC2rv9MNnAAAAAAAAAABAAAAAAAAAAAAAAAAAAAAAABAAAAAAAAAAAAAAAAAAAA
550e032a5505d4758cfeea1b8a177ed350ce02edc9f09e0453805033b8595b00	2	3	AAAAAGL8HQvQkbK2HA3WVjRrKmjX00fG8sLI7m0ERwJW/AX3AAAAZAAAAAAAAAADAAAAAAAAAAAAAAABAAAAAAAAAAAAAAAA1hcKF+D95Z3aQe9P5aNZqd+iY/fLdfLR60mIC3BFdcIAAAACVAvkAAAAAAAAAAABVvwF9wAAAEA8bBkVCsS3p9KLkHLfeV7vpT0GE6I6ySS1+P45itiv+hrg3QodigT2boItEvbd30iV3yRRZHEzf+dv8BxZjYgK	VQ4DKlUF1HWM/uobihd+01DOAu3J8J4EU4BQM7hZWwAAAAAAAAAAZAAAAAAAAAABAAAAAAAAAAAAAAAAAAAAAA==	AAAAAAAAAAEAAAACAAAAAAAAAAIAAAAAAAAAANYXChfg/eWd2kHvT+WjWanfomP3y3Xy0etJiAtwRXXCAAAAAlQL5AAAAAACAAAAAAAAAAAAAAAAAAAAAAAAAAABAAAAAAAAAAAAAAAAAAAAAAAAAQAAAAIAAAAAAAAAAGL8HQvQkbK2HA3WVjRrKmjX00fG8sLI7m0ERwJW/AX3DeC2rKtAUnAAAAAAAAAABAAAAAAAAAAAAAAAAAAAAAABAAAAAAAAAAAAAAAAAAAA
1802986eb8a187744f31e6873f8eb57225ba8684347c1416a63da5ba8912f568	2	4	AAAAAGL8HQvQkbK2HA3WVjRrKmjX00fG8sLI7m0ERwJW/AX3AAAAZAAAAAAAAAAEAAAAAAAAAAAAAAABAAAAAAAAAAAAAAAAXPzhMOVTGGRbC5OyEQnC64VEztNdZ5IZxnEqaaPCx6cAAAACVAvkAAAAAAAAAAABVvwF9wAAAECyFbXx2tAub4S/X7ZQ6UIlZm24A/vbGVd/kxywpF+rzWD4ykog42SZ9qMP3Zvg4PSBzBdiwL+rlOBISJWE1PcG	GAKYbrihh3RPMeaHP461ciW6hoQ0fBQWpj2luokS9WgAAAAAAAAAZAAAAAAAAAABAAAAAAAAAAAAAAAAAAAAAA==	AAAAAAAAAAEAAAACAAAAAAAAAAIAAAAAAAAAAFz84TDlUxhkWwuTshEJwuuFRM7TXWeSGcZxKmmjwsenAAAAAlQL5AAAAAACAAAAAAAAAAAAAAAAAAAAAAAAAAABAAAAAAAAAAAAAAAAAAAAAAAAAQAAAAIAAAAAAAAAAGL8HQvQkbK2HA3WVjRrKmjX00fG8sLI7m0ERwJW/AX3DeC2qlc0bnAAAAAAAAAABAAAAAAAAAAAAAAAAAAAAAABAAAAAAAAAAAAAAAAAAAA
a12c6dc7baa09a5ca7cde7a0c19a62ef9caf57892b0140f56bba37c082c2bac8	3	1	AAAAANYXChfg/eWd2kHvT+WjWanfomP3y3Xy0etJiAtwRXXCAAAAZAAAAAIAAAABAAAAAAAAAAAAAAABAAAAAAAAAAYAAAABRVVSAAAAAAArleoqtltcND6HpMSvfCgTrh4EqP36HOxp/i+dnL2AbX//////////AAAAAAAAAAFwRXXCAAAAQDt4FeC1fYgGLIQ+wY5rRkpey0+QTI7rLlkjrFiWoL/QwK3+paDod1aGqyFClm13Yhib2t5VAw8F0I0JV5ZYFgw=	oSxtx7qgmlynzeegwZpi75yvV4krAUD1a7o3wILCusgAAAAAAAAAZAAAAAAAAAABAAAAAAAAAAYAAAAAAAAAAA==	AAAAAAAAAAEAAAACAAAAAAAAAAMAAAABAAAAANYXChfg/eWd2kHvT+WjWanfomP3y3Xy0etJiAtwRXXCAAAAAUVVUgAAAAAAK5XqKrZbXDQ+h6TEr3woE64eBKj9+hzsaf4vnZy9gG0AAAAAAAAAAH//////////AAAAAQAAAAAAAAAAAAAAAQAAAAMAAAAAAAAAANYXChfg/eWd2kHvT+WjWanfomP3y3Xy0etJiAtwRXXCAAAAAlQL45wAAAACAAAAAQAAAAEAAAAAAAAAAAAAAAABAAAAAAAAAAAAAAAAAAAA
a87989edca2c7e85017f7fc8a0871c1de2c0b500799b693c7aa29653c030cf2c	3	2	AAAAAGm+fgMMKWwPDV3p9lPEeyiIP9e8+pbH9AwWrgUgux2+AAAAZAAAAAIAAAABAAAAAAAAAAAAAAABAAAAAAAAAAYAAAABVVNEAAAAAAArleoqtltcND6HpMSvfCgTrh4EqP36HOxp/i+dnL2AbX//////////AAAAAAAAAAEgux2+AAAAQDXGRFeg9i+RiAsCbdaCqSphLM7CSXUHNjNFX9QUcA0OEWnAKzD0fGL3UNx/lwg3sWUCJ1xiwGuXn63YF5lGCQk=	qHmJ7cosfoUBf3/IoIccHeLAtQB5m2k8eqKWU8AwzywAAAAAAAAAZAAAAAAAAAABAAAAAAAAAAYAAAAAAAAAAA==	AAAAAAAAAAEAAAACAAAAAAAAAAMAAAABAAAAAGm+fgMMKWwPDV3p9lPEeyiIP9e8+pbH9AwWrgUgux2+AAAAAVVTRAAAAAAAK5XqKrZbXDQ+h6TEr3woE64eBKj9+hzsaf4vnZy9gG0AAAAAAAAAAH//////////AAAAAQAAAAAAAAAAAAAAAQAAAAMAAAAAAAAAAGm+fgMMKWwPDV3p9lPEeyiIP9e8+pbH9AwWrgUgux2+AAAAAlQL45wAAAACAAAAAQAAAAEAAAAAAAAAAAAAAAABAAAAAAAAAAAAAAAAAAAA
f4e043ef605cd618cddaf1461b3dc83220bd8aacdfbe60c990763517e75191a1	3	3	AAAAAFz84TDlUxhkWwuTshEJwuuFRM7TXWeSGcZxKmmjwsenAAAAZAAAAAIAAAABAAAAAAAAAAAAAAABAAAAAAAAAAYAAAABVVNEAAAAAAArleoqtltcND6HpMSvfCgTrh4EqP36HOxp/i+dnL2AbX//////////AAAAAAAAAAGjwsenAAAAQBH0Yc1xtHPoNns0vbveJAtgPTY0Ny0w7nKAWwgqeNNZJ4Tavp0bC8O28OOzE/TiVPIMjQ3RdCirMw8aHDNgQgE=	9OBD72Bc1hjN2vFGGz3IMiC9iqzfvmDJkHY1F+dRkaEAAAAAAAAAZAAAAAAAAAABAAAAAAAAAAYAAAAAAAAAAA==	AAAAAAAAAAEAAAACAAAAAAAAAAMAAAABAAAAAFz84TDlUxhkWwuTshEJwuuFRM7TXWeSGcZxKmmjwsenAAAAAVVTRAAAAAAAK5XqKrZbXDQ+h6TEr3woE64eBKj9+hzsaf4vnZy9gG0AAAAAAAAAAH//////////AAAAAQAAAAAAAAAAAAAAAQAAAAMAAAAAAAAAAFz84TDlUxhkWwuTshEJwuuFRM7TXWeSGcZxKmmjwsenAAAAAlQL4OAAAAACAAAACAAAAAEAAAAAAAAAAAAAAAABAAAAAAAAAAAAAAAAAAAA
7ec51ea9198684b0bb433139839fd773afd2e7d79e07102492cbf6df40eefe12	3	4	AAAAAFz84TDlUxhkWwuTshEJwuuFRM7TXWeSGcZxKmmjwsenAAAAZAAAAAIAAAACAAAAAAAAAAAAAAABAAAAAAAAAAYAAAABRVVSAAAAAAArleoqtltcND6HpMSvfCgTrh4EqP36HOxp/i+dnL2AbX//////////AAAAAAAAAAGjwsenAAAAQC55nA6iH3AE9X2d6XGEqPVmsK7qgN19riKwpQOipzPFdEgXs7oVbUQzJEDpq99LFxDZq3pRGzjJROmaHf6NTgA=	fsUeqRmGhLC7QzE5g5/Xc6/S59eeBxAkksv230Du/hIAAAAAAAAAZAAAAAAAAAABAAAAAAAAAAYAAAAAAAAAAA==	AAAAAAAAAAEAAAACAAAAAAAAAAMAAAABAAAAAFz84TDlUxhkWwuTshEJwuuFRM7TXWeSGcZxKmmjwsenAAAAAUVVUgAAAAAAK5XqKrZbXDQ+h6TEr3woE64eBKj9+hzsaf4vnZy9gG0AAAAAAAAAAH//////////AAAAAQAAAAAAAAAAAAAAAQAAAAMAAAAAAAAAAFz84TDlUxhkWwuTshEJwuuFRM7TXWeSGcZxKmmjwsenAAAAAlQL4OAAAAACAAAACAAAAAIAAAAAAAAAAAAAAAABAAAAAAAAAAAAAAAAAAAA
86d481de4846db02195df87a6fb8901a01a5d4f2d0b616a45654714f7d530309	3	5	AAAAAFz84TDlUxhkWwuTshEJwuuFRM7TXWeSGcZxKmmjwsenAAAAZAAAAAIAAAADAAAAAAAAAAAAAAABAAAAAAAAAAYAAAABMQAAAAAAAAArleoqtltcND6HpMSvfCgTrh4EqP36HOxp/i+dnL2AbX//////////AAAAAAAAAAGjwsenAAAAQJdmxKkp+053QIpwFwjQf3GKWCWHQZEv/TvfipQEA/LvDkMa/eWE0Xt/d39lBCmcrMU0SvZtpoAEX/D9gZXwngk=	htSB3khG2wIZXfh6b7iQGgGl1PLQthakVlRxT31TAwkAAAAAAAAAZAAAAAAAAAABAAAAAAAAAAYAAAAAAAAAAA==	AAAAAAAAAAEAAAACAAAAAAAAAAMAAAABAAAAAFz84TDlUxhkWwuTshEJwuuFRM7TXWeSGcZxKmmjwsenAAAAATEAAAAAAAAAK5XqKrZbXDQ+h6TEr3woE64eBKj9+hzsaf4vnZy9gG0AAAAAAAAAAH//////////AAAAAQAAAAAAAAAAAAAAAQAAAAMAAAAAAAAAAFz84TDlUxhkWwuTshEJwuuFRM7TXWeSGcZxKmmjwsenAAAAAlQL4OAAAAACAAAACAAAAAMAAAAAAAAAAAAAAAABAAAAAAAAAAAAAAAAAAAA
c43856c1be5a9e53e09c1aad396148760a446c6e55e71e01567f9db7584efe4c	3	6	AAAAAFz84TDlUxhkWwuTshEJwuuFRM7TXWeSGcZxKmmjwsenAAAAZAAAAAIAAAAEAAAAAAAAAAAAAAABAAAAAAAAAAYAAAABMjEAAAAAAAArleoqtltcND6HpMSvfCgTrh4EqP36HOxp/i+dnL2AbX//////////AAAAAAAAAAGjwsenAAAAQDNiWdp40Uvos3PI6APB53HWv1LwhhsVNDi6OSTMjyOppqGXEOqrCltiyKuRwdlk4hkxV1TT+oIL6jOiZ+CtiQo=	xDhWwb5anlPgnBqtOWFIdgpEbG5V5x4BVn+dt1hO/kwAAAAAAAAAZAAAAAAAAAABAAAAAAAAAAYAAAAAAAAAAA==	AAAAAAAAAAEAAAACAAAAAAAAAAMAAAABAAAAAFz84TDlUxhkWwuTshEJwuuFRM7TXWeSGcZxKmmjwsenAAAAATIxAAAAAAAAK5XqKrZbXDQ+h6TEr3woE64eBKj9+hzsaf4vnZy9gG0AAAAAAAAAAH//////////AAAAAQAAAAAAAAAAAAAAAQAAAAMAAAAAAAAAAFz84TDlUxhkWwuTshEJwuuFRM7TXWeSGcZxKmmjwsenAAAAAlQL4OAAAAACAAAACAAAAAQAAAAAAAAAAAAAAAABAAAAAAAAAAAAAAAAAAAA
fb49fefea10ff3d5b9cc2c5ebe8664858004f0902476491a229fb26c8c187e2e	3	7	AAAAAFz84TDlUxhkWwuTshEJwuuFRM7TXWeSGcZxKmmjwsenAAAAZAAAAAIAAAAFAAAAAAAAAAAAAAABAAAAAAAAAAYAAAABMjIAAAAAAAArleoqtltcND6HpMSvfCgTrh4EqP36HOxp/i+dnL2AbX//////////AAAAAAAAAAGjwsenAAAAQJum7XD88gyYXc0gKd0zQa8de9X7Hbo9tPJSjGxIzCeD3stpEvCCtJRsCuHDtQ8uhfv6pS5R33xSw5F+/AJvhwA=	+0n+/qEP89W5zCxevoZkhYAE8JAkdkkaIp+ybIwYfi4AAAAAAAAAZAAAAAAAAAABAAAAAAAAAAYAAAAAAAAAAA==	AAAAAAAAAAEAAAACAAAAAAAAAAMAAAABAAAAAFz84TDlUxhkWwuTshEJwuuFRM7TXWeSGcZxKmmjwsenAAAAATIyAAAAAAAAK5XqKrZbXDQ+h6TEr3woE64eBKj9+hzsaf4vnZy9gG0AAAAAAAAAAH//////////AAAAAQAAAAAAAAAAAAAAAQAAAAMAAAAAAAAAAFz84TDlUxhkWwuTshEJwuuFRM7TXWeSGcZxKmmjwsenAAAAAlQL4OAAAAACAAAACAAAAAUAAAAAAAAAAAAAAAABAAAAAAAAAAAAAAAAAAAA
0bc6a0878d0fc5b1d02c5361cbf42d1a3c4c0e54bdc5e619cea5a16dee8ae81e	3	8	AAAAAFz84TDlUxhkWwuTshEJwuuFRM7TXWeSGcZxKmmjwsenAAAAZAAAAAIAAAAGAAAAAAAAAAAAAAABAAAAAAAAAAYAAAABMzEAAAAAAAArleoqtltcND6HpMSvfCgTrh4EqP36HOxp/i+dnL2AbX//////////AAAAAAAAAAGjwsenAAAAQGP0ZEraDwTm08JuOD0eSiLGBQ8LxOwgSFL1bZBiiXiLzk9worWbyMtGa4fMJXULZj8pO2dOjVjql3Ubs/j5wg4=	C8agh40PxbHQLFNhy/QtGjxMDlS9xeYZzqWhbe6K6B4AAAAAAAAAZAAAAAAAAAABAAAAAAAAAAYAAAAAAAAAAA==	AAAAAAAAAAEAAAACAAAAAAAAAAMAAAABAAAAAFz84TDlUxhkWwuTshEJwuuFRM7TXWeSGcZxKmmjwsenAAAAATMxAAAAAAAAK5XqKrZbXDQ+h6TEr3woE64eBKj9+hzsaf4vnZy9gG0AAAAAAAAAAH//////////AAAAAQAAAAAAAAAAAAAAAQAAAAMAAAAAAAAAAFz84TDlUxhkWwuTshEJwuuFRM7TXWeSGcZxKmmjwsenAAAAAlQL4OAAAAACAAAACAAAAAYAAAAAAAAAAAAAAAABAAAAAAAAAAAAAAAAAAAA
31fc8cdb206fd22ec00fd17ddd3cdde60e80aff756566687f7e63eb3a189b7b7	3	9	AAAAAFz84TDlUxhkWwuTshEJwuuFRM7TXWeSGcZxKmmjwsenAAAAZAAAAAIAAAAHAAAAAAAAAAAAAAABAAAAAAAAAAYAAAABMzIAAAAAAAArleoqtltcND6HpMSvfCgTrh4EqP36HOxp/i+dnL2AbX//////////AAAAAAAAAAGjwsenAAAAQMzh2ncToECcaIEoqgsAh24rrPoFAKNmAbQnXgezosgI5puL6esLe9mrAiHCQNJ1SquEho2xrEUDGu2QDpPhlgc=	MfyM2yBv0i7AD9F93Tzd5g6Ar/dWVmaH9+Y+s6GJt7cAAAAAAAAAZAAAAAAAAAABAAAAAAAAAAYAAAAAAAAAAA==	AAAAAAAAAAEAAAACAAAAAAAAAAMAAAABAAAAAFz84TDlUxhkWwuTshEJwuuFRM7TXWeSGcZxKmmjwsenAAAAATMyAAAAAAAAK5XqKrZbXDQ+h6TEr3woE64eBKj9+hzsaf4vnZy9gG0AAAAAAAAAAH//////////AAAAAQAAAAAAAAAAAAAAAQAAAAMAAAAAAAAAAFz84TDlUxhkWwuTshEJwuuFRM7TXWeSGcZxKmmjwsenAAAAAlQL4OAAAAACAAAACAAAAAcAAAAAAAAAAAAAAAABAAAAAAAAAAAAAAAAAAAA
7f94055d14450d0fdbf3efe76be8d934f6002fa84800d7951609ec8b5c0f102f	3	10	AAAAAFz84TDlUxhkWwuTshEJwuuFRM7TXWeSGcZxKmmjwsenAAAAZAAAAAIAAAAIAAAAAAAAAAAAAAABAAAAAAAAAAYAAAABMzMAAAAAAAArleoqtltcND6HpMSvfCgTrh4EqP36HOxp/i+dnL2AbX//////////AAAAAAAAAAGjwsenAAAAQNAtG9HR1sESU/nNq+QwxIfoVWm8xqViqb+H5HRn4CLW40DhmIcGtgICvPRBRClN2zROhAIPnioNI/1iREEjCwM=	f5QFXRRFDQ/b8+/na+jZNPYAL6hIANeVFgnsi1wPEC8AAAAAAAAAZAAAAAAAAAABAAAAAAAAAAYAAAAAAAAAAA==	AAAAAAAAAAEAAAACAAAAAAAAAAMAAAABAAAAAFz84TDlUxhkWwuTshEJwuuFRM7TXWeSGcZxKmmjwsenAAAAATMzAAAAAAAAK5XqKrZbXDQ+h6TEr3woE64eBKj9+hzsaf4vnZy9gG0AAAAAAAAAAH//////////AAAAAQAAAAAAAAAAAAAAAQAAAAMAAAAAAAAAAFz84TDlUxhkWwuTshEJwuuFRM7TXWeSGcZxKmmjwsenAAAAAlQL4OAAAAACAAAACAAAAAgAAAAAAAAAAAAAAAABAAAAAAAAAAAAAAAAAAAA
73fef5ab18e52c2420961e141897ff5877f75de4c1c1675090b42939dae7654c	4	1	AAAAACuV6iq2W1w0PoekxK98KBOuHgSo/foc7Gn+L52cvYBtAAAAZAAAAAIAAAABAAAAAAAAAAAAAAABAAAAAAAAAAEAAAAAab5+AwwpbA8NXen2U8R7KIg/17z6lsf0DBauBSC7Hb4AAAABVVNEAAAAAAArleoqtltcND6HpMSvfCgTrh4EqP36HOxp/i+dnL2AbQAAAAukO3QAAAAAAAAAAAGcvYBtAAAAQOPhbUnSd+QHGVVUmBfYp2PLvdjd9DV/16/zSc+fVN9dp/7lo1KbFlJ6f9+KJ3933nb9J6eviI2oBPLVQJNOQwQ=	c/71qxjlLCQglh4UGJf/WHf3XeTBwWdQkLQpOdrnZUwAAAAAAAAAZAAAAAAAAAABAAAAAAAAAAEAAAAAAAAAAA==	AAAAAAAAAAEAAAABAAAAAQAAAAQAAAABAAAAAGm+fgMMKWwPDV3p9lPEeyiIP9e8+pbH9AwWrgUgux2+AAAAAVVTRAAAAAAAK5XqKrZbXDQ+h6TEr3woE64eBKj9+hzsaf4vnZy9gG0AAAALpDt0AH//////////AAAAAQAAAAAAAAAA
cccbbc479b8e753e689151107254379b21635be5c36ff54ef2f9fefffdecf624	4	2	AAAAACuV6iq2W1w0PoekxK98KBOuHgSo/foc7Gn+L52cvYBtAAAAZAAAAAIAAAACAAAAAAAAAAAAAAABAAAAAAAAAAEAAAAAXPzhMOVTGGRbC5OyEQnC64VEztNdZ5IZxnEqaaPCx6cAAAABRVVSAAAAAAArleoqtltcND6HpMSvfCgTrh4EqP36HOxp/i+dnL2AbQAAAAukO3QAAAAAAAAAAAGcvYBtAAAAQDtUkohoT4hdGeVdKzpX5Gw21HN4B8yBKJECtxUr6q1t23zix3SJmOwgT4LTo4SkOY4iAbliqwOKNmuYbrbJqA0=	zMu8R5uOdT5okVEQclQ3myFjW+XDb/VO8vn+//3s9iQAAAAAAAAAZAAAAAAAAAABAAAAAAAAAAEAAAAAAAAAAA==	AAAAAAAAAAEAAAABAAAAAQAAAAQAAAABAAAAAFz84TDlUxhkWwuTshEJwuuFRM7TXWeSGcZxKmmjwsenAAAAAUVVUgAAAAAAK5XqKrZbXDQ+h6TEr3woE64eBKj9+hzsaf4vnZy9gG0AAAALpDt0AH//////////AAAAAQAAAAAAAAAA
256ee6adfc4a953d77e580271adad11d7e07c9b595b8ae116685f5997e899b3c	4	3	AAAAACuV6iq2W1w0PoekxK98KBOuHgSo/foc7Gn+L52cvYBtAAAAZAAAAAIAAAADAAAAAAAAAAAAAAABAAAAAAAAAAEAAAAAXPzhMOVTGGRbC5OyEQnC64VEztNdZ5IZxnEqaaPCx6cAAAABMQAAAAAAAAArleoqtltcND6HpMSvfCgTrh4EqP36HOxp/i+dnL2AbQAAAAukO3QAAAAAAAAAAAGcvYBtAAAAQFugri22ix3qZsmJA+QrTX8HqsB/prLQuzOIY3va7MXHLt2hNvlApF7WMd9mwPDyelLHqzoBrArY7L2ibLj2awg=	JW7mrfxKlT135YAnGtrRHX4HybWVuK4RZoX1mX6JmzwAAAAAAAAAZAAAAAAAAAABAAAAAAAAAAEAAAAAAAAAAA==	AAAAAAAAAAEAAAABAAAAAQAAAAQAAAABAAAAAFz84TDlUxhkWwuTshEJwuuFRM7TXWeSGcZxKmmjwsenAAAAATEAAAAAAAAAK5XqKrZbXDQ+h6TEr3woE64eBKj9+hzsaf4vnZy9gG0AAAALpDt0AH//////////AAAAAQAAAAAAAAAA
4f10a0201ca773f71688bd92d357ac18854366b115dbeb3782dd4e96d9a155c4	4	4	AAAAACuV6iq2W1w0PoekxK98KBOuHgSo/foc7Gn+L52cvYBtAAAAZAAAAAIAAAAEAAAAAAAAAAAAAAABAAAAAAAAAAEAAAAAXPzhMOVTGGRbC5OyEQnC64VEztNdZ5IZxnEqaaPCx6cAAAABMjEAAAAAAAArleoqtltcND6HpMSvfCgTrh4EqP36HOxp/i+dnL2AbQAAAAukO3QAAAAAAAAAAAGcvYBtAAAAQD0Ajx8ZPnMLTGWPMekAp8sqmXZBDt5BjfRkj2QXM7KVr+VIGslz1CDYn3jktqTH3x2Shd0BnqZKLNjN16DlLAA=	TxCgIBync/cWiL2S01esGIVDZrEV2+s3gt1OltmhVcQAAAAAAAAAZAAAAAAAAAABAAAAAAAAAAEAAAAAAAAAAA==	AAAAAAAAAAEAAAABAAAAAQAAAAQAAAABAAAAAFz84TDlUxhkWwuTshEJwuuFRM7TXWeSGcZxKmmjwsenAAAAATIxAAAAAAAAK5XqKrZbXDQ+h6TEr3woE64eBKj9+hzsaf4vnZy9gG0AAAALpDt0AH//////////AAAAAQAAAAAAAAAA
ebe1fc56920c31c2a182d251de3e5fcea6df40623de27b007d61b2db7200f94f	4	5	AAAAACuV6iq2W1w0PoekxK98KBOuHgSo/foc7Gn+L52cvYBtAAAAZAAAAAIAAAAFAAAAAAAAAAAAAAABAAAAAAAAAAEAAAAAXPzhMOVTGGRbC5OyEQnC64VEztNdZ5IZxnEqaaPCx6cAAAABMjIAAAAAAAArleoqtltcND6HpMSvfCgTrh4EqP36HOxp/i+dnL2AbQAAAAukO3QAAAAAAAAAAAGcvYBtAAAAQPdpkBOlltNEWLho8g8qAsKxPvea7lg4UjwESugp/WtB0t5foVlrF3dSeem8aD0KKRjukKdFBWNlcyix7BYHNAQ=	6+H8VpIMMcKhgtJR3j5fzqbfQGI94nsAfWGy23IA+U8AAAAAAAAAZAAAAAAAAAABAAAAAAAAAAEAAAAAAAAAAA==	AAAAAAAAAAEAAAABAAAAAQAAAAQAAAABAAAAAFz84TDlUxhkWwuTshEJwuuFRM7TXWeSGcZxKmmjwsenAAAAATIyAAAAAAAAK5XqKrZbXDQ+h6TEr3woE64eBKj9+hzsaf4vnZy9gG0AAAALpDt0AH//////////AAAAAQAAAAAAAAAA
f59df9255f165a2e30cc6a53c89593dca1ea2cbea07a9e63bdc89c67f9e3a65a	4	6	AAAAACuV6iq2W1w0PoekxK98KBOuHgSo/foc7Gn+L52cvYBtAAAAZAAAAAIAAAAGAAAAAAAAAAAAAAABAAAAAAAAAAEAAAAAXPzhMOVTGGRbC5OyEQnC64VEztNdZ5IZxnEqaaPCx6cAAAABMzEAAAAAAAArleoqtltcND6HpMSvfCgTrh4EqP36HOxp/i+dnL2AbQAAAAukO3QAAAAAAAAAAAGcvYBtAAAAQB5P3meq0eqDO+AZcOmhgYc8g+agy8i4cB64Jbd9qAoL9EJThg0qq0/ggrq88JWXmuYU8riHwLkw5hrwoT/8AgA=	9Z35JV8WWi4wzGpTyJWT3KHqLL6gep5jvcicZ/njploAAAAAAAAAZAAAAAAAAAABAAAAAAAAAAEAAAAAAAAAAA==	AAAAAAAAAAEAAAABAAAAAQAAAAQAAAABAAAAAFz84TDlUxhkWwuTshEJwuuFRM7TXWeSGcZxKmmjwsenAAAAATMxAAAAAAAAK5XqKrZbXDQ+h6TEr3woE64eBKj9+hzsaf4vnZy9gG0AAAALpDt0AH//////////AAAAAQAAAAAAAAAA
2da08505e2b857a9fb9316d56d90e1c312115abef0f0625fc3b70d27a2cb421e	4	7	AAAAACuV6iq2W1w0PoekxK98KBOuHgSo/foc7Gn+L52cvYBtAAAAZAAAAAIAAAAHAAAAAAAAAAAAAAABAAAAAAAAAAEAAAAAXPzhMOVTGGRbC5OyEQnC64VEztNdZ5IZxnEqaaPCx6cAAAABMzIAAAAAAAArleoqtltcND6HpMSvfCgTrh4EqP36HOxp/i+dnL2AbQAAAAukO3QAAAAAAAAAAAGcvYBtAAAAQO7LxupKDMe6ui1JLylDG9hzE54KIkwmR0wq2c6+mvMyRtos/zg+qAOPQ63VbdyD1mt8B5FRcCWNlSJCdoA1Owc=	LaCFBeK4V6n7kxbVbZDhwxIRWr7w8GJfw7cNJ6LLQh4AAAAAAAAAZAAAAAAAAAABAAAAAAAAAAEAAAAAAAAAAA==	AAAAAAAAAAEAAAABAAAAAQAAAAQAAAABAAAAAFz84TDlUxhkWwuTshEJwuuFRM7TXWeSGcZxKmmjwsenAAAAATMyAAAAAAAAK5XqKrZbXDQ+h6TEr3woE64eBKj9+hzsaf4vnZy9gG0AAAALpDt0AH//////////AAAAAQAAAAAAAAAA
70d8650d3e1eff28b712d702f38bd1a3b9b90516747e20b9db2b6b9236e94ad1	4	8	AAAAACuV6iq2W1w0PoekxK98KBOuHgSo/foc7Gn+L52cvYBtAAAAZAAAAAIAAAAIAAAAAAAAAAAAAAABAAAAAAAAAAEAAAAAXPzhMOVTGGRbC5OyEQnC64VEztNdZ5IZxnEqaaPCx6cAAAABMzMAAAAAAAArleoqtltcND6HpMSvfCgTrh4EqP36HOxp/i+dnL2AbQAAAAukO3QAAAAAAAAAAAGcvYBtAAAAQGe0k5/giMKMhEGj1Y2ZGxKSSV9rMH3+H4N72RmGf2gKGQfqA7B2VrW2OWKzya/VGF7RvFycpZdNMxwHFEiNXgA=	cNhlDT4e/yi3EtcC84vRo7m5BRZ0fiC52ytrkjbpStEAAAAAAAAAZAAAAAAAAAABAAAAAAAAAAEAAAAAAAAAAA==	AAAAAAAAAAEAAAABAAAAAQAAAAQAAAABAAAAAFz84TDlUxhkWwuTshEJwuuFRM7TXWeSGcZxKmmjwsenAAAAATMzAAAAAAAAK5XqKrZbXDQ+h6TEr3woE64eBKj9+hzsaf4vnZy9gG0AAAALpDt0AH//////////AAAAAQAAAAAAAAAA
92a6c2ba9760f33bed7fd5dfba110495348fcb5d0d7a32285901a197bd77ef78	5	1	AAAAAFz84TDlUxhkWwuTshEJwuuFRM7TXWeSGcZxKmmjwsenAAAAZAAAAAIAAAAJAAAAAAAAAAAAAAABAAAAAAAAAAMAAAABRVVSAAAAAAArleoqtltcND6HpMSvfCgTrh4EqP36HOxp/i+dnL2AbQAAAAFVU0QAAAAAACuV6iq2W1w0PoekxK98KBOuHgSo/foc7Gn+L52cvYBtAAAAAAX14QAAAAABAAAAAQAAAAAAAAAAAAAAAAAAAAGjwsenAAAAQNPFRp1Vk0dVTMtIt6KbPIjzDJDPr9E7v9Al+KBxf9X1Ery2L1WVdZwKdnUfTLuZDOZbwQGN4c1k9jSjykAaIA4=	kqbCupdg8zvtf9XfuhEElTSPy10NejIoWQGhl71373gAAAAAAAAAZAAAAAAAAAABAAAAAAAAAAMAAAAAAAAAAAAAAAAAAAAAXPzhMOVTGGRbC5OyEQnC64VEztNdZ5IZxnEqaaPCx6cAAAAAAAAAAQAAAAFFVVIAAAAAACuV6iq2W1w0PoekxK98KBOuHgSo/foc7Gn+L52cvYBtAAAAAVVTRAAAAAAAK5XqKrZbXDQ+h6TEr3woE64eBKj9+hzsaf4vnZy9gG0AAAAABfXhAAAAAAEAAAABAAAAAAAAAAAAAAAA	AAAAAAAAAAEAAAACAAAAAAAAAAUAAAACAAAAAFz84TDlUxhkWwuTshEJwuuFRM7TXWeSGcZxKmmjwsenAAAAAAAAAAEAAAABRVVSAAAAAAArleoqtltcND6HpMSvfCgTrh4EqP36HOxp/i+dnL2AbQAAAAFVU0QAAAAAACuV6iq2W1w0PoekxK98KBOuHgSo/foc7Gn+L52cvYBtAAAAAAX14QAAAAABAAAAAQAAAAAAAAAAAAAAAAAAAAEAAAAFAAAAAAAAAABc/OEw5VMYZFsLk7IRCcLrhUTO011nkhnGcSppo8LHpwAAAAJUC9z4AAAAAgAAABIAAAAJAAAAAAAAAAAAAAAAAQAAAAAAAAAAAAAAAAAAAA==
5cdeafc347d01cc73ca229addb32ea1fdd005d52dee955c33f45771ec21dc944	5	2	AAAAAFz84TDlUxhkWwuTshEJwuuFRM7TXWeSGcZxKmmjwsenAAAAZAAAAAIAAAAKAAAAAAAAAAAAAAABAAAAAAAAAAMAAAABMQAAAAAAAAArleoqtltcND6HpMSvfCgTrh4EqP36HOxp/i+dnL2AbQAAAAFVU0QAAAAAACuV6iq2W1w0PoekxK98KBOuHgSo/foc7Gn+L52cvYBtAAAAAAvrwgAAAAABAAAAAQAAAAAAAAAAAAAAAAAAAAGjwsenAAAAQCl8mkig7dSPHdegUj4eyT+Fx2dGc/skBlwrheqTWdhKkyO+np8/jvMhv3mSjJkCaZGIK+bqxru7Iy+Ic+YTpww=	XN6vw0fQHMc8oimt2zLqH90AXVLe6VXDP0V3HsIdyUQAAAAAAAAAZAAAAAAAAAABAAAAAAAAAAMAAAAAAAAAAAAAAAAAAAAAXPzhMOVTGGRbC5OyEQnC64VEztNdZ5IZxnEqaaPCx6cAAAAAAAAAAgAAAAExAAAAAAAAACuV6iq2W1w0PoekxK98KBOuHgSo/foc7Gn+L52cvYBtAAAAAVVTRAAAAAAAK5XqKrZbXDQ+h6TEr3woE64eBKj9+hzsaf4vnZy9gG0AAAAAC+vCAAAAAAEAAAABAAAAAAAAAAAAAAAA	AAAAAAAAAAEAAAACAAAAAAAAAAUAAAACAAAAAFz84TDlUxhkWwuTshEJwuuFRM7TXWeSGcZxKmmjwsenAAAAAAAAAAIAAAABMQAAAAAAAAArleoqtltcND6HpMSvfCgTrh4EqP36HOxp/i+dnL2AbQAAAAFVU0QAAAAAACuV6iq2W1w0PoekxK98KBOuHgSo/foc7Gn+L52cvYBtAAAAAAvrwgAAAAABAAAAAQAAAAAAAAAAAAAAAAAAAAEAAAAFAAAAAAAAAABc/OEw5VMYZFsLk7IRCcLrhUTO011nkhnGcSppo8LHpwAAAAJUC9z4AAAAAgAAABIAAAAKAAAAAAAAAAAAAAAAAQAAAAAAAAAAAAAAAAAAAA==
615814b9dbe2da6996583506cfaf6be2629a33619a7cb92ba40bd83548a3d04b	5	3	AAAAAFz84TDlUxhkWwuTshEJwuuFRM7TXWeSGcZxKmmjwsenAAAAZAAAAAIAAAALAAAAAAAAAAAAAAABAAAAAAAAAAMAAAABRVVSAAAAAAArleoqtltcND6HpMSvfCgTrh4EqP36HOxp/i+dnL2AbQAAAAExAAAAAAAAACuV6iq2W1w0PoekxK98KBOuHgSo/foc7Gn+L52cvYBtAAAAAAvrwgAAAAABAAAAAQAAAAAAAAAAAAAAAAAAAAGjwsenAAAAQJOjkMCNIIsBwHAeZBsSJGT5klVLtF8F3SrnA0IajhhPYBsFUY/M93KcSr8nUBIRVVmDuN9n16DqMZ5c05TZVg0=	YVgUudvi2mmWWDUGz69r4mKaM2GafLkrpAvYNUij0EsAAAAAAAAAZAAAAAAAAAABAAAAAAAAAAMAAAAAAAAAAAAAAAAAAAAAXPzhMOVTGGRbC5OyEQnC64VEztNdZ5IZxnEqaaPCx6cAAAAAAAAAAwAAAAFFVVIAAAAAACuV6iq2W1w0PoekxK98KBOuHgSo/foc7Gn+L52cvYBtAAAAATEAAAAAAAAAK5XqKrZbXDQ+h6TEr3woE64eBKj9+hzsaf4vnZy9gG0AAAAAC+vCAAAAAAEAAAABAAAAAAAAAAAAAAAA	AAAAAAAAAAEAAAACAAAAAAAAAAUAAAACAAAAAFz84TDlUxhkWwuTshEJwuuFRM7TXWeSGcZxKmmjwsenAAAAAAAAAAMAAAABRVVSAAAAAAArleoqtltcND6HpMSvfCgTrh4EqP36HOxp/i+dnL2AbQAAAAExAAAAAAAAACuV6iq2W1w0PoekxK98KBOuHgSo/foc7Gn+L52cvYBtAAAAAAvrwgAAAAABAAAAAQAAAAAAAAAAAAAAAAAAAAEAAAAFAAAAAAAAAABc/OEw5VMYZFsLk7IRCcLrhUTO011nkhnGcSppo8LHpwAAAAJUC9z4AAAAAgAAABIAAAALAAAAAAAAAAAAAAAAAQAAAAAAAAAAAAAAAAAAAA==
b62536290de1e619f9fc29ac1b334fe38aff046f9d35256d78c73ce111469a6d	5	4	AAAAAFz84TDlUxhkWwuTshEJwuuFRM7TXWeSGcZxKmmjwsenAAAAZAAAAAIAAAAMAAAAAAAAAAAAAAABAAAAAAAAAAMAAAABMjEAAAAAAAArleoqtltcND6HpMSvfCgTrh4EqP36HOxp/i+dnL2AbQAAAAFVU0QAAAAAACuV6iq2W1w0PoekxK98KBOuHgSo/foc7Gn+L52cvYBtAAAAABHhowAAAAABAAAAAQAAAAAAAAAAAAAAAAAAAAGjwsenAAAAQPdW0bLsWZIruhp9pBKQK0tP59LmST/C030g2AT07ax/+hIEg9oA2S99FcJOI50HkERya6yQU9II50NtOyWMPAk=	tiU2KQ3h5hn5/CmsGzNP44r/BG+dNSVteMc84RFGmm0AAAAAAAAAZAAAAAAAAAABAAAAAAAAAAMAAAAAAAAAAAAAAAAAAAAAXPzhMOVTGGRbC5OyEQnC64VEztNdZ5IZxnEqaaPCx6cAAAAAAAAABAAAAAEyMQAAAAAAACuV6iq2W1w0PoekxK98KBOuHgSo/foc7Gn+L52cvYBtAAAAAVVTRAAAAAAAK5XqKrZbXDQ+h6TEr3woE64eBKj9+hzsaf4vnZy9gG0AAAAAEeGjAAAAAAEAAAABAAAAAAAAAAAAAAAA	AAAAAAAAAAEAAAACAAAAAAAAAAUAAAACAAAAAFz84TDlUxhkWwuTshEJwuuFRM7TXWeSGcZxKmmjwsenAAAAAAAAAAQAAAABMjEAAAAAAAArleoqtltcND6HpMSvfCgTrh4EqP36HOxp/i+dnL2AbQAAAAFVU0QAAAAAACuV6iq2W1w0PoekxK98KBOuHgSo/foc7Gn+L52cvYBtAAAAABHhowAAAAABAAAAAQAAAAAAAAAAAAAAAAAAAAEAAAAFAAAAAAAAAABc/OEw5VMYZFsLk7IRCcLrhUTO011nkhnGcSppo8LHpwAAAAJUC9z4AAAAAgAAABIAAAAMAAAAAAAAAAAAAAAAAQAAAAAAAAAAAAAAAAAAAA==
bcde9081ada73ed805a55d8950ea843a1e03e8744026938f81f57bd75f84be26	5	5	AAAAAFz84TDlUxhkWwuTshEJwuuFRM7TXWeSGcZxKmmjwsenAAAAZAAAAAIAAAANAAAAAAAAAAAAAAABAAAAAAAAAAMAAAABMjIAAAAAAAArleoqtltcND6HpMSvfCgTrh4EqP36HOxp/i+dnL2AbQAAAAEyMQAAAAAAACuV6iq2W1w0PoekxK98KBOuHgSo/foc7Gn+L52cvYBtAAAAABHhowAAAAABAAAAAQAAAAAAAAAAAAAAAAAAAAGjwsenAAAAQKYsKeqA8B4xqVH4WJJvD4Y/y/wxmdZvCjiGhDA77uLK/aVngZQGxRyf6bNFwjzkV0UzOseB9bwYospbFfryPwo=	vN6Qga2nPtgFpV2JUOqEOh4D6HRAJpOPgfV711+EviYAAAAAAAAAZAAAAAAAAAABAAAAAAAAAAMAAAAAAAAAAAAAAAAAAAAAXPzhMOVTGGRbC5OyEQnC64VEztNdZ5IZxnEqaaPCx6cAAAAAAAAABQAAAAEyMgAAAAAAACuV6iq2W1w0PoekxK98KBOuHgSo/foc7Gn+L52cvYBtAAAAATIxAAAAAAAAK5XqKrZbXDQ+h6TEr3woE64eBKj9+hzsaf4vnZy9gG0AAAAAEeGjAAAAAAEAAAABAAAAAAAAAAAAAAAA	AAAAAAAAAAEAAAACAAAAAAAAAAUAAAACAAAAAFz84TDlUxhkWwuTshEJwuuFRM7TXWeSGcZxKmmjwsenAAAAAAAAAAUAAAABMjIAAAAAAAArleoqtltcND6HpMSvfCgTrh4EqP36HOxp/i+dnL2AbQAAAAEyMQAAAAAAACuV6iq2W1w0PoekxK98KBOuHgSo/foc7Gn+L52cvYBtAAAAABHhowAAAAABAAAAAQAAAAAAAAAAAAAAAAAAAAEAAAAFAAAAAAAAAABc/OEw5VMYZFsLk7IRCcLrhUTO011nkhnGcSppo8LHpwAAAAJUC9z4AAAAAgAAABIAAAANAAAAAAAAAAAAAAAAAQAAAAAAAAAAAAAAAAAAAA==
b96502994bcdba30fa06709e482a4b0836e18d6199ba2615e3da1d81993ab43d	5	6	AAAAAFz84TDlUxhkWwuTshEJwuuFRM7TXWeSGcZxKmmjwsenAAAAZAAAAAIAAAAOAAAAAAAAAAAAAAABAAAAAAAAAAMAAAABRVVSAAAAAAArleoqtltcND6HpMSvfCgTrh4EqP36HOxp/i+dnL2AbQAAAAEyMgAAAAAAACuV6iq2W1w0PoekxK98KBOuHgSo/foc7Gn+L52cvYBtAAAAABHhowAAAAABAAAAAQAAAAAAAAAAAAAAAAAAAAGjwsenAAAAQIhRyL+Ly18QKvlN6k3z3Nn1Z3nPZUuYBxEMVsgI/ecrY2w6kGu426pirotCrDuAfHh08USEWBIoSSsKBQlwZg0=	uWUCmUvNujD6BnCeSCpLCDbhjWGZuiYV49odgZk6tD0AAAAAAAAAZAAAAAAAAAABAAAAAAAAAAMAAAAAAAAAAAAAAAAAAAAAXPzhMOVTGGRbC5OyEQnC64VEztNdZ5IZxnEqaaPCx6cAAAAAAAAABgAAAAFFVVIAAAAAACuV6iq2W1w0PoekxK98KBOuHgSo/foc7Gn+L52cvYBtAAAAATIyAAAAAAAAK5XqKrZbXDQ+h6TEr3woE64eBKj9+hzsaf4vnZy9gG0AAAAAEeGjAAAAAAEAAAABAAAAAAAAAAAAAAAA	AAAAAAAAAAEAAAACAAAAAAAAAAUAAAACAAAAAFz84TDlUxhkWwuTshEJwuuFRM7TXWeSGcZxKmmjwsenAAAAAAAAAAYAAAABRVVSAAAAAAArleoqtltcND6HpMSvfCgTrh4EqP36HOxp/i+dnL2AbQAAAAEyMgAAAAAAACuV6iq2W1w0PoekxK98KBOuHgSo/foc7Gn+L52cvYBtAAAAABHhowAAAAABAAAAAQAAAAAAAAAAAAAAAAAAAAEAAAAFAAAAAAAAAABc/OEw5VMYZFsLk7IRCcLrhUTO011nkhnGcSppo8LHpwAAAAJUC9z4AAAAAgAAABIAAAAOAAAAAAAAAAAAAAAAAQAAAAAAAAAAAAAAAAAAAA==
270d75e32d7b5dcb78a45bf74ceb14284c8379516e9e9280159cebbcabbfc3d4	5	7	AAAAAFz84TDlUxhkWwuTshEJwuuFRM7TXWeSGcZxKmmjwsenAAAAZAAAAAIAAAAPAAAAAAAAAAAAAAABAAAAAAAAAAMAAAABMzEAAAAAAAArleoqtltcND6HpMSvfCgTrh4EqP36HOxp/i+dnL2AbQAAAAFVU0QAAAAAACuV6iq2W1w0PoekxK98KBOuHgSo/foc7Gn+L52cvYBtAAAAABfXhAAAAAABAAAAAQAAAAAAAAAAAAAAAAAAAAGjwsenAAAAQEw1ySMilFoky2wvEOo9p+wrNaMFCl3NnugAmXYF+ynZR67hDNbPrMBVUOimyMHsSOXstm3t21WvGLq31DzKswE=	Jw114y17Xct4pFv3TOsUKEyDeVFunpKAFZzrvKu/w9QAAAAAAAAAZAAAAAAAAAABAAAAAAAAAAMAAAAAAAAAAAAAAAAAAAAAXPzhMOVTGGRbC5OyEQnC64VEztNdZ5IZxnEqaaPCx6cAAAAAAAAABwAAAAEzMQAAAAAAACuV6iq2W1w0PoekxK98KBOuHgSo/foc7Gn+L52cvYBtAAAAAVVTRAAAAAAAK5XqKrZbXDQ+h6TEr3woE64eBKj9+hzsaf4vnZy9gG0AAAAAF9eEAAAAAAEAAAABAAAAAAAAAAAAAAAA	AAAAAAAAAAEAAAACAAAAAAAAAAUAAAACAAAAAFz84TDlUxhkWwuTshEJwuuFRM7TXWeSGcZxKmmjwsenAAAAAAAAAAcAAAABMzEAAAAAAAArleoqtltcND6HpMSvfCgTrh4EqP36HOxp/i+dnL2AbQAAAAFVU0QAAAAAACuV6iq2W1w0PoekxK98KBOuHgSo/foc7Gn+L52cvYBtAAAAABfXhAAAAAABAAAAAQAAAAAAAAAAAAAAAAAAAAEAAAAFAAAAAAAAAABc/OEw5VMYZFsLk7IRCcLrhUTO011nkhnGcSppo8LHpwAAAAJUC9z4AAAAAgAAABIAAAAPAAAAAAAAAAAAAAAAAQAAAAAAAAAAAAAAAAAAAA==
5246b1654bb469d404adcf922bb4fce4a58aa0725de792ab236a76b4eb086ef0	5	8	AAAAAFz84TDlUxhkWwuTshEJwuuFRM7TXWeSGcZxKmmjwsenAAAAZAAAAAIAAAAQAAAAAAAAAAAAAAABAAAAAAAAAAMAAAABMzIAAAAAAAArleoqtltcND6HpMSvfCgTrh4EqP36HOxp/i+dnL2AbQAAAAEzMQAAAAAAACuV6iq2W1w0PoekxK98KBOuHgSo/foc7Gn+L52cvYBtAAAAABfXhAAAAAABAAAAAQAAAAAAAAAAAAAAAAAAAAGjwsenAAAAQISuBw2OV5WunFGHTmY6LLYJbEuarlou1F5MEJYuUvmbeVjn2WnHmL8/+dnX0W4D6cg6nJtWbmvuiL2bn+2C7A4=	UkaxZUu0adQErc+SK7T85KWKoHJd55KrI2p2tOsIbvAAAAAAAAAAZAAAAAAAAAABAAAAAAAAAAMAAAAAAAAAAAAAAAAAAAAAXPzhMOVTGGRbC5OyEQnC64VEztNdZ5IZxnEqaaPCx6cAAAAAAAAACAAAAAEzMgAAAAAAACuV6iq2W1w0PoekxK98KBOuHgSo/foc7Gn+L52cvYBtAAAAATMxAAAAAAAAK5XqKrZbXDQ+h6TEr3woE64eBKj9+hzsaf4vnZy9gG0AAAAAF9eEAAAAAAEAAAABAAAAAAAAAAAAAAAA	AAAAAAAAAAEAAAACAAAAAAAAAAUAAAACAAAAAFz84TDlUxhkWwuTshEJwuuFRM7TXWeSGcZxKmmjwsenAAAAAAAAAAgAAAABMzIAAAAAAAArleoqtltcND6HpMSvfCgTrh4EqP36HOxp/i+dnL2AbQAAAAEzMQAAAAAAACuV6iq2W1w0PoekxK98KBOuHgSo/foc7Gn+L52cvYBtAAAAABfXhAAAAAABAAAAAQAAAAAAAAAAAAAAAAAAAAEAAAAFAAAAAAAAAABc/OEw5VMYZFsLk7IRCcLrhUTO011nkhnGcSppo8LHpwAAAAJUC9z4AAAAAgAAABIAAAAQAAAAAAAAAAAAAAAAAQAAAAAAAAAAAAAAAAAAAA==
270f5276486296de832992748742c8c31caa417d55cbf67757cc88a17defdb35	5	9	AAAAAFz84TDlUxhkWwuTshEJwuuFRM7TXWeSGcZxKmmjwsenAAAAZAAAAAIAAAARAAAAAAAAAAAAAAABAAAAAAAAAAMAAAABMzMAAAAAAAArleoqtltcND6HpMSvfCgTrh4EqP36HOxp/i+dnL2AbQAAAAEzMgAAAAAAACuV6iq2W1w0PoekxK98KBOuHgSo/foc7Gn+L52cvYBtAAAAABfXhAAAAAABAAAAAQAAAAAAAAAAAAAAAAAAAAGjwsenAAAAQEgt9hY9W6X8gEkgQ8wATOOmcqmYZcZxVZLrL0mMdwvNhe1olmabdAAnrrgJr9/Xk5DB9fZqjVAT4hBBxikd9gI=	Jw9Sdkhilt6DKZJ0h0LIwxyqQX1Vy/Z3V8yIoX3v2zUAAAAAAAAAZAAAAAAAAAABAAAAAAAAAAMAAAAAAAAAAAAAAAAAAAAAXPzhMOVTGGRbC5OyEQnC64VEztNdZ5IZxnEqaaPCx6cAAAAAAAAACQAAAAEzMwAAAAAAACuV6iq2W1w0PoekxK98KBOuHgSo/foc7Gn+L52cvYBtAAAAATMyAAAAAAAAK5XqKrZbXDQ+h6TEr3woE64eBKj9+hzsaf4vnZy9gG0AAAAAF9eEAAAAAAEAAAABAAAAAAAAAAAAAAAA	AAAAAAAAAAEAAAACAAAAAAAAAAUAAAACAAAAAFz84TDlUxhkWwuTshEJwuuFRM7TXWeSGcZxKmmjwsenAAAAAAAAAAkAAAABMzMAAAAAAAArleoqtltcND6HpMSvfCgTrh4EqP36HOxp/i+dnL2AbQAAAAEzMgAAAAAAACuV6iq2W1w0PoekxK98KBOuHgSo/foc7Gn+L52cvYBtAAAAABfXhAAAAAABAAAAAQAAAAAAAAAAAAAAAAAAAAEAAAAFAAAAAAAAAABc/OEw5VMYZFsLk7IRCcLrhUTO011nkhnGcSppo8LHpwAAAAJUC9z4AAAAAgAAABIAAAARAAAAAAAAAAAAAAAAAQAAAAAAAAAAAAAAAAAAAA==
90a88d0eb3a9fdfb8b474010acea7850011be438bb031a6c1df8c54cba260c9a	5	10	AAAAAFz84TDlUxhkWwuTshEJwuuFRM7TXWeSGcZxKmmjwsenAAAAZAAAAAIAAAASAAAAAAAAAAAAAAABAAAAAAAAAAMAAAABRVVSAAAAAAArleoqtltcND6HpMSvfCgTrh4EqP36HOxp/i+dnL2AbQAAAAEzMwAAAAAAACuV6iq2W1w0PoekxK98KBOuHgSo/foc7Gn+L52cvYBtAAAAABfXhAAAAAABAAAAAQAAAAAAAAAAAAAAAAAAAAGjwsenAAAAQM33rItZ+v/Xn0USQW351QDmT/AWeas19lb4TNfXw6n4qeBmBPAhywwOZJuqSR4/D2ltg/g2zThKX8m480Xiwwk=	kKiNDrOp/fuLR0AQrOp4UAEb5Di7AxpsHfjFTLomDJoAAAAAAAAAZAAAAAAAAAABAAAAAAAAAAMAAAAAAAAAAAAAAAAAAAAAXPzhMOVTGGRbC5OyEQnC64VEztNdZ5IZxnEqaaPCx6cAAAAAAAAACgAAAAFFVVIAAAAAACuV6iq2W1w0PoekxK98KBOuHgSo/foc7Gn+L52cvYBtAAAAATMzAAAAAAAAK5XqKrZbXDQ+h6TEr3woE64eBKj9+hzsaf4vnZy9gG0AAAAAF9eEAAAAAAEAAAABAAAAAAAAAAAAAAAA	AAAAAAAAAAEAAAACAAAAAAAAAAUAAAACAAAAAFz84TDlUxhkWwuTshEJwuuFRM7TXWeSGcZxKmmjwsenAAAAAAAAAAoAAAABRVVSAAAAAAArleoqtltcND6HpMSvfCgTrh4EqP36HOxp/i+dnL2AbQAAAAEzMwAAAAAAACuV6iq2W1w0PoekxK98KBOuHgSo/foc7Gn+L52cvYBtAAAAABfXhAAAAAABAAAAAQAAAAAAAAAAAAAAAAAAAAEAAAAFAAAAAAAAAABc/OEw5VMYZFsLk7IRCcLrhUTO011nkhnGcSppo8LHpwAAAAJUC9z4AAAAAgAAABIAAAASAAAAAAAAAAAAAAAAAQAAAAAAAAAAAAAAAAAAAA==
\.


--
-- Name: accounts_pkey; Type: CONSTRAINT; Schema: public; Owner: -; Tablespace: 
--

ALTER TABLE ONLY accounts
    ADD CONSTRAINT accounts_pkey PRIMARY KEY (accountid);


--
-- Name: ledgerheaders_ledgerseq_key; Type: CONSTRAINT; Schema: public; Owner: -; Tablespace: 
--

ALTER TABLE ONLY ledgerheaders
    ADD CONSTRAINT ledgerheaders_ledgerseq_key UNIQUE (ledgerseq);


--
-- Name: ledgerheaders_pkey; Type: CONSTRAINT; Schema: public; Owner: -; Tablespace: 
--

ALTER TABLE ONLY ledgerheaders
    ADD CONSTRAINT ledgerheaders_pkey PRIMARY KEY (ledgerhash);


--
-- Name: offers_pkey; Type: CONSTRAINT; Schema: public; Owner: -; Tablespace: 
--

ALTER TABLE ONLY offers
    ADD CONSTRAINT offers_pkey PRIMARY KEY (offerid);


--
-- Name: peers_pkey; Type: CONSTRAINT; Schema: public; Owner: -; Tablespace: 
--

ALTER TABLE ONLY peers
    ADD CONSTRAINT peers_pkey PRIMARY KEY (ip, port);


--
-- Name: pubsub_pkey; Type: CONSTRAINT; Schema: public; Owner: -; Tablespace: 
--

ALTER TABLE ONLY pubsub
    ADD CONSTRAINT pubsub_pkey PRIMARY KEY (resid);


--
-- Name: signers_pkey; Type: CONSTRAINT; Schema: public; Owner: -; Tablespace: 
--

ALTER TABLE ONLY signers
    ADD CONSTRAINT signers_pkey PRIMARY KEY (accountid, publickey);


--
-- Name: storestate_pkey; Type: CONSTRAINT; Schema: public; Owner: -; Tablespace: 
--

ALTER TABLE ONLY storestate
    ADD CONSTRAINT storestate_pkey PRIMARY KEY (statename);


--
-- Name: trustlines_pkey; Type: CONSTRAINT; Schema: public; Owner: -; Tablespace: 
--

ALTER TABLE ONLY trustlines
    ADD CONSTRAINT trustlines_pkey PRIMARY KEY (accountid, issuer, assetcode);


--
-- Name: txfeehistory_pkey; Type: CONSTRAINT; Schema: public; Owner: -; Tablespace: 
--

ALTER TABLE ONLY txfeehistory
    ADD CONSTRAINT txfeehistory_pkey PRIMARY KEY (ledgerseq, txindex);


--
-- Name: txhistory_pkey; Type: CONSTRAINT; Schema: public; Owner: -; Tablespace: 
--

ALTER TABLE ONLY txhistory
    ADD CONSTRAINT txhistory_pkey PRIMARY KEY (ledgerseq, txindex);


--
-- Name: accountbalances; Type: INDEX; Schema: public; Owner: -; Tablespace: 
--

CREATE INDEX accountbalances ON accounts USING btree (balance) WHERE (balance >= 1000000000);


--
-- Name: buyingissuerindex; Type: INDEX; Schema: public; Owner: -; Tablespace: 
--

CREATE INDEX buyingissuerindex ON offers USING btree (buyingissuer);


--
-- Name: histbyseq; Type: INDEX; Schema: public; Owner: -; Tablespace: 
--

CREATE INDEX histbyseq ON txhistory USING btree (ledgerseq);


--
-- Name: histfeebyseq; Type: INDEX; Schema: public; Owner: -; Tablespace: 
--

CREATE INDEX histfeebyseq ON txfeehistory USING btree (ledgerseq);


--
-- Name: ledgersbyseq; Type: INDEX; Schema: public; Owner: -; Tablespace: 
--

CREATE INDEX ledgersbyseq ON ledgerheaders USING btree (ledgerseq);


--
-- Name: priceindex; Type: INDEX; Schema: public; Owner: -; Tablespace: 
--

CREATE INDEX priceindex ON offers USING btree (price);


--
-- Name: sellingissuerindex; Type: INDEX; Schema: public; Owner: -; Tablespace: 
--

CREATE INDEX sellingissuerindex ON offers USING btree (sellingissuer);


--
-- Name: signersaccount; Type: INDEX; Schema: public; Owner: -; Tablespace: 
--

CREATE INDEX signersaccount ON signers USING btree (accountid);


--
-- PostgreSQL database dump complete
--

