--
-- PostgreSQL database dump
--

SET statement_timeout = 0;
SET lock_timeout = 0;
SET client_encoding = 'UTF8';
SET standard_conforming_strings = on;
SET check_function_bodies = false;
SET client_min_messages = warning;

SET search_path = public, pg_catalog;

DROP INDEX IF EXISTS public.trade_effects_by_order_book;
DROP INDEX IF EXISTS public.index_history_transactions_on_id;
DROP INDEX IF EXISTS public.index_history_operations_on_type;
DROP INDEX IF EXISTS public.index_history_operations_on_transaction_id;
DROP INDEX IF EXISTS public.index_history_operations_on_id;
DROP INDEX IF EXISTS public.index_history_ledgers_on_sequence;
DROP INDEX IF EXISTS public.index_history_ledgers_on_previous_ledger_hash;
DROP INDEX IF EXISTS public.index_history_ledgers_on_ledger_hash;
DROP INDEX IF EXISTS public.index_history_ledgers_on_importer_version;
DROP INDEX IF EXISTS public.index_history_ledgers_on_id;
DROP INDEX IF EXISTS public.index_history_ledgers_on_closed_at;
DROP INDEX IF EXISTS public.index_history_effects_on_type;
DROP INDEX IF EXISTS public.index_history_accounts_on_id;
DROP INDEX IF EXISTS public.index_history_accounts_on_address;
DROP INDEX IF EXISTS public.hs_transaction_by_id;
DROP INDEX IF EXISTS public.hs_ledger_by_id;
DROP INDEX IF EXISTS public.hist_tx_p_id;
DROP INDEX IF EXISTS public.hist_op_p_id;
DROP INDEX IF EXISTS public.hist_e_id;
DROP INDEX IF EXISTS public.hist_e_by_order;
DROP INDEX IF EXISTS public.by_ledger;
DROP INDEX IF EXISTS public.by_hash;
DROP INDEX IF EXISTS public.by_account;
ALTER TABLE IF EXISTS ONLY public.history_transaction_participants DROP CONSTRAINT IF EXISTS history_transaction_participants_pkey;
ALTER TABLE IF EXISTS ONLY public.history_operation_participants DROP CONSTRAINT IF EXISTS history_operation_participants_pkey;
ALTER TABLE IF EXISTS ONLY public.gorp_migrations DROP CONSTRAINT IF EXISTS gorp_migrations_pkey;
ALTER TABLE IF EXISTS public.history_transaction_participants ALTER COLUMN id DROP DEFAULT;
ALTER TABLE IF EXISTS public.history_operation_participants ALTER COLUMN id DROP DEFAULT;
DROP TABLE IF EXISTS public.history_transactions;
DROP SEQUENCE IF EXISTS public.history_transaction_participants_id_seq;
DROP TABLE IF EXISTS public.history_transaction_participants;
DROP TABLE IF EXISTS public.history_operations;
DROP SEQUENCE IF EXISTS public.history_operation_participants_id_seq;
DROP TABLE IF EXISTS public.history_operation_participants;
DROP TABLE IF EXISTS public.history_ledgers;
DROP TABLE IF EXISTS public.history_effects;
DROP TABLE IF EXISTS public.history_accounts;
DROP TABLE IF EXISTS public.gorp_migrations;
DROP EXTENSION IF EXISTS hstore;
DROP EXTENSION IF EXISTS plpgsql;
DROP SCHEMA IF EXISTS public;
--
-- Name: public; Type: SCHEMA; Schema: -; Owner: -
--

CREATE SCHEMA public;


--
-- Name: SCHEMA public; Type: COMMENT; Schema: -; Owner: -
--

COMMENT ON SCHEMA public IS 'standard public schema';


--
-- Name: plpgsql; Type: EXTENSION; Schema: -; Owner: -
--

CREATE EXTENSION IF NOT EXISTS plpgsql WITH SCHEMA pg_catalog;


--
-- Name: EXTENSION plpgsql; Type: COMMENT; Schema: -; Owner: -
--

COMMENT ON EXTENSION plpgsql IS 'PL/pgSQL procedural language';


--
-- Name: hstore; Type: EXTENSION; Schema: -; Owner: -
--

CREATE EXTENSION IF NOT EXISTS hstore WITH SCHEMA public;


--
-- Name: EXTENSION hstore; Type: COMMENT; Schema: -; Owner: -
--

COMMENT ON EXTENSION hstore IS 'data type for storing sets of (key, value) pairs';


SET search_path = public, pg_catalog;

SET default_tablespace = '';

SET default_with_oids = false;

--
-- Name: gorp_migrations; Type: TABLE; Schema: public; Owner: -; Tablespace: 
--

CREATE TABLE gorp_migrations (
    id text NOT NULL,
    applied_at timestamp with time zone
);


--
-- Name: history_accounts; Type: TABLE; Schema: public; Owner: -; Tablespace: 
--

CREATE TABLE history_accounts (
    id bigint NOT NULL,
    address character varying(64)
);


--
-- Name: history_effects; Type: TABLE; Schema: public; Owner: -; Tablespace: 
--

CREATE TABLE history_effects (
    history_account_id bigint NOT NULL,
    history_operation_id bigint NOT NULL,
    "order" integer NOT NULL,
    type integer NOT NULL,
    details jsonb
);


--
-- Name: history_ledgers; Type: TABLE; Schema: public; Owner: -; Tablespace: 
--

CREATE TABLE history_ledgers (
    sequence integer NOT NULL,
    ledger_hash character varying(64) NOT NULL,
    previous_ledger_hash character varying(64),
    transaction_count integer DEFAULT 0 NOT NULL,
    operation_count integer DEFAULT 0 NOT NULL,
    closed_at timestamp without time zone NOT NULL,
    created_at timestamp without time zone,
    updated_at timestamp without time zone,
    id bigint,
    importer_version integer DEFAULT 1 NOT NULL,
    total_coins bigint NOT NULL,
    fee_pool bigint NOT NULL,
    base_fee integer NOT NULL,
    base_reserve integer NOT NULL,
    max_tx_set_size integer NOT NULL
);


--
-- Name: history_operation_participants; Type: TABLE; Schema: public; Owner: -; Tablespace: 
--

CREATE TABLE history_operation_participants (
    id integer NOT NULL,
    history_operation_id bigint NOT NULL,
    history_account_id bigint NOT NULL
);


--
-- Name: history_operation_participants_id_seq; Type: SEQUENCE; Schema: public; Owner: -
--

CREATE SEQUENCE history_operation_participants_id_seq
    START WITH 1
    INCREMENT BY 1
    NO MINVALUE
    NO MAXVALUE
    CACHE 1;


--
-- Name: history_operation_participants_id_seq; Type: SEQUENCE OWNED BY; Schema: public; Owner: -
--

ALTER SEQUENCE history_operation_participants_id_seq OWNED BY history_operation_participants.id;


--
-- Name: history_operations; Type: TABLE; Schema: public; Owner: -; Tablespace: 
--

CREATE TABLE history_operations (
    id bigint NOT NULL,
    transaction_id bigint NOT NULL,
    application_order integer NOT NULL,
    type integer NOT NULL,
    details jsonb,
    source_account character varying(64) DEFAULT ''::character varying NOT NULL
);


--
-- Name: history_transaction_participants; Type: TABLE; Schema: public; Owner: -; Tablespace: 
--

CREATE TABLE history_transaction_participants (
    id integer NOT NULL,
    history_transaction_id bigint NOT NULL,
    history_account_id bigint NOT NULL
);


--
-- Name: history_transaction_participants_id_seq; Type: SEQUENCE; Schema: public; Owner: -
--

CREATE SEQUENCE history_transaction_participants_id_seq
    START WITH 1
    INCREMENT BY 1
    NO MINVALUE
    NO MAXVALUE
    CACHE 1;


--
-- Name: history_transaction_participants_id_seq; Type: SEQUENCE OWNED BY; Schema: public; Owner: -
--

ALTER SEQUENCE history_transaction_participants_id_seq OWNED BY history_transaction_participants.id;


--
-- Name: history_transactions; Type: TABLE; Schema: public; Owner: -; Tablespace: 
--

CREATE TABLE history_transactions (
    transaction_hash character varying(64) NOT NULL,
    ledger_sequence integer NOT NULL,
    application_order integer NOT NULL,
    account character varying(64) NOT NULL,
    account_sequence bigint NOT NULL,
    fee_paid integer NOT NULL,
    operation_count integer NOT NULL,
    created_at timestamp without time zone,
    updated_at timestamp without time zone,
    id bigint,
    tx_envelope text NOT NULL,
    tx_result text NOT NULL,
    tx_meta text NOT NULL,
    tx_fee_meta text NOT NULL,
    signatures character varying(96)[] DEFAULT '{}'::character varying[] NOT NULL,
    memo_type character varying DEFAULT 'none'::character varying NOT NULL,
    memo character varying,
    time_bounds int8range
);


--
-- Name: id; Type: DEFAULT; Schema: public; Owner: -
--

ALTER TABLE ONLY history_operation_participants ALTER COLUMN id SET DEFAULT nextval('history_operation_participants_id_seq'::regclass);


--
-- Name: id; Type: DEFAULT; Schema: public; Owner: -
--

ALTER TABLE ONLY history_transaction_participants ALTER COLUMN id SET DEFAULT nextval('history_transaction_participants_id_seq'::regclass);


--
-- Data for Name: gorp_migrations; Type: TABLE DATA; Schema: public; Owner: -
--

INSERT INTO gorp_migrations VALUES ('1_initial_schema.sql', '2016-03-17 15:01:27.057034-07');


--
-- Data for Name: history_accounts; Type: TABLE DATA; Schema: public; Owner: -
--

INSERT INTO history_accounts VALUES (1, 'GBRPYHIL2CI3FNQ4BXLFMNDLFJUNPU2HY3ZMFSHONUCEOASW7QC7OX2H');
INSERT INTO history_accounts VALUES (8589938689, 'GCXKG6RN4ONIEPCMNFB732A436Z5PNDSRLGWK7GBLCMQLIFO4S7EYWVU');
INSERT INTO history_accounts VALUES (8589942785, 'GA5WBPYA5Y4WAEHXWR2UKO2UO4BUGHUQ74EUPKON2QHV4WRHOIRNKKH2');


--
-- Data for Name: history_effects; Type: TABLE DATA; Schema: public; Owner: -
--

INSERT INTO history_effects VALUES (8589938689, 8589938689, 1, 0, '{"starting_balance": "1000.0000000"}');
INSERT INTO history_effects VALUES (1, 8589938689, 2, 3, '{"amount": "1000.0000000", "asset_type": "native"}');
INSERT INTO history_effects VALUES (8589938689, 8589938689, 3, 10, '{"weight": 1, "public_key": "GCXKG6RN4ONIEPCMNFB732A436Z5PNDSRLGWK7GBLCMQLIFO4S7EYWVU"}');
INSERT INTO history_effects VALUES (8589942785, 8589942785, 1, 0, '{"starting_balance": "1000.0000000"}');
INSERT INTO history_effects VALUES (1, 8589942785, 2, 3, '{"amount": "1000.0000000", "asset_type": "native"}');
INSERT INTO history_effects VALUES (8589942785, 8589942785, 3, 10, '{"weight": 1, "public_key": "GA5WBPYA5Y4WAEHXWR2UKO2UO4BUGHUQ74EUPKON2QHV4WRHOIRNKKH2"}');
INSERT INTO history_effects VALUES (8589938689, 12884905985, 1, 12, '{"weight": 1, "public_key": "GCXKG6RN4ONIEPCMNFB732A436Z5PNDSRLGWK7GBLCMQLIFO4S7EYWVU"}');
INSERT INTO history_effects VALUES (8589938689, 17179873281, 1, 6, '{"auth_required_flag": true}');
INSERT INTO history_effects VALUES (8589938689, 17179873281, 2, 12, '{"weight": 1, "public_key": "GCXKG6RN4ONIEPCMNFB732A436Z5PNDSRLGWK7GBLCMQLIFO4S7EYWVU"}');
INSERT INTO history_effects VALUES (8589938689, 21474840577, 1, 12, '{"weight": 2, "public_key": "GCXKG6RN4ONIEPCMNFB732A436Z5PNDSRLGWK7GBLCMQLIFO4S7EYWVU"}');
INSERT INTO history_effects VALUES (8589938689, 25769807873, 1, 4, '{"low_threshold": 0, "med_threshold": 2, "high_threshold": 2}');
INSERT INTO history_effects VALUES (8589938689, 25769807873, 2, 12, '{"weight": 2, "public_key": "GCXKG6RN4ONIEPCMNFB732A436Z5PNDSRLGWK7GBLCMQLIFO4S7EYWVU"}');
INSERT INTO history_effects VALUES (8589938689, 30064775169, 1, 5, '{"home_domain": "nullstyle.com"}');
INSERT INTO history_effects VALUES (8589938689, 30064775169, 2, 12, '{"weight": 2, "public_key": "GCXKG6RN4ONIEPCMNFB732A436Z5PNDSRLGWK7GBLCMQLIFO4S7EYWVU"}');
INSERT INTO history_effects VALUES (8589938689, 34359742465, 1, 12, '{"weight": 2, "public_key": "GCXKG6RN4ONIEPCMNFB732A436Z5PNDSRLGWK7GBLCMQLIFO4S7EYWVU"}');
INSERT INTO history_effects VALUES (8589938689, 34359742465, 2, 10, '{"weight": 1, "public_key": "GC23QF2HUE52AMXUFUH3AYJAXXGXXV2VHXYYR6EYXETPKDXZSAW67XO4"}');
INSERT INTO history_effects VALUES (8589938689, 38654709761, 1, 12, '{"weight": 2, "public_key": "GCXKG6RN4ONIEPCMNFB732A436Z5PNDSRLGWK7GBLCMQLIFO4S7EYWVU"}');
INSERT INTO history_effects VALUES (8589938689, 38654709761, 2, 12, '{"weight": 5, "public_key": "GC23QF2HUE52AMXUFUH3AYJAXXGXXV2VHXYYR6EYXETPKDXZSAW67XO4"}');
INSERT INTO history_effects VALUES (8589938689, 42949677057, 1, 6, '{"auth_required_flag": false}');
INSERT INTO history_effects VALUES (8589938689, 42949677057, 2, 12, '{"weight": 2, "public_key": "GCXKG6RN4ONIEPCMNFB732A436Z5PNDSRLGWK7GBLCMQLIFO4S7EYWVU"}');
INSERT INTO history_effects VALUES (8589938689, 42949677057, 3, 12, '{"weight": 5, "public_key": "GC23QF2HUE52AMXUFUH3AYJAXXGXXV2VHXYYR6EYXETPKDXZSAW67XO4"}');
INSERT INTO history_effects VALUES (8589938689, 47244644353, 1, 12, '{"weight": 2, "public_key": "GCXKG6RN4ONIEPCMNFB732A436Z5PNDSRLGWK7GBLCMQLIFO4S7EYWVU"}');
INSERT INTO history_effects VALUES (8589938689, 47244644353, 2, 11, '{"public_key": "GC23QF2HUE52AMXUFUH3AYJAXXGXXV2VHXYYR6EYXETPKDXZSAW67XO4"}');


--
-- Data for Name: history_ledgers; Type: TABLE DATA; Schema: public; Owner: -
--

INSERT INTO history_ledgers VALUES (1, '63d98f536ee68d1b27b5b89f23af5311b7569a24faf1403ad0b52b633b07be99', NULL, 0, 0, '1970-01-01 00:00:00', '2016-03-24 23:10:29.145774', '2016-03-24 23:10:29.145775', 4294967296, 5, 1000000000000000000, 0, 100, 100000000, 100);
INSERT INTO history_ledgers VALUES (2, 'ada09f2f4696b4e10d744b4c3abc952b7cb7deefcca3638a59ad7e78fa9725af', '63d98f536ee68d1b27b5b89f23af5311b7569a24faf1403ad0b52b633b07be99', 2, 2, '2016-03-24 23:10:27', '2016-03-24 23:10:29.15002', '2016-03-24 23:10:29.15002', 8589934592, 5, 1000000000000000000, 200, 100, 100000000, 10000);
INSERT INTO history_ledgers VALUES (3, 'e2a4aa942fb9dacf58bb9af175ae411d22a91a3fba11a32e55ad55dc86b84f42', 'ada09f2f4696b4e10d744b4c3abc952b7cb7deefcca3638a59ad7e78fa9725af', 1, 1, '2016-03-24 23:10:28', '2016-03-24 23:10:29.159065', '2016-03-24 23:10:29.159065', 12884901888, 5, 1000000000000000000, 300, 100, 100000000, 10000);
INSERT INTO history_ledgers VALUES (4, 'd896d477c6265ae1bd8331703ef14edd0dc1f4856a3c8a40834d6c2ae31d1135', 'e2a4aa942fb9dacf58bb9af175ae411d22a91a3fba11a32e55ad55dc86b84f42', 1, 1, '2016-03-24 23:10:29', '2016-03-24 23:10:29.16155', '2016-03-24 23:10:29.16155', 17179869184, 5, 1000000000000000000, 400, 100, 100000000, 10000);
INSERT INTO history_ledgers VALUES (5, 'efacffaad3188cc574ba91ac8965f11565364eb2a7d5b5bc2e8a650f956ed654', 'd896d477c6265ae1bd8331703ef14edd0dc1f4856a3c8a40834d6c2ae31d1135', 1, 1, '2016-03-24 23:10:30', '2016-03-24 23:10:29.164172', '2016-03-24 23:10:29.164172', 21474836480, 5, 1000000000000000000, 500, 100, 100000000, 10000);
INSERT INTO history_ledgers VALUES (6, '0cb097732957c33e35b43d66f4df87abb669fd30346eaa56927e5631333e89a9', 'efacffaad3188cc574ba91ac8965f11565364eb2a7d5b5bc2e8a650f956ed654', 1, 1, '2016-03-24 23:10:31', '2016-03-24 23:10:29.16662', '2016-03-24 23:10:29.16662', 25769803776, 5, 1000000000000000000, 600, 100, 100000000, 10000);
INSERT INTO history_ledgers VALUES (7, 'c435a7b7e78860732d823cf010259f8e7e6a758345714603c74d3d3227c170f5', '0cb097732957c33e35b43d66f4df87abb669fd30346eaa56927e5631333e89a9', 1, 1, '2016-03-24 23:10:32', '2016-03-24 23:10:29.169226', '2016-03-24 23:10:29.169226', 30064771072, 5, 1000000000000000000, 700, 100, 100000000, 10000);
INSERT INTO history_ledgers VALUES (8, '3c917eb7cae0a5c0457e77aea40fe2303fd16e26929a76a1e53c51a01730eda4', 'c435a7b7e78860732d823cf010259f8e7e6a758345714603c74d3d3227c170f5', 1, 1, '2016-03-24 23:10:33', '2016-03-24 23:10:29.172145', '2016-03-24 23:10:29.172145', 34359738368, 5, 1000000000000000000, 800, 100, 100000000, 10000);
INSERT INTO history_ledgers VALUES (9, '68c49ff68ae1749dae828a9b395d9fe3ff3f783c5992c7cea92d45ac5bcdfe69', '3c917eb7cae0a5c0457e77aea40fe2303fd16e26929a76a1e53c51a01730eda4', 1, 1, '2016-03-24 23:10:34', '2016-03-24 23:10:29.17469', '2016-03-24 23:10:29.17469', 38654705664, 5, 1000000000000000000, 900, 100, 100000000, 10000);
INSERT INTO history_ledgers VALUES (10, '08c5ce34a57a85535ed16153d72b9d4e547e6ef0164f61589b0554b6f4a9bfde', '68c49ff68ae1749dae828a9b395d9fe3ff3f783c5992c7cea92d45ac5bcdfe69', 1, 1, '2016-03-24 23:10:35', '2016-03-24 23:10:29.179133', '2016-03-24 23:10:29.179134', 42949672960, 5, 1000000000000000000, 1000, 100, 100000000, 10000);
INSERT INTO history_ledgers VALUES (11, '4b8f0dddc5fa14e523957c6351a5b3dc45acb5eca21b3502e24b7a37aba488c8', '08c5ce34a57a85535ed16153d72b9d4e547e6ef0164f61589b0554b6f4a9bfde', 1, 1, '2016-03-24 23:10:36', '2016-03-24 23:10:29.184448', '2016-03-24 23:10:29.184448', 47244640256, 5, 1000000000000000000, 1100, 100, 100000000, 10000);
INSERT INTO history_ledgers VALUES (12, 'a2089e761d4e0d8d0df5a271cfa9af808407f31cab45bc69aa6ada3b8425e89b', '4b8f0dddc5fa14e523957c6351a5b3dc45acb5eca21b3502e24b7a37aba488c8', 0, 0, '2016-03-24 23:10:37', '2016-03-24 23:10:29.188876', '2016-03-24 23:10:29.188876', 51539607552, 5, 1000000000000000000, 1100, 100, 100000000, 10000);


--
-- Data for Name: history_operation_participants; Type: TABLE DATA; Schema: public; Owner: -
--

INSERT INTO history_operation_participants VALUES (1, 8589938689, 1);
INSERT INTO history_operation_participants VALUES (2, 8589938689, 8589938689);
INSERT INTO history_operation_participants VALUES (3, 8589942785, 1);
INSERT INTO history_operation_participants VALUES (4, 8589942785, 8589942785);
INSERT INTO history_operation_participants VALUES (5, 12884905985, 8589938689);
INSERT INTO history_operation_participants VALUES (6, 17179873281, 8589938689);
INSERT INTO history_operation_participants VALUES (7, 21474840577, 8589938689);
INSERT INTO history_operation_participants VALUES (8, 25769807873, 8589938689);
INSERT INTO history_operation_participants VALUES (9, 30064775169, 8589938689);
INSERT INTO history_operation_participants VALUES (10, 34359742465, 8589938689);
INSERT INTO history_operation_participants VALUES (11, 38654709761, 8589938689);
INSERT INTO history_operation_participants VALUES (12, 42949677057, 8589938689);
INSERT INTO history_operation_participants VALUES (13, 47244644353, 8589938689);


--
-- Name: history_operation_participants_id_seq; Type: SEQUENCE SET; Schema: public; Owner: -
--

SELECT pg_catalog.setval('history_operation_participants_id_seq', 13, true);


--
-- Data for Name: history_operations; Type: TABLE DATA; Schema: public; Owner: -
--

INSERT INTO history_operations VALUES (8589938689, 8589938688, 1, 0, '{"funder": "GBRPYHIL2CI3FNQ4BXLFMNDLFJUNPU2HY3ZMFSHONUCEOASW7QC7OX2H", "account": "GCXKG6RN4ONIEPCMNFB732A436Z5PNDSRLGWK7GBLCMQLIFO4S7EYWVU", "starting_balance": "1000.0000000"}', 'GBRPYHIL2CI3FNQ4BXLFMNDLFJUNPU2HY3ZMFSHONUCEOASW7QC7OX2H');
INSERT INTO history_operations VALUES (8589942785, 8589942784, 1, 0, '{"funder": "GBRPYHIL2CI3FNQ4BXLFMNDLFJUNPU2HY3ZMFSHONUCEOASW7QC7OX2H", "account": "GA5WBPYA5Y4WAEHXWR2UKO2UO4BUGHUQ74EUPKON2QHV4WRHOIRNKKH2", "starting_balance": "1000.0000000"}', 'GBRPYHIL2CI3FNQ4BXLFMNDLFJUNPU2HY3ZMFSHONUCEOASW7QC7OX2H');
INSERT INTO history_operations VALUES (12884905985, 12884905984, 1, 5, '{"inflation_dest": "GA5WBPYA5Y4WAEHXWR2UKO2UO4BUGHUQ74EUPKON2QHV4WRHOIRNKKH2"}', 'GCXKG6RN4ONIEPCMNFB732A436Z5PNDSRLGWK7GBLCMQLIFO4S7EYWVU');
INSERT INTO history_operations VALUES (17179873281, 17179873280, 1, 5, '{"set_flags": [1], "set_flags_s": ["auth_required"]}', 'GCXKG6RN4ONIEPCMNFB732A436Z5PNDSRLGWK7GBLCMQLIFO4S7EYWVU');
INSERT INTO history_operations VALUES (21474840577, 21474840576, 1, 5, '{"master_key_weight": 2}', 'GCXKG6RN4ONIEPCMNFB732A436Z5PNDSRLGWK7GBLCMQLIFO4S7EYWVU');
INSERT INTO history_operations VALUES (25769807873, 25769807872, 1, 5, '{"low_threshold": 0, "med_threshold": 2, "high_threshold": 2}', 'GCXKG6RN4ONIEPCMNFB732A436Z5PNDSRLGWK7GBLCMQLIFO4S7EYWVU');
INSERT INTO history_operations VALUES (30064775169, 30064775168, 1, 5, '{"home_domain": "nullstyle.com"}', 'GCXKG6RN4ONIEPCMNFB732A436Z5PNDSRLGWK7GBLCMQLIFO4S7EYWVU');
INSERT INTO history_operations VALUES (34359742465, 34359742464, 1, 5, '{"signer_key": "GC23QF2HUE52AMXUFUH3AYJAXXGXXV2VHXYYR6EYXETPKDXZSAW67XO4", "signer_weight": 1}', 'GCXKG6RN4ONIEPCMNFB732A436Z5PNDSRLGWK7GBLCMQLIFO4S7EYWVU');
INSERT INTO history_operations VALUES (38654709761, 38654709760, 1, 5, '{"signer_key": "GC23QF2HUE52AMXUFUH3AYJAXXGXXV2VHXYYR6EYXETPKDXZSAW67XO4", "signer_weight": 5}', 'GCXKG6RN4ONIEPCMNFB732A436Z5PNDSRLGWK7GBLCMQLIFO4S7EYWVU');
INSERT INTO history_operations VALUES (42949677057, 42949677056, 1, 5, '{"clear_flags": [1], "clear_flags_s": ["auth_required"]}', 'GCXKG6RN4ONIEPCMNFB732A436Z5PNDSRLGWK7GBLCMQLIFO4S7EYWVU');
INSERT INTO history_operations VALUES (47244644353, 47244644352, 1, 5, '{"signer_key": "GC23QF2HUE52AMXUFUH3AYJAXXGXXV2VHXYYR6EYXETPKDXZSAW67XO4", "signer_weight": 0}', 'GCXKG6RN4ONIEPCMNFB732A436Z5PNDSRLGWK7GBLCMQLIFO4S7EYWVU');


--
-- Data for Name: history_transaction_participants; Type: TABLE DATA; Schema: public; Owner: -
--

INSERT INTO history_transaction_participants VALUES (1, 8589938688, 1);
INSERT INTO history_transaction_participants VALUES (2, 8589938688, 8589938689);
INSERT INTO history_transaction_participants VALUES (3, 8589942784, 1);
INSERT INTO history_transaction_participants VALUES (4, 8589942784, 8589942785);
INSERT INTO history_transaction_participants VALUES (5, 12884905984, 8589938689);
INSERT INTO history_transaction_participants VALUES (6, 17179873280, 8589938689);
INSERT INTO history_transaction_participants VALUES (7, 21474840576, 8589938689);
INSERT INTO history_transaction_participants VALUES (8, 25769807872, 8589938689);
INSERT INTO history_transaction_participants VALUES (9, 30064775168, 8589938689);
INSERT INTO history_transaction_participants VALUES (10, 34359742464, 8589938689);
INSERT INTO history_transaction_participants VALUES (11, 38654709760, 8589938689);
INSERT INTO history_transaction_participants VALUES (12, 42949677056, 8589938689);
INSERT INTO history_transaction_participants VALUES (13, 47244644352, 8589938689);


--
-- Name: history_transaction_participants_id_seq; Type: SEQUENCE SET; Schema: public; Owner: -
--

SELECT pg_catalog.setval('history_transaction_participants_id_seq', 13, true);


--
-- Data for Name: history_transactions; Type: TABLE DATA; Schema: public; Owner: -
--

INSERT INTO history_transactions VALUES ('b2a227c39c64a44fc7abd4c96819456f0399906d12c476d70b402bfdb296d6a3', 2, 1, 'GBRPYHIL2CI3FNQ4BXLFMNDLFJUNPU2HY3ZMFSHONUCEOASW7QC7OX2H', 1, 100, 1, '2016-03-24 23:10:29.150464', '2016-03-24 23:10:29.150464', 8589938688, 'AAAAAGL8HQvQkbK2HA3WVjRrKmjX00fG8sLI7m0ERwJW/AX3AAAAZAAAAAAAAAABAAAAAAAAAAAAAAABAAAAAAAAAAAAAAAArqN6LeOagjxMaUP96Bzfs9e0corNZXzBWJkFoK7kvkwAAAACVAvkAAAAAAAAAAABVvwF9wAAAEDt3KwmaPuPdFSUxdAFeb6OQetyQKIWazlbSMMhmHKNLD4sqhEqUZcQP0l+X/Op+osWmN6+FUYbsz75Q2jG4vMM', 'sqInw5xkpE/Hq9TJaBlFbwOZkG0SxHbXC0Ar/bKW1qMAAAAAAAAAZAAAAAAAAAABAAAAAAAAAAAAAAAAAAAAAA==', 'AAAAAAAAAAEAAAACAAAAAAAAAAIAAAAAAAAAAK6jei3jmoI8TGlD/egc37PXtHKKzWV8wViZBaCu5L5MAAAAAlQL5AAAAAACAAAAAAAAAAAAAAAAAAAAAAAAAAABAAAAAAAAAAAAAAAAAAAAAAAAAQAAAAIAAAAAAAAAAGL8HQvQkbK2HA3WVjRrKmjX00fG8sLI7m0ERwJW/AX3DeC2sVNYGzgAAAAAAAAAAgAAAAAAAAAAAAAAAAAAAAABAAAAAAAAAAAAAAAAAAAA', 'AAAAAgAAAAMAAAABAAAAAAAAAABi/B0L0JGythwN1lY0aypo19NHxvLCyO5tBEcCVvwF9w3gtrOnZAAAAAAAAAAAAAAAAAAAAAAAAAAAAAAAAAAAAQAAAAAAAAAAAAAAAAAAAAAAAAEAAAACAAAAAAAAAABi/B0L0JGythwN1lY0aypo19NHxvLCyO5tBEcCVvwF9w3gtrOnY/+cAAAAAAAAAAEAAAAAAAAAAAAAAAAAAAAAAQAAAAAAAAAAAAAAAAAAAA==', '{7dysJmj7j3RUlMXQBXm+jkHrckCiFms5W0jDIZhyjSw+LKoRKlGXED9Jfl/zqfqLFpjevhVGG7M++UNoxuLzDA==}', 'none', NULL, NULL);
INSERT INTO history_transactions VALUES ('36be70fb7782f9801cdcedc1206e21f99293c99860a15e441f4749747a0a37ab', 2, 2, 'GBRPYHIL2CI3FNQ4BXLFMNDLFJUNPU2HY3ZMFSHONUCEOASW7QC7OX2H', 2, 100, 1, '2016-03-24 23:10:29.155433', '2016-03-24 23:10:29.155433', 8589942784, 'AAAAAGL8HQvQkbK2HA3WVjRrKmjX00fG8sLI7m0ERwJW/AX3AAAAZAAAAAAAAAACAAAAAAAAAAAAAAABAAAAAAAAAAAAAAAAO2C/AO45YBD3tHVFO1R3A0MekP8JR6nN1A9eWidyItUAAAACVAvkAAAAAAAAAAABVvwF9wAAAEA3xWbxPObnZMiBGFKLJQufJLguTsHJxyAsPP5F9Zj561aXnvN/HVRJbFsEcitGbgi9dWVdKRYvmVWCizIdmLID', 'Nr5w+3eC+YAc3O3BIG4h+ZKTyZhgoV5EH0dJdHoKN6sAAAAAAAAAZAAAAAAAAAABAAAAAAAAAAAAAAAAAAAAAA==', 'AAAAAAAAAAEAAAACAAAAAAAAAAIAAAAAAAAAADtgvwDuOWAQ97R1RTtUdwNDHpD/CUepzdQPXlonciLVAAAAAlQL5AAAAAACAAAAAAAAAAAAAAAAAAAAAAAAAAABAAAAAAAAAAAAAAAAAAAAAAAAAQAAAAIAAAAAAAAAAGL8HQvQkbK2HA3WVjRrKmjX00fG8sLI7m0ERwJW/AX3DeC2rv9MNzgAAAAAAAAAAgAAAAAAAAAAAAAAAAAAAAABAAAAAAAAAAAAAAAAAAAA', 'AAAAAQAAAAEAAAACAAAAAAAAAABi/B0L0JGythwN1lY0aypo19NHxvLCyO5tBEcCVvwF9w3gtrOnY/84AAAAAAAAAAIAAAAAAAAAAAAAAAAAAAAAAQAAAAAAAAAAAAAAAAAAAA==', '{N8Vm8Tzm52TIgRhSiyULnyS4Lk7ByccgLDz+RfWY+etWl57zfx1USWxbBHIrRm4IvXVlXSkWL5lVgosyHZiyAw==}', 'none', NULL, NULL);
INSERT INTO history_transactions VALUES ('c76f843dd29e92bacbf21659d50454a043eae6a5ef81e2e8dc97b0e005d30962', 3, 1, 'GCXKG6RN4ONIEPCMNFB732A436Z5PNDSRLGWK7GBLCMQLIFO4S7EYWVU', 8589934593, 100, 1, '2016-03-24 23:10:29.159403', '2016-03-24 23:10:29.159403', 12884905984, 'AAAAAK6jei3jmoI8TGlD/egc37PXtHKKzWV8wViZBaCu5L5MAAAAZAAAAAIAAAABAAAAAAAAAAAAAAABAAAAAAAAAAUAAAABAAAAADtgvwDuOWAQ97R1RTtUdwNDHpD/CUepzdQPXlonciLVAAAAAQAAAAAAAAABAAAAAAAAAAAAAAAAAAAAAAAAAAAAAAAAAAAAAAAAAAAAAAABruS+TAAAAEC87yJlK5zXwuklcPxhmPt9HB9YOb+0HHcN2SteSVLsjnyafNu/560Mj8/QJzfSnKm3arRVJtHgFgaSFJiywRoF', 'x2+EPdKekrrL8hZZ1QRUoEPq5qXvgeLo3Jew4AXTCWIAAAAAAAAAZAAAAAAAAAABAAAAAAAAAAUAAAAAAAAAAA==', 'AAAAAAAAAAEAAAABAAAAAQAAAAMAAAAAAAAAAK6jei3jmoI8TGlD/egc37PXtHKKzWV8wViZBaCu5L5MAAAAAlQL45wAAAACAAAAAQAAAAAAAAABAAAAADtgvwDuOWAQ97R1RTtUdwNDHpD/CUepzdQPXlonciLVAAAAAAAAAAABAAAAAAAAAAAAAAAAAAAA', 'AAAAAgAAAAMAAAACAAAAAAAAAACuo3ot45qCPExpQ/3oHN+z17Ryis1lfMFYmQWgruS+TAAAAAJUC+QAAAAAAgAAAAAAAAAAAAAAAAAAAAAAAAAAAQAAAAAAAAAAAAAAAAAAAAAAAAEAAAADAAAAAAAAAACuo3ot45qCPExpQ/3oHN+z17Ryis1lfMFYmQWgruS+TAAAAAJUC+OcAAAAAgAAAAEAAAAAAAAAAAAAAAAAAAAAAQAAAAAAAAAAAAAAAAAAAA==', '{vO8iZSuc18LpJXD8YZj7fRwfWDm/tBx3DdkrXklS7I58mnzbv+etDI/P0Cc30pypt2q0VSbR4BYGkhSYssEaBQ==}', 'none', NULL, NULL);
INSERT INTO history_transactions VALUES ('895b1e3ae3570fac549edfcc260122a2f930b35b94b1dffa9f8c2a08816ac376', 4, 1, 'GCXKG6RN4ONIEPCMNFB732A436Z5PNDSRLGWK7GBLCMQLIFO4S7EYWVU', 8589934594, 100, 1, '2016-03-24 23:10:29.161843', '2016-03-24 23:10:29.161843', 17179873280, 'AAAAAK6jei3jmoI8TGlD/egc37PXtHKKzWV8wViZBaCu5L5MAAAAZAAAAAIAAAACAAAAAAAAAAAAAAABAAAAAAAAAAUAAAAAAAAAAQAAAAAAAAABAAAAAQAAAAAAAAAAAAAAAAAAAAAAAAAAAAAAAAAAAAAAAAABruS+TAAAAEALUnIdWXjDKFil8+3DPcIytdMco/BMWnrqyv9Hc/DQsGAOLHRdhdAVL/sVSxW7ITzpxY3bv11PDVlr/U5DdrgB', 'iVseOuNXD6xUnt/MJgEiovkws1uUsd/6n4wqCIFqw3YAAAAAAAAAZAAAAAAAAAABAAAAAAAAAAUAAAAAAAAAAA==', 'AAAAAAAAAAEAAAABAAAAAQAAAAQAAAAAAAAAAK6jei3jmoI8TGlD/egc37PXtHKKzWV8wViZBaCu5L5MAAAAAlQL4zgAAAACAAAAAgAAAAAAAAABAAAAADtgvwDuOWAQ97R1RTtUdwNDHpD/CUepzdQPXlonciLVAAAAAQAAAAABAAAAAAAAAAAAAAAAAAAA', 'AAAAAgAAAAMAAAADAAAAAAAAAACuo3ot45qCPExpQ/3oHN+z17Ryis1lfMFYmQWgruS+TAAAAAJUC+OcAAAAAgAAAAEAAAAAAAAAAQAAAAA7YL8A7jlgEPe0dUU7VHcDQx6Q/wlHqc3UD15aJ3Ii1QAAAAAAAAAAAQAAAAAAAAAAAAAAAAAAAAAAAAEAAAAEAAAAAAAAAACuo3ot45qCPExpQ/3oHN+z17Ryis1lfMFYmQWgruS+TAAAAAJUC+M4AAAAAgAAAAIAAAAAAAAAAQAAAAA7YL8A7jlgEPe0dUU7VHcDQx6Q/wlHqc3UD15aJ3Ii1QAAAAAAAAAAAQAAAAAAAAAAAAAAAAAAAA==', '{C1JyHVl4wyhYpfPtwz3CMrXTHKPwTFp66sr/R3Pw0LBgDix0XYXQFS/7FUsVuyE86cWN279dTw1Za/1OQ3a4AQ==}', 'none', NULL, NULL);
INSERT INTO history_transactions VALUES ('b0bb26bbc67cc1c226293ce18f94f9766b4e5c68132c2caff7907791d1723f27', 5, 1, 'GCXKG6RN4ONIEPCMNFB732A436Z5PNDSRLGWK7GBLCMQLIFO4S7EYWVU', 8589934595, 100, 1, '2016-03-24 23:10:29.164474', '2016-03-24 23:10:29.164474', 21474840576, 'AAAAAK6jei3jmoI8TGlD/egc37PXtHKKzWV8wViZBaCu5L5MAAAAZAAAAAIAAAADAAAAAAAAAAAAAAABAAAAAAAAAAUAAAAAAAAAAQAAAAAAAAABAAAAAAAAAAEAAAACAAAAAAAAAAAAAAAAAAAAAAAAAAAAAAAAAAAAAa7kvkwAAABA9mhGRBoZe3eaPDqE6/qVEp5iFBEKjErYbUzVlrtr6cD5ttn0uGzLQsVMlEgPpB82XWa7gzTRg0OykcYE8otoAg==', 'sLsmu8Z8wcImKTzhj5T5dmtOXGgTLCyv95B3kdFyPycAAAAAAAAAZAAAAAAAAAABAAAAAAAAAAUAAAAAAAAAAA==', 'AAAAAAAAAAEAAAABAAAAAQAAAAUAAAAAAAAAAK6jei3jmoI8TGlD/egc37PXtHKKzWV8wViZBaCu5L5MAAAAAlQL4tQAAAACAAAAAwAAAAAAAAABAAAAADtgvwDuOWAQ97R1RTtUdwNDHpD/CUepzdQPXlonciLVAAAAAQAAAAACAAAAAAAAAAAAAAAAAAAA', 'AAAAAgAAAAMAAAAEAAAAAAAAAACuo3ot45qCPExpQ/3oHN+z17Ryis1lfMFYmQWgruS+TAAAAAJUC+M4AAAAAgAAAAIAAAAAAAAAAQAAAAA7YL8A7jlgEPe0dUU7VHcDQx6Q/wlHqc3UD15aJ3Ii1QAAAAEAAAAAAQAAAAAAAAAAAAAAAAAAAAAAAAEAAAAFAAAAAAAAAACuo3ot45qCPExpQ/3oHN+z17Ryis1lfMFYmQWgruS+TAAAAAJUC+LUAAAAAgAAAAMAAAAAAAAAAQAAAAA7YL8A7jlgEPe0dUU7VHcDQx6Q/wlHqc3UD15aJ3Ii1QAAAAEAAAAAAQAAAAAAAAAAAAAAAAAAAA==', '{9mhGRBoZe3eaPDqE6/qVEp5iFBEKjErYbUzVlrtr6cD5ttn0uGzLQsVMlEgPpB82XWa7gzTRg0OykcYE8otoAg==}', 'none', NULL, NULL);
INSERT INTO history_transactions VALUES ('a721bea4176539c6ed564ceafb7084a31c5deafe17ce0b52d2e2752feae47db7', 6, 1, 'GCXKG6RN4ONIEPCMNFB732A436Z5PNDSRLGWK7GBLCMQLIFO4S7EYWVU', 8589934596, 100, 1, '2016-03-24 23:10:29.166915', '2016-03-24 23:10:29.166915', 25769807872, 'AAAAAK6jei3jmoI8TGlD/egc37PXtHKKzWV8wViZBaCu5L5MAAAAZAAAAAIAAAAEAAAAAAAAAAAAAAABAAAAAAAAAAUAAAAAAAAAAQAAAAAAAAABAAAAAAAAAAAAAAABAAAAAAAAAAEAAAACAAAAAQAAAAIAAAAAAAAAAAAAAAAAAAABruS+TAAAAEBE6Hv6Be+Sn9oVyHm+QedPXQwsE/U9freWjJTR8BN8qnvn6VUOzdc0U6PDQCyroLCAwh1LmK3iOmngqczf1RYG', 'pyG+pBdlOcbtVkzq+3CEoxxd6v4XzgtS0uJ1L+rkfbcAAAAAAAAAZAAAAAAAAAABAAAAAAAAAAUAAAAAAAAAAA==', 'AAAAAAAAAAEAAAABAAAAAQAAAAYAAAAAAAAAAK6jei3jmoI8TGlD/egc37PXtHKKzWV8wViZBaCu5L5MAAAAAlQL4nAAAAACAAAABAAAAAAAAAABAAAAADtgvwDuOWAQ97R1RTtUdwNDHpD/CUepzdQPXlonciLVAAAAAQAAAAACAAICAAAAAAAAAAAAAAAA', 'AAAAAgAAAAMAAAAFAAAAAAAAAACuo3ot45qCPExpQ/3oHN+z17Ryis1lfMFYmQWgruS+TAAAAAJUC+LUAAAAAgAAAAMAAAAAAAAAAQAAAAA7YL8A7jlgEPe0dUU7VHcDQx6Q/wlHqc3UD15aJ3Ii1QAAAAEAAAAAAgAAAAAAAAAAAAAAAAAAAAAAAAEAAAAGAAAAAAAAAACuo3ot45qCPExpQ/3oHN+z17Ryis1lfMFYmQWgruS+TAAAAAJUC+JwAAAAAgAAAAQAAAAAAAAAAQAAAAA7YL8A7jlgEPe0dUU7VHcDQx6Q/wlHqc3UD15aJ3Ii1QAAAAEAAAAAAgAAAAAAAAAAAAAAAAAAAA==', '{ROh7+gXvkp/aFch5vkHnT10MLBP1PX63loyU0fATfKp75+lVDs3XNFOjw0Asq6CwgMIdS5it4jpp4KnM39UWBg==}', 'none', NULL, NULL);
INSERT INTO history_transactions VALUES ('ca5cd8926d50d5f94acc074b6c966e927195571cb4977e1cb7690df84529f127', 7, 1, 'GCXKG6RN4ONIEPCMNFB732A436Z5PNDSRLGWK7GBLCMQLIFO4S7EYWVU', 8589934597, 100, 1, '2016-03-24 23:10:29.169517', '2016-03-24 23:10:29.169517', 30064775168, 'AAAAAK6jei3jmoI8TGlD/egc37PXtHKKzWV8wViZBaCu5L5MAAAAZAAAAAIAAAAFAAAAAAAAAAAAAAABAAAAAAAAAAUAAAAAAAAAAQAAAAAAAAABAAAAAAAAAAAAAAAAAAAAAAAAAAAAAAABAAAADW51bGxzdHlsZS5jb20AAAAAAAAAAAAAAAAAAAGu5L5MAAAAQO5rla99y3m6umRBntLBh1Spdn1AzzIijQ++E3Xk8CrAhurEJ6Dv2MeK8lw6KCWOwOMGYQo65HIisANSOuvaBAc=', 'ylzYkm1Q1flKzAdLbJZuknGVVxy0l34ct2kN+EUp8ScAAAAAAAAAZAAAAAAAAAABAAAAAAAAAAUAAAAAAAAAAA==', 'AAAAAAAAAAEAAAABAAAAAQAAAAcAAAAAAAAAAK6jei3jmoI8TGlD/egc37PXtHKKzWV8wViZBaCu5L5MAAAAAlQL4gwAAAACAAAABQAAAAAAAAABAAAAADtgvwDuOWAQ97R1RTtUdwNDHpD/CUepzdQPXlonciLVAAAAAQAAAA1udWxsc3R5bGUuY29tAAAAAgACAgAAAAAAAAAAAAAAAA==', 'AAAAAgAAAAMAAAAGAAAAAAAAAACuo3ot45qCPExpQ/3oHN+z17Ryis1lfMFYmQWgruS+TAAAAAJUC+JwAAAAAgAAAAQAAAAAAAAAAQAAAAA7YL8A7jlgEPe0dUU7VHcDQx6Q/wlHqc3UD15aJ3Ii1QAAAAEAAAAAAgACAgAAAAAAAAAAAAAAAAAAAAEAAAAHAAAAAAAAAACuo3ot45qCPExpQ/3oHN+z17Ryis1lfMFYmQWgruS+TAAAAAJUC+IMAAAAAgAAAAUAAAAAAAAAAQAAAAA7YL8A7jlgEPe0dUU7VHcDQx6Q/wlHqc3UD15aJ3Ii1QAAAAEAAAAAAgACAgAAAAAAAAAAAAAAAA==', '{7muVr33Lebq6ZEGe0sGHVKl2fUDPMiKND74TdeTwKsCG6sQnoO/Yx4ryXDooJY7A4wZhCjrkciKwA1I669oEBw==}', 'none', NULL, NULL);
INSERT INTO history_transactions VALUES ('eb4d35309591547be7fe2fb9c44834d20e4d569294088ac1a3d204d16e9a0751', 8, 1, 'GCXKG6RN4ONIEPCMNFB732A436Z5PNDSRLGWK7GBLCMQLIFO4S7EYWVU', 8589934598, 100, 1, '2016-03-24 23:10:29.17244', '2016-03-24 23:10:29.17244', 34359742464, 'AAAAAK6jei3jmoI8TGlD/egc37PXtHKKzWV8wViZBaCu5L5MAAAAZAAAAAIAAAAGAAAAAAAAAAAAAAABAAAAAAAAAAUAAAAAAAAAAQAAAAAAAAABAAAAAAAAAAAAAAAAAAAAAAAAAAAAAAAAAAAAAQAAAAC1uBdHoTugMvQtD7BhIL3Ne9dVPfGI+Ji5JvUO+ZAt7wAAAAEAAAAAAAAAAa7kvkwAAABAyTsFJ/1kdjnOkMFPhwVKbKbgNUMVtym/khH5V677pL0kYUOCsOWWBBxA+Hq3aHyldsfdVvGdm8OyKMflFdFrDg==', '6001MJWRVHvn/i+5xEg00g5NVpKUCIrBo9IE0W6aB1EAAAAAAAAAZAAAAAAAAAABAAAAAAAAAAUAAAAAAAAAAA==', 'AAAAAAAAAAEAAAABAAAAAQAAAAgAAAAAAAAAAK6jei3jmoI8TGlD/egc37PXtHKKzWV8wViZBaCu5L5MAAAAAlQL4agAAAACAAAABgAAAAEAAAABAAAAADtgvwDuOWAQ97R1RTtUdwNDHpD/CUepzdQPXlonciLVAAAAAQAAAA1udWxsc3R5bGUuY29tAAAAAgACAgAAAAEAAAAAtbgXR6E7oDL0LQ+wYSC9zXvXVT3xiPiYuSb1DvmQLe8AAAABAAAAAAAAAAA=', 'AAAAAgAAAAMAAAAHAAAAAAAAAACuo3ot45qCPExpQ/3oHN+z17Ryis1lfMFYmQWgruS+TAAAAAJUC+IMAAAAAgAAAAUAAAAAAAAAAQAAAAA7YL8A7jlgEPe0dUU7VHcDQx6Q/wlHqc3UD15aJ3Ii1QAAAAEAAAANbnVsbHN0eWxlLmNvbQAAAAIAAgIAAAAAAAAAAAAAAAAAAAABAAAACAAAAAAAAAAArqN6LeOagjxMaUP96Bzfs9e0corNZXzBWJkFoK7kvkwAAAACVAvhqAAAAAIAAAAGAAAAAAAAAAEAAAAAO2C/AO45YBD3tHVFO1R3A0MekP8JR6nN1A9eWidyItUAAAABAAAADW51bGxzdHlsZS5jb20AAAACAAICAAAAAAAAAAAAAAAA', '{yTsFJ/1kdjnOkMFPhwVKbKbgNUMVtym/khH5V677pL0kYUOCsOWWBBxA+Hq3aHyldsfdVvGdm8OyKMflFdFrDg==}', 'none', NULL, NULL);
INSERT INTO history_transactions VALUES ('be85b5e14dcb9fe976a73cccc8bfac69be7ecec2126bfe5ecc551c683b43dcd7', 9, 1, 'GCXKG6RN4ONIEPCMNFB732A436Z5PNDSRLGWK7GBLCMQLIFO4S7EYWVU', 8589934599, 100, 1, '2016-03-24 23:10:29.175067', '2016-03-24 23:10:29.175067', 38654709760, 'AAAAAK6jei3jmoI8TGlD/egc37PXtHKKzWV8wViZBaCu5L5MAAAAZAAAAAIAAAAHAAAAAAAAAAAAAAABAAAAAAAAAAUAAAAAAAAAAQAAAAAAAAABAAAAAAAAAAAAAAAAAAAAAAAAAAAAAAAAAAAAAQAAAAC1uBdHoTugMvQtD7BhIL3Ne9dVPfGI+Ji5JvUO+ZAt7wAAAAUAAAAAAAAAAa7kvkwAAABA/+toY7hGHaUzr6718ZjScST+WjFgYNU9Qse1wPqVO6U/CMVZPy6ZzimkiXFxcBc3py1BeYm3CA+YCqKrHRzABQ==', 'voW14U3Ln+l2pzzMyL+sab5+zsISa/5ezFUcaDtD3NcAAAAAAAAAZAAAAAAAAAABAAAAAAAAAAUAAAAAAAAAAA==', 'AAAAAAAAAAEAAAABAAAAAQAAAAkAAAAAAAAAAK6jei3jmoI8TGlD/egc37PXtHKKzWV8wViZBaCu5L5MAAAAAlQL4UQAAAACAAAABwAAAAEAAAABAAAAADtgvwDuOWAQ97R1RTtUdwNDHpD/CUepzdQPXlonciLVAAAAAQAAAA1udWxsc3R5bGUuY29tAAAAAgACAgAAAAEAAAAAtbgXR6E7oDL0LQ+wYSC9zXvXVT3xiPiYuSb1DvmQLe8AAAAFAAAAAAAAAAA=', 'AAAAAgAAAAMAAAAIAAAAAAAAAACuo3ot45qCPExpQ/3oHN+z17Ryis1lfMFYmQWgruS+TAAAAAJUC+GoAAAAAgAAAAYAAAABAAAAAQAAAAA7YL8A7jlgEPe0dUU7VHcDQx6Q/wlHqc3UD15aJ3Ii1QAAAAEAAAANbnVsbHN0eWxlLmNvbQAAAAIAAgIAAAABAAAAALW4F0ehO6Ay9C0PsGEgvc1711U98Yj4mLkm9Q75kC3vAAAAAQAAAAAAAAAAAAAAAQAAAAkAAAAAAAAAAK6jei3jmoI8TGlD/egc37PXtHKKzWV8wViZBaCu5L5MAAAAAlQL4UQAAAACAAAABwAAAAEAAAABAAAAADtgvwDuOWAQ97R1RTtUdwNDHpD/CUepzdQPXlonciLVAAAAAQAAAA1udWxsc3R5bGUuY29tAAAAAgACAgAAAAEAAAAAtbgXR6E7oDL0LQ+wYSC9zXvXVT3xiPiYuSb1DvmQLe8AAAABAAAAAAAAAAA=', '{/+toY7hGHaUzr6718ZjScST+WjFgYNU9Qse1wPqVO6U/CMVZPy6ZzimkiXFxcBc3py1BeYm3CA+YCqKrHRzABQ==}', 'none', NULL, NULL);
INSERT INTO history_transactions VALUES ('40a8f7d6e4822bf645865d779922dcdd3b43537b993e75e7165cc84ac04e0dba', 10, 1, 'GCXKG6RN4ONIEPCMNFB732A436Z5PNDSRLGWK7GBLCMQLIFO4S7EYWVU', 8589934600, 100, 1, '2016-03-24 23:10:29.179809', '2016-03-24 23:10:29.179809', 42949677056, 'AAAAAK6jei3jmoI8TGlD/egc37PXtHKKzWV8wViZBaCu5L5MAAAAZAAAAAIAAAAIAAAAAAAAAAAAAAABAAAAAAAAAAUAAAAAAAAAAQAAAAEAAAABAAAAAAAAAAAAAAAAAAAAAAAAAAAAAAAAAAAAAAAAAAAAAAABruS+TAAAAEB9KMKKASiNjFhFaahxinyc2cQQv7EAiQtBT60YRSgz4/2dANcXocCkB3EQFpeXvoXjxxJEMtEqV2NXPdByxvIO', 'QKj31uSCK/ZFhl13mSLc3TtDU3uZPnXnFlzISsBODboAAAAAAAAAZAAAAAAAAAABAAAAAAAAAAUAAAAAAAAAAA==', 'AAAAAAAAAAEAAAABAAAAAQAAAAoAAAAAAAAAAK6jei3jmoI8TGlD/egc37PXtHKKzWV8wViZBaCu5L5MAAAAAlQL4OAAAAACAAAACAAAAAEAAAABAAAAADtgvwDuOWAQ97R1RTtUdwNDHpD/CUepzdQPXlonciLVAAAAAAAAAA1udWxsc3R5bGUuY29tAAAAAgACAgAAAAEAAAAAtbgXR6E7oDL0LQ+wYSC9zXvXVT3xiPiYuSb1DvmQLe8AAAAFAAAAAAAAAAA=', 'AAAAAgAAAAMAAAAJAAAAAAAAAACuo3ot45qCPExpQ/3oHN+z17Ryis1lfMFYmQWgruS+TAAAAAJUC+FEAAAAAgAAAAcAAAABAAAAAQAAAAA7YL8A7jlgEPe0dUU7VHcDQx6Q/wlHqc3UD15aJ3Ii1QAAAAEAAAANbnVsbHN0eWxlLmNvbQAAAAIAAgIAAAABAAAAALW4F0ehO6Ay9C0PsGEgvc1711U98Yj4mLkm9Q75kC3vAAAABQAAAAAAAAAAAAAAAQAAAAoAAAAAAAAAAK6jei3jmoI8TGlD/egc37PXtHKKzWV8wViZBaCu5L5MAAAAAlQL4OAAAAACAAAACAAAAAEAAAABAAAAADtgvwDuOWAQ97R1RTtUdwNDHpD/CUepzdQPXlonciLVAAAAAQAAAA1udWxsc3R5bGUuY29tAAAAAgACAgAAAAEAAAAAtbgXR6E7oDL0LQ+wYSC9zXvXVT3xiPiYuSb1DvmQLe8AAAAFAAAAAAAAAAA=', '{fSjCigEojYxYRWmocYp8nNnEEL+xAIkLQU+tGEUoM+P9nQDXF6HApAdxEBaXl76F48cSRDLRKldjVz3QcsbyDg==}', 'none', NULL, NULL);
INSERT INTO history_transactions VALUES ('0733db959ef871e700de41cc2074cb380da7b10262d350d0be0170488554a968', 11, 1, 'GCXKG6RN4ONIEPCMNFB732A436Z5PNDSRLGWK7GBLCMQLIFO4S7EYWVU', 8589934601, 100, 1, '2016-03-24 23:10:29.185067', '2016-03-24 23:10:29.185067', 47244644352, 'AAAAAK6jei3jmoI8TGlD/egc37PXtHKKzWV8wViZBaCu5L5MAAAAZAAAAAIAAAAJAAAAAAAAAAAAAAABAAAAAAAAAAUAAAAAAAAAAQAAAAAAAAABAAAAAAAAAAAAAAAAAAAAAAAAAAAAAAAAAAAAAQAAAAC1uBdHoTugMvQtD7BhIL3Ne9dVPfGI+Ji5JvUO+ZAt7wAAAAAAAAAAAAAAAa7kvkwAAABA1/EWaAPOlu4RG89UlMpXLQHlk9dwMy/TLmJ7ttCT7UxJ9kSU4CbXVUG/i7yGxSrs9v8gVKLFxtTIlXlNbHb0AQ==', 'BzPblZ74cecA3kHMIHTLOA2nsQJi01DQvgFwSIVUqWgAAAAAAAAAZAAAAAAAAAABAAAAAAAAAAUAAAAAAAAAAA==', 'AAAAAAAAAAEAAAABAAAAAQAAAAsAAAAAAAAAAK6jei3jmoI8TGlD/egc37PXtHKKzWV8wViZBaCu5L5MAAAAAlQL4HwAAAACAAAACQAAAAAAAAABAAAAADtgvwDuOWAQ97R1RTtUdwNDHpD/CUepzdQPXlonciLVAAAAAAAAAA1udWxsc3R5bGUuY29tAAAAAgACAgAAAAAAAAAAAAAAAA==', 'AAAAAgAAAAMAAAAKAAAAAAAAAACuo3ot45qCPExpQ/3oHN+z17Ryis1lfMFYmQWgruS+TAAAAAJUC+DgAAAAAgAAAAgAAAABAAAAAQAAAAA7YL8A7jlgEPe0dUU7VHcDQx6Q/wlHqc3UD15aJ3Ii1QAAAAAAAAANbnVsbHN0eWxlLmNvbQAAAAIAAgIAAAABAAAAALW4F0ehO6Ay9C0PsGEgvc1711U98Yj4mLkm9Q75kC3vAAAABQAAAAAAAAAAAAAAAQAAAAsAAAAAAAAAAK6jei3jmoI8TGlD/egc37PXtHKKzWV8wViZBaCu5L5MAAAAAlQL4HwAAAACAAAACQAAAAEAAAABAAAAADtgvwDuOWAQ97R1RTtUdwNDHpD/CUepzdQPXlonciLVAAAAAAAAAA1udWxsc3R5bGUuY29tAAAAAgACAgAAAAEAAAAAtbgXR6E7oDL0LQ+wYSC9zXvXVT3xiPiYuSb1DvmQLe8AAAAFAAAAAAAAAAA=', '{1/EWaAPOlu4RG89UlMpXLQHlk9dwMy/TLmJ7ttCT7UxJ9kSU4CbXVUG/i7yGxSrs9v8gVKLFxtTIlXlNbHb0AQ==}', 'none', NULL, NULL);


--
-- Name: gorp_migrations_pkey; Type: CONSTRAINT; Schema: public; Owner: -; Tablespace: 
--

ALTER TABLE ONLY gorp_migrations
    ADD CONSTRAINT gorp_migrations_pkey PRIMARY KEY (id);


--
-- Name: history_operation_participants_pkey; Type: CONSTRAINT; Schema: public; Owner: -; Tablespace: 
--

ALTER TABLE ONLY history_operation_participants
    ADD CONSTRAINT history_operation_participants_pkey PRIMARY KEY (id);


--
-- Name: history_transaction_participants_pkey; Type: CONSTRAINT; Schema: public; Owner: -; Tablespace: 
--

ALTER TABLE ONLY history_transaction_participants
    ADD CONSTRAINT history_transaction_participants_pkey PRIMARY KEY (id);


--
-- Name: by_account; Type: INDEX; Schema: public; Owner: -; Tablespace: 
--

CREATE INDEX by_account ON history_transactions USING btree (account, account_sequence);


--
-- Name: by_hash; Type: INDEX; Schema: public; Owner: -; Tablespace: 
--

CREATE INDEX by_hash ON history_transactions USING btree (transaction_hash);


--
-- Name: by_ledger; Type: INDEX; Schema: public; Owner: -; Tablespace: 
--

CREATE INDEX by_ledger ON history_transactions USING btree (ledger_sequence, application_order);


--
-- Name: hist_e_by_order; Type: INDEX; Schema: public; Owner: -; Tablespace: 
--

CREATE UNIQUE INDEX hist_e_by_order ON history_effects USING btree (history_operation_id, "order");


--
-- Name: hist_e_id; Type: INDEX; Schema: public; Owner: -; Tablespace: 
--

CREATE UNIQUE INDEX hist_e_id ON history_effects USING btree (history_account_id, history_operation_id, "order");


--
-- Name: hist_op_p_id; Type: INDEX; Schema: public; Owner: -; Tablespace: 
--

CREATE UNIQUE INDEX hist_op_p_id ON history_operation_participants USING btree (history_account_id, history_operation_id);


--
-- Name: hist_tx_p_id; Type: INDEX; Schema: public; Owner: -; Tablespace: 
--

CREATE UNIQUE INDEX hist_tx_p_id ON history_transaction_participants USING btree (history_account_id, history_transaction_id);


--
-- Name: hs_ledger_by_id; Type: INDEX; Schema: public; Owner: -; Tablespace: 
--

CREATE UNIQUE INDEX hs_ledger_by_id ON history_ledgers USING btree (id);


--
-- Name: hs_transaction_by_id; Type: INDEX; Schema: public; Owner: -; Tablespace: 
--

CREATE UNIQUE INDEX hs_transaction_by_id ON history_transactions USING btree (id);


--
-- Name: index_history_accounts_on_address; Type: INDEX; Schema: public; Owner: -; Tablespace: 
--

CREATE UNIQUE INDEX index_history_accounts_on_address ON history_accounts USING btree (address);


--
-- Name: index_history_accounts_on_id; Type: INDEX; Schema: public; Owner: -; Tablespace: 
--

CREATE UNIQUE INDEX index_history_accounts_on_id ON history_accounts USING btree (id);


--
-- Name: index_history_effects_on_type; Type: INDEX; Schema: public; Owner: -; Tablespace: 
--

CREATE INDEX index_history_effects_on_type ON history_effects USING btree (type);


--
-- Name: index_history_ledgers_on_closed_at; Type: INDEX; Schema: public; Owner: -; Tablespace: 
--

CREATE INDEX index_history_ledgers_on_closed_at ON history_ledgers USING btree (closed_at);


--
-- Name: index_history_ledgers_on_id; Type: INDEX; Schema: public; Owner: -; Tablespace: 
--

CREATE UNIQUE INDEX index_history_ledgers_on_id ON history_ledgers USING btree (id);


--
-- Name: index_history_ledgers_on_importer_version; Type: INDEX; Schema: public; Owner: -; Tablespace: 
--

CREATE INDEX index_history_ledgers_on_importer_version ON history_ledgers USING btree (importer_version);


--
-- Name: index_history_ledgers_on_ledger_hash; Type: INDEX; Schema: public; Owner: -; Tablespace: 
--

CREATE UNIQUE INDEX index_history_ledgers_on_ledger_hash ON history_ledgers USING btree (ledger_hash);


--
-- Name: index_history_ledgers_on_previous_ledger_hash; Type: INDEX; Schema: public; Owner: -; Tablespace: 
--

CREATE UNIQUE INDEX index_history_ledgers_on_previous_ledger_hash ON history_ledgers USING btree (previous_ledger_hash);


--
-- Name: index_history_ledgers_on_sequence; Type: INDEX; Schema: public; Owner: -; Tablespace: 
--

CREATE UNIQUE INDEX index_history_ledgers_on_sequence ON history_ledgers USING btree (sequence);


--
-- Name: index_history_operations_on_id; Type: INDEX; Schema: public; Owner: -; Tablespace: 
--

CREATE UNIQUE INDEX index_history_operations_on_id ON history_operations USING btree (id);


--
-- Name: index_history_operations_on_transaction_id; Type: INDEX; Schema: public; Owner: -; Tablespace: 
--

CREATE INDEX index_history_operations_on_transaction_id ON history_operations USING btree (transaction_id);


--
-- Name: index_history_operations_on_type; Type: INDEX; Schema: public; Owner: -; Tablespace: 
--

CREATE INDEX index_history_operations_on_type ON history_operations USING btree (type);


--
-- Name: index_history_transactions_on_id; Type: INDEX; Schema: public; Owner: -; Tablespace: 
--

CREATE UNIQUE INDEX index_history_transactions_on_id ON history_transactions USING btree (id);


--
-- Name: trade_effects_by_order_book; Type: INDEX; Schema: public; Owner: -; Tablespace: 
--

CREATE INDEX trade_effects_by_order_book ON history_effects USING btree (((details ->> 'sold_asset_type'::text)), ((details ->> 'sold_asset_code'::text)), ((details ->> 'sold_asset_issuer'::text)), ((details ->> 'bought_asset_type'::text)), ((details ->> 'bought_asset_code'::text)), ((details ->> 'bought_asset_issuer'::text))) WHERE (type = 33);


--
-- PostgreSQL database dump complete
--

