--
-- PostgreSQL database dump
--

SET statement_timeout = 0;
SET lock_timeout = 0;
SET client_encoding = 'UTF8';
SET standard_conforming_strings = on;
SET check_function_bodies = false;
SET client_min_messages = warning;

SET search_path = public, pg_catalog;

DROP INDEX public.signersaccount;
DROP INDEX public.sellingissuerindex;
DROP INDEX public.priceindex;
DROP INDEX public.ledgersbyseq;
DROP INDEX public.histfeebyseq;
DROP INDEX public.histbyseq;
DROP INDEX public.buyingissuerindex;
DROP INDEX public.accountbalances;
ALTER TABLE ONLY public.txhistory DROP CONSTRAINT txhistory_pkey;
ALTER TABLE ONLY public.txfeehistory DROP CONSTRAINT txfeehistory_pkey;
ALTER TABLE ONLY public.trustlines DROP CONSTRAINT trustlines_pkey;
ALTER TABLE ONLY public.storestate DROP CONSTRAINT storestate_pkey;
ALTER TABLE ONLY public.signers DROP CONSTRAINT signers_pkey;
ALTER TABLE ONLY public.pubsub DROP CONSTRAINT pubsub_pkey;
ALTER TABLE ONLY public.peers DROP CONSTRAINT peers_pkey;
ALTER TABLE ONLY public.offers DROP CONSTRAINT offers_pkey;
ALTER TABLE ONLY public.ledgerheaders DROP CONSTRAINT ledgerheaders_pkey;
ALTER TABLE ONLY public.ledgerheaders DROP CONSTRAINT ledgerheaders_ledgerseq_key;
ALTER TABLE ONLY public.accounts DROP CONSTRAINT accounts_pkey;
DROP TABLE public.txhistory;
DROP TABLE public.txfeehistory;
DROP TABLE public.trustlines;
DROP TABLE public.storestate;
DROP TABLE public.signers;
DROP TABLE public.pubsub;
DROP TABLE public.peers;
DROP TABLE public.offers;
DROP TABLE public.ledgerheaders;
DROP TABLE public.accounts;
DROP EXTENSION plpgsql;
DROP SCHEMA public;
--
-- Name: public; Type: SCHEMA; Schema: -; Owner: -
--

CREATE SCHEMA public;


--
-- Name: SCHEMA public; Type: COMMENT; Schema: -; Owner: -
--

COMMENT ON SCHEMA public IS 'standard public schema';


--
-- Name: plpgsql; Type: EXTENSION; Schema: -; Owner: -
--

CREATE EXTENSION IF NOT EXISTS plpgsql WITH SCHEMA pg_catalog;


--
-- Name: EXTENSION plpgsql; Type: COMMENT; Schema: -; Owner: -
--

COMMENT ON EXTENSION plpgsql IS 'PL/pgSQL procedural language';


SET search_path = public, pg_catalog;

SET default_tablespace = '';

SET default_with_oids = false;

--
-- Name: accounts; Type: TABLE; Schema: public; Owner: -; Tablespace: 
--

CREATE TABLE accounts (
    accountid character varying(56) NOT NULL,
    balance bigint NOT NULL,
    seqnum bigint NOT NULL,
    numsubentries integer NOT NULL,
    inflationdest character varying(56),
    homedomain character varying(32) NOT NULL,
    thresholds text NOT NULL,
    flags integer NOT NULL,
    lastmodified integer NOT NULL,
    CONSTRAINT accounts_balance_check CHECK ((balance >= 0)),
    CONSTRAINT accounts_numsubentries_check CHECK ((numsubentries >= 0))
);


--
-- Name: ledgerheaders; Type: TABLE; Schema: public; Owner: -; Tablespace: 
--

CREATE TABLE ledgerheaders (
    ledgerhash character(64) NOT NULL,
    prevhash character(64) NOT NULL,
    bucketlisthash character(64) NOT NULL,
    ledgerseq integer,
    closetime bigint NOT NULL,
    data text NOT NULL,
    CONSTRAINT ledgerheaders_closetime_check CHECK ((closetime >= 0)),
    CONSTRAINT ledgerheaders_ledgerseq_check CHECK ((ledgerseq >= 0))
);


--
-- Name: offers; Type: TABLE; Schema: public; Owner: -; Tablespace: 
--

CREATE TABLE offers (
    sellerid character varying(56) NOT NULL,
    offerid bigint NOT NULL,
    sellingassettype integer NOT NULL,
    sellingassetcode character varying(12),
    sellingissuer character varying(56),
    buyingassettype integer NOT NULL,
    buyingassetcode character varying(12),
    buyingissuer character varying(56),
    amount bigint NOT NULL,
    pricen integer NOT NULL,
    priced integer NOT NULL,
    price double precision NOT NULL,
    flags integer NOT NULL,
    lastmodified integer NOT NULL,
    CONSTRAINT offers_amount_check CHECK ((amount >= 0)),
    CONSTRAINT offers_offerid_check CHECK ((offerid >= 0))
);


--
-- Name: peers; Type: TABLE; Schema: public; Owner: -; Tablespace: 
--

CREATE TABLE peers (
    ip character varying(15) NOT NULL,
    port integer DEFAULT 0 NOT NULL,
    nextattempt timestamp without time zone NOT NULL,
    numfailures integer DEFAULT 0 NOT NULL,
    CONSTRAINT peers_numfailures_check CHECK ((numfailures >= 0)),
    CONSTRAINT peers_port_check CHECK (((port > 0) AND (port <= 65535)))
);


--
-- Name: pubsub; Type: TABLE; Schema: public; Owner: -; Tablespace: 
--

CREATE TABLE pubsub (
    resid character(32) NOT NULL,
    lastread integer
);


--
-- Name: signers; Type: TABLE; Schema: public; Owner: -; Tablespace: 
--

CREATE TABLE signers (
    accountid character varying(56) NOT NULL,
    publickey character varying(56) NOT NULL,
    weight integer NOT NULL
);


--
-- Name: storestate; Type: TABLE; Schema: public; Owner: -; Tablespace: 
--

CREATE TABLE storestate (
    statename character(32) NOT NULL,
    state text
);


--
-- Name: trustlines; Type: TABLE; Schema: public; Owner: -; Tablespace: 
--

CREATE TABLE trustlines (
    accountid character varying(56) NOT NULL,
    assettype integer NOT NULL,
    issuer character varying(56) NOT NULL,
    assetcode character varying(12) NOT NULL,
    tlimit bigint NOT NULL,
    balance bigint NOT NULL,
    flags integer NOT NULL,
    lastmodified integer NOT NULL,
    CONSTRAINT trustlines_balance_check CHECK ((balance >= 0)),
    CONSTRAINT trustlines_tlimit_check CHECK ((tlimit > 0))
);


--
-- Name: txfeehistory; Type: TABLE; Schema: public; Owner: -; Tablespace: 
--

CREATE TABLE txfeehistory (
    txid character(64) NOT NULL,
    ledgerseq integer NOT NULL,
    txindex integer NOT NULL,
    txchanges text NOT NULL,
    CONSTRAINT txfeehistory_ledgerseq_check CHECK ((ledgerseq >= 0))
);


--
-- Name: txhistory; Type: TABLE; Schema: public; Owner: -; Tablespace: 
--

CREATE TABLE txhistory (
    txid character(64) NOT NULL,
    ledgerseq integer NOT NULL,
    txindex integer NOT NULL,
    txbody text NOT NULL,
    txresult text NOT NULL,
    txmeta text NOT NULL,
    CONSTRAINT txhistory_ledgerseq_check CHECK ((ledgerseq >= 0))
);


--
-- Data for Name: accounts; Type: TABLE DATA; Schema: public; Owner: -
--

COPY accounts (accountid, balance, seqnum, numsubentries, inflationdest, homedomain, thresholds, flags, lastmodified) FROM stdin;
GBRPYHIL2CI3FNQ4BXLFMNDLFJUNPU2HY3ZMFSHONUCEOASW7QC7OX2H	999999979999999800	2	0	\N		AQAAAA==	0	2
GA5WBPYA5Y4WAEHXWR2UKO2UO4BUGHUQ74EUPKON2QHV4WRHOIRNKKH2	10000000000	8589934592	0	\N		AQAAAA==	0	2
GCXKG6RN4ONIEPCMNFB732A436Z5PNDSRLGWK7GBLCMQLIFO4S7EYWVU	9999999100	8589934601	0	GA5WBPYA5Y4WAEHXWR2UKO2UO4BUGHUQ74EUPKON2QHV4WRHOIRNKKH2	nullstyle.com	AgACAg==	0	11
\.


--
-- Data for Name: ledgerheaders; Type: TABLE DATA; Schema: public; Owner: -
--

COPY ledgerheaders (ledgerhash, prevhash, bucketlisthash, ledgerseq, closetime, data) FROM stdin;
63d98f536ee68d1b27b5b89f23af5311b7569a24faf1403ad0b52b633b07be99	0000000000000000000000000000000000000000000000000000000000000000	572a2e32ff248a07b0e70fd1f6d318c1facd20b6cc08c33d5775259868125a16	1	0	AAAAAAAAAAAAAAAAAAAAAAAAAAAAAAAAAAAAAAAAAAAAAAAAAAAAAAAAAAAAAAAAAAAAAAAAAAAAAAAAAAAAAAAAAAAAAAAAAAAAAAAAAAAAAAAAAAAAAAAAAAAAAAAAAAAAAAAAAAAAAAAAAAAAAAAAAABXKi4y/ySKB7DnD9H20xjB+s0gtswIwz1XdSWYaBJaFgAAAAEN4Lazp2QAAAAAAAAAAAAAAAAAAAAAAAAAAAAAAAAAZAX14QAAAABkAAAAAAAAAAAAAAAAAAAAAAAAAAAAAAAAAAAAAAAAAAAAAAAAAAAAAAAAAAAAAAAAAAAAAAAAAAAAAAAAAAAAAAAAAAAAAAAAAAAAAAAAAAAAAAAAAAAAAAAAAAAAAAAAAAAAAAAAAAAAAAAAAAAAAAAAAAAAAAAAAAAAAAAAAAAAAAAA
47bcaa9ddb8409fee8e5923c3ad55b37263c4f817bb561911853de9d1123617d	63d98f536ee68d1b27b5b89f23af5311b7569a24faf1403ad0b52b633b07be99	f5b7b3993e6721891a7e1d083e3679c232512d63231476ce6826bc1caf56aecb	2	1443568857	AAAAAWPZj1Nu5o0bJ7W4nyOvUxG3Vpok+vFAOtC1K2M7B76ZUeFWh3+LY3YTHkhb6t+XikT48AKVUrh+INl3MY9NNtUAAAAAVgsc2QAAAAIAAAAIAAAAAQAAAAEAAAAIAAAAAwAAAfQAAAAAwWNZfI5WyFWx2m7ToNQChYZ5zqFrwog2j0kXqQNLArv1t7OZPmchiRp+HQg+NnnCMlEtYyMUds5oJrwcr1auywAAAAIN4Lazp2QAAAAAAAAAAADIAAAAAAAAAAAAAAAAAAAAZAX14QAAAAH0AAAAAAAAAAAAAAAAAAAAAAAAAAAAAAAAAAAAAAAAAAAAAAAAAAAAAAAAAAAAAAAAAAAAAAAAAAAAAAAAAAAAAAAAAAAAAAAAAAAAAAAAAAAAAAAAAAAAAAAAAAAAAAAAAAAAAAAAAAAAAAAAAAAAAAAAAAAAAAAAAAAAAAAAAAAAAAAA
02b96f8629ad4909192dbc4742851a37bda48c60b0ab747f9bee57f1268a8438	47bcaa9ddb8409fee8e5923c3ad55b37263c4f817bb561911853de9d1123617d	2920fda158776a5399ee6d0a0f5a7d56e8ff425181e9f49565ff6b30e0134cb7	3	1443568858	AAAAAUe8qp3bhAn+6OWSPDrVWzcmPE+Be7VhkRhT3p0RI2F9NpeNFv0tm2PgtNInb/s62UKn9E3D0SfyvsaLt0bR0aEAAAAAVgsc2gAAAAAAAAAAWytPxoudFtBA+XPgoX68OnSpyq0CyNJxb/gkM8zhiqIpIP2hWHdqU5nubQoPWn1W6P9CUYHp9JVl/2sw4BNMtwAAAAMN4Lazp2QAAAAAAAAAAAEsAAAAAAAAAAAAAAAAAAAAZAX14QAAAAH0AAAAAAAAAAAAAAAAAAAAAAAAAAAAAAAAAAAAAAAAAAAAAAAAAAAAAAAAAAAAAAAAAAAAAAAAAAAAAAAAAAAAAAAAAAAAAAAAAAAAAAAAAAAAAAAAAAAAAAAAAAAAAAAAAAAAAAAAAAAAAAAAAAAAAAAAAAAAAAAAAAAAAAAAAAAAAAAA
9dfc6b351c4e2274b8f6b3bfb0708d5c3b65054916cbe326c29685d9e931e228	02b96f8629ad4909192dbc4742851a37bda48c60b0ab747f9bee57f1268a8438	ac0a474e81e224e08d3282e0a354c7010ebbe4f31021ed5b42befaba0e57baea	4	1443568859	AAAAAQK5b4YprUkJGS28R0KFGje9pIxgsKt0f5vuV/EmioQ44zEs5Kvos9Ew+9mPjHouYktHobj5A3Wmg2sUsbdXHP0AAAAAVgsc2wAAAAAAAAAAa1i3djL4JG2U0qym2CMoeBxlr+vmeubZ7vGC4ngh49KsCkdOgeIk4I0yguCjVMcBDrvk8xAh7VtCvvq6Dle66gAAAAQN4Lazp2QAAAAAAAAAAAGQAAAAAAAAAAAAAAAAAAAAZAX14QAAAAH0AAAAAAAAAAAAAAAAAAAAAAAAAAAAAAAAAAAAAAAAAAAAAAAAAAAAAAAAAAAAAAAAAAAAAAAAAAAAAAAAAAAAAAAAAAAAAAAAAAAAAAAAAAAAAAAAAAAAAAAAAAAAAAAAAAAAAAAAAAAAAAAAAAAAAAAAAAAAAAAAAAAAAAAAAAAAAAAA
5f4503b745b057f2df145616fb85534a26d0d2a1b5ccf1b50b648c336c0adf6a	9dfc6b351c4e2274b8f6b3bfb0708d5c3b65054916cbe326c29685d9e931e228	51463c741f96ff8757f1b4ff58a2ccd0630067327a2123fd46c48c5f9a0c7a2d	5	1443568860	AAAAAZ38azUcTiJ0uPazv7BwjVw7ZQVJFsvjJsKWhdnpMeIo+EITQuUDtPC2VL7P6LTR5cAXbEtigq5z5h43PNYpZKwAAAAAVgsc3AAAAAAAAAAAbJCOaKm2CaEJkDvk9WFgcQA3JpN23CxDI5jTyWfntchRRjx0H5b/h1fxtP9YoszQYwBnMnohI/1GxIxfmgx6LQAAAAUN4Lazp2QAAAAAAAAAAAH0AAAAAAAAAAAAAAAAAAAAZAX14QAAAAH0AAAAAAAAAAAAAAAAAAAAAAAAAAAAAAAAAAAAAAAAAAAAAAAAAAAAAAAAAAAAAAAAAAAAAAAAAAAAAAAAAAAAAAAAAAAAAAAAAAAAAAAAAAAAAAAAAAAAAAAAAAAAAAAAAAAAAAAAAAAAAAAAAAAAAAAAAAAAAAAAAAAAAAAAAAAAAAAA
55cfdcf7ac43164c6b732ae384c5c775930a9550194d177e8db4dcdefc9cf70a	5f4503b745b057f2df145616fb85534a26d0d2a1b5ccf1b50b648c336c0adf6a	1a0b874b2e15b7e57718ef56d9344dda4003587c3a3778215dbeb8a9d21b7637	6	1443568861	AAAAAV9FA7dFsFfy3xRWFvuFU0om0NKhtczxtQtkjDNsCt9qln/ski1ds8RBFYdpGn4xk/s/CqMvb4Fw/4/DHnLOcfsAAAAAVgsc3QAAAAAAAAAAQKGf90N/CebuaXWxlpPbcziaBUE4wyo+nOmUW36ADtsaC4dLLhW35XcY71bZNE3aQANYfDo3eCFdvrip0ht2NwAAAAYN4Lazp2QAAAAAAAAAAAJYAAAAAAAAAAAAAAAAAAAAZAX14QAAAAH0AAAAAAAAAAAAAAAAAAAAAAAAAAAAAAAAAAAAAAAAAAAAAAAAAAAAAAAAAAAAAAAAAAAAAAAAAAAAAAAAAAAAAAAAAAAAAAAAAAAAAAAAAAAAAAAAAAAAAAAAAAAAAAAAAAAAAAAAAAAAAAAAAAAAAAAAAAAAAAAAAAAAAAAAAAAAAAAA
2ca7c3f4d612c90d0238f2efe3440bceaec65ddb00352078ca3a36ca36816a04	55cfdcf7ac43164c6b732ae384c5c775930a9550194d177e8db4dcdefc9cf70a	64943d5b1a8a515c468ea5d862058fbdbc3f8d3c1220a80da179d18f252325a5	7	1443568862	AAAAAVXP3PesQxZMa3Mq44TFx3WTCpVQGU0Xfo203N78nPcK1PxnW2pQ4qXTzwqR5s2qV3FFenu28lt9iOxjr7/uRnUAAAAAVgsc3gAAAAAAAAAA86p35r63mMyyIdwFy/OVIQnYahLVbx+xS7RU2RGWQgBklD1bGopRXEaOpdhiBY+9vD+NPBIgqA2hedGPJSMlpQAAAAcN4Lazp2QAAAAAAAAAAAK8AAAAAAAAAAAAAAAAAAAAZAX14QAAAAH0AAAAAAAAAAAAAAAAAAAAAAAAAAAAAAAAAAAAAAAAAAAAAAAAAAAAAAAAAAAAAAAAAAAAAAAAAAAAAAAAAAAAAAAAAAAAAAAAAAAAAAAAAAAAAAAAAAAAAAAAAAAAAAAAAAAAAAAAAAAAAAAAAAAAAAAAAAAAAAAAAAAAAAAAAAAAAAAA
6cea23d24dfc47c7cb4ae8575780547dfed7802af17603a9463141ee276ecdec	2ca7c3f4d612c90d0238f2efe3440bceaec65ddb00352078ca3a36ca36816a04	d1688fcf187126c551ce0e2c942c2b2cd5ecaa520113a9b9b7868d29fe5bdba9	8	1443568863	AAAAASynw/TWEskNAjjy7+NEC86uxl3bADUgeMo6Nso2gWoECsKk9hdUrKxbEw2AaTluERO5WcsumLBqddkW0qjZ1BQAAAAAVgsc3wAAAAAAAAAAJ0ts4/XYQta2CPBn5gpjCmmaaT6lvEUhsrs3yyYWo8nRaI/PGHEmxVHODiyULCss1eyqUgETqbm3ho0p/lvbqQAAAAgN4Lazp2QAAAAAAAAAAAMgAAAAAAAAAAAAAAAAAAAAZAX14QAAAAH0AAAAAAAAAAAAAAAAAAAAAAAAAAAAAAAAAAAAAAAAAAAAAAAAAAAAAAAAAAAAAAAAAAAAAAAAAAAAAAAAAAAAAAAAAAAAAAAAAAAAAAAAAAAAAAAAAAAAAAAAAAAAAAAAAAAAAAAAAAAAAAAAAAAAAAAAAAAAAAAAAAAAAAAAAAAAAAAA
14dffc5f097f1f628cb4d0d2088ea048ce4c8d732cfd1038302d60422d157298	6cea23d24dfc47c7cb4ae8575780547dfed7802af17603a9463141ee276ecdec	15aad18d5e5343037b728dc3ff46ce0ec64139031957f93a3772bcffa82cd901	9	1443568864	AAAAAWzqI9JN/EfHy0roV1eAVH3+14Aq8XYDqUYxQe4nbs3sUxe6jx3Y8wjKkf5QRxglOP947UYfOxgl1eHBtCQFRv4AAAAAVgsc4AAAAAAAAAAAPOhxFEK89OWazUrqiNnGGEHhUviPsqFuH3eqjSDcylwVqtGNXlNDA3tyjcP/Rs4OxkE5AxlX+To3crz/qCzZAQAAAAkN4Lazp2QAAAAAAAAAAAOEAAAAAAAAAAAAAAAAAAAAZAX14QAAAAH0AAAAAAAAAAAAAAAAAAAAAAAAAAAAAAAAAAAAAAAAAAAAAAAAAAAAAAAAAAAAAAAAAAAAAAAAAAAAAAAAAAAAAAAAAAAAAAAAAAAAAAAAAAAAAAAAAAAAAAAAAAAAAAAAAAAAAAAAAAAAAAAAAAAAAAAAAAAAAAAAAAAAAAAAAAAAAAAA
9b6d5f6b2515bb9ccf1a1e25dc65cba6c1fc5fa045e26d2823e3922bee6401b9	14dffc5f097f1f628cb4d0d2088ea048ce4c8d732cfd1038302d60422d157298	6922eaf14d851932eeaaf817af544a3f86fb8af3be3175bd28df88a474d0c3dc	10	1443568865	AAAAARTf/F8Jfx9ijLTQ0giOoEjOTI1zLP0QODAtYEItFXKYKLTwQhoXeKv2qmSDeDpCBu9aCFXakUmiElgo3ZA3fjsAAAAAVgsc4QAAAAAAAAAA6lRE0phahaqqFmy0QiHScS5fiHWsfSsqZJ0lki7J1+FpIurxTYUZMu6q+BevVEo/hvuK874xdb0o34ikdNDD3AAAAAoN4Lazp2QAAAAAAAAAAAPoAAAAAAAAAAAAAAAAAAAAZAX14QAAAAH0AAAAAAAAAAAAAAAAAAAAAAAAAAAAAAAAAAAAAAAAAAAAAAAAAAAAAAAAAAAAAAAAAAAAAAAAAAAAAAAAAAAAAAAAAAAAAAAAAAAAAAAAAAAAAAAAAAAAAAAAAAAAAAAAAAAAAAAAAAAAAAAAAAAAAAAAAAAAAAAAAAAAAAAAAAAAAAAA
99ecd008607608962dde84287e15a4e1bf6f9cd0146be063ee4c8d97e8e85dd8	9b6d5f6b2515bb9ccf1a1e25dc65cba6c1fc5fa045e26d2823e3922bee6401b9	aff0f19c9d6058ea86462646fcd23cd8576cbbad88f8f5e3155a667f694eeda9	11	1443568866	AAAAAZttX2slFbuczxoeJdxly6bB/F+gReJtKCPjkivuZAG5PDTzV6yVkz/m0Eb8/9bwgqI4bJdzopviR0ZeR+7392wAAAAAVgsc4gAAAAAAAAAAmFwOlFqcVdyetl3vjpiXLbSMzYVia44vS0tbRk58Yzyv8PGcnWBY6oZGJkb80jzYV2y7rYj49eMVWmZ/aU7tqQAAAAsN4Lazp2QAAAAAAAAAAARMAAAAAAAAAAAAAAAAAAAAZAX14QAAAAH0AAAAAAAAAAAAAAAAAAAAAAAAAAAAAAAAAAAAAAAAAAAAAAAAAAAAAAAAAAAAAAAAAAAAAAAAAAAAAAAAAAAAAAAAAAAAAAAAAAAAAAAAAAAAAAAAAAAAAAAAAAAAAAAAAAAAAAAAAAAAAAAAAAAAAAAAAAAAAAAAAAAAAAAAAAAAAAAA
3b1199d2aa0a4c7adb65d15cde5ac4c2536040966ceb4dc01ed5e6cf4edafc33	99ecd008607608962dde84287e15a4e1bf6f9cd0146be063ee4c8d97e8e85dd8	c703b14326c6d5c705ab7ccb9a04727dac75df55e09c5567d69060056b22f5ed	12	1443568867	AAAAAZns0AhgdgiWLd6EKH4VpOG/b5zQFGvgY+5MjZfo6F3YX59ri/0j/CWTKqleWIW6OADeGu+h4zkv47VasZUENfMAAAAAVgsc4wAAAAAAAAAA3z9hmASpL9tAVxktxD3XSOp3itxSvEmM6AUkwBS4ERnHA7FDJsbVxwWrfMuaBHJ9rHXfVeCcVWfWkGAFayL17QAAAAwN4Lazp2QAAAAAAAAAAARMAAAAAAAAAAAAAAAAAAAAZAX14QAAAAH0AAAAAAAAAAAAAAAAAAAAAAAAAAAAAAAAAAAAAAAAAAAAAAAAAAAAAAAAAAAAAAAAAAAAAAAAAAAAAAAAAAAAAAAAAAAAAAAAAAAAAAAAAAAAAAAAAAAAAAAAAAAAAAAAAAAAAAAAAAAAAAAAAAAAAAAAAAAAAAAAAAAAAAAAAAAAAAAA
\.


--
-- Data for Name: offers; Type: TABLE DATA; Schema: public; Owner: -
--

COPY offers (sellerid, offerid, sellingassettype, sellingassetcode, sellingissuer, buyingassettype, buyingassetcode, buyingissuer, amount, pricen, priced, price, flags, lastmodified) FROM stdin;
\.


--
-- Data for Name: peers; Type: TABLE DATA; Schema: public; Owner: -
--

COPY peers (ip, port, nextattempt, numfailures) FROM stdin;
\.


--
-- Data for Name: pubsub; Type: TABLE DATA; Schema: public; Owner: -
--

COPY pubsub (resid, lastread) FROM stdin;
\.


--
-- Data for Name: signers; Type: TABLE DATA; Schema: public; Owner: -
--

COPY signers (accountid, publickey, weight) FROM stdin;
\.


--
-- Data for Name: storestate; Type: TABLE DATA; Schema: public; Owner: -
--

COPY storestate (statename, state) FROM stdin;
databaseinitialized             	true
forcescponnextlaunch            	false
lastclosedledger                	3b1199d2aa0a4c7adb65d15cde5ac4c2536040966ceb4dc01ed5e6cf4edafc33
historyarchivestate             	{\n    "version": 1,\n    "server": "ad22bcc-dirty",\n    "currentLedger": 12,\n    "currentBuckets": [\n        {\n            "curr": "0000000000000000000000000000000000000000000000000000000000000000",\n            "next": {\n                "state": 0\n            },\n            "snap": "679de3c57feae0ed123189b958f80591e3624d0b8adbff4c4d5945a679bfdf1f"\n        },\n        {\n            "curr": "576e7fa1570abac3cdd607802b06a87d7a7c493662702ca33cb6be0d23246b9e",\n            "next": {\n                "state": 1,\n                "output": "679de3c57feae0ed123189b958f80591e3624d0b8adbff4c4d5945a679bfdf1f"\n            },\n            "snap": "e5bb115dc53a8f6346850e36a5304e1ef74de90388fe1022ea2de26619344fe4"\n        },\n        {\n            "curr": "0000000000000000000000000000000000000000000000000000000000000000",\n            "next": {\n                "state": 1,\n                "output": "fdb0f48311ec2490da84b11a5d9442f67848dae4d8ca50559835c1269b042165"\n            },\n            "snap": "0000000000000000000000000000000000000000000000000000000000000000"\n        },\n        {\n            "curr": "0000000000000000000000000000000000000000000000000000000000000000",\n            "next": {\n                "state": 0\n            },\n            "snap": "0000000000000000000000000000000000000000000000000000000000000000"\n        },\n        {\n            "curr": "0000000000000000000000000000000000000000000000000000000000000000",\n            "next": {\n                "state": 0\n            },\n            "snap": "0000000000000000000000000000000000000000000000000000000000000000"\n        },\n        {\n            "curr": "0000000000000000000000000000000000000000000000000000000000000000",\n            "next": {\n                "state": 0\n            },\n            "snap": "0000000000000000000000000000000000000000000000000000000000000000"\n        },\n        {\n            "curr": "0000000000000000000000000000000000000000000000000000000000000000",\n            "next": {\n                "state": 0\n            },\n            "snap": "0000000000000000000000000000000000000000000000000000000000000000"\n        },\n        {\n            "curr": "0000000000000000000000000000000000000000000000000000000000000000",\n            "next": {\n                "state": 0\n            },\n            "snap": "0000000000000000000000000000000000000000000000000000000000000000"\n        },\n        {\n            "curr": "0000000000000000000000000000000000000000000000000000000000000000",\n            "next": {\n                "state": 0\n            },\n            "snap": "0000000000000000000000000000000000000000000000000000000000000000"\n        },\n        {\n            "curr": "0000000000000000000000000000000000000000000000000000000000000000",\n            "next": {\n                "state": 0\n            },\n            "snap": "0000000000000000000000000000000000000000000000000000000000000000"\n        },\n        {\n            "curr": "0000000000000000000000000000000000000000000000000000000000000000",\n            "next": {\n                "state": 0\n            },\n            "snap": "0000000000000000000000000000000000000000000000000000000000000000"\n        }\n    ]\n}
\.


--
-- Data for Name: trustlines; Type: TABLE DATA; Schema: public; Owner: -
--

COPY trustlines (accountid, assettype, issuer, assetcode, tlimit, balance, flags, lastmodified) FROM stdin;
\.


--
-- Data for Name: txfeehistory; Type: TABLE DATA; Schema: public; Owner: -
--

COPY txfeehistory (txid, ledgerseq, txindex, txchanges) FROM stdin;
b2a227c39c64a44fc7abd4c96819456f0399906d12c476d70b402bfdb296d6a3	2	1	AAAAAQAAAAEAAAACAAAAAAAAAABi/B0L0JGythwN1lY0aypo19NHxvLCyO5tBEcCVvwF9w3gtrOnY/+cAAAAAAAAAAEAAAAAAAAAAAAAAAAAAAAAAQAAAAAAAAAAAAAAAAAAAA==
36be70fb7782f9801cdcedc1206e21f99293c99860a15e441f4749747a0a37ab	2	2	AAAAAQAAAAEAAAACAAAAAAAAAABi/B0L0JGythwN1lY0aypo19NHxvLCyO5tBEcCVvwF9w3gtrOnY/84AAAAAAAAAAIAAAAAAAAAAAAAAAAAAAAAAQAAAAAAAAAAAAAAAAAAAA==
c76f843dd29e92bacbf21659d50454a043eae6a5ef81e2e8dc97b0e005d30962	3	1	AAAAAQAAAAEAAAADAAAAAAAAAACuo3ot45qCPExpQ/3oHN+z17Ryis1lfMFYmQWgruS+TAAAAAJUC+OcAAAAAgAAAAEAAAAAAAAAAAAAAAAAAAAAAQAAAAAAAAAAAAAAAAAAAA==
895b1e3ae3570fac549edfcc260122a2f930b35b94b1dffa9f8c2a08816ac376	4	1	AAAAAQAAAAEAAAAEAAAAAAAAAACuo3ot45qCPExpQ/3oHN+z17Ryis1lfMFYmQWgruS+TAAAAAJUC+M4AAAAAgAAAAIAAAAAAAAAAQAAAAA7YL8A7jlgEPe0dUU7VHcDQx6Q/wlHqc3UD15aJ3Ii1QAAAAAAAAAAAQAAAAAAAAAAAAAAAAAAAA==
b0bb26bbc67cc1c226293ce18f94f9766b4e5c68132c2caff7907791d1723f27	5	1	AAAAAQAAAAEAAAAFAAAAAAAAAACuo3ot45qCPExpQ/3oHN+z17Ryis1lfMFYmQWgruS+TAAAAAJUC+LUAAAAAgAAAAMAAAAAAAAAAQAAAAA7YL8A7jlgEPe0dUU7VHcDQx6Q/wlHqc3UD15aJ3Ii1QAAAAEAAAAAAQAAAAAAAAAAAAAAAAAAAA==
a721bea4176539c6ed564ceafb7084a31c5deafe17ce0b52d2e2752feae47db7	6	1	AAAAAQAAAAEAAAAGAAAAAAAAAACuo3ot45qCPExpQ/3oHN+z17Ryis1lfMFYmQWgruS+TAAAAAJUC+JwAAAAAgAAAAQAAAAAAAAAAQAAAAA7YL8A7jlgEPe0dUU7VHcDQx6Q/wlHqc3UD15aJ3Ii1QAAAAEAAAAAAgAAAAAAAAAAAAAAAAAAAA==
ca5cd8926d50d5f94acc074b6c966e927195571cb4977e1cb7690df84529f127	7	1	AAAAAQAAAAEAAAAHAAAAAAAAAACuo3ot45qCPExpQ/3oHN+z17Ryis1lfMFYmQWgruS+TAAAAAJUC+IMAAAAAgAAAAUAAAAAAAAAAQAAAAA7YL8A7jlgEPe0dUU7VHcDQx6Q/wlHqc3UD15aJ3Ii1QAAAAEAAAAAAgACAgAAAAAAAAAAAAAAAA==
eb4d35309591547be7fe2fb9c44834d20e4d569294088ac1a3d204d16e9a0751	8	1	AAAAAQAAAAEAAAAIAAAAAAAAAACuo3ot45qCPExpQ/3oHN+z17Ryis1lfMFYmQWgruS+TAAAAAJUC+GoAAAAAgAAAAYAAAAAAAAAAQAAAAA7YL8A7jlgEPe0dUU7VHcDQx6Q/wlHqc3UD15aJ3Ii1QAAAAEAAAANbnVsbHN0eWxlLmNvbQAAAAIAAgIAAAAAAAAAAAAAAAA=
be85b5e14dcb9fe976a73cccc8bfac69be7ecec2126bfe5ecc551c683b43dcd7	9	1	AAAAAQAAAAEAAAAJAAAAAAAAAACuo3ot45qCPExpQ/3oHN+z17Ryis1lfMFYmQWgruS+TAAAAAJUC+FEAAAAAgAAAAcAAAABAAAAAQAAAAA7YL8A7jlgEPe0dUU7VHcDQx6Q/wlHqc3UD15aJ3Ii1QAAAAEAAAANbnVsbHN0eWxlLmNvbQAAAAIAAgIAAAABAAAAALW4F0ehO6Ay9C0PsGEgvc1711U98Yj4mLkm9Q75kC3vAAAAAQAAAAAAAAAA
40a8f7d6e4822bf645865d779922dcdd3b43537b993e75e7165cc84ac04e0dba	10	1	AAAAAQAAAAEAAAAKAAAAAAAAAACuo3ot45qCPExpQ/3oHN+z17Ryis1lfMFYmQWgruS+TAAAAAJUC+DgAAAAAgAAAAgAAAABAAAAAQAAAAA7YL8A7jlgEPe0dUU7VHcDQx6Q/wlHqc3UD15aJ3Ii1QAAAAEAAAANbnVsbHN0eWxlLmNvbQAAAAIAAgIAAAABAAAAALW4F0ehO6Ay9C0PsGEgvc1711U98Yj4mLkm9Q75kC3vAAAABQAAAAAAAAAA
0733db959ef871e700de41cc2074cb380da7b10262d350d0be0170488554a968	11	1	AAAAAQAAAAEAAAALAAAAAAAAAACuo3ot45qCPExpQ/3oHN+z17Ryis1lfMFYmQWgruS+TAAAAAJUC+B8AAAAAgAAAAkAAAABAAAAAQAAAAA7YL8A7jlgEPe0dUU7VHcDQx6Q/wlHqc3UD15aJ3Ii1QAAAAAAAAANbnVsbHN0eWxlLmNvbQAAAAIAAgIAAAABAAAAALW4F0ehO6Ay9C0PsGEgvc1711U98Yj4mLkm9Q75kC3vAAAABQAAAAAAAAAA
\.


--
-- Data for Name: txhistory; Type: TABLE DATA; Schema: public; Owner: -
--

COPY txhistory (txid, ledgerseq, txindex, txbody, txresult, txmeta) FROM stdin;
b2a227c39c64a44fc7abd4c96819456f0399906d12c476d70b402bfdb296d6a3	2	1	AAAAAGL8HQvQkbK2HA3WVjRrKmjX00fG8sLI7m0ERwJW/AX3AAAAZAAAAAAAAAABAAAAAAAAAAAAAAABAAAAAAAAAAAAAAAArqN6LeOagjxMaUP96Bzfs9e0corNZXzBWJkFoK7kvkwAAAACVAvkAAAAAAAAAAABVvwF9wAAAEDt3KwmaPuPdFSUxdAFeb6OQetyQKIWazlbSMMhmHKNLD4sqhEqUZcQP0l+X/Op+osWmN6+FUYbsz75Q2jG4vMM	sqInw5xkpE/Hq9TJaBlFbwOZkG0SxHbXC0Ar/bKW1qMAAAAAAAAAZAAAAAAAAAABAAAAAAAAAAAAAAAAAAAAAA==	AAAAAAAAAAEAAAACAAAAAAAAAAIAAAAAAAAAAK6jei3jmoI8TGlD/egc37PXtHKKzWV8wViZBaCu5L5MAAAAAlQL5AAAAAACAAAAAAAAAAAAAAAAAAAAAAAAAAABAAAAAAAAAAAAAAAAAAAAAAAAAQAAAAIAAAAAAAAAAGL8HQvQkbK2HA3WVjRrKmjX00fG8sLI7m0ERwJW/AX3DeC2sVNYGzgAAAAAAAAAAgAAAAAAAAAAAAAAAAAAAAABAAAAAAAAAAAAAAAAAAAA
36be70fb7782f9801cdcedc1206e21f99293c99860a15e441f4749747a0a37ab	2	2	AAAAAGL8HQvQkbK2HA3WVjRrKmjX00fG8sLI7m0ERwJW/AX3AAAAZAAAAAAAAAACAAAAAAAAAAAAAAABAAAAAAAAAAAAAAAAO2C/AO45YBD3tHVFO1R3A0MekP8JR6nN1A9eWidyItUAAAACVAvkAAAAAAAAAAABVvwF9wAAAEA3xWbxPObnZMiBGFKLJQufJLguTsHJxyAsPP5F9Zj561aXnvN/HVRJbFsEcitGbgi9dWVdKRYvmVWCizIdmLID	Nr5w+3eC+YAc3O3BIG4h+ZKTyZhgoV5EH0dJdHoKN6sAAAAAAAAAZAAAAAAAAAABAAAAAAAAAAAAAAAAAAAAAA==	AAAAAAAAAAEAAAACAAAAAAAAAAIAAAAAAAAAADtgvwDuOWAQ97R1RTtUdwNDHpD/CUepzdQPXlonciLVAAAAAlQL5AAAAAACAAAAAAAAAAAAAAAAAAAAAAAAAAABAAAAAAAAAAAAAAAAAAAAAAAAAQAAAAIAAAAAAAAAAGL8HQvQkbK2HA3WVjRrKmjX00fG8sLI7m0ERwJW/AX3DeC2rv9MNzgAAAAAAAAAAgAAAAAAAAAAAAAAAAAAAAABAAAAAAAAAAAAAAAAAAAA
c76f843dd29e92bacbf21659d50454a043eae6a5ef81e2e8dc97b0e005d30962	3	1	AAAAAK6jei3jmoI8TGlD/egc37PXtHKKzWV8wViZBaCu5L5MAAAAZAAAAAIAAAABAAAAAAAAAAAAAAABAAAAAAAAAAUAAAABAAAAADtgvwDuOWAQ97R1RTtUdwNDHpD/CUepzdQPXlonciLVAAAAAQAAAAAAAAABAAAAAAAAAAAAAAAAAAAAAAAAAAAAAAAAAAAAAAAAAAAAAAABruS+TAAAAEC87yJlK5zXwuklcPxhmPt9HB9YOb+0HHcN2SteSVLsjnyafNu/560Mj8/QJzfSnKm3arRVJtHgFgaSFJiywRoF	x2+EPdKekrrL8hZZ1QRUoEPq5qXvgeLo3Jew4AXTCWIAAAAAAAAAZAAAAAAAAAABAAAAAAAAAAUAAAAAAAAAAA==	AAAAAAAAAAEAAAABAAAAAQAAAAMAAAAAAAAAAK6jei3jmoI8TGlD/egc37PXtHKKzWV8wViZBaCu5L5MAAAAAlQL45wAAAACAAAAAQAAAAAAAAABAAAAADtgvwDuOWAQ97R1RTtUdwNDHpD/CUepzdQPXlonciLVAAAAAAAAAAABAAAAAAAAAAAAAAAAAAAA
895b1e3ae3570fac549edfcc260122a2f930b35b94b1dffa9f8c2a08816ac376	4	1	AAAAAK6jei3jmoI8TGlD/egc37PXtHKKzWV8wViZBaCu5L5MAAAAZAAAAAIAAAACAAAAAAAAAAAAAAABAAAAAAAAAAUAAAAAAAAAAQAAAAAAAAABAAAAAQAAAAAAAAAAAAAAAAAAAAAAAAAAAAAAAAAAAAAAAAABruS+TAAAAEALUnIdWXjDKFil8+3DPcIytdMco/BMWnrqyv9Hc/DQsGAOLHRdhdAVL/sVSxW7ITzpxY3bv11PDVlr/U5DdrgB	iVseOuNXD6xUnt/MJgEiovkws1uUsd/6n4wqCIFqw3YAAAAAAAAAZAAAAAAAAAABAAAAAAAAAAUAAAAAAAAAAA==	AAAAAAAAAAEAAAABAAAAAQAAAAQAAAAAAAAAAK6jei3jmoI8TGlD/egc37PXtHKKzWV8wViZBaCu5L5MAAAAAlQL4zgAAAACAAAAAgAAAAAAAAABAAAAADtgvwDuOWAQ97R1RTtUdwNDHpD/CUepzdQPXlonciLVAAAAAQAAAAABAAAAAAAAAAAAAAAAAAAA
b0bb26bbc67cc1c226293ce18f94f9766b4e5c68132c2caff7907791d1723f27	5	1	AAAAAK6jei3jmoI8TGlD/egc37PXtHKKzWV8wViZBaCu5L5MAAAAZAAAAAIAAAADAAAAAAAAAAAAAAABAAAAAAAAAAUAAAAAAAAAAQAAAAAAAAABAAAAAAAAAAEAAAACAAAAAAAAAAAAAAAAAAAAAAAAAAAAAAAAAAAAAa7kvkwAAABA9mhGRBoZe3eaPDqE6/qVEp5iFBEKjErYbUzVlrtr6cD5ttn0uGzLQsVMlEgPpB82XWa7gzTRg0OykcYE8otoAg==	sLsmu8Z8wcImKTzhj5T5dmtOXGgTLCyv95B3kdFyPycAAAAAAAAAZAAAAAAAAAABAAAAAAAAAAUAAAAAAAAAAA==	AAAAAAAAAAEAAAABAAAAAQAAAAUAAAAAAAAAAK6jei3jmoI8TGlD/egc37PXtHKKzWV8wViZBaCu5L5MAAAAAlQL4tQAAAACAAAAAwAAAAAAAAABAAAAADtgvwDuOWAQ97R1RTtUdwNDHpD/CUepzdQPXlonciLVAAAAAQAAAAACAAAAAAAAAAAAAAAAAAAA
a721bea4176539c6ed564ceafb7084a31c5deafe17ce0b52d2e2752feae47db7	6	1	AAAAAK6jei3jmoI8TGlD/egc37PXtHKKzWV8wViZBaCu5L5MAAAAZAAAAAIAAAAEAAAAAAAAAAAAAAABAAAAAAAAAAUAAAAAAAAAAQAAAAAAAAABAAAAAAAAAAAAAAABAAAAAAAAAAEAAAACAAAAAQAAAAIAAAAAAAAAAAAAAAAAAAABruS+TAAAAEBE6Hv6Be+Sn9oVyHm+QedPXQwsE/U9freWjJTR8BN8qnvn6VUOzdc0U6PDQCyroLCAwh1LmK3iOmngqczf1RYG	pyG+pBdlOcbtVkzq+3CEoxxd6v4XzgtS0uJ1L+rkfbcAAAAAAAAAZAAAAAAAAAABAAAAAAAAAAUAAAAAAAAAAA==	AAAAAAAAAAEAAAABAAAAAQAAAAYAAAAAAAAAAK6jei3jmoI8TGlD/egc37PXtHKKzWV8wViZBaCu5L5MAAAAAlQL4nAAAAACAAAABAAAAAAAAAABAAAAADtgvwDuOWAQ97R1RTtUdwNDHpD/CUepzdQPXlonciLVAAAAAQAAAAACAAICAAAAAAAAAAAAAAAA
ca5cd8926d50d5f94acc074b6c966e927195571cb4977e1cb7690df84529f127	7	1	AAAAAK6jei3jmoI8TGlD/egc37PXtHKKzWV8wViZBaCu5L5MAAAAZAAAAAIAAAAFAAAAAAAAAAAAAAABAAAAAAAAAAUAAAAAAAAAAQAAAAAAAAABAAAAAAAAAAAAAAAAAAAAAAAAAAAAAAABAAAADW51bGxzdHlsZS5jb20AAAAAAAAAAAAAAAAAAAGu5L5MAAAAQO5rla99y3m6umRBntLBh1Spdn1AzzIijQ++E3Xk8CrAhurEJ6Dv2MeK8lw6KCWOwOMGYQo65HIisANSOuvaBAc=	ylzYkm1Q1flKzAdLbJZuknGVVxy0l34ct2kN+EUp8ScAAAAAAAAAZAAAAAAAAAABAAAAAAAAAAUAAAAAAAAAAA==	AAAAAAAAAAEAAAABAAAAAQAAAAcAAAAAAAAAAK6jei3jmoI8TGlD/egc37PXtHKKzWV8wViZBaCu5L5MAAAAAlQL4gwAAAACAAAABQAAAAAAAAABAAAAADtgvwDuOWAQ97R1RTtUdwNDHpD/CUepzdQPXlonciLVAAAAAQAAAA1udWxsc3R5bGUuY29tAAAAAgACAgAAAAAAAAAAAAAAAA==
eb4d35309591547be7fe2fb9c44834d20e4d569294088ac1a3d204d16e9a0751	8	1	AAAAAK6jei3jmoI8TGlD/egc37PXtHKKzWV8wViZBaCu5L5MAAAAZAAAAAIAAAAGAAAAAAAAAAAAAAABAAAAAAAAAAUAAAAAAAAAAQAAAAAAAAABAAAAAAAAAAAAAAAAAAAAAAAAAAAAAAAAAAAAAQAAAAC1uBdHoTugMvQtD7BhIL3Ne9dVPfGI+Ji5JvUO+ZAt7wAAAAEAAAAAAAAAAa7kvkwAAABAyTsFJ/1kdjnOkMFPhwVKbKbgNUMVtym/khH5V677pL0kYUOCsOWWBBxA+Hq3aHyldsfdVvGdm8OyKMflFdFrDg==	6001MJWRVHvn/i+5xEg00g5NVpKUCIrBo9IE0W6aB1EAAAAAAAAAZAAAAAAAAAABAAAAAAAAAAUAAAAAAAAAAA==	AAAAAAAAAAEAAAABAAAAAQAAAAgAAAAAAAAAAK6jei3jmoI8TGlD/egc37PXtHKKzWV8wViZBaCu5L5MAAAAAlQL4agAAAACAAAABgAAAAEAAAABAAAAADtgvwDuOWAQ97R1RTtUdwNDHpD/CUepzdQPXlonciLVAAAAAQAAAA1udWxsc3R5bGUuY29tAAAAAgACAgAAAAEAAAAAtbgXR6E7oDL0LQ+wYSC9zXvXVT3xiPiYuSb1DvmQLe8AAAABAAAAAAAAAAA=
be85b5e14dcb9fe976a73cccc8bfac69be7ecec2126bfe5ecc551c683b43dcd7	9	1	AAAAAK6jei3jmoI8TGlD/egc37PXtHKKzWV8wViZBaCu5L5MAAAAZAAAAAIAAAAHAAAAAAAAAAAAAAABAAAAAAAAAAUAAAAAAAAAAQAAAAAAAAABAAAAAAAAAAAAAAAAAAAAAAAAAAAAAAAAAAAAAQAAAAC1uBdHoTugMvQtD7BhIL3Ne9dVPfGI+Ji5JvUO+ZAt7wAAAAUAAAAAAAAAAa7kvkwAAABA/+toY7hGHaUzr6718ZjScST+WjFgYNU9Qse1wPqVO6U/CMVZPy6ZzimkiXFxcBc3py1BeYm3CA+YCqKrHRzABQ==	voW14U3Ln+l2pzzMyL+sab5+zsISa/5ezFUcaDtD3NcAAAAAAAAAZAAAAAAAAAABAAAAAAAAAAUAAAAAAAAAAA==	AAAAAAAAAAEAAAABAAAAAQAAAAkAAAAAAAAAAK6jei3jmoI8TGlD/egc37PXtHKKzWV8wViZBaCu5L5MAAAAAlQL4UQAAAACAAAABwAAAAEAAAABAAAAADtgvwDuOWAQ97R1RTtUdwNDHpD/CUepzdQPXlonciLVAAAAAQAAAA1udWxsc3R5bGUuY29tAAAAAgACAgAAAAEAAAAAtbgXR6E7oDL0LQ+wYSC9zXvXVT3xiPiYuSb1DvmQLe8AAAAFAAAAAAAAAAA=
40a8f7d6e4822bf645865d779922dcdd3b43537b993e75e7165cc84ac04e0dba	10	1	AAAAAK6jei3jmoI8TGlD/egc37PXtHKKzWV8wViZBaCu5L5MAAAAZAAAAAIAAAAIAAAAAAAAAAAAAAABAAAAAAAAAAUAAAAAAAAAAQAAAAEAAAABAAAAAAAAAAAAAAAAAAAAAAAAAAAAAAAAAAAAAAAAAAAAAAABruS+TAAAAEB9KMKKASiNjFhFaahxinyc2cQQv7EAiQtBT60YRSgz4/2dANcXocCkB3EQFpeXvoXjxxJEMtEqV2NXPdByxvIO	QKj31uSCK/ZFhl13mSLc3TtDU3uZPnXnFlzISsBODboAAAAAAAAAZAAAAAAAAAABAAAAAAAAAAUAAAAAAAAAAA==	AAAAAAAAAAEAAAABAAAAAQAAAAoAAAAAAAAAAK6jei3jmoI8TGlD/egc37PXtHKKzWV8wViZBaCu5L5MAAAAAlQL4OAAAAACAAAACAAAAAEAAAABAAAAADtgvwDuOWAQ97R1RTtUdwNDHpD/CUepzdQPXlonciLVAAAAAAAAAA1udWxsc3R5bGUuY29tAAAAAgACAgAAAAEAAAAAtbgXR6E7oDL0LQ+wYSC9zXvXVT3xiPiYuSb1DvmQLe8AAAAFAAAAAAAAAAA=
0733db959ef871e700de41cc2074cb380da7b10262d350d0be0170488554a968	11	1	AAAAAK6jei3jmoI8TGlD/egc37PXtHKKzWV8wViZBaCu5L5MAAAAZAAAAAIAAAAJAAAAAAAAAAAAAAABAAAAAAAAAAUAAAAAAAAAAQAAAAAAAAABAAAAAAAAAAAAAAAAAAAAAAAAAAAAAAAAAAAAAQAAAAC1uBdHoTugMvQtD7BhIL3Ne9dVPfGI+Ji5JvUO+ZAt7wAAAAAAAAAAAAAAAa7kvkwAAABA1/EWaAPOlu4RG89UlMpXLQHlk9dwMy/TLmJ7ttCT7UxJ9kSU4CbXVUG/i7yGxSrs9v8gVKLFxtTIlXlNbHb0AQ==	BzPblZ74cecA3kHMIHTLOA2nsQJi01DQvgFwSIVUqWgAAAAAAAAAZAAAAAAAAAABAAAAAAAAAAUAAAAAAAAAAA==	AAAAAAAAAAEAAAABAAAAAQAAAAsAAAAAAAAAAK6jei3jmoI8TGlD/egc37PXtHKKzWV8wViZBaCu5L5MAAAAAlQL4HwAAAACAAAACQAAAAAAAAABAAAAADtgvwDuOWAQ97R1RTtUdwNDHpD/CUepzdQPXlonciLVAAAAAAAAAA1udWxsc3R5bGUuY29tAAAAAgACAgAAAAAAAAAAAAAAAA==
\.


--
-- Name: accounts_pkey; Type: CONSTRAINT; Schema: public; Owner: -; Tablespace: 
--

ALTER TABLE ONLY accounts
    ADD CONSTRAINT accounts_pkey PRIMARY KEY (accountid);


--
-- Name: ledgerheaders_ledgerseq_key; Type: CONSTRAINT; Schema: public; Owner: -; Tablespace: 
--

ALTER TABLE ONLY ledgerheaders
    ADD CONSTRAINT ledgerheaders_ledgerseq_key UNIQUE (ledgerseq);


--
-- Name: ledgerheaders_pkey; Type: CONSTRAINT; Schema: public; Owner: -; Tablespace: 
--

ALTER TABLE ONLY ledgerheaders
    ADD CONSTRAINT ledgerheaders_pkey PRIMARY KEY (ledgerhash);


--
-- Name: offers_pkey; Type: CONSTRAINT; Schema: public; Owner: -; Tablespace: 
--

ALTER TABLE ONLY offers
    ADD CONSTRAINT offers_pkey PRIMARY KEY (offerid);


--
-- Name: peers_pkey; Type: CONSTRAINT; Schema: public; Owner: -; Tablespace: 
--

ALTER TABLE ONLY peers
    ADD CONSTRAINT peers_pkey PRIMARY KEY (ip, port);


--
-- Name: pubsub_pkey; Type: CONSTRAINT; Schema: public; Owner: -; Tablespace: 
--

ALTER TABLE ONLY pubsub
    ADD CONSTRAINT pubsub_pkey PRIMARY KEY (resid);


--
-- Name: signers_pkey; Type: CONSTRAINT; Schema: public; Owner: -; Tablespace: 
--

ALTER TABLE ONLY signers
    ADD CONSTRAINT signers_pkey PRIMARY KEY (accountid, publickey);


--
-- Name: storestate_pkey; Type: CONSTRAINT; Schema: public; Owner: -; Tablespace: 
--

ALTER TABLE ONLY storestate
    ADD CONSTRAINT storestate_pkey PRIMARY KEY (statename);


--
-- Name: trustlines_pkey; Type: CONSTRAINT; Schema: public; Owner: -; Tablespace: 
--

ALTER TABLE ONLY trustlines
    ADD CONSTRAINT trustlines_pkey PRIMARY KEY (accountid, issuer, assetcode);


--
-- Name: txfeehistory_pkey; Type: CONSTRAINT; Schema: public; Owner: -; Tablespace: 
--

ALTER TABLE ONLY txfeehistory
    ADD CONSTRAINT txfeehistory_pkey PRIMARY KEY (ledgerseq, txindex);


--
-- Name: txhistory_pkey; Type: CONSTRAINT; Schema: public; Owner: -; Tablespace: 
--

ALTER TABLE ONLY txhistory
    ADD CONSTRAINT txhistory_pkey PRIMARY KEY (ledgerseq, txindex);


--
-- Name: accountbalances; Type: INDEX; Schema: public; Owner: -; Tablespace: 
--

CREATE INDEX accountbalances ON accounts USING btree (balance) WHERE (balance >= 1000000000);


--
-- Name: buyingissuerindex; Type: INDEX; Schema: public; Owner: -; Tablespace: 
--

CREATE INDEX buyingissuerindex ON offers USING btree (buyingissuer);


--
-- Name: histbyseq; Type: INDEX; Schema: public; Owner: -; Tablespace: 
--

CREATE INDEX histbyseq ON txhistory USING btree (ledgerseq);


--
-- Name: histfeebyseq; Type: INDEX; Schema: public; Owner: -; Tablespace: 
--

CREATE INDEX histfeebyseq ON txfeehistory USING btree (ledgerseq);


--
-- Name: ledgersbyseq; Type: INDEX; Schema: public; Owner: -; Tablespace: 
--

CREATE INDEX ledgersbyseq ON ledgerheaders USING btree (ledgerseq);


--
-- Name: priceindex; Type: INDEX; Schema: public; Owner: -; Tablespace: 
--

CREATE INDEX priceindex ON offers USING btree (price);


--
-- Name: sellingissuerindex; Type: INDEX; Schema: public; Owner: -; Tablespace: 
--

CREATE INDEX sellingissuerindex ON offers USING btree (sellingissuer);


--
-- Name: signersaccount; Type: INDEX; Schema: public; Owner: -; Tablespace: 
--

CREATE INDEX signersaccount ON signers USING btree (accountid);


--
-- PostgreSQL database dump complete
--

