--
-- PostgreSQL database dump
--

SET statement_timeout = 0;
SET lock_timeout = 0;
SET client_encoding = 'UTF8';
SET standard_conforming_strings = on;
SET check_function_bodies = false;
SET client_min_messages = warning;

SET search_path = public, pg_catalog;

DROP INDEX public.unique_schema_migrations;
DROP INDEX public.trade_effects_by_order_book;
DROP INDEX public.index_history_transactions_on_id;
DROP INDEX public.index_history_transaction_statuses_lc_on_all;
DROP INDEX public.index_history_transaction_participants_on_transaction_hash;
DROP INDEX public.index_history_transaction_participants_on_account;
DROP INDEX public.index_history_operations_on_type;
DROP INDEX public.index_history_operations_on_transaction_id;
DROP INDEX public.index_history_operations_on_id;
DROP INDEX public.index_history_ledgers_on_sequence;
DROP INDEX public.index_history_ledgers_on_previous_ledger_hash;
DROP INDEX public.index_history_ledgers_on_ledger_hash;
DROP INDEX public.index_history_ledgers_on_importer_version;
DROP INDEX public.index_history_ledgers_on_id;
DROP INDEX public.index_history_ledgers_on_closed_at;
DROP INDEX public.index_history_effects_on_type;
DROP INDEX public.index_history_accounts_on_id;
DROP INDEX public.index_history_accounts_on_address;
DROP INDEX public.hs_transaction_by_id;
DROP INDEX public.hs_ledger_by_id;
DROP INDEX public.hist_op_p_id;
DROP INDEX public.hist_e_id;
DROP INDEX public.hist_e_by_order;
DROP INDEX public.by_ledger;
DROP INDEX public.by_hash;
DROP INDEX public.by_account;
ALTER TABLE ONLY public.history_transaction_statuses DROP CONSTRAINT history_transaction_statuses_pkey;
ALTER TABLE ONLY public.history_transaction_participants DROP CONSTRAINT history_transaction_participants_pkey;
ALTER TABLE ONLY public.history_operation_participants DROP CONSTRAINT history_operation_participants_pkey;
ALTER TABLE public.history_transaction_statuses ALTER COLUMN id DROP DEFAULT;
ALTER TABLE public.history_transaction_participants ALTER COLUMN id DROP DEFAULT;
ALTER TABLE public.history_operation_participants ALTER COLUMN id DROP DEFAULT;
DROP TABLE public.schema_migrations;
DROP TABLE public.history_transactions;
DROP SEQUENCE public.history_transaction_statuses_id_seq;
DROP TABLE public.history_transaction_statuses;
DROP SEQUENCE public.history_transaction_participants_id_seq;
DROP TABLE public.history_transaction_participants;
DROP TABLE public.history_operations;
DROP SEQUENCE public.history_operation_participants_id_seq;
DROP TABLE public.history_operation_participants;
DROP TABLE public.history_ledgers;
DROP TABLE public.history_effects;
DROP TABLE public.history_accounts;
DROP EXTENSION hstore;
DROP EXTENSION plpgsql;
DROP SCHEMA public;
--
-- Name: public; Type: SCHEMA; Schema: -; Owner: -
--

CREATE SCHEMA public;


--
-- Name: SCHEMA public; Type: COMMENT; Schema: -; Owner: -
--

COMMENT ON SCHEMA public IS 'standard public schema';


--
-- Name: plpgsql; Type: EXTENSION; Schema: -; Owner: -
--

CREATE EXTENSION IF NOT EXISTS plpgsql WITH SCHEMA pg_catalog;


--
-- Name: EXTENSION plpgsql; Type: COMMENT; Schema: -; Owner: -
--

COMMENT ON EXTENSION plpgsql IS 'PL/pgSQL procedural language';


--
-- Name: hstore; Type: EXTENSION; Schema: -; Owner: -
--

CREATE EXTENSION IF NOT EXISTS hstore WITH SCHEMA public;


--
-- Name: EXTENSION hstore; Type: COMMENT; Schema: -; Owner: -
--

COMMENT ON EXTENSION hstore IS 'data type for storing sets of (key, value) pairs';


SET search_path = public, pg_catalog;

SET default_tablespace = '';

SET default_with_oids = false;

--
-- Name: history_accounts; Type: TABLE; Schema: public; Owner: -; Tablespace: 
--

CREATE TABLE history_accounts (
    id bigint NOT NULL,
    address character varying(64)
);


--
-- Name: history_effects; Type: TABLE; Schema: public; Owner: -; Tablespace: 
--

CREATE TABLE history_effects (
    history_account_id bigint NOT NULL,
    history_operation_id bigint NOT NULL,
    "order" integer NOT NULL,
    type integer NOT NULL,
    details jsonb
);


--
-- Name: history_ledgers; Type: TABLE; Schema: public; Owner: -; Tablespace: 
--

CREATE TABLE history_ledgers (
    sequence integer NOT NULL,
    ledger_hash character varying(64) NOT NULL,
    previous_ledger_hash character varying(64),
    transaction_count integer DEFAULT 0 NOT NULL,
    operation_count integer DEFAULT 0 NOT NULL,
    closed_at timestamp without time zone NOT NULL,
    created_at timestamp without time zone,
    updated_at timestamp without time zone,
    id bigint,
    importer_version integer DEFAULT 1 NOT NULL,
    total_coins bigint NOT NULL,
    fee_pool bigint NOT NULL,
    base_fee integer NOT NULL,
    base_reserve integer NOT NULL,
    max_tx_set_size integer NOT NULL
);


--
-- Name: history_operation_participants; Type: TABLE; Schema: public; Owner: -; Tablespace: 
--

CREATE TABLE history_operation_participants (
    id integer NOT NULL,
    history_operation_id bigint NOT NULL,
    history_account_id bigint NOT NULL
);


--
-- Name: history_operation_participants_id_seq; Type: SEQUENCE; Schema: public; Owner: -
--

CREATE SEQUENCE history_operation_participants_id_seq
    START WITH 1
    INCREMENT BY 1
    NO MINVALUE
    NO MAXVALUE
    CACHE 1;


--
-- Name: history_operation_participants_id_seq; Type: SEQUENCE OWNED BY; Schema: public; Owner: -
--

ALTER SEQUENCE history_operation_participants_id_seq OWNED BY history_operation_participants.id;


--
-- Name: history_operations; Type: TABLE; Schema: public; Owner: -; Tablespace: 
--

CREATE TABLE history_operations (
    id bigint NOT NULL,
    transaction_id bigint NOT NULL,
    application_order integer NOT NULL,
    type integer NOT NULL,
    details jsonb,
    source_account character varying(64) DEFAULT ''::character varying NOT NULL
);


--
-- Name: history_transaction_participants; Type: TABLE; Schema: public; Owner: -; Tablespace: 
--

CREATE TABLE history_transaction_participants (
    id integer NOT NULL,
    transaction_hash character varying(64) NOT NULL,
    account character varying(64) NOT NULL,
    created_at timestamp without time zone,
    updated_at timestamp without time zone
);


--
-- Name: history_transaction_participants_id_seq; Type: SEQUENCE; Schema: public; Owner: -
--

CREATE SEQUENCE history_transaction_participants_id_seq
    START WITH 1
    INCREMENT BY 1
    NO MINVALUE
    NO MAXVALUE
    CACHE 1;


--
-- Name: history_transaction_participants_id_seq; Type: SEQUENCE OWNED BY; Schema: public; Owner: -
--

ALTER SEQUENCE history_transaction_participants_id_seq OWNED BY history_transaction_participants.id;


--
-- Name: history_transaction_statuses; Type: TABLE; Schema: public; Owner: -; Tablespace: 
--

CREATE TABLE history_transaction_statuses (
    id integer NOT NULL,
    result_code_s character varying NOT NULL,
    result_code integer NOT NULL
);


--
-- Name: history_transaction_statuses_id_seq; Type: SEQUENCE; Schema: public; Owner: -
--

CREATE SEQUENCE history_transaction_statuses_id_seq
    START WITH 1
    INCREMENT BY 1
    NO MINVALUE
    NO MAXVALUE
    CACHE 1;


--
-- Name: history_transaction_statuses_id_seq; Type: SEQUENCE OWNED BY; Schema: public; Owner: -
--

ALTER SEQUENCE history_transaction_statuses_id_seq OWNED BY history_transaction_statuses.id;


--
-- Name: history_transactions; Type: TABLE; Schema: public; Owner: -; Tablespace: 
--

CREATE TABLE history_transactions (
    transaction_hash character varying(64) NOT NULL,
    ledger_sequence integer NOT NULL,
    application_order integer NOT NULL,
    account character varying(64) NOT NULL,
    account_sequence bigint NOT NULL,
    fee_paid integer NOT NULL,
    operation_count integer NOT NULL,
    created_at timestamp without time zone,
    updated_at timestamp without time zone,
    id bigint,
    tx_envelope text NOT NULL,
    tx_result text NOT NULL,
    tx_meta text NOT NULL,
    tx_fee_meta text NOT NULL,
    signatures character varying(96)[] DEFAULT '{}'::character varying[] NOT NULL,
    memo_type character varying DEFAULT 'none'::character varying NOT NULL,
    memo character varying,
    time_bounds int8range
);


--
-- Name: schema_migrations; Type: TABLE; Schema: public; Owner: -; Tablespace: 
--

CREATE TABLE schema_migrations (
    version character varying NOT NULL
);


--
-- Name: id; Type: DEFAULT; Schema: public; Owner: -
--

ALTER TABLE ONLY history_operation_participants ALTER COLUMN id SET DEFAULT nextval('history_operation_participants_id_seq'::regclass);


--
-- Name: id; Type: DEFAULT; Schema: public; Owner: -
--

ALTER TABLE ONLY history_transaction_participants ALTER COLUMN id SET DEFAULT nextval('history_transaction_participants_id_seq'::regclass);


--
-- Name: id; Type: DEFAULT; Schema: public; Owner: -
--

ALTER TABLE ONLY history_transaction_statuses ALTER COLUMN id SET DEFAULT nextval('history_transaction_statuses_id_seq'::regclass);


--
-- Data for Name: history_accounts; Type: TABLE DATA; Schema: public; Owner: -
--

COPY history_accounts (id, address) FROM stdin;
1	GBRPYHIL2CI3FNQ4BXLFMNDLFJUNPU2HY3ZMFSHONUCEOASW7QC7OX2H
8589938689	GCXKG6RN4ONIEPCMNFB732A436Z5PNDSRLGWK7GBLCMQLIFO4S7EYWVU
8589942785	GA5WBPYA5Y4WAEHXWR2UKO2UO4BUGHUQ74EUPKON2QHV4WRHOIRNKKH2
\.


--
-- Data for Name: history_effects; Type: TABLE DATA; Schema: public; Owner: -
--

COPY history_effects (history_account_id, history_operation_id, "order", type, details) FROM stdin;
8589938689	8589938689	1	0	{"starting_balance": "1000.0"}
1	8589938689	2	3	{"amount": "1000.0", "asset_type": "native"}
8589938689	8589938689	3	10	{"weight": 1, "public_key": "GCXKG6RN4ONIEPCMNFB732A436Z5PNDSRLGWK7GBLCMQLIFO4S7EYWVU"}
8589942785	8589942785	1	0	{"starting_balance": "1000.0"}
1	8589942785	2	3	{"amount": "1000.0", "asset_type": "native"}
8589942785	8589942785	3	10	{"weight": 1, "public_key": "GA5WBPYA5Y4WAEHXWR2UKO2UO4BUGHUQ74EUPKON2QHV4WRHOIRNKKH2"}
8589938689	17179873281	1	6	{"auth_required_flag": true}
8589938689	21474840577	1	12	{"weight": 2, "public_key": "GCXKG6RN4ONIEPCMNFB732A436Z5PNDSRLGWK7GBLCMQLIFO4S7EYWVU"}
8589938689	25769807873	1	4	{"low_threshold": 0, "med_threshold": 2, "high_threshold": 2}
8589938689	30064775169	1	5	{"home_domain": "nullstyle.com"}
8589938689	34359742465	1	10	{"weight": 1, "public_key": "GC23QF2HUE52AMXUFUH3AYJAXXGXXV2VHXYYR6EYXETPKDXZSAW67XO4"}
8589938689	38654709761	1	10	{"weight": 5, "public_key": "GC23QF2HUE52AMXUFUH3AYJAXXGXXV2VHXYYR6EYXETPKDXZSAW67XO4"}
8589938689	42949677057	1	6	{"auth_required_flag": false}
8589938689	47244644353	1	11	{"weight": 0, "public_key": "GC23QF2HUE52AMXUFUH3AYJAXXGXXV2VHXYYR6EYXETPKDXZSAW67XO4"}
\.


--
-- Data for Name: history_ledgers; Type: TABLE DATA; Schema: public; Owner: -
--

COPY history_ledgers (sequence, ledger_hash, previous_ledger_hash, transaction_count, operation_count, closed_at, created_at, updated_at, id, importer_version, total_coins, fee_pool, base_fee, base_reserve, max_tx_set_size) FROM stdin;
1	63d98f536ee68d1b27b5b89f23af5311b7569a24faf1403ad0b52b633b07be99	\N	0	0	1970-01-01 00:00:00	2015-12-07 21:25:59.57135	2015-12-07 21:25:59.57135	4294967296	4	1000000000000000000	0	100	100000000	100
2	9a2dc2e6258c65010b029a6c135e230a05c863fb7d3126550c033db6404d3ad0	63d98f536ee68d1b27b5b89f23af5311b7569a24faf1403ad0b52b633b07be99	2	2	2015-12-07 21:25:57	2015-12-07 21:25:59.583942	2015-12-07 21:25:59.583942	8589934592	4	1000000000000000000	200	100	100000000	50
3	ecaef75921b606e7982cd1c2ae125a020bd379b608659a2a2ef8e6c269db6717	9a2dc2e6258c65010b029a6c135e230a05c863fb7d3126550c033db6404d3ad0	1	1	2015-12-07 21:25:58	2015-12-07 21:25:59.647957	2015-12-07 21:25:59.647957	12884901888	4	1000000000000000000	300	100	100000000	50
4	8140be38393fb9d4dda7f8545b54247c87071d30ebde705f41b3645c9a0bad41	ecaef75921b606e7982cd1c2ae125a020bd379b608659a2a2ef8e6c269db6717	1	1	2015-12-07 21:25:59	2015-12-07 21:25:59.667922	2015-12-07 21:25:59.667922	17179869184	4	1000000000000000000	400	100	100000000	50
5	745fd13a93d1fbcf760fa245d5736a1d70555bfa0f58838883bae4ba9de6859f	8140be38393fb9d4dda7f8545b54247c87071d30ebde705f41b3645c9a0bad41	1	1	2015-12-07 21:26:00	2015-12-07 21:25:59.692306	2015-12-07 21:25:59.692306	21474836480	4	1000000000000000000	500	100	100000000	50
6	fe59e9c35dfdc63d6b03bab7e9f267fc471ac60eec0afa455139891e4da1cbd2	745fd13a93d1fbcf760fa245d5736a1d70555bfa0f58838883bae4ba9de6859f	1	1	2015-12-07 21:26:01	2015-12-07 21:25:59.715933	2015-12-07 21:25:59.715933	25769803776	4	1000000000000000000	600	100	100000000	50
7	451ebc4f1ddeffa33ab889b6d16d3d3e52f4b26330787629f813176eb10b074b	fe59e9c35dfdc63d6b03bab7e9f267fc471ac60eec0afa455139891e4da1cbd2	1	1	2015-12-07 21:26:02	2015-12-07 21:25:59.739859	2015-12-07 21:25:59.739859	30064771072	4	1000000000000000000	700	100	100000000	50
8	cf86eea980b34566b25a5d59fe2b8b1e667939a95a38e59c0337cc7f52070734	451ebc4f1ddeffa33ab889b6d16d3d3e52f4b26330787629f813176eb10b074b	1	1	2015-12-07 21:26:03	2015-12-07 21:25:59.763925	2015-12-07 21:25:59.763925	34359738368	4	1000000000000000000	800	100	100000000	50
9	b4330a27854829cca77d67bb10618c50c08263a07e95cf1f43c4487b47df5f3c	cf86eea980b34566b25a5d59fe2b8b1e667939a95a38e59c0337cc7f52070734	1	1	2015-12-07 21:26:04	2015-12-07 21:25:59.78861	2015-12-07 21:25:59.78861	38654705664	4	1000000000000000000	900	100	100000000	50
10	c8fcda79564bc848c1a9bc3b5f0a00181d9f86bad34d9b210574ea3055af4432	b4330a27854829cca77d67bb10618c50c08263a07e95cf1f43c4487b47df5f3c	1	1	2015-12-07 21:26:05	2015-12-07 21:25:59.813184	2015-12-07 21:25:59.813184	42949672960	4	1000000000000000000	1000	100	100000000	50
11	9097cca4413d3f7fd9dd13b921e11b57fa7da276dabe7be475a14563bcbd4365	c8fcda79564bc848c1a9bc3b5f0a00181d9f86bad34d9b210574ea3055af4432	1	1	2015-12-07 21:26:06	2015-12-07 21:25:59.839228	2015-12-07 21:25:59.839228	47244640256	4	1000000000000000000	1100	100	100000000	50
12	60eb8ada954a9f645ad225f6512c6def94204500c4fc6b76d20bfdfae38c2f1f	9097cca4413d3f7fd9dd13b921e11b57fa7da276dabe7be475a14563bcbd4365	0	0	2015-12-07 21:26:07	2015-12-07 21:25:59.864792	2015-12-07 21:25:59.864792	51539607552	4	1000000000000000000	1100	100	100000000	50
\.


--
-- Data for Name: history_operation_participants; Type: TABLE DATA; Schema: public; Owner: -
--

COPY history_operation_participants (id, history_operation_id, history_account_id) FROM stdin;
156	8589938689	1
157	8589938689	8589938689
158	8589942785	1
159	8589942785	8589942785
160	12884905985	8589938689
161	17179873281	8589938689
162	21474840577	8589938689
163	25769807873	8589938689
164	30064775169	8589938689
165	34359742465	8589938689
166	38654709761	8589938689
167	42949677057	8589938689
168	47244644353	8589938689
\.


--
-- Name: history_operation_participants_id_seq; Type: SEQUENCE SET; Schema: public; Owner: -
--

SELECT pg_catalog.setval('history_operation_participants_id_seq', 168, true);


--
-- Data for Name: history_operations; Type: TABLE DATA; Schema: public; Owner: -
--

COPY history_operations (id, transaction_id, application_order, type, details, source_account) FROM stdin;
8589938689	8589938688	1	0	{"funder": "GBRPYHIL2CI3FNQ4BXLFMNDLFJUNPU2HY3ZMFSHONUCEOASW7QC7OX2H", "account": "GCXKG6RN4ONIEPCMNFB732A436Z5PNDSRLGWK7GBLCMQLIFO4S7EYWVU", "starting_balance": "1000.0"}	GBRPYHIL2CI3FNQ4BXLFMNDLFJUNPU2HY3ZMFSHONUCEOASW7QC7OX2H
8589942785	8589942784	1	0	{"funder": "GBRPYHIL2CI3FNQ4BXLFMNDLFJUNPU2HY3ZMFSHONUCEOASW7QC7OX2H", "account": "GA5WBPYA5Y4WAEHXWR2UKO2UO4BUGHUQ74EUPKON2QHV4WRHOIRNKKH2", "starting_balance": "1000.0"}	GBRPYHIL2CI3FNQ4BXLFMNDLFJUNPU2HY3ZMFSHONUCEOASW7QC7OX2H
12884905985	12884905984	1	5	{"inflation_dest": "GA5WBPYA5Y4WAEHXWR2UKO2UO4BUGHUQ74EUPKON2QHV4WRHOIRNKKH2"}	GCXKG6RN4ONIEPCMNFB732A436Z5PNDSRLGWK7GBLCMQLIFO4S7EYWVU
17179873281	17179873280	1	5	{"set_flags": [1], "set_flags_s": ["auth_required_flag"]}	GCXKG6RN4ONIEPCMNFB732A436Z5PNDSRLGWK7GBLCMQLIFO4S7EYWVU
21474840577	21474840576	1	5	{"master_key_weight": 2}	GCXKG6RN4ONIEPCMNFB732A436Z5PNDSRLGWK7GBLCMQLIFO4S7EYWVU
25769807873	25769807872	1	5	{"low_threshold": 0, "med_threshold": 2, "high_threshold": 2}	GCXKG6RN4ONIEPCMNFB732A436Z5PNDSRLGWK7GBLCMQLIFO4S7EYWVU
30064775169	30064775168	1	5	{"home_domain": "nullstyle.com"}	GCXKG6RN4ONIEPCMNFB732A436Z5PNDSRLGWK7GBLCMQLIFO4S7EYWVU
34359742465	34359742464	1	5	{"signer_key": "GC23QF2HUE52AMXUFUH3AYJAXXGXXV2VHXYYR6EYXETPKDXZSAW67XO4", "signer_weight": 1}	GCXKG6RN4ONIEPCMNFB732A436Z5PNDSRLGWK7GBLCMQLIFO4S7EYWVU
38654709761	38654709760	1	5	{"signer_key": "GC23QF2HUE52AMXUFUH3AYJAXXGXXV2VHXYYR6EYXETPKDXZSAW67XO4", "signer_weight": 5}	GCXKG6RN4ONIEPCMNFB732A436Z5PNDSRLGWK7GBLCMQLIFO4S7EYWVU
42949677057	42949677056	1	5	{"clear_flags": [1], "clear_flags_s": ["auth_required_flag"]}	GCXKG6RN4ONIEPCMNFB732A436Z5PNDSRLGWK7GBLCMQLIFO4S7EYWVU
47244644353	47244644352	1	5	{"signer_key": "GC23QF2HUE52AMXUFUH3AYJAXXGXXV2VHXYYR6EYXETPKDXZSAW67XO4", "signer_weight": 0}	GCXKG6RN4ONIEPCMNFB732A436Z5PNDSRLGWK7GBLCMQLIFO4S7EYWVU
\.


--
-- Data for Name: history_transaction_participants; Type: TABLE DATA; Schema: public; Owner: -
--

COPY history_transaction_participants (id, transaction_hash, account, created_at, updated_at) FROM stdin;
138	b2a227c39c64a44fc7abd4c96819456f0399906d12c476d70b402bfdb296d6a3	GCXKG6RN4ONIEPCMNFB732A436Z5PNDSRLGWK7GBLCMQLIFO4S7EYWVU	2015-12-07 21:25:59.592742	2015-12-07 21:25:59.592742
139	b2a227c39c64a44fc7abd4c96819456f0399906d12c476d70b402bfdb296d6a3	GBRPYHIL2CI3FNQ4BXLFMNDLFJUNPU2HY3ZMFSHONUCEOASW7QC7OX2H	2015-12-07 21:25:59.594108	2015-12-07 21:25:59.594108
140	36be70fb7782f9801cdcedc1206e21f99293c99860a15e441f4749747a0a37ab	GA5WBPYA5Y4WAEHXWR2UKO2UO4BUGHUQ74EUPKON2QHV4WRHOIRNKKH2	2015-12-07 21:25:59.618374	2015-12-07 21:25:59.618374
141	36be70fb7782f9801cdcedc1206e21f99293c99860a15e441f4749747a0a37ab	GBRPYHIL2CI3FNQ4BXLFMNDLFJUNPU2HY3ZMFSHONUCEOASW7QC7OX2H	2015-12-07 21:25:59.619906	2015-12-07 21:25:59.619906
142	c76f843dd29e92bacbf21659d50454a043eae6a5ef81e2e8dc97b0e005d30962	GCXKG6RN4ONIEPCMNFB732A436Z5PNDSRLGWK7GBLCMQLIFO4S7EYWVU	2015-12-07 21:25:59.653829	2015-12-07 21:25:59.653829
143	895b1e3ae3570fac549edfcc260122a2f930b35b94b1dffa9f8c2a08816ac376	GCXKG6RN4ONIEPCMNFB732A436Z5PNDSRLGWK7GBLCMQLIFO4S7EYWVU	2015-12-07 21:25:59.674955	2015-12-07 21:25:59.674955
144	b0bb26bbc67cc1c226293ce18f94f9766b4e5c68132c2caff7907791d1723f27	GCXKG6RN4ONIEPCMNFB732A436Z5PNDSRLGWK7GBLCMQLIFO4S7EYWVU	2015-12-07 21:25:59.698408	2015-12-07 21:25:59.698408
145	a721bea4176539c6ed564ceafb7084a31c5deafe17ce0b52d2e2752feae47db7	GCXKG6RN4ONIEPCMNFB732A436Z5PNDSRLGWK7GBLCMQLIFO4S7EYWVU	2015-12-07 21:25:59.72173	2015-12-07 21:25:59.72173
146	ca5cd8926d50d5f94acc074b6c966e927195571cb4977e1cb7690df84529f127	GCXKG6RN4ONIEPCMNFB732A436Z5PNDSRLGWK7GBLCMQLIFO4S7EYWVU	2015-12-07 21:25:59.745916	2015-12-07 21:25:59.745916
147	eb4d35309591547be7fe2fb9c44834d20e4d569294088ac1a3d204d16e9a0751	GCXKG6RN4ONIEPCMNFB732A436Z5PNDSRLGWK7GBLCMQLIFO4S7EYWVU	2015-12-07 21:25:59.769723	2015-12-07 21:25:59.769723
148	be85b5e14dcb9fe976a73cccc8bfac69be7ecec2126bfe5ecc551c683b43dcd7	GCXKG6RN4ONIEPCMNFB732A436Z5PNDSRLGWK7GBLCMQLIFO4S7EYWVU	2015-12-07 21:25:59.795465	2015-12-07 21:25:59.795465
149	40a8f7d6e4822bf645865d779922dcdd3b43537b993e75e7165cc84ac04e0dba	GCXKG6RN4ONIEPCMNFB732A436Z5PNDSRLGWK7GBLCMQLIFO4S7EYWVU	2015-12-07 21:25:59.819506	2015-12-07 21:25:59.819506
150	0733db959ef871e700de41cc2074cb380da7b10262d350d0be0170488554a968	GCXKG6RN4ONIEPCMNFB732A436Z5PNDSRLGWK7GBLCMQLIFO4S7EYWVU	2015-12-07 21:25:59.846568	2015-12-07 21:25:59.846568
\.


--
-- Name: history_transaction_participants_id_seq; Type: SEQUENCE SET; Schema: public; Owner: -
--

SELECT pg_catalog.setval('history_transaction_participants_id_seq', 150, true);


--
-- Data for Name: history_transaction_statuses; Type: TABLE DATA; Schema: public; Owner: -
--

COPY history_transaction_statuses (id, result_code_s, result_code) FROM stdin;
\.


--
-- Name: history_transaction_statuses_id_seq; Type: SEQUENCE SET; Schema: public; Owner: -
--

SELECT pg_catalog.setval('history_transaction_statuses_id_seq', 1, false);


--
-- Data for Name: history_transactions; Type: TABLE DATA; Schema: public; Owner: -
--

COPY history_transactions (transaction_hash, ledger_sequence, application_order, account, account_sequence, fee_paid, operation_count, created_at, updated_at, id, tx_envelope, tx_result, tx_meta, tx_fee_meta, signatures, memo_type, memo, time_bounds) FROM stdin;
b2a227c39c64a44fc7abd4c96819456f0399906d12c476d70b402bfdb296d6a3	2	1	GBRPYHIL2CI3FNQ4BXLFMNDLFJUNPU2HY3ZMFSHONUCEOASW7QC7OX2H	1	100	1	2015-12-07 21:25:59.589239	2015-12-07 21:25:59.589239	8589938688	AAAAAGL8HQvQkbK2HA3WVjRrKmjX00fG8sLI7m0ERwJW/AX3AAAAZAAAAAAAAAABAAAAAAAAAAAAAAABAAAAAAAAAAAAAAAArqN6LeOagjxMaUP96Bzfs9e0corNZXzBWJkFoK7kvkwAAAACVAvkAAAAAAAAAAABVvwF9wAAAEDt3KwmaPuPdFSUxdAFeb6OQetyQKIWazlbSMMhmHKNLD4sqhEqUZcQP0l+X/Op+osWmN6+FUYbsz75Q2jG4vMM	AAAAAAAAAGQAAAAAAAAAAQAAAAAAAAAAAAAAAAAAAAA=	AAAAAAAAAAEAAAACAAAAAAAAAAIAAAAAAAAAAK6jei3jmoI8TGlD/egc37PXtHKKzWV8wViZBaCu5L5MAAAAAlQL5AAAAAACAAAAAAAAAAAAAAAAAAAAAAAAAAABAAAAAAAAAAAAAAAAAAAAAAAAAQAAAAIAAAAAAAAAAGL8HQvQkbK2HA3WVjRrKmjX00fG8sLI7m0ERwJW/AX3DeC2sVNYGzgAAAAAAAAAAgAAAAAAAAAAAAAAAAAAAAABAAAAAAAAAAAAAAAAAAAA	AAAAAgAAAAMAAAABAAAAAAAAAABi/B0L0JGythwN1lY0aypo19NHxvLCyO5tBEcCVvwF9w3gtrOnZAAAAAAAAAAAAAAAAAAAAAAAAAAAAAAAAAAAAQAAAAAAAAAAAAAAAAAAAAAAAAEAAAACAAAAAAAAAABi/B0L0JGythwN1lY0aypo19NHxvLCyO5tBEcCVvwF9w3gtrOnY/+cAAAAAAAAAAEAAAAAAAAAAAAAAAAAAAAAAQAAAAAAAAAAAAAAAAAAAA==	{7dysJmj7j3RUlMXQBXm+jkHrckCiFms5W0jDIZhyjSw+LKoRKlGXED9Jfl/zqfqLFpjevhVGG7M++UNoxuLzDA==}	none	\N	\N
36be70fb7782f9801cdcedc1206e21f99293c99860a15e441f4749747a0a37ab	2	2	GBRPYHIL2CI3FNQ4BXLFMNDLFJUNPU2HY3ZMFSHONUCEOASW7QC7OX2H	2	100	1	2015-12-07 21:25:59.615789	2015-12-07 21:25:59.615789	8589942784	AAAAAGL8HQvQkbK2HA3WVjRrKmjX00fG8sLI7m0ERwJW/AX3AAAAZAAAAAAAAAACAAAAAAAAAAAAAAABAAAAAAAAAAAAAAAAO2C/AO45YBD3tHVFO1R3A0MekP8JR6nN1A9eWidyItUAAAACVAvkAAAAAAAAAAABVvwF9wAAAEA3xWbxPObnZMiBGFKLJQufJLguTsHJxyAsPP5F9Zj561aXnvN/HVRJbFsEcitGbgi9dWVdKRYvmVWCizIdmLID	AAAAAAAAAGQAAAAAAAAAAQAAAAAAAAAAAAAAAAAAAAA=	AAAAAAAAAAEAAAACAAAAAAAAAAIAAAAAAAAAADtgvwDuOWAQ97R1RTtUdwNDHpD/CUepzdQPXlonciLVAAAAAlQL5AAAAAACAAAAAAAAAAAAAAAAAAAAAAAAAAABAAAAAAAAAAAAAAAAAAAAAAAAAQAAAAIAAAAAAAAAAGL8HQvQkbK2HA3WVjRrKmjX00fG8sLI7m0ERwJW/AX3DeC2rv9MNzgAAAAAAAAAAgAAAAAAAAAAAAAAAAAAAAABAAAAAAAAAAAAAAAAAAAA	AAAAAQAAAAEAAAACAAAAAAAAAABi/B0L0JGythwN1lY0aypo19NHxvLCyO5tBEcCVvwF9w3gtrOnY/84AAAAAAAAAAIAAAAAAAAAAAAAAAAAAAAAAQAAAAAAAAAAAAAAAAAAAA==	{N8Vm8Tzm52TIgRhSiyULnyS4Lk7ByccgLDz+RfWY+etWl57zfx1USWxbBHIrRm4IvXVlXSkWL5lVgosyHZiyAw==}	none	\N	\N
c76f843dd29e92bacbf21659d50454a043eae6a5ef81e2e8dc97b0e005d30962	3	1	GCXKG6RN4ONIEPCMNFB732A436Z5PNDSRLGWK7GBLCMQLIFO4S7EYWVU	8589934593	100	1	2015-12-07 21:25:59.651806	2015-12-07 21:25:59.651806	12884905984	AAAAAK6jei3jmoI8TGlD/egc37PXtHKKzWV8wViZBaCu5L5MAAAAZAAAAAIAAAABAAAAAAAAAAAAAAABAAAAAAAAAAUAAAABAAAAADtgvwDuOWAQ97R1RTtUdwNDHpD/CUepzdQPXlonciLVAAAAAQAAAAAAAAABAAAAAAAAAAAAAAAAAAAAAAAAAAAAAAAAAAAAAAAAAAAAAAABruS+TAAAAEC87yJlK5zXwuklcPxhmPt9HB9YOb+0HHcN2SteSVLsjnyafNu/560Mj8/QJzfSnKm3arRVJtHgFgaSFJiywRoF	AAAAAAAAAGQAAAAAAAAAAQAAAAAAAAAFAAAAAAAAAAA=	AAAAAAAAAAEAAAABAAAAAQAAAAMAAAAAAAAAAK6jei3jmoI8TGlD/egc37PXtHKKzWV8wViZBaCu5L5MAAAAAlQL45wAAAACAAAAAQAAAAAAAAABAAAAADtgvwDuOWAQ97R1RTtUdwNDHpD/CUepzdQPXlonciLVAAAAAAAAAAABAAAAAAAAAAAAAAAAAAAA	AAAAAgAAAAMAAAACAAAAAAAAAACuo3ot45qCPExpQ/3oHN+z17Ryis1lfMFYmQWgruS+TAAAAAJUC+QAAAAAAgAAAAAAAAAAAAAAAAAAAAAAAAAAAQAAAAAAAAAAAAAAAAAAAAAAAAEAAAADAAAAAAAAAACuo3ot45qCPExpQ/3oHN+z17Ryis1lfMFYmQWgruS+TAAAAAJUC+OcAAAAAgAAAAEAAAAAAAAAAAAAAAAAAAAAAQAAAAAAAAAAAAAAAAAAAA==	{vO8iZSuc18LpJXD8YZj7fRwfWDm/tBx3DdkrXklS7I58mnzbv+etDI/P0Cc30pypt2q0VSbR4BYGkhSYssEaBQ==}	none	\N	\N
895b1e3ae3570fac549edfcc260122a2f930b35b94b1dffa9f8c2a08816ac376	4	1	GCXKG6RN4ONIEPCMNFB732A436Z5PNDSRLGWK7GBLCMQLIFO4S7EYWVU	8589934594	100	1	2015-12-07 21:25:59.672664	2015-12-07 21:25:59.672664	17179873280	AAAAAK6jei3jmoI8TGlD/egc37PXtHKKzWV8wViZBaCu5L5MAAAAZAAAAAIAAAACAAAAAAAAAAAAAAABAAAAAAAAAAUAAAAAAAAAAQAAAAAAAAABAAAAAQAAAAAAAAAAAAAAAAAAAAAAAAAAAAAAAAAAAAAAAAABruS+TAAAAEALUnIdWXjDKFil8+3DPcIytdMco/BMWnrqyv9Hc/DQsGAOLHRdhdAVL/sVSxW7ITzpxY3bv11PDVlr/U5DdrgB	AAAAAAAAAGQAAAAAAAAAAQAAAAAAAAAFAAAAAAAAAAA=	AAAAAAAAAAEAAAABAAAAAQAAAAQAAAAAAAAAAK6jei3jmoI8TGlD/egc37PXtHKKzWV8wViZBaCu5L5MAAAAAlQL4zgAAAACAAAAAgAAAAAAAAABAAAAADtgvwDuOWAQ97R1RTtUdwNDHpD/CUepzdQPXlonciLVAAAAAQAAAAABAAAAAAAAAAAAAAAAAAAA	AAAAAgAAAAMAAAADAAAAAAAAAACuo3ot45qCPExpQ/3oHN+z17Ryis1lfMFYmQWgruS+TAAAAAJUC+OcAAAAAgAAAAEAAAAAAAAAAQAAAAA7YL8A7jlgEPe0dUU7VHcDQx6Q/wlHqc3UD15aJ3Ii1QAAAAAAAAAAAQAAAAAAAAAAAAAAAAAAAAAAAAEAAAAEAAAAAAAAAACuo3ot45qCPExpQ/3oHN+z17Ryis1lfMFYmQWgruS+TAAAAAJUC+M4AAAAAgAAAAIAAAAAAAAAAQAAAAA7YL8A7jlgEPe0dUU7VHcDQx6Q/wlHqc3UD15aJ3Ii1QAAAAAAAAAAAQAAAAAAAAAAAAAAAAAAAA==	{C1JyHVl4wyhYpfPtwz3CMrXTHKPwTFp66sr/R3Pw0LBgDix0XYXQFS/7FUsVuyE86cWN279dTw1Za/1OQ3a4AQ==}	none	\N	\N
b0bb26bbc67cc1c226293ce18f94f9766b4e5c68132c2caff7907791d1723f27	5	1	GCXKG6RN4ONIEPCMNFB732A436Z5PNDSRLGWK7GBLCMQLIFO4S7EYWVU	8589934595	100	1	2015-12-07 21:25:59.696128	2015-12-07 21:25:59.696128	21474840576	AAAAAK6jei3jmoI8TGlD/egc37PXtHKKzWV8wViZBaCu5L5MAAAAZAAAAAIAAAADAAAAAAAAAAAAAAABAAAAAAAAAAUAAAAAAAAAAQAAAAAAAAABAAAAAAAAAAEAAAACAAAAAAAAAAAAAAAAAAAAAAAAAAAAAAAAAAAAAa7kvkwAAABA9mhGRBoZe3eaPDqE6/qVEp5iFBEKjErYbUzVlrtr6cD5ttn0uGzLQsVMlEgPpB82XWa7gzTRg0OykcYE8otoAg==	AAAAAAAAAGQAAAAAAAAAAQAAAAAAAAAFAAAAAAAAAAA=	AAAAAAAAAAEAAAABAAAAAQAAAAUAAAAAAAAAAK6jei3jmoI8TGlD/egc37PXtHKKzWV8wViZBaCu5L5MAAAAAlQL4tQAAAACAAAAAwAAAAAAAAABAAAAADtgvwDuOWAQ97R1RTtUdwNDHpD/CUepzdQPXlonciLVAAAAAQAAAAACAAAAAAAAAAAAAAAAAAAA	AAAAAgAAAAMAAAAEAAAAAAAAAACuo3ot45qCPExpQ/3oHN+z17Ryis1lfMFYmQWgruS+TAAAAAJUC+M4AAAAAgAAAAIAAAAAAAAAAQAAAAA7YL8A7jlgEPe0dUU7VHcDQx6Q/wlHqc3UD15aJ3Ii1QAAAAEAAAAAAQAAAAAAAAAAAAAAAAAAAAAAAAEAAAAFAAAAAAAAAACuo3ot45qCPExpQ/3oHN+z17Ryis1lfMFYmQWgruS+TAAAAAJUC+LUAAAAAgAAAAMAAAAAAAAAAQAAAAA7YL8A7jlgEPe0dUU7VHcDQx6Q/wlHqc3UD15aJ3Ii1QAAAAEAAAAAAQAAAAAAAAAAAAAAAAAAAA==	{9mhGRBoZe3eaPDqE6/qVEp5iFBEKjErYbUzVlrtr6cD5ttn0uGzLQsVMlEgPpB82XWa7gzTRg0OykcYE8otoAg==}	none	\N	\N
a721bea4176539c6ed564ceafb7084a31c5deafe17ce0b52d2e2752feae47db7	6	1	GCXKG6RN4ONIEPCMNFB732A436Z5PNDSRLGWK7GBLCMQLIFO4S7EYWVU	8589934596	100	1	2015-12-07 21:25:59.719449	2015-12-07 21:25:59.719449	25769807872	AAAAAK6jei3jmoI8TGlD/egc37PXtHKKzWV8wViZBaCu5L5MAAAAZAAAAAIAAAAEAAAAAAAAAAAAAAABAAAAAAAAAAUAAAAAAAAAAQAAAAAAAAABAAAAAAAAAAAAAAABAAAAAAAAAAEAAAACAAAAAQAAAAIAAAAAAAAAAAAAAAAAAAABruS+TAAAAEBE6Hv6Be+Sn9oVyHm+QedPXQwsE/U9freWjJTR8BN8qnvn6VUOzdc0U6PDQCyroLCAwh1LmK3iOmngqczf1RYG	AAAAAAAAAGQAAAAAAAAAAQAAAAAAAAAFAAAAAAAAAAA=	AAAAAAAAAAEAAAABAAAAAQAAAAYAAAAAAAAAAK6jei3jmoI8TGlD/egc37PXtHKKzWV8wViZBaCu5L5MAAAAAlQL4nAAAAACAAAABAAAAAAAAAABAAAAADtgvwDuOWAQ97R1RTtUdwNDHpD/CUepzdQPXlonciLVAAAAAQAAAAACAAICAAAAAAAAAAAAAAAA	AAAAAgAAAAMAAAAFAAAAAAAAAACuo3ot45qCPExpQ/3oHN+z17Ryis1lfMFYmQWgruS+TAAAAAJUC+LUAAAAAgAAAAMAAAAAAAAAAQAAAAA7YL8A7jlgEPe0dUU7VHcDQx6Q/wlHqc3UD15aJ3Ii1QAAAAEAAAAAAgAAAAAAAAAAAAAAAAAAAAAAAAEAAAAGAAAAAAAAAACuo3ot45qCPExpQ/3oHN+z17Ryis1lfMFYmQWgruS+TAAAAAJUC+JwAAAAAgAAAAQAAAAAAAAAAQAAAAA7YL8A7jlgEPe0dUU7VHcDQx6Q/wlHqc3UD15aJ3Ii1QAAAAEAAAAAAgAAAAAAAAAAAAAAAAAAAA==	{ROh7+gXvkp/aFch5vkHnT10MLBP1PX63loyU0fATfKp75+lVDs3XNFOjw0Asq6CwgMIdS5it4jpp4KnM39UWBg==}	none	\N	\N
ca5cd8926d50d5f94acc074b6c966e927195571cb4977e1cb7690df84529f127	7	1	GCXKG6RN4ONIEPCMNFB732A436Z5PNDSRLGWK7GBLCMQLIFO4S7EYWVU	8589934597	100	1	2015-12-07 21:25:59.743639	2015-12-07 21:25:59.743639	30064775168	AAAAAK6jei3jmoI8TGlD/egc37PXtHKKzWV8wViZBaCu5L5MAAAAZAAAAAIAAAAFAAAAAAAAAAAAAAABAAAAAAAAAAUAAAAAAAAAAQAAAAAAAAABAAAAAAAAAAAAAAAAAAAAAAAAAAAAAAABAAAADW51bGxzdHlsZS5jb20AAAAAAAAAAAAAAAAAAAGu5L5MAAAAQO5rla99y3m6umRBntLBh1Spdn1AzzIijQ++E3Xk8CrAhurEJ6Dv2MeK8lw6KCWOwOMGYQo65HIisANSOuvaBAc=	AAAAAAAAAGQAAAAAAAAAAQAAAAAAAAAFAAAAAAAAAAA=	AAAAAAAAAAEAAAABAAAAAQAAAAcAAAAAAAAAAK6jei3jmoI8TGlD/egc37PXtHKKzWV8wViZBaCu5L5MAAAAAlQL4gwAAAACAAAABQAAAAAAAAABAAAAADtgvwDuOWAQ97R1RTtUdwNDHpD/CUepzdQPXlonciLVAAAAAQAAAA1udWxsc3R5bGUuY29tAAAAAgACAgAAAAAAAAAAAAAAAA==	AAAAAgAAAAMAAAAGAAAAAAAAAACuo3ot45qCPExpQ/3oHN+z17Ryis1lfMFYmQWgruS+TAAAAAJUC+JwAAAAAgAAAAQAAAAAAAAAAQAAAAA7YL8A7jlgEPe0dUU7VHcDQx6Q/wlHqc3UD15aJ3Ii1QAAAAEAAAAAAgACAgAAAAAAAAAAAAAAAAAAAAEAAAAHAAAAAAAAAACuo3ot45qCPExpQ/3oHN+z17Ryis1lfMFYmQWgruS+TAAAAAJUC+IMAAAAAgAAAAUAAAAAAAAAAQAAAAA7YL8A7jlgEPe0dUU7VHcDQx6Q/wlHqc3UD15aJ3Ii1QAAAAEAAAAAAgACAgAAAAAAAAAAAAAAAA==	{7muVr33Lebq6ZEGe0sGHVKl2fUDPMiKND74TdeTwKsCG6sQnoO/Yx4ryXDooJY7A4wZhCjrkciKwA1I669oEBw==}	none	\N	\N
eb4d35309591547be7fe2fb9c44834d20e4d569294088ac1a3d204d16e9a0751	8	1	GCXKG6RN4ONIEPCMNFB732A436Z5PNDSRLGWK7GBLCMQLIFO4S7EYWVU	8589934598	100	1	2015-12-07 21:25:59.767511	2015-12-07 21:25:59.767511	34359742464	AAAAAK6jei3jmoI8TGlD/egc37PXtHKKzWV8wViZBaCu5L5MAAAAZAAAAAIAAAAGAAAAAAAAAAAAAAABAAAAAAAAAAUAAAAAAAAAAQAAAAAAAAABAAAAAAAAAAAAAAAAAAAAAAAAAAAAAAAAAAAAAQAAAAC1uBdHoTugMvQtD7BhIL3Ne9dVPfGI+Ji5JvUO+ZAt7wAAAAEAAAAAAAAAAa7kvkwAAABAyTsFJ/1kdjnOkMFPhwVKbKbgNUMVtym/khH5V677pL0kYUOCsOWWBBxA+Hq3aHyldsfdVvGdm8OyKMflFdFrDg==	AAAAAAAAAGQAAAAAAAAAAQAAAAAAAAAFAAAAAAAAAAA=	AAAAAAAAAAEAAAABAAAAAQAAAAgAAAAAAAAAAK6jei3jmoI8TGlD/egc37PXtHKKzWV8wViZBaCu5L5MAAAAAlQL4agAAAACAAAABgAAAAEAAAABAAAAADtgvwDuOWAQ97R1RTtUdwNDHpD/CUepzdQPXlonciLVAAAAAQAAAA1udWxsc3R5bGUuY29tAAAAAgACAgAAAAEAAAAAtbgXR6E7oDL0LQ+wYSC9zXvXVT3xiPiYuSb1DvmQLe8AAAABAAAAAAAAAAA=	AAAAAgAAAAMAAAAHAAAAAAAAAACuo3ot45qCPExpQ/3oHN+z17Ryis1lfMFYmQWgruS+TAAAAAJUC+IMAAAAAgAAAAUAAAAAAAAAAQAAAAA7YL8A7jlgEPe0dUU7VHcDQx6Q/wlHqc3UD15aJ3Ii1QAAAAEAAAANbnVsbHN0eWxlLmNvbQAAAAIAAgIAAAAAAAAAAAAAAAAAAAABAAAACAAAAAAAAAAArqN6LeOagjxMaUP96Bzfs9e0corNZXzBWJkFoK7kvkwAAAACVAvhqAAAAAIAAAAGAAAAAAAAAAEAAAAAO2C/AO45YBD3tHVFO1R3A0MekP8JR6nN1A9eWidyItUAAAABAAAADW51bGxzdHlsZS5jb20AAAACAAICAAAAAAAAAAAAAAAA	{yTsFJ/1kdjnOkMFPhwVKbKbgNUMVtym/khH5V677pL0kYUOCsOWWBBxA+Hq3aHyldsfdVvGdm8OyKMflFdFrDg==}	none	\N	\N
be85b5e14dcb9fe976a73cccc8bfac69be7ecec2126bfe5ecc551c683b43dcd7	9	1	GCXKG6RN4ONIEPCMNFB732A436Z5PNDSRLGWK7GBLCMQLIFO4S7EYWVU	8589934599	100	1	2015-12-07 21:25:59.793036	2015-12-07 21:25:59.793036	38654709760	AAAAAK6jei3jmoI8TGlD/egc37PXtHKKzWV8wViZBaCu5L5MAAAAZAAAAAIAAAAHAAAAAAAAAAAAAAABAAAAAAAAAAUAAAAAAAAAAQAAAAAAAAABAAAAAAAAAAAAAAAAAAAAAAAAAAAAAAAAAAAAAQAAAAC1uBdHoTugMvQtD7BhIL3Ne9dVPfGI+Ji5JvUO+ZAt7wAAAAUAAAAAAAAAAa7kvkwAAABA/+toY7hGHaUzr6718ZjScST+WjFgYNU9Qse1wPqVO6U/CMVZPy6ZzimkiXFxcBc3py1BeYm3CA+YCqKrHRzABQ==	AAAAAAAAAGQAAAAAAAAAAQAAAAAAAAAFAAAAAAAAAAA=	AAAAAAAAAAEAAAABAAAAAQAAAAkAAAAAAAAAAK6jei3jmoI8TGlD/egc37PXtHKKzWV8wViZBaCu5L5MAAAAAlQL4UQAAAACAAAABwAAAAEAAAABAAAAADtgvwDuOWAQ97R1RTtUdwNDHpD/CUepzdQPXlonciLVAAAAAQAAAA1udWxsc3R5bGUuY29tAAAAAgACAgAAAAEAAAAAtbgXR6E7oDL0LQ+wYSC9zXvXVT3xiPiYuSb1DvmQLe8AAAAFAAAAAAAAAAA=	AAAAAgAAAAMAAAAIAAAAAAAAAACuo3ot45qCPExpQ/3oHN+z17Ryis1lfMFYmQWgruS+TAAAAAJUC+GoAAAAAgAAAAYAAAABAAAAAQAAAAA7YL8A7jlgEPe0dUU7VHcDQx6Q/wlHqc3UD15aJ3Ii1QAAAAEAAAANbnVsbHN0eWxlLmNvbQAAAAIAAgIAAAABAAAAALW4F0ehO6Ay9C0PsGEgvc1711U98Yj4mLkm9Q75kC3vAAAAAQAAAAAAAAAAAAAAAQAAAAkAAAAAAAAAAK6jei3jmoI8TGlD/egc37PXtHKKzWV8wViZBaCu5L5MAAAAAlQL4UQAAAACAAAABwAAAAEAAAABAAAAADtgvwDuOWAQ97R1RTtUdwNDHpD/CUepzdQPXlonciLVAAAAAQAAAA1udWxsc3R5bGUuY29tAAAAAgACAgAAAAEAAAAAtbgXR6E7oDL0LQ+wYSC9zXvXVT3xiPiYuSb1DvmQLe8AAAABAAAAAAAAAAA=	{/+toY7hGHaUzr6718ZjScST+WjFgYNU9Qse1wPqVO6U/CMVZPy6ZzimkiXFxcBc3py1BeYm3CA+YCqKrHRzABQ==}	none	\N	\N
40a8f7d6e4822bf645865d779922dcdd3b43537b993e75e7165cc84ac04e0dba	10	1	GCXKG6RN4ONIEPCMNFB732A436Z5PNDSRLGWK7GBLCMQLIFO4S7EYWVU	8589934600	100	1	2015-12-07 21:25:59.816814	2015-12-07 21:25:59.816814	42949677056	AAAAAK6jei3jmoI8TGlD/egc37PXtHKKzWV8wViZBaCu5L5MAAAAZAAAAAIAAAAIAAAAAAAAAAAAAAABAAAAAAAAAAUAAAAAAAAAAQAAAAEAAAABAAAAAAAAAAAAAAAAAAAAAAAAAAAAAAAAAAAAAAAAAAAAAAABruS+TAAAAEB9KMKKASiNjFhFaahxinyc2cQQv7EAiQtBT60YRSgz4/2dANcXocCkB3EQFpeXvoXjxxJEMtEqV2NXPdByxvIO	AAAAAAAAAGQAAAAAAAAAAQAAAAAAAAAFAAAAAAAAAAA=	AAAAAAAAAAEAAAABAAAAAQAAAAoAAAAAAAAAAK6jei3jmoI8TGlD/egc37PXtHKKzWV8wViZBaCu5L5MAAAAAlQL4OAAAAACAAAACAAAAAEAAAABAAAAADtgvwDuOWAQ97R1RTtUdwNDHpD/CUepzdQPXlonciLVAAAAAAAAAA1udWxsc3R5bGUuY29tAAAAAgACAgAAAAEAAAAAtbgXR6E7oDL0LQ+wYSC9zXvXVT3xiPiYuSb1DvmQLe8AAAAFAAAAAAAAAAA=	AAAAAgAAAAMAAAAJAAAAAAAAAACuo3ot45qCPExpQ/3oHN+z17Ryis1lfMFYmQWgruS+TAAAAAJUC+FEAAAAAgAAAAcAAAABAAAAAQAAAAA7YL8A7jlgEPe0dUU7VHcDQx6Q/wlHqc3UD15aJ3Ii1QAAAAEAAAANbnVsbHN0eWxlLmNvbQAAAAIAAgIAAAABAAAAALW4F0ehO6Ay9C0PsGEgvc1711U98Yj4mLkm9Q75kC3vAAAABQAAAAAAAAAAAAAAAQAAAAoAAAAAAAAAAK6jei3jmoI8TGlD/egc37PXtHKKzWV8wViZBaCu5L5MAAAAAlQL4OAAAAACAAAACAAAAAEAAAABAAAAADtgvwDuOWAQ97R1RTtUdwNDHpD/CUepzdQPXlonciLVAAAAAQAAAA1udWxsc3R5bGUuY29tAAAAAgACAgAAAAEAAAAAtbgXR6E7oDL0LQ+wYSC9zXvXVT3xiPiYuSb1DvmQLe8AAAAFAAAAAAAAAAA=	{fSjCigEojYxYRWmocYp8nNnEEL+xAIkLQU+tGEUoM+P9nQDXF6HApAdxEBaXl76F48cSRDLRKldjVz3QcsbyDg==}	none	\N	\N
0733db959ef871e700de41cc2074cb380da7b10262d350d0be0170488554a968	11	1	GCXKG6RN4ONIEPCMNFB732A436Z5PNDSRLGWK7GBLCMQLIFO4S7EYWVU	8589934601	100	1	2015-12-07 21:25:59.843658	2015-12-07 21:25:59.843658	47244644352	AAAAAK6jei3jmoI8TGlD/egc37PXtHKKzWV8wViZBaCu5L5MAAAAZAAAAAIAAAAJAAAAAAAAAAAAAAABAAAAAAAAAAUAAAAAAAAAAQAAAAAAAAABAAAAAAAAAAAAAAAAAAAAAAAAAAAAAAAAAAAAAQAAAAC1uBdHoTugMvQtD7BhIL3Ne9dVPfGI+Ji5JvUO+ZAt7wAAAAAAAAAAAAAAAa7kvkwAAABA1/EWaAPOlu4RG89UlMpXLQHlk9dwMy/TLmJ7ttCT7UxJ9kSU4CbXVUG/i7yGxSrs9v8gVKLFxtTIlXlNbHb0AQ==	AAAAAAAAAGQAAAAAAAAAAQAAAAAAAAAFAAAAAAAAAAA=	AAAAAAAAAAEAAAABAAAAAQAAAAsAAAAAAAAAAK6jei3jmoI8TGlD/egc37PXtHKKzWV8wViZBaCu5L5MAAAAAlQL4HwAAAACAAAACQAAAAAAAAABAAAAADtgvwDuOWAQ97R1RTtUdwNDHpD/CUepzdQPXlonciLVAAAAAAAAAA1udWxsc3R5bGUuY29tAAAAAgACAgAAAAAAAAAAAAAAAA==	AAAAAgAAAAMAAAAKAAAAAAAAAACuo3ot45qCPExpQ/3oHN+z17Ryis1lfMFYmQWgruS+TAAAAAJUC+DgAAAAAgAAAAgAAAABAAAAAQAAAAA7YL8A7jlgEPe0dUU7VHcDQx6Q/wlHqc3UD15aJ3Ii1QAAAAAAAAANbnVsbHN0eWxlLmNvbQAAAAIAAgIAAAABAAAAALW4F0ehO6Ay9C0PsGEgvc1711U98Yj4mLkm9Q75kC3vAAAABQAAAAAAAAAAAAAAAQAAAAsAAAAAAAAAAK6jei3jmoI8TGlD/egc37PXtHKKzWV8wViZBaCu5L5MAAAAAlQL4HwAAAACAAAACQAAAAEAAAABAAAAADtgvwDuOWAQ97R1RTtUdwNDHpD/CUepzdQPXlonciLVAAAAAAAAAA1udWxsc3R5bGUuY29tAAAAAgACAgAAAAEAAAAAtbgXR6E7oDL0LQ+wYSC9zXvXVT3xiPiYuSb1DvmQLe8AAAAFAAAAAAAAAAA=	{1/EWaAPOlu4RG89UlMpXLQHlk9dwMy/TLmJ7ttCT7UxJ9kSU4CbXVUG/i7yGxSrs9v8gVKLFxtTIlXlNbHb0AQ==}	none	\N	\N
\.


--
-- Data for Name: schema_migrations; Type: TABLE DATA; Schema: public; Owner: -
--

COPY schema_migrations (version) FROM stdin;
20150310224849
20150313225945
20150313225955
20150501160031
20150508003829
20150508175821
20150508183542
20150508215546
20150609230237
20150629181921
20150825180131
20150825223417
20150902224148
20150929205440
20151006205250
20151011210811
20151020211921
20151020225251
20151020235257
\.


--
-- Name: history_operation_participants_pkey; Type: CONSTRAINT; Schema: public; Owner: -; Tablespace: 
--

ALTER TABLE ONLY history_operation_participants
    ADD CONSTRAINT history_operation_participants_pkey PRIMARY KEY (id);


--
-- Name: history_transaction_participants_pkey; Type: CONSTRAINT; Schema: public; Owner: -; Tablespace: 
--

ALTER TABLE ONLY history_transaction_participants
    ADD CONSTRAINT history_transaction_participants_pkey PRIMARY KEY (id);


--
-- Name: history_transaction_statuses_pkey; Type: CONSTRAINT; Schema: public; Owner: -; Tablespace: 
--

ALTER TABLE ONLY history_transaction_statuses
    ADD CONSTRAINT history_transaction_statuses_pkey PRIMARY KEY (id);


--
-- Name: by_account; Type: INDEX; Schema: public; Owner: -; Tablespace: 
--

CREATE INDEX by_account ON history_transactions USING btree (account, account_sequence);


--
-- Name: by_hash; Type: INDEX; Schema: public; Owner: -; Tablespace: 
--

CREATE INDEX by_hash ON history_transactions USING btree (transaction_hash);


--
-- Name: by_ledger; Type: INDEX; Schema: public; Owner: -; Tablespace: 
--

CREATE INDEX by_ledger ON history_transactions USING btree (ledger_sequence, application_order);


--
-- Name: hist_e_by_order; Type: INDEX; Schema: public; Owner: -; Tablespace: 
--

CREATE UNIQUE INDEX hist_e_by_order ON history_effects USING btree (history_operation_id, "order");


--
-- Name: hist_e_id; Type: INDEX; Schema: public; Owner: -; Tablespace: 
--

CREATE UNIQUE INDEX hist_e_id ON history_effects USING btree (history_account_id, history_operation_id, "order");


--
-- Name: hist_op_p_id; Type: INDEX; Schema: public; Owner: -; Tablespace: 
--

CREATE UNIQUE INDEX hist_op_p_id ON history_operation_participants USING btree (history_account_id, history_operation_id);


--
-- Name: hs_ledger_by_id; Type: INDEX; Schema: public; Owner: -; Tablespace: 
--

CREATE UNIQUE INDEX hs_ledger_by_id ON history_ledgers USING btree (id);


--
-- Name: hs_transaction_by_id; Type: INDEX; Schema: public; Owner: -; Tablespace: 
--

CREATE UNIQUE INDEX hs_transaction_by_id ON history_transactions USING btree (id);


--
-- Name: index_history_accounts_on_address; Type: INDEX; Schema: public; Owner: -; Tablespace: 
--

CREATE UNIQUE INDEX index_history_accounts_on_address ON history_accounts USING btree (address);


--
-- Name: index_history_accounts_on_id; Type: INDEX; Schema: public; Owner: -; Tablespace: 
--

CREATE UNIQUE INDEX index_history_accounts_on_id ON history_accounts USING btree (id);


--
-- Name: index_history_effects_on_type; Type: INDEX; Schema: public; Owner: -; Tablespace: 
--

CREATE INDEX index_history_effects_on_type ON history_effects USING btree (type);


--
-- Name: index_history_ledgers_on_closed_at; Type: INDEX; Schema: public; Owner: -; Tablespace: 
--

CREATE INDEX index_history_ledgers_on_closed_at ON history_ledgers USING btree (closed_at);


--
-- Name: index_history_ledgers_on_id; Type: INDEX; Schema: public; Owner: -; Tablespace: 
--

CREATE UNIQUE INDEX index_history_ledgers_on_id ON history_ledgers USING btree (id);


--
-- Name: index_history_ledgers_on_importer_version; Type: INDEX; Schema: public; Owner: -; Tablespace: 
--

CREATE INDEX index_history_ledgers_on_importer_version ON history_ledgers USING btree (importer_version);


--
-- Name: index_history_ledgers_on_ledger_hash; Type: INDEX; Schema: public; Owner: -; Tablespace: 
--

CREATE UNIQUE INDEX index_history_ledgers_on_ledger_hash ON history_ledgers USING btree (ledger_hash);


--
-- Name: index_history_ledgers_on_previous_ledger_hash; Type: INDEX; Schema: public; Owner: -; Tablespace: 
--

CREATE UNIQUE INDEX index_history_ledgers_on_previous_ledger_hash ON history_ledgers USING btree (previous_ledger_hash);


--
-- Name: index_history_ledgers_on_sequence; Type: INDEX; Schema: public; Owner: -; Tablespace: 
--

CREATE UNIQUE INDEX index_history_ledgers_on_sequence ON history_ledgers USING btree (sequence);


--
-- Name: index_history_operations_on_id; Type: INDEX; Schema: public; Owner: -; Tablespace: 
--

CREATE UNIQUE INDEX index_history_operations_on_id ON history_operations USING btree (id);


--
-- Name: index_history_operations_on_transaction_id; Type: INDEX; Schema: public; Owner: -; Tablespace: 
--

CREATE INDEX index_history_operations_on_transaction_id ON history_operations USING btree (transaction_id);


--
-- Name: index_history_operations_on_type; Type: INDEX; Schema: public; Owner: -; Tablespace: 
--

CREATE INDEX index_history_operations_on_type ON history_operations USING btree (type);


--
-- Name: index_history_transaction_participants_on_account; Type: INDEX; Schema: public; Owner: -; Tablespace: 
--

CREATE INDEX index_history_transaction_participants_on_account ON history_transaction_participants USING btree (account);


--
-- Name: index_history_transaction_participants_on_transaction_hash; Type: INDEX; Schema: public; Owner: -; Tablespace: 
--

CREATE INDEX index_history_transaction_participants_on_transaction_hash ON history_transaction_participants USING btree (transaction_hash);


--
-- Name: index_history_transaction_statuses_lc_on_all; Type: INDEX; Schema: public; Owner: -; Tablespace: 
--

CREATE UNIQUE INDEX index_history_transaction_statuses_lc_on_all ON history_transaction_statuses USING btree (id, result_code, result_code_s);


--
-- Name: index_history_transactions_on_id; Type: INDEX; Schema: public; Owner: -; Tablespace: 
--

CREATE UNIQUE INDEX index_history_transactions_on_id ON history_transactions USING btree (id);


--
-- Name: trade_effects_by_order_book; Type: INDEX; Schema: public; Owner: -; Tablespace: 
--

CREATE INDEX trade_effects_by_order_book ON history_effects USING btree (((details ->> 'sold_asset_type'::text)), ((details ->> 'sold_asset_code'::text)), ((details ->> 'sold_asset_issuer'::text)), ((details ->> 'bought_asset_type'::text)), ((details ->> 'bought_asset_code'::text)), ((details ->> 'bought_asset_issuer'::text))) WHERE (type = 33);


--
-- Name: unique_schema_migrations; Type: INDEX; Schema: public; Owner: -; Tablespace: 
--

CREATE UNIQUE INDEX unique_schema_migrations ON schema_migrations USING btree (version);


--
-- Name: public; Type: ACL; Schema: -; Owner: -
--

REVOKE ALL ON SCHEMA public FROM PUBLIC;
REVOKE ALL ON SCHEMA public FROM nullstyle;
GRANT ALL ON SCHEMA public TO nullstyle;
GRANT ALL ON SCHEMA public TO PUBLIC;


--
-- PostgreSQL database dump complete
--

