--
-- PostgreSQL database dump
--

SET statement_timeout = 0;
SET lock_timeout = 0;
SET client_encoding = 'UTF8';
SET standard_conforming_strings = on;
SET check_function_bodies = false;
SET client_min_messages = warning;

SET search_path = public, pg_catalog;

DROP INDEX IF EXISTS public.signersaccount;
DROP INDEX IF EXISTS public.sellingissuerindex;
DROP INDEX IF EXISTS public.scpenvsbyseq;
DROP INDEX IF EXISTS public.priceindex;
DROP INDEX IF EXISTS public.ledgersbyseq;
DROP INDEX IF EXISTS public.histfeebyseq;
DROP INDEX IF EXISTS public.histbyseq;
DROP INDEX IF EXISTS public.buyingissuerindex;
DROP INDEX IF EXISTS public.accountbalances;
ALTER TABLE IF EXISTS ONLY public.txhistory DROP CONSTRAINT IF EXISTS txhistory_pkey;
ALTER TABLE IF EXISTS ONLY public.txfeehistory DROP CONSTRAINT IF EXISTS txfeehistory_pkey;
ALTER TABLE IF EXISTS ONLY public.trustlines DROP CONSTRAINT IF EXISTS trustlines_pkey;
ALTER TABLE IF EXISTS ONLY public.storestate DROP CONSTRAINT IF EXISTS storestate_pkey;
ALTER TABLE IF EXISTS ONLY public.signers DROP CONSTRAINT IF EXISTS signers_pkey;
ALTER TABLE IF EXISTS ONLY public.scpquorums DROP CONSTRAINT IF EXISTS scpquorums_pkey;
ALTER TABLE IF EXISTS ONLY public.pubsub DROP CONSTRAINT IF EXISTS pubsub_pkey;
ALTER TABLE IF EXISTS ONLY public.publishqueue DROP CONSTRAINT IF EXISTS publishqueue_pkey;
ALTER TABLE IF EXISTS ONLY public.peers DROP CONSTRAINT IF EXISTS peers_pkey;
ALTER TABLE IF EXISTS ONLY public.offers DROP CONSTRAINT IF EXISTS offers_pkey;
ALTER TABLE IF EXISTS ONLY public.ledgerheaders DROP CONSTRAINT IF EXISTS ledgerheaders_pkey;
ALTER TABLE IF EXISTS ONLY public.ledgerheaders DROP CONSTRAINT IF EXISTS ledgerheaders_ledgerseq_key;
ALTER TABLE IF EXISTS ONLY public.accounts DROP CONSTRAINT IF EXISTS accounts_pkey;
ALTER TABLE IF EXISTS ONLY public.accountdata DROP CONSTRAINT IF EXISTS accountdata_pkey;
DROP TABLE IF EXISTS public.txhistory;
DROP TABLE IF EXISTS public.txfeehistory;
DROP TABLE IF EXISTS public.trustlines;
DROP TABLE IF EXISTS public.storestate;
DROP TABLE IF EXISTS public.signers;
DROP TABLE IF EXISTS public.scpquorums;
DROP TABLE IF EXISTS public.scphistory;
DROP TABLE IF EXISTS public.pubsub;
DROP TABLE IF EXISTS public.publishqueue;
DROP TABLE IF EXISTS public.peers;
DROP TABLE IF EXISTS public.offers;
DROP TABLE IF EXISTS public.ledgerheaders;
DROP TABLE IF EXISTS public.accounts;
DROP TABLE IF EXISTS public.accountdata;
DROP EXTENSION IF EXISTS plpgsql;
DROP SCHEMA IF EXISTS public;
--
-- Name: public; Type: SCHEMA; Schema: -; Owner: -
--

CREATE SCHEMA public;


--
-- Name: SCHEMA public; Type: COMMENT; Schema: -; Owner: -
--

COMMENT ON SCHEMA public IS 'standard public schema';


--
-- Name: plpgsql; Type: EXTENSION; Schema: -; Owner: -
--

CREATE EXTENSION IF NOT EXISTS plpgsql WITH SCHEMA pg_catalog;


--
-- Name: EXTENSION plpgsql; Type: COMMENT; Schema: -; Owner: -
--

COMMENT ON EXTENSION plpgsql IS 'PL/pgSQL procedural language';


SET search_path = public, pg_catalog;

SET default_tablespace = '';

SET default_with_oids = false;

--
-- Name: accountdata; Type: TABLE; Schema: public; Owner: -; Tablespace: 
--

CREATE TABLE accountdata (
    accountid character varying(56) NOT NULL,
    dataname character varying(64) NOT NULL,
    datavalue character varying(112) NOT NULL
);


--
-- Name: accounts; Type: TABLE; Schema: public; Owner: -; Tablespace: 
--

CREATE TABLE accounts (
    accountid character varying(56) NOT NULL,
    balance bigint NOT NULL,
    seqnum bigint NOT NULL,
    numsubentries integer NOT NULL,
    inflationdest character varying(56),
    homedomain character varying(32) NOT NULL,
    thresholds text NOT NULL,
    flags integer NOT NULL,
    lastmodified integer NOT NULL,
    CONSTRAINT accounts_balance_check CHECK ((balance >= 0)),
    CONSTRAINT accounts_numsubentries_check CHECK ((numsubentries >= 0))
);


--
-- Name: ledgerheaders; Type: TABLE; Schema: public; Owner: -; Tablespace: 
--

CREATE TABLE ledgerheaders (
    ledgerhash character(64) NOT NULL,
    prevhash character(64) NOT NULL,
    bucketlisthash character(64) NOT NULL,
    ledgerseq integer,
    closetime bigint NOT NULL,
    data text NOT NULL,
    CONSTRAINT ledgerheaders_closetime_check CHECK ((closetime >= 0)),
    CONSTRAINT ledgerheaders_ledgerseq_check CHECK ((ledgerseq >= 0))
);


--
-- Name: offers; Type: TABLE; Schema: public; Owner: -; Tablespace: 
--

CREATE TABLE offers (
    sellerid character varying(56) NOT NULL,
    offerid bigint NOT NULL,
    sellingassettype integer NOT NULL,
    sellingassetcode character varying(12),
    sellingissuer character varying(56),
    buyingassettype integer NOT NULL,
    buyingassetcode character varying(12),
    buyingissuer character varying(56),
    amount bigint NOT NULL,
    pricen integer NOT NULL,
    priced integer NOT NULL,
    price double precision NOT NULL,
    flags integer NOT NULL,
    lastmodified integer NOT NULL,
    CONSTRAINT offers_amount_check CHECK ((amount >= 0)),
    CONSTRAINT offers_offerid_check CHECK ((offerid >= 0))
);


--
-- Name: peers; Type: TABLE; Schema: public; Owner: -; Tablespace: 
--

CREATE TABLE peers (
    ip character varying(15) NOT NULL,
    port integer DEFAULT 0 NOT NULL,
    nextattempt timestamp without time zone NOT NULL,
    numfailures integer DEFAULT 0 NOT NULL,
    CONSTRAINT peers_numfailures_check CHECK ((numfailures >= 0)),
    CONSTRAINT peers_port_check CHECK (((port > 0) AND (port <= 65535)))
);


--
-- Name: publishqueue; Type: TABLE; Schema: public; Owner: -; Tablespace: 
--

CREATE TABLE publishqueue (
    ledger integer NOT NULL,
    state text
);


--
-- Name: pubsub; Type: TABLE; Schema: public; Owner: -; Tablespace: 
--

CREATE TABLE pubsub (
    resid character(32) NOT NULL,
    lastread integer
);


--
-- Name: scphistory; Type: TABLE; Schema: public; Owner: -; Tablespace: 
--

CREATE TABLE scphistory (
    nodeid character(56) NOT NULL,
    ledgerseq integer NOT NULL,
    envelope text NOT NULL,
    CONSTRAINT scphistory_ledgerseq_check CHECK ((ledgerseq >= 0))
);


--
-- Name: scpquorums; Type: TABLE; Schema: public; Owner: -; Tablespace: 
--

CREATE TABLE scpquorums (
    qsethash character(64) NOT NULL,
    lastledgerseq integer NOT NULL,
    qset text NOT NULL,
    CONSTRAINT scpquorums_lastledgerseq_check CHECK ((lastledgerseq >= 0))
);


--
-- Name: signers; Type: TABLE; Schema: public; Owner: -; Tablespace: 
--

CREATE TABLE signers (
    accountid character varying(56) NOT NULL,
    publickey character varying(56) NOT NULL,
    weight integer NOT NULL
);


--
-- Name: storestate; Type: TABLE; Schema: public; Owner: -; Tablespace: 
--

CREATE TABLE storestate (
    statename character(32) NOT NULL,
    state text
);


--
-- Name: trustlines; Type: TABLE; Schema: public; Owner: -; Tablespace: 
--

CREATE TABLE trustlines (
    accountid character varying(56) NOT NULL,
    assettype integer NOT NULL,
    issuer character varying(56) NOT NULL,
    assetcode character varying(12) NOT NULL,
    tlimit bigint NOT NULL,
    balance bigint NOT NULL,
    flags integer NOT NULL,
    lastmodified integer NOT NULL,
    CONSTRAINT trustlines_balance_check CHECK ((balance >= 0)),
    CONSTRAINT trustlines_tlimit_check CHECK ((tlimit > 0))
);


--
-- Name: txfeehistory; Type: TABLE; Schema: public; Owner: -; Tablespace: 
--

CREATE TABLE txfeehistory (
    txid character(64) NOT NULL,
    ledgerseq integer NOT NULL,
    txindex integer NOT NULL,
    txchanges text NOT NULL,
    CONSTRAINT txfeehistory_ledgerseq_check CHECK ((ledgerseq >= 0))
);


--
-- Name: txhistory; Type: TABLE; Schema: public; Owner: -; Tablespace: 
--

CREATE TABLE txhistory (
    txid character(64) NOT NULL,
    ledgerseq integer NOT NULL,
    txindex integer NOT NULL,
    txbody text NOT NULL,
    txresult text NOT NULL,
    txmeta text NOT NULL,
    CONSTRAINT txhistory_ledgerseq_check CHECK ((ledgerseq >= 0))
);


--
-- Data for Name: accountdata; Type: TABLE DATA; Schema: public; Owner: -
--



--
-- Data for Name: accounts; Type: TABLE DATA; Schema: public; Owner: -
--

INSERT INTO accounts VALUES ('GBRPYHIL2CI3FNQ4BXLFMNDLFJUNPU2HY3ZMFSHONUCEOASW7QC7OX2H', 999999995999999600, 4, 0, NULL, '', 'AQAAAA==', 0, 2);
INSERT INTO accounts VALUES ('GCQPYGH4K57XBDENKKX55KDTWOTK5WDWRQOH2LHEDX3EKVIQRLMESGBG', 999999900, 8589934593, 0, NULL, '', 'AQAAAA==', 0, 4);
INSERT INTO accounts VALUES ('GC23QF2HUE52AMXUFUH3AYJAXXGXXV2VHXYYR6EYXETPKDXZSAW67XO4', 999999900, 8589934593, 0, NULL, '', 'AQAAAA==', 0, 4);
INSERT INTO accounts VALUES ('GA5WBPYA5Y4WAEHXWR2UKO2UO4BUGHUQ74EUPKON2QHV4WRHOIRNKKH2', 999999500, 8589934597, 5, NULL, '', 'AQAAAA==', 0, 5);
INSERT INTO accounts VALUES ('GCXKG6RN4ONIEPCMNFB732A436Z5PNDSRLGWK7GBLCMQLIFO4S7EYWVU', 999999600, 8589934596, 3, NULL, '', 'AQAAAA==', 0, 6);


--
-- Data for Name: ledgerheaders; Type: TABLE DATA; Schema: public; Owner: -
--

INSERT INTO ledgerheaders VALUES ('63d98f536ee68d1b27b5b89f23af5311b7569a24faf1403ad0b52b633b07be99', '0000000000000000000000000000000000000000000000000000000000000000', '572a2e32ff248a07b0e70fd1f6d318c1facd20b6cc08c33d5775259868125a16', 1, 0, 'AAAAAAAAAAAAAAAAAAAAAAAAAAAAAAAAAAAAAAAAAAAAAAAAAAAAAAAAAAAAAAAAAAAAAAAAAAAAAAAAAAAAAAAAAAAAAAAAAAAAAAAAAAAAAAAAAAAAAAAAAAAAAAAAAAAAAAAAAAAAAAAAAAAAAAAAAABXKi4y/ySKB7DnD9H20xjB+s0gtswIwz1XdSWYaBJaFgAAAAEN4Lazp2QAAAAAAAAAAAAAAAAAAAAAAAAAAAAAAAAAZAX14QAAAABkAAAAAAAAAAAAAAAAAAAAAAAAAAAAAAAAAAAAAAAAAAAAAAAAAAAAAAAAAAAAAAAAAAAAAAAAAAAAAAAAAAAAAAAAAAAAAAAAAAAAAAAAAAAAAAAAAAAAAAAAAAAAAAAAAAAAAAAAAAAAAAAAAAAAAAAAAAAAAAAAAAAAAAAAAAAAAAAA');
INSERT INTO ledgerheaders VALUES ('77799b1b00ca75ddd610b66a70aa12ebd311468272836f1485a507215128716d', '63d98f536ee68d1b27b5b89f23af5311b7569a24faf1403ad0b52b633b07be99', 'c274a357f5b5fba17978b8ee9348009c86ab68c43dbc3459ba6aa5dfe2b1559e', 2, 1458861032, 'AAAAAmPZj1Nu5o0bJ7W4nyOvUxG3Vpok+vFAOtC1K2M7B76Zh82QgsuASmS0xgFp1fjiT2wNgvVWRClSW5uMP344SMoAAAAAVvRz6AAAAAIAAAAIAAAAAQAAAAIAAAAIAAAAAwAAJxAAAAAAh7rHH3ehqvUsWEPfAlvVspAA2/ZR0JjPAFIdHbQ2sSjCdKNX9bX7oXl4uO6TSACchqtoxD28NFm6aqXf4rFVngAAAAIN4Lazp2QAAAAAAAAAAAGQAAAAAAAAAAAAAAAAAAAAZAX14QAAACcQAAAAAAAAAAAAAAAAAAAAAAAAAAAAAAAAAAAAAAAAAAAAAAAAAAAAAAAAAAAAAAAAAAAAAAAAAAAAAAAAAAAAAAAAAAAAAAAAAAAAAAAAAAAAAAAAAAAAAAAAAAAAAAAAAAAAAAAAAAAAAAAAAAAAAAAAAAAAAAAAAAAAAAAAAAAAAAAA');
INSERT INTO ledgerheaders VALUES ('fa74564a084b00cc7de690a9696782021200bfeebb7451c7cc02d3833425d355', '77799b1b00ca75ddd610b66a70aa12ebd311468272836f1485a507215128716d', 'b7a2fb1854adf3419e9913966637888df749485ae435d8203e62f3de5702627b', 3, 1458861033, 'AAAAAnd5mxsAynXd1hC2anCqEuvTEUaCcoNvFIWlByFRKHFtGX7SG7hZEn2XLy23wylffPFPF4LfR3rY9VXm4t4wuHcAAAAAVvRz6QAAAAAAAAAAShzqI9aLY+7Kp5Zw36Ye703iZxnHA4Dw1m5KF4RHKmO3ovsYVK3zQZ6ZE5ZmN4iN90lIWuQ12CA+YvPeVwJiewAAAAMN4Lazp2QAAAAAAAAAAAMgAAAAAAAAAAAAAAAAAAAAZAX14QAAACcQAAAAAAAAAAAAAAAAAAAAAAAAAAAAAAAAAAAAAAAAAAAAAAAAAAAAAAAAAAAAAAAAAAAAAAAAAAAAAAAAAAAAAAAAAAAAAAAAAAAAAAAAAAAAAAAAAAAAAAAAAAAAAAAAAAAAAAAAAAAAAAAAAAAAAAAAAAAAAAAAAAAAAAAAAAAAAAAA');
INSERT INTO ledgerheaders VALUES ('9a1aedc2ab0469c6f447af164c70c717708a46ff0e221114ac10d8c8b96f66ef', 'fa74564a084b00cc7de690a9696782021200bfeebb7451c7cc02d3833425d355', 'cfc4b9fbd7801fb1211ed2929f8cbd770dc62229813346fd062701356a1e1856', 4, 1458861034, 'AAAAAvp0VkoISwDMfeaQqWlnggISAL/uu3RRx8wC04M0JdNVW8FuyAd52h2ND9NJQ2mrfKoUJw2nqmHo4sFFw7CyydgAAAAAVvRz6gAAAAAAAAAAkEeHwbiWWoxafh7Sc3UtLYZvNJJ2i7pv0rpNftdmmiTPxLn714AfsSEe0pKfjL13DcYiKYEzRv0GJwE1ah4YVgAAAAQN4Lazp2QAAAAAAAAAAAPoAAAAAAAAAAAAAAAAAAAAZAX14QAAACcQAAAAAAAAAAAAAAAAAAAAAAAAAAAAAAAAAAAAAAAAAAAAAAAAAAAAAAAAAAAAAAAAAAAAAAAAAAAAAAAAAAAAAAAAAAAAAAAAAAAAAAAAAAAAAAAAAAAAAAAAAAAAAAAAAAAAAAAAAAAAAAAAAAAAAAAAAAAAAAAAAAAAAAAAAAAAAAAA');
INSERT INTO ledgerheaders VALUES ('a16c62ed714b7607a2d1569888d92ffe2e6f6a94832265c71bf4e4581e7efd59', '9a1aedc2ab0469c6f447af164c70c717708a46ff0e221114ac10d8c8b96f66ef', '4b632f1f9182ccf643a257c41e13552b6be7d19d1f8911a045008820422b49a1', 5, 1458861035, 'AAAAApoa7cKrBGnG9EevFkxwxxdwikb/DiIRFKwQ2Mi5b2bvz+DnpXoBRcfTfaINvKYilwtOsuugQ5+5Y/JO4nEpQ9EAAAAAVvRz6wAAAAAAAAAA+pdg88o9wbqx4tvoZYl0fDlWbbuHrB+LCVaV6w9lSqpLYy8fkYLM9kOiV8QeE1Ura+fRnR+JEaBFAIggQitJoQAAAAUN4Lazp2QAAAAAAAAAAAUUAAAAAAAAAAAAAAADAAAAZAX14QAAACcQAAAAAAAAAAAAAAAAAAAAAAAAAAAAAAAAAAAAAAAAAAAAAAAAAAAAAAAAAAAAAAAAAAAAAAAAAAAAAAAAAAAAAAAAAAAAAAAAAAAAAAAAAAAAAAAAAAAAAAAAAAAAAAAAAAAAAAAAAAAAAAAAAAAAAAAAAAAAAAAAAAAAAAAAAAAAAAAA');
INSERT INTO ledgerheaders VALUES ('01b1d0a0d9a652864c64f468aa06d379993114a82b1452b62665194d656c99ad', 'a16c62ed714b7607a2d1569888d92ffe2e6f6a94832265c71bf4e4581e7efd59', 'ea5928e7350d68c428eb2ca9a34937993f3095e85097c49c09958581aa60935b', 6, 1458861036, 'AAAAAqFsYu1xS3YHotFWmIjZL/4ub2qUgyJlxxv05Fgefv1ZTMAWqZXKlvIz46nRPWMfpMkhqje19SjVdI2G3J9nfi0AAAAAVvRz7AAAAAAAAAAAqvIi/h3DgpA82mbjS/ziWD/26lZoLgLln5UoUes/uu7qWSjnNQ1oxCjrLKmjSTeZPzCV6FCXxJwJlYWBqmCTWwAAAAYN4Lazp2QAAAAAAAAAAAXcAAAAAAAAAAAAAAAEAAAAZAX14QAAACcQAAAAAAAAAAAAAAAAAAAAAAAAAAAAAAAAAAAAAAAAAAAAAAAAAAAAAAAAAAAAAAAAAAAAAAAAAAAAAAAAAAAAAAAAAAAAAAAAAAAAAAAAAAAAAAAAAAAAAAAAAAAAAAAAAAAAAAAAAAAAAAAAAAAAAAAAAAAAAAAAAAAAAAAAAAAAAAAA');


--
-- Data for Name: offers; Type: TABLE DATA; Schema: public; Owner: -
--

INSERT INTO offers VALUES ('GA5WBPYA5Y4WAEHXWR2UKO2UO4BUGHUQ74EUPKON2QHV4WRHOIRNKKH2', 2, 1, 'EUR', 'GCQPYGH4K57XBDENKKX55KDTWOTK5WDWRQOH2LHEDX3EKVIQRLMESGBG', 1, 'USD', 'GC23QF2HUE52AMXUFUH3AYJAXXGXXV2VHXYYR6EYXETPKDXZSAW67XO4', 900000000, 10, 9, 1.11111111111111116, 0, 5);
INSERT INTO offers VALUES ('GA5WBPYA5Y4WAEHXWR2UKO2UO4BUGHUQ74EUPKON2QHV4WRHOIRNKKH2', 3, 1, 'EUR', 'GCQPYGH4K57XBDENKKX55KDTWOTK5WDWRQOH2LHEDX3EKVIQRLMESGBG', 1, 'USD', 'GC23QF2HUE52AMXUFUH3AYJAXXGXXV2VHXYYR6EYXETPKDXZSAW67XO4', 800000000, 5, 4, 1.25, 0, 5);
INSERT INTO offers VALUES ('GA5WBPYA5Y4WAEHXWR2UKO2UO4BUGHUQ74EUPKON2QHV4WRHOIRNKKH2', 1, 1, 'EUR', 'GCQPYGH4K57XBDENKKX55KDTWOTK5WDWRQOH2LHEDX3EKVIQRLMESGBG', 1, 'USD', 'GC23QF2HUE52AMXUFUH3AYJAXXGXXV2VHXYYR6EYXETPKDXZSAW67XO4', 500000000, 1, 1, 1, 0, 6);
INSERT INTO offers VALUES ('GCXKG6RN4ONIEPCMNFB732A436Z5PNDSRLGWK7GBLCMQLIFO4S7EYWVU', 4, 1, 'USD', 'GC23QF2HUE52AMXUFUH3AYJAXXGXXV2VHXYYR6EYXETPKDXZSAW67XO4', 0, NULL, NULL, 500000000, 1, 1, 1, 0, 6);


--
-- Data for Name: peers; Type: TABLE DATA; Schema: public; Owner: -
--



--
-- Data for Name: publishqueue; Type: TABLE DATA; Schema: public; Owner: -
--



--
-- Data for Name: pubsub; Type: TABLE DATA; Schema: public; Owner: -
--



--
-- Data for Name: scphistory; Type: TABLE DATA; Schema: public; Owner: -
--

INSERT INTO scphistory VALUES ('GCQT7RWFE2EENYWYXMQZTX5REUNDR6JURXB7BEO32QHYDSXTN7EQRNNB', 2, 'AAAAAKE/xsUmiEbi2Lshmd+xJRo4+TSNw/CR29QPgcrzb8kIAAAAAAAAAAIAAAACAAAAAQAAAEiHzZCCy4BKZLTGAWnV+OJPbA2C9VZEKVJbm4w/fjhIygAAAABW9HPoAAAAAgAAAAgAAAABAAAAAgAAAAgAAAADAAAnEAAAAAAAAAABqBGuIFjUL/Uf9LMWWhPrjkVy8/CHiKAF8VdEHFIyPasAAABAUG9BB2ONg4uf51wPKkFoKqhlD8asDPdE7yBNKhKQ9z3VGGSdFGlBCOxQYgl6+9sh2tQRL+M2a+fJ4jO7AoTDCQ==');
INSERT INTO scphistory VALUES ('GCQT7RWFE2EENYWYXMQZTX5REUNDR6JURXB7BEO32QHYDSXTN7EQRNNB', 3, 'AAAAAKE/xsUmiEbi2Lshmd+xJRo4+TSNw/CR29QPgcrzb8kIAAAAAAAAAAMAAAACAAAAAQAAADAZftIbuFkSfZcvLbfDKV988U8Xgt9Hetj1Vebi3jC4dwAAAABW9HPpAAAAAAAAAAAAAAABqBGuIFjUL/Uf9LMWWhPrjkVy8/CHiKAF8VdEHFIyPasAAABAzW+1aF8cebo3h5Y7zMCwpLVljZxl7cRBaOMxAmwkrOUopjp6pPE59EZNQtgt38KdQRqornv0sLSoMgRqqKpkCQ==');
INSERT INTO scphistory VALUES ('GCQT7RWFE2EENYWYXMQZTX5REUNDR6JURXB7BEO32QHYDSXTN7EQRNNB', 4, 'AAAAAKE/xsUmiEbi2Lshmd+xJRo4+TSNw/CR29QPgcrzb8kIAAAAAAAAAAQAAAACAAAAAQAAADBbwW7IB3naHY0P00lDaat8qhQnDaeqYejiwUXDsLLJ2AAAAABW9HPqAAAAAAAAAAAAAAABqBGuIFjUL/Uf9LMWWhPrjkVy8/CHiKAF8VdEHFIyPasAAABAesxhbnu3b1Ta/cCjz+IOIyzNxuvt2RjdRCLb9xw8OxX/rv8YyC9gCRwVNWXQzaJCdBBwKy/RZ4gtZQejfG5nBQ==');
INSERT INTO scphistory VALUES ('GCQT7RWFE2EENYWYXMQZTX5REUNDR6JURXB7BEO32QHYDSXTN7EQRNNB', 5, 'AAAAAKE/xsUmiEbi2Lshmd+xJRo4+TSNw/CR29QPgcrzb8kIAAAAAAAAAAUAAAACAAAAAQAAADDP4OelegFFx9N9og28piKXC06y66BDn7lj8k7icSlD0QAAAABW9HPrAAAAAAAAAAAAAAABqBGuIFjUL/Uf9LMWWhPrjkVy8/CHiKAF8VdEHFIyPasAAABAC628oLfyngqRdGKVHd6aXV9JD9Rh9yA7qGv35f/CQsK/SxBy5AWZV4KzC22eAnI5lv8utRwclOms4iP1QxcDBw==');
INSERT INTO scphistory VALUES ('GCQT7RWFE2EENYWYXMQZTX5REUNDR6JURXB7BEO32QHYDSXTN7EQRNNB', 6, 'AAAAAKE/xsUmiEbi2Lshmd+xJRo4+TSNw/CR29QPgcrzb8kIAAAAAAAAAAYAAAACAAAAAQAAADBMwBaplcqW8jPjqdE9Yx+kySGqN7X1KNV0jYbcn2d+LQAAAABW9HPsAAAAAAAAAAAAAAABqBGuIFjUL/Uf9LMWWhPrjkVy8/CHiKAF8VdEHFIyPasAAABARVOXMMREIXJx8ZiQ3oin18Y2uYrdzdg21k+eifHt/BBWXwB0eAGEQq+4su/+TDpJFzF8ztisA4NYSXCi30psBA==');


--
-- Data for Name: scpquorums; Type: TABLE DATA; Schema: public; Owner: -
--

INSERT INTO scpquorums VALUES ('a811ae2058d42ff51ff4b3165a13eb8e4572f3f08788a005f157441c52323dab', 6, 'AAAAAQAAAAEAAAAAoT/GxSaIRuLYuyGZ37ElGjj5NI3D8JHb1A+ByvNvyQgAAAAA');


--
-- Data for Name: signers; Type: TABLE DATA; Schema: public; Owner: -
--



--
-- Data for Name: storestate; Type: TABLE DATA; Schema: public; Owner: -
--

INSERT INTO storestate VALUES ('databaseschema                  ', '3');
INSERT INTO storestate VALUES ('forcescponnextlaunch            ', 'false');
INSERT INTO storestate VALUES ('lastclosedledger                ', '01b1d0a0d9a652864c64f468aa06d379993114a82b1452b62665194d656c99ad');
INSERT INTO storestate VALUES ('historyarchivestate             ', '{
    "version": 1,
    "server": "v0.4.1-61-gffd1ccd",
    "currentLedger": 6,
    "currentBuckets": [
        {
            "curr": "06607be743862c54ce849e6858468a96f0178539d80d95a449658b759d56c12c",
            "next": {
                "state": 0
            },
            "snap": "1d1ae956a5cfbe50431f2f534bc64065d4e64fe7fdd5e378616a2692ea876287"
        },
        {
            "curr": "f239f4aaf00f0a398b878ed20e759715372b1a1ce87b325172617db348901371",
            "next": {
                "state": 1,
                "output": "1d1ae956a5cfbe50431f2f534bc64065d4e64fe7fdd5e378616a2692ea876287"
            },
            "snap": "0000000000000000000000000000000000000000000000000000000000000000"
        },
        {
            "curr": "0000000000000000000000000000000000000000000000000000000000000000",
            "next": {
                "state": 0
            },
            "snap": "0000000000000000000000000000000000000000000000000000000000000000"
        },
        {
            "curr": "0000000000000000000000000000000000000000000000000000000000000000",
            "next": {
                "state": 0
            },
            "snap": "0000000000000000000000000000000000000000000000000000000000000000"
        },
        {
            "curr": "0000000000000000000000000000000000000000000000000000000000000000",
            "next": {
                "state": 0
            },
            "snap": "0000000000000000000000000000000000000000000000000000000000000000"
        },
        {
            "curr": "0000000000000000000000000000000000000000000000000000000000000000",
            "next": {
                "state": 0
            },
            "snap": "0000000000000000000000000000000000000000000000000000000000000000"
        },
        {
            "curr": "0000000000000000000000000000000000000000000000000000000000000000",
            "next": {
                "state": 0
            },
            "snap": "0000000000000000000000000000000000000000000000000000000000000000"
        },
        {
            "curr": "0000000000000000000000000000000000000000000000000000000000000000",
            "next": {
                "state": 0
            },
            "snap": "0000000000000000000000000000000000000000000000000000000000000000"
        },
        {
            "curr": "0000000000000000000000000000000000000000000000000000000000000000",
            "next": {
                "state": 0
            },
            "snap": "0000000000000000000000000000000000000000000000000000000000000000"
        },
        {
            "curr": "0000000000000000000000000000000000000000000000000000000000000000",
            "next": {
                "state": 0
            },
            "snap": "0000000000000000000000000000000000000000000000000000000000000000"
        },
        {
            "curr": "0000000000000000000000000000000000000000000000000000000000000000",
            "next": {
                "state": 0
            },
            "snap": "0000000000000000000000000000000000000000000000000000000000000000"
        }
    ]
}');
INSERT INTO storestate VALUES ('lastscpdata                     ', 'AAAAAgAAAAChP8bFJohG4ti7IZnfsSUaOPk0jcPwkdvUD4HK82/JCAAAAAAAAAAGAAAAA6gRriBY1C/1H/SzFloT645FcvPwh4igBfFXRBxSMj2rAAAAAQAAADBMwBaplcqW8jPjqdE9Yx+kySGqN7X1KNV0jYbcn2d+LQAAAABW9HPsAAAAAAAAAAAAAAABAAAAMEzAFqmVypbyM+Op0T1jH6TJIao3tfUo1XSNhtyfZ34tAAAAAFb0c+wAAAAAAAAAAAAAAECAklnLMC8ME9RjQAfxSLnj4QgIaDNiYSRqjcO16G9GLwTw5qkgABLuZQE/o49hWWLYen6XJmfAaCFaVP1JJyAFAAAAAKE/xsUmiEbi2Lshmd+xJRo4+TSNw/CR29QPgcrzb8kIAAAAAAAAAAYAAAACAAAAAQAAADBMwBaplcqW8jPjqdE9Yx+kySGqN7X1KNV0jYbcn2d+LQAAAABW9HPsAAAAAAAAAAAAAAABqBGuIFjUL/Uf9LMWWhPrjkVy8/CHiKAF8VdEHFIyPasAAABARVOXMMREIXJx8ZiQ3oin18Y2uYrdzdg21k+eifHt/BBWXwB0eAGEQq+4su/+TDpJFzF8ztisA4NYSXCi30psBAAAAAGhbGLtcUt2B6LRVpiI2S/+Lm9qlIMiZccb9ORYHn79WQAAAAIAAAAArqN6LeOagjxMaUP96Bzfs9e0corNZXzBWJkFoK7kvkwAAABkAAAAAgAAAAQAAAAAAAAAAAAAAAEAAAAAAAAAAwAAAAFVU0QAAAAAALW4F0ehO6Ay9C0PsGEgvc1711U98Yj4mLkm9Q75kC3vAAAAAAAAAAAdzWUAAAAAAQAAAAEAAAAAAAAAAAAAAAAAAAABruS+TAAAAEDXR/WV3ErLm+29BnkagKxzr3EjS8FzA4RoKX0W2f7alUUttBfMJQjNMdq5yn/7bdzeUVqv3Evy1oe04H5mvDUOAAAAAK6jei3jmoI8TGlD/egc37PXtHKKzWV8wViZBaCu5L5MAAAAZAAAAAIAAAADAAAAAAAAAAAAAAABAAAAAAAAAAMAAAABVVNEAAAAAAC1uBdHoTugMvQtD7BhIL3Ne9dVPfGI+Ji5JvUO+ZAt7wAAAAFFVVIAAAAAAKD8GPxXf3CMjVKv3qhzs6au2HaMHH0s5B32RVUQithJAAAAAB3NZQAAAAABAAAAAQAAAAAAAAAAAAAAAAAAAAGu5L5MAAAAQLhdv6YRzgtJp7I2KNyUONETo6m6c/RdrXFtnESbQ3/OMNXekk/3eo0Yc305sK5+yhTLMyCiQInnDMtXpNVJ9gYAAAABAAAAAQAAAAEAAAAAoT/GxSaIRuLYuyGZ37ElGjj5NI3D8JHb1A+ByvNvyQgAAAAA');


--
-- Data for Name: trustlines; Type: TABLE DATA; Schema: public; Owner: -
--

INSERT INTO trustlines VALUES ('GA5WBPYA5Y4WAEHXWR2UKO2UO4BUGHUQ74EUPKON2QHV4WRHOIRNKKH2', 1, 'GC23QF2HUE52AMXUFUH3AYJAXXGXXV2VHXYYR6EYXETPKDXZSAW67XO4', 'USD', 9223372036854775807, 500000000, 1, 6);
INSERT INTO trustlines VALUES ('GA5WBPYA5Y4WAEHXWR2UKO2UO4BUGHUQ74EUPKON2QHV4WRHOIRNKKH2', 1, 'GCQPYGH4K57XBDENKKX55KDTWOTK5WDWRQOH2LHEDX3EKVIQRLMESGBG', 'EUR', 9223372036854775807, 4500000000, 1, 6);
INSERT INTO trustlines VALUES ('GCXKG6RN4ONIEPCMNFB732A436Z5PNDSRLGWK7GBLCMQLIFO4S7EYWVU', 1, 'GCQPYGH4K57XBDENKKX55KDTWOTK5WDWRQOH2LHEDX3EKVIQRLMESGBG', 'EUR', 9223372036854775807, 500000000, 1, 6);
INSERT INTO trustlines VALUES ('GCXKG6RN4ONIEPCMNFB732A436Z5PNDSRLGWK7GBLCMQLIFO4S7EYWVU', 1, 'GC23QF2HUE52AMXUFUH3AYJAXXGXXV2VHXYYR6EYXETPKDXZSAW67XO4', 'USD', 9223372036854775807, 4500000000, 1, 6);


--
-- Data for Name: txfeehistory; Type: TABLE DATA; Schema: public; Owner: -
--

INSERT INTO txfeehistory VALUES ('2374e99349b9ef7dba9a5db3339b78fda8f34777b1af33ba468ad5c0df946d4d', 2, 1, 'AAAAAgAAAAMAAAABAAAAAAAAAABi/B0L0JGythwN1lY0aypo19NHxvLCyO5tBEcCVvwF9w3gtrOnZAAAAAAAAAAAAAAAAAAAAAAAAAAAAAAAAAAAAQAAAAAAAAAAAAAAAAAAAAAAAAEAAAACAAAAAAAAAABi/B0L0JGythwN1lY0aypo19NHxvLCyO5tBEcCVvwF9w3gtrOnY/+cAAAAAAAAAAEAAAAAAAAAAAAAAAAAAAAAAQAAAAAAAAAAAAAAAAAAAA==');
INSERT INTO txfeehistory VALUES ('164a5064eba64f2cdbadb856bf3448485fc626247ada3ed39cddf0f6902133b6', 2, 2, 'AAAAAQAAAAEAAAACAAAAAAAAAABi/B0L0JGythwN1lY0aypo19NHxvLCyO5tBEcCVvwF9w3gtrOnY/84AAAAAAAAAAIAAAAAAAAAAAAAAAAAAAAAAQAAAAAAAAAAAAAAAAAAAA==');
INSERT INTO txfeehistory VALUES ('2d365c3c49f376570df856bca62503966f0e269a2f51cdb68ce2ee19a7f8245a', 2, 3, 'AAAAAQAAAAEAAAACAAAAAAAAAABi/B0L0JGythwN1lY0aypo19NHxvLCyO5tBEcCVvwF9w3gtrOnY/7UAAAAAAAAAAMAAAAAAAAAAAAAAAAAAAAAAQAAAAAAAAAAAAAAAAAAAA==');
INSERT INTO txfeehistory VALUES ('003e91101d19aabb429491953806886d777c260233c6478f1c928a79ec4e2743', 2, 4, 'AAAAAQAAAAEAAAACAAAAAAAAAABi/B0L0JGythwN1lY0aypo19NHxvLCyO5tBEcCVvwF9w3gtrOnY/5wAAAAAAAAAAQAAAAAAAAAAAAAAAAAAAAAAQAAAAAAAAAAAAAAAAAAAA==');
INSERT INTO txfeehistory VALUES ('bd486dbdd02d460817671c4a5a7e9d6e865ca29cb41e62d7aaf70a2fee5b36de', 3, 1, 'AAAAAgAAAAMAAAACAAAAAAAAAACuo3ot45qCPExpQ/3oHN+z17Ryis1lfMFYmQWgruS+TAAAAAA7msoAAAAAAgAAAAAAAAAAAAAAAAAAAAAAAAAAAQAAAAAAAAAAAAAAAAAAAAAAAAEAAAADAAAAAAAAAACuo3ot45qCPExpQ/3oHN+z17Ryis1lfMFYmQWgruS+TAAAAAA7msmcAAAAAgAAAAEAAAAAAAAAAAAAAAAAAAAAAQAAAAAAAAAAAAAAAAAAAA==');
INSERT INTO txfeehistory VALUES ('00ab9cfce2b4c4141d8bb6768dd094bdbb1c7406710dbb3ba0ef98870f63a344', 3, 2, 'AAAAAgAAAAMAAAACAAAAAAAAAAA7YL8A7jlgEPe0dUU7VHcDQx6Q/wlHqc3UD15aJ3Ii1QAAAAA7msoAAAAAAgAAAAAAAAAAAAAAAAAAAAAAAAAAAQAAAAAAAAAAAAAAAAAAAAAAAAEAAAADAAAAAAAAAAA7YL8A7jlgEPe0dUU7VHcDQx6Q/wlHqc3UD15aJ3Ii1QAAAAA7msmcAAAAAgAAAAEAAAAAAAAAAAAAAAAAAAAAAQAAAAAAAAAAAAAAAAAAAA==');
INSERT INTO txfeehistory VALUES ('c7ab3843f0a0c4fe79dece0ff1b8391f7a9d34c47cbd7e35034f7b28f60dfc00', 3, 3, 'AAAAAQAAAAEAAAADAAAAAAAAAACuo3ot45qCPExpQ/3oHN+z17Ryis1lfMFYmQWgruS+TAAAAAA7msk4AAAAAgAAAAIAAAAAAAAAAAAAAAAAAAAAAQAAAAAAAAAAAAAAAAAAAA==');
INSERT INTO txfeehistory VALUES ('5ef9c06bb625d2da2281118bdf14d808768353ee2fca7457c8e506fbeb91fc55', 3, 4, 'AAAAAQAAAAEAAAADAAAAAAAAAAA7YL8A7jlgEPe0dUU7VHcDQx6Q/wlHqc3UD15aJ3Ii1QAAAAA7msk4AAAAAgAAAAIAAAAAAAAAAAAAAAAAAAAAAQAAAAAAAAAAAAAAAAAAAA==');
INSERT INTO txfeehistory VALUES ('e4febb6aab5f83df4c19b4f1f6b8687f11886169e996e16baa75aac2d8a09c68', 4, 1, 'AAAAAgAAAAMAAAACAAAAAAAAAACg/Bj8V39wjI1Sr96oc7Omrth2jBx9LOQd9kVVEIrYSQAAAAA7msoAAAAAAgAAAAAAAAAAAAAAAAAAAAAAAAAAAQAAAAAAAAAAAAAAAAAAAAAAAAEAAAAEAAAAAAAAAACg/Bj8V39wjI1Sr96oc7Omrth2jBx9LOQd9kVVEIrYSQAAAAA7msmcAAAAAgAAAAEAAAAAAAAAAAAAAAAAAAAAAQAAAAAAAAAAAAAAAAAAAA==');
INSERT INTO txfeehistory VALUES ('2837a1b3def2c2ddfdcde5b44bf08d7a11a9328d870df17fa2bb66d4c83260c7', 4, 2, 'AAAAAgAAAAMAAAACAAAAAAAAAAC1uBdHoTugMvQtD7BhIL3Ne9dVPfGI+Ji5JvUO+ZAt7wAAAAA7msoAAAAAAgAAAAAAAAAAAAAAAAAAAAAAAAAAAQAAAAAAAAAAAAAAAAAAAAAAAAEAAAAEAAAAAAAAAAC1uBdHoTugMvQtD7BhIL3Ne9dVPfGI+Ji5JvUO+ZAt7wAAAAA7msmcAAAAAgAAAAEAAAAAAAAAAAAAAAAAAAAAAQAAAAAAAAAAAAAAAAAAAA==');
INSERT INTO txfeehistory VALUES ('356eec1f0432bbbba09ddcc1937e28253a4dc8e98ff77d5e9dee140be5093a70', 5, 1, 'AAAAAgAAAAMAAAADAAAAAAAAAAA7YL8A7jlgEPe0dUU7VHcDQx6Q/wlHqc3UD15aJ3Ii1QAAAAA7msk4AAAAAgAAAAIAAAACAAAAAAAAAAAAAAAAAQAAAAAAAAAAAAAAAAAAAAAAAAEAAAAFAAAAAAAAAAA7YL8A7jlgEPe0dUU7VHcDQx6Q/wlHqc3UD15aJ3Ii1QAAAAA7msjUAAAAAgAAAAMAAAACAAAAAAAAAAAAAAAAAQAAAAAAAAAAAAAAAAAAAA==');
INSERT INTO txfeehistory VALUES ('07b122ea10e159327be4f926bce2106d5b0f4a0e595ce3a3e5b6d67e42719df0', 5, 2, 'AAAAAQAAAAEAAAAFAAAAAAAAAAA7YL8A7jlgEPe0dUU7VHcDQx6Q/wlHqc3UD15aJ3Ii1QAAAAA7mshwAAAAAgAAAAQAAAACAAAAAAAAAAAAAAAAAQAAAAAAAAAAAAAAAAAAAA==');
INSERT INTO txfeehistory VALUES ('4a0ac16e948710199659b0e8131be06df5944e57806c0db722859e4e8aad1e44', 5, 3, 'AAAAAQAAAAEAAAAFAAAAAAAAAAA7YL8A7jlgEPe0dUU7VHcDQx6Q/wlHqc3UD15aJ3Ii1QAAAAA7msgMAAAAAgAAAAUAAAACAAAAAAAAAAAAAAAAAQAAAAAAAAAAAAAAAAAAAA==');
INSERT INTO txfeehistory VALUES ('0bf200141a77febaa9924f423ed587499b27ce904c92967a04a12f28b3a5be58', 6, 1, 'AAAAAgAAAAMAAAADAAAAAAAAAACuo3ot45qCPExpQ/3oHN+z17Ryis1lfMFYmQWgruS+TAAAAAA7msk4AAAAAgAAAAIAAAACAAAAAAAAAAAAAAAAAQAAAAAAAAAAAAAAAAAAAAAAAAEAAAAGAAAAAAAAAACuo3ot45qCPExpQ/3oHN+z17Ryis1lfMFYmQWgruS+TAAAAAA7msjUAAAAAgAAAAMAAAACAAAAAAAAAAAAAAAAAQAAAAAAAAAAAAAAAAAAAA==');
INSERT INTO txfeehistory VALUES ('9b126c224de1387927a73d2618e4234128a0a01724d3d42388c0e8c7e97ad005', 6, 2, 'AAAAAQAAAAEAAAAGAAAAAAAAAACuo3ot45qCPExpQ/3oHN+z17Ryis1lfMFYmQWgruS+TAAAAAA7mshwAAAAAgAAAAQAAAACAAAAAAAAAAAAAAAAAQAAAAAAAAAAAAAAAAAAAA==');


--
-- Data for Name: txhistory; Type: TABLE DATA; Schema: public; Owner: -
--

INSERT INTO txhistory VALUES ('2374e99349b9ef7dba9a5db3339b78fda8f34777b1af33ba468ad5c0df946d4d', 2, 1, 'AAAAAGL8HQvQkbK2HA3WVjRrKmjX00fG8sLI7m0ERwJW/AX3AAAAZAAAAAAAAAABAAAAAAAAAAAAAAABAAAAAAAAAAAAAAAArqN6LeOagjxMaUP96Bzfs9e0corNZXzBWJkFoK7kvkwAAAAAO5rKAAAAAAAAAAABVvwF9wAAAECDzqvkQBQoNAJifPRXDoLhvtycT3lFPCQ51gkdsFHaBNWw05S/VhW0Xgkr0CBPE4NaFV2Kmcs3ZwLmib4TRrML', 'I3Tpk0m57326ml2zM5t4/ajzR3exrzO6RorVwN+UbU0AAAAAAAAAZAAAAAAAAAABAAAAAAAAAAAAAAAAAAAAAA==', 'AAAAAAAAAAEAAAACAAAAAAAAAAIAAAAAAAAAAK6jei3jmoI8TGlD/egc37PXtHKKzWV8wViZBaCu5L5MAAAAADuaygAAAAACAAAAAAAAAAAAAAAAAAAAAAAAAAABAAAAAAAAAAAAAAAAAAAAAAAAAQAAAAIAAAAAAAAAAGL8HQvQkbK2HA3WVjRrKmjX00fG8sLI7m0ERwJW/AX3DeC2s2vJNHAAAAAAAAAABAAAAAAAAAAAAAAAAAAAAAABAAAAAAAAAAAAAAAAAAAA');
INSERT INTO txhistory VALUES ('164a5064eba64f2cdbadb856bf3448485fc626247ada3ed39cddf0f6902133b6', 2, 2, 'AAAAAGL8HQvQkbK2HA3WVjRrKmjX00fG8sLI7m0ERwJW/AX3AAAAZAAAAAAAAAACAAAAAAAAAAAAAAABAAAAAAAAAAAAAAAAO2C/AO45YBD3tHVFO1R3A0MekP8JR6nN1A9eWidyItUAAAAAO5rKAAAAAAAAAAABVvwF9wAAAEASEZiZbeFwCsrKBnKIus/05VtJDBrgosuhLQ/U6XUj4twWyhs7UtS4CMexOM6JqcfqJK10WlBkkwn4g8PIfjIG', 'FkpQZOumTyzbrbhWvzRISF/GJiR62j7TnN3w9pAhM7YAAAAAAAAAZAAAAAAAAAABAAAAAAAAAAAAAAAAAAAAAA==', 'AAAAAAAAAAEAAAACAAAAAAAAAAIAAAAAAAAAADtgvwDuOWAQ97R1RTtUdwNDHpD/CUepzdQPXlonciLVAAAAADuaygAAAAACAAAAAAAAAAAAAAAAAAAAAAAAAAABAAAAAAAAAAAAAAAAAAAAAAAAAQAAAAIAAAAAAAAAAGL8HQvQkbK2HA3WVjRrKmjX00fG8sLI7m0ERwJW/AX3DeC2szAuanAAAAAAAAAABAAAAAAAAAAAAAAAAAAAAAABAAAAAAAAAAAAAAAAAAAA');
INSERT INTO txhistory VALUES ('2d365c3c49f376570df856bca62503966f0e269a2f51cdb68ce2ee19a7f8245a', 2, 3, 'AAAAAGL8HQvQkbK2HA3WVjRrKmjX00fG8sLI7m0ERwJW/AX3AAAAZAAAAAAAAAADAAAAAAAAAAAAAAABAAAAAAAAAAAAAAAAtbgXR6E7oDL0LQ+wYSC9zXvXVT3xiPiYuSb1DvmQLe8AAAAAO5rKAAAAAAAAAAABVvwF9wAAAEB/JBgvIM71gLBIh0TON9b+l+ApZz1CKDQiUFSV0scRguB1anyMwMR6s5SiaCwtDnxsPna12RdUQKlH2aeMAy8H', 'LTZcPEnzdlcN+Fa8piUDlm8OJpovUc22jOLuGaf4JFoAAAAAAAAAZAAAAAAAAAABAAAAAAAAAAAAAAAAAAAAAA==', 'AAAAAAAAAAEAAAACAAAAAAAAAAIAAAAAAAAAALW4F0ehO6Ay9C0PsGEgvc1711U98Yj4mLkm9Q75kC3vAAAAADuaygAAAAACAAAAAAAAAAAAAAAAAAAAAAAAAAABAAAAAAAAAAAAAAAAAAAAAAAAAQAAAAIAAAAAAAAAAGL8HQvQkbK2HA3WVjRrKmjX00fG8sLI7m0ERwJW/AX3DeC2svSToHAAAAAAAAAABAAAAAAAAAAAAAAAAAAAAAABAAAAAAAAAAAAAAAAAAAA');
INSERT INTO txhistory VALUES ('003e91101d19aabb429491953806886d777c260233c6478f1c928a79ec4e2743', 2, 4, 'AAAAAGL8HQvQkbK2HA3WVjRrKmjX00fG8sLI7m0ERwJW/AX3AAAAZAAAAAAAAAAEAAAAAAAAAAAAAAABAAAAAAAAAAAAAAAAoPwY/Fd/cIyNUq/eqHOzpq7YdowcfSzkHfZFVRCK2EkAAAAAO5rKAAAAAAAAAAABVvwF9wAAAEDIOudzujfo+dSIJXXb06SjLBLLXsFxnVnR1HJejfq2NgFUtLuX2KrVNSZyRBG+WvfdoXwCPcp85hDRbCmjbPYM', 'AD6REB0ZqrtClJGVOAaIbXd8JgIzxkePHJKKeexOJ0MAAAAAAAAAZAAAAAAAAAABAAAAAAAAAAAAAAAAAAAAAA==', 'AAAAAAAAAAEAAAACAAAAAAAAAAIAAAAAAAAAAKD8GPxXf3CMjVKv3qhzs6au2HaMHH0s5B32RVUQithJAAAAADuaygAAAAACAAAAAAAAAAAAAAAAAAAAAAAAAAABAAAAAAAAAAAAAAAAAAAAAAAAAQAAAAIAAAAAAAAAAGL8HQvQkbK2HA3WVjRrKmjX00fG8sLI7m0ERwJW/AX3DeC2srj41nAAAAAAAAAABAAAAAAAAAAAAAAAAAAAAAABAAAAAAAAAAAAAAAAAAAA');
INSERT INTO txhistory VALUES ('bd486dbdd02d460817671c4a5a7e9d6e865ca29cb41e62d7aaf70a2fee5b36de', 3, 1, 'AAAAAK6jei3jmoI8TGlD/egc37PXtHKKzWV8wViZBaCu5L5MAAAAZAAAAAIAAAABAAAAAAAAAAAAAAABAAAAAAAAAAYAAAABVVNEAAAAAAC1uBdHoTugMvQtD7BhIL3Ne9dVPfGI+Ji5JvUO+ZAt73//////////AAAAAAAAAAGu5L5MAAAAQB9kmKW2q3v7Qfy8PMekEb1TTI5ixqkI0BogXrOt7gO162Qbkh2dSTUfeDovc0PAafhDXxthVAlsLujlBmyjBAY=', 'vUhtvdAtRggXZxxKWn6dboZcopy0HmLXqvcKL+5bNt4AAAAAAAAAZAAAAAAAAAABAAAAAAAAAAYAAAAAAAAAAA==', 'AAAAAAAAAAEAAAACAAAAAAAAAAMAAAABAAAAAK6jei3jmoI8TGlD/egc37PXtHKKzWV8wViZBaCu5L5MAAAAAVVTRAAAAAAAtbgXR6E7oDL0LQ+wYSC9zXvXVT3xiPiYuSb1DvmQLe8AAAAAAAAAAH//////////AAAAAQAAAAAAAAAAAAAAAQAAAAMAAAAAAAAAAK6jei3jmoI8TGlD/egc37PXtHKKzWV8wViZBaCu5L5MAAAAADuayTgAAAACAAAAAgAAAAEAAAAAAAAAAAAAAAABAAAAAAAAAAAAAAAAAAAA');
INSERT INTO txhistory VALUES ('00ab9cfce2b4c4141d8bb6768dd094bdbb1c7406710dbb3ba0ef98870f63a344', 3, 2, 'AAAAADtgvwDuOWAQ97R1RTtUdwNDHpD/CUepzdQPXlonciLVAAAAZAAAAAIAAAABAAAAAAAAAAAAAAABAAAAAAAAAAYAAAABVVNEAAAAAAC1uBdHoTugMvQtD7BhIL3Ne9dVPfGI+Ji5JvUO+ZAt73//////////AAAAAAAAAAEnciLVAAAAQLVbII+1LeizxgncDI46KHyBt05+H92n1+R328J9zNl2fgJW2nfn3FIoLVs2qV1+CUpr121a2B7AM6HKr4nBLAI=', 'AKuc/OK0xBQdi7Z2jdCUvbscdAZxDbs7oO+Yhw9jo0QAAAAAAAAAZAAAAAAAAAABAAAAAAAAAAYAAAAAAAAAAA==', 'AAAAAAAAAAEAAAACAAAAAAAAAAMAAAABAAAAADtgvwDuOWAQ97R1RTtUdwNDHpD/CUepzdQPXlonciLVAAAAAVVTRAAAAAAAtbgXR6E7oDL0LQ+wYSC9zXvXVT3xiPiYuSb1DvmQLe8AAAAAAAAAAH//////////AAAAAQAAAAAAAAAAAAAAAQAAAAMAAAAAAAAAADtgvwDuOWAQ97R1RTtUdwNDHpD/CUepzdQPXlonciLVAAAAADuayTgAAAACAAAAAgAAAAEAAAAAAAAAAAAAAAABAAAAAAAAAAAAAAAAAAAA');
INSERT INTO txhistory VALUES ('c7ab3843f0a0c4fe79dece0ff1b8391f7a9d34c47cbd7e35034f7b28f60dfc00', 3, 3, 'AAAAAK6jei3jmoI8TGlD/egc37PXtHKKzWV8wViZBaCu5L5MAAAAZAAAAAIAAAACAAAAAAAAAAAAAAABAAAAAAAAAAYAAAABRVVSAAAAAACg/Bj8V39wjI1Sr96oc7Omrth2jBx9LOQd9kVVEIrYSX//////////AAAAAAAAAAGu5L5MAAAAQO/nblo8KAkSOf8cQOOiADXygx+I0ZdWoM4Vg4EKPAAJXFntctjCIyQ4csVUywaW32J/keQWYby52BjiNhT/6Qo=', 'x6s4Q/CgxP553s4P8bg5H3qdNMR8vX41A097KPYN/AAAAAAAAAAAZAAAAAAAAAABAAAAAAAAAAYAAAAAAAAAAA==', 'AAAAAAAAAAEAAAACAAAAAAAAAAMAAAABAAAAAK6jei3jmoI8TGlD/egc37PXtHKKzWV8wViZBaCu5L5MAAAAAUVVUgAAAAAAoPwY/Fd/cIyNUq/eqHOzpq7YdowcfSzkHfZFVRCK2EkAAAAAAAAAAH//////////AAAAAQAAAAAAAAAAAAAAAQAAAAMAAAAAAAAAAK6jei3jmoI8TGlD/egc37PXtHKKzWV8wViZBaCu5L5MAAAAADuayTgAAAACAAAAAgAAAAIAAAAAAAAAAAAAAAABAAAAAAAAAAAAAAAAAAAA');
INSERT INTO txhistory VALUES ('5ef9c06bb625d2da2281118bdf14d808768353ee2fca7457c8e506fbeb91fc55', 3, 4, 'AAAAADtgvwDuOWAQ97R1RTtUdwNDHpD/CUepzdQPXlonciLVAAAAZAAAAAIAAAACAAAAAAAAAAAAAAABAAAAAAAAAAYAAAABRVVSAAAAAACg/Bj8V39wjI1Sr96oc7Omrth2jBx9LOQd9kVVEIrYSX//////////AAAAAAAAAAEnciLVAAAAQOG2GKO9i60cM1QK2UN1gXrHEYjeGLRXFT5snCqO5FnPET5cVs30N7ITPZ6HH6QcZ2IdC1c66wLge4GyR8vpww0=', 'XvnAa7Yl0toigRGL3xTYCHaDU+4vynRXyOUG++uR/FUAAAAAAAAAZAAAAAAAAAABAAAAAAAAAAYAAAAAAAAAAA==', 'AAAAAAAAAAEAAAACAAAAAAAAAAMAAAABAAAAADtgvwDuOWAQ97R1RTtUdwNDHpD/CUepzdQPXlonciLVAAAAAUVVUgAAAAAAoPwY/Fd/cIyNUq/eqHOzpq7YdowcfSzkHfZFVRCK2EkAAAAAAAAAAH//////////AAAAAQAAAAAAAAAAAAAAAQAAAAMAAAAAAAAAADtgvwDuOWAQ97R1RTtUdwNDHpD/CUepzdQPXlonciLVAAAAADuayTgAAAACAAAAAgAAAAIAAAAAAAAAAAAAAAABAAAAAAAAAAAAAAAAAAAA');
INSERT INTO txhistory VALUES ('e4febb6aab5f83df4c19b4f1f6b8687f11886169e996e16baa75aac2d8a09c68', 4, 1, 'AAAAAKD8GPxXf3CMjVKv3qhzs6au2HaMHH0s5B32RVUQithJAAAAZAAAAAIAAAABAAAAAAAAAAAAAAABAAAAAAAAAAEAAAAAO2C/AO45YBD3tHVFO1R3A0MekP8JR6nN1A9eWidyItUAAAABRVVSAAAAAACg/Bj8V39wjI1Sr96oc7Omrth2jBx9LOQd9kVVEIrYSQAAAAEqBfIAAAAAAAAAAAEQithJAAAAQEghWBLDjmNLzcPF6o8dqUHMsI0WhttWE/ABSKaHNc+0FqsF+ui5+eky4ERyu99YR6BEHF4NlgyLnSq3zcDr9Qo=', '5P67aqtfg99MGbTx9rhofxGIYWnpluFrqnWqwtignGgAAAAAAAAAZAAAAAAAAAABAAAAAAAAAAEAAAAAAAAAAA==', 'AAAAAAAAAAEAAAACAAAAAwAAAAMAAAABAAAAADtgvwDuOWAQ97R1RTtUdwNDHpD/CUepzdQPXlonciLVAAAAAUVVUgAAAAAAoPwY/Fd/cIyNUq/eqHOzpq7YdowcfSzkHfZFVRCK2EkAAAAAAAAAAH//////////AAAAAQAAAAAAAAAAAAAAAQAAAAQAAAABAAAAADtgvwDuOWAQ97R1RTtUdwNDHpD/CUepzdQPXlonciLVAAAAAUVVUgAAAAAAoPwY/Fd/cIyNUq/eqHOzpq7YdowcfSzkHfZFVRCK2EkAAAABKgXyAH//////////AAAAAQAAAAAAAAAA');
INSERT INTO txhistory VALUES ('2837a1b3def2c2ddfdcde5b44bf08d7a11a9328d870df17fa2bb66d4c83260c7', 4, 2, 'AAAAALW4F0ehO6Ay9C0PsGEgvc1711U98Yj4mLkm9Q75kC3vAAAAZAAAAAIAAAABAAAAAAAAAAAAAAABAAAAAAAAAAEAAAAArqN6LeOagjxMaUP96Bzfs9e0corNZXzBWJkFoK7kvkwAAAABVVNEAAAAAAC1uBdHoTugMvQtD7BhIL3Ne9dVPfGI+Ji5JvUO+ZAt7wAAAAEqBfIAAAAAAAAAAAH5kC3vAAAAQGoQPiD0HEBi0U8cHN6nlZ3okEfdmt7mqkQHIt2tuRLaZZ1iMQwU43M8v+ntJQsA4c2eBXt9GYp/29FLjnba1Qw=', 'KDehs97ywt39zeW0S/CNehGpMo2HDfF/ortm1MgyYMcAAAAAAAAAZAAAAAAAAAABAAAAAAAAAAEAAAAAAAAAAA==', 'AAAAAAAAAAEAAAACAAAAAwAAAAMAAAABAAAAAK6jei3jmoI8TGlD/egc37PXtHKKzWV8wViZBaCu5L5MAAAAAVVTRAAAAAAAtbgXR6E7oDL0LQ+wYSC9zXvXVT3xiPiYuSb1DvmQLe8AAAAAAAAAAH//////////AAAAAQAAAAAAAAAAAAAAAQAAAAQAAAABAAAAAK6jei3jmoI8TGlD/egc37PXtHKKzWV8wViZBaCu5L5MAAAAAVVTRAAAAAAAtbgXR6E7oDL0LQ+wYSC9zXvXVT3xiPiYuSb1DvmQLe8AAAABKgXyAH//////////AAAAAQAAAAAAAAAA');
INSERT INTO txhistory VALUES ('356eec1f0432bbbba09ddcc1937e28253a4dc8e98ff77d5e9dee140be5093a70', 5, 1, 'AAAAADtgvwDuOWAQ97R1RTtUdwNDHpD/CUepzdQPXlonciLVAAAAZAAAAAIAAAADAAAAAAAAAAAAAAABAAAAAAAAAAMAAAABRVVSAAAAAACg/Bj8V39wjI1Sr96oc7Omrth2jBx9LOQd9kVVEIrYSQAAAAFVU0QAAAAAALW4F0ehO6Ay9C0PsGEgvc1711U98Yj4mLkm9Q75kC3vAAAAADuaygAAAAABAAAAAQAAAAAAAAAAAAAAAAAAAAEnciLVAAAAQE6AkyD+X3Poc6Fj6lalYvmHUdbN38uun6CX5Mc/cJnFQaqtZBOoAwDntTl1Gz/f7reRpXcJYSdQ+pEcUn/2PAE=', 'NW7sHwQyu7ugndzBk34oJTpNyOmP931ene4UC+UJOnAAAAAAAAAAZAAAAAAAAAABAAAAAAAAAAMAAAAAAAAAAAAAAAAAAAAAO2C/AO45YBD3tHVFO1R3A0MekP8JR6nN1A9eWidyItUAAAAAAAAAAQAAAAFFVVIAAAAAAKD8GPxXf3CMjVKv3qhzs6au2HaMHH0s5B32RVUQithJAAAAAVVTRAAAAAAAtbgXR6E7oDL0LQ+wYSC9zXvXVT3xiPiYuSb1DvmQLe8AAAAAO5rKAAAAAAEAAAABAAAAAAAAAAAAAAAA', 'AAAAAAAAAAEAAAACAAAAAAAAAAUAAAACAAAAADtgvwDuOWAQ97R1RTtUdwNDHpD/CUepzdQPXlonciLVAAAAAAAAAAEAAAABRVVSAAAAAACg/Bj8V39wjI1Sr96oc7Omrth2jBx9LOQd9kVVEIrYSQAAAAFVU0QAAAAAALW4F0ehO6Ay9C0PsGEgvc1711U98Yj4mLkm9Q75kC3vAAAAADuaygAAAAABAAAAAQAAAAAAAAAAAAAAAAAAAAEAAAAFAAAAAAAAAAA7YL8A7jlgEPe0dUU7VHcDQx6Q/wlHqc3UD15aJ3Ii1QAAAAA7msgMAAAAAgAAAAUAAAADAAAAAAAAAAAAAAAAAQAAAAAAAAAAAAAAAAAAAA==');
INSERT INTO txhistory VALUES ('07b122ea10e159327be4f926bce2106d5b0f4a0e595ce3a3e5b6d67e42719df0', 5, 2, 'AAAAADtgvwDuOWAQ97R1RTtUdwNDHpD/CUepzdQPXlonciLVAAAAZAAAAAIAAAAEAAAAAAAAAAAAAAABAAAAAAAAAAMAAAABRVVSAAAAAACg/Bj8V39wjI1Sr96oc7Omrth2jBx9LOQd9kVVEIrYSQAAAAFVU0QAAAAAALW4F0ehO6Ay9C0PsGEgvc1711U98Yj4mLkm9Q75kC3vAAAAADWk6QAAAAAKAAAACQAAAAAAAAAAAAAAAAAAAAEnciLVAAAAQBA9q4bUKpTbk/wNt+3fZl7stINrWPH5kYvR9uTGu03xnnmEoFU5exJOMiNnjmWJ+gTnOtRxd14QW+iOCqt2NwE=', 'B7Ei6hDhWTJ75PkmvOIQbVsPSg5ZXOOj5bbWfkJxnfAAAAAAAAAAZAAAAAAAAAABAAAAAAAAAAMAAAAAAAAAAAAAAAAAAAAAO2C/AO45YBD3tHVFO1R3A0MekP8JR6nN1A9eWidyItUAAAAAAAAAAgAAAAFFVVIAAAAAAKD8GPxXf3CMjVKv3qhzs6au2HaMHH0s5B32RVUQithJAAAAAVVTRAAAAAAAtbgXR6E7oDL0LQ+wYSC9zXvXVT3xiPiYuSb1DvmQLe8AAAAANaTpAAAAAAoAAAAJAAAAAAAAAAAAAAAA', 'AAAAAAAAAAEAAAACAAAAAAAAAAUAAAACAAAAADtgvwDuOWAQ97R1RTtUdwNDHpD/CUepzdQPXlonciLVAAAAAAAAAAIAAAABRVVSAAAAAACg/Bj8V39wjI1Sr96oc7Omrth2jBx9LOQd9kVVEIrYSQAAAAFVU0QAAAAAALW4F0ehO6Ay9C0PsGEgvc1711U98Yj4mLkm9Q75kC3vAAAAADWk6QAAAAAKAAAACQAAAAAAAAAAAAAAAAAAAAEAAAAFAAAAAAAAAAA7YL8A7jlgEPe0dUU7VHcDQx6Q/wlHqc3UD15aJ3Ii1QAAAAA7msgMAAAAAgAAAAUAAAAEAAAAAAAAAAAAAAAAAQAAAAAAAAAAAAAAAAAAAA==');
INSERT INTO txhistory VALUES ('4a0ac16e948710199659b0e8131be06df5944e57806c0db722859e4e8aad1e44', 5, 3, 'AAAAADtgvwDuOWAQ97R1RTtUdwNDHpD/CUepzdQPXlonciLVAAAAZAAAAAIAAAAFAAAAAAAAAAAAAAABAAAAAAAAAAMAAAABRVVSAAAAAACg/Bj8V39wjI1Sr96oc7Omrth2jBx9LOQd9kVVEIrYSQAAAAFVU0QAAAAAALW4F0ehO6Ay9C0PsGEgvc1711U98Yj4mLkm9Q75kC3vAAAAAC+vCAAAAAAFAAAABAAAAAAAAAAAAAAAAAAAAAEnciLVAAAAQGCvLROwHtGG6m2PJ0IIz3FRHGUx9WygqNXHNQPN0Ypk/oTNltJAuPn52FZ+O7fImvcHffMLVMCFDNDTgFnrIQM=', 'SgrBbpSHEBmWWbDoExvgbfWUTleAbA23IoWeToqtHkQAAAAAAAAAZAAAAAAAAAABAAAAAAAAAAMAAAAAAAAAAAAAAAAAAAAAO2C/AO45YBD3tHVFO1R3A0MekP8JR6nN1A9eWidyItUAAAAAAAAAAwAAAAFFVVIAAAAAAKD8GPxXf3CMjVKv3qhzs6au2HaMHH0s5B32RVUQithJAAAAAVVTRAAAAAAAtbgXR6E7oDL0LQ+wYSC9zXvXVT3xiPiYuSb1DvmQLe8AAAAAL68IAAAAAAUAAAAEAAAAAAAAAAAAAAAA', 'AAAAAAAAAAEAAAACAAAAAAAAAAUAAAACAAAAADtgvwDuOWAQ97R1RTtUdwNDHpD/CUepzdQPXlonciLVAAAAAAAAAAMAAAABRVVSAAAAAACg/Bj8V39wjI1Sr96oc7Omrth2jBx9LOQd9kVVEIrYSQAAAAFVU0QAAAAAALW4F0ehO6Ay9C0PsGEgvc1711U98Yj4mLkm9Q75kC3vAAAAAC+vCAAAAAAFAAAABAAAAAAAAAAAAAAAAAAAAAEAAAAFAAAAAAAAAAA7YL8A7jlgEPe0dUU7VHcDQx6Q/wlHqc3UD15aJ3Ii1QAAAAA7msgMAAAAAgAAAAUAAAAFAAAAAAAAAAAAAAAAAQAAAAAAAAAAAAAAAAAAAA==');
INSERT INTO txhistory VALUES ('0bf200141a77febaa9924f423ed587499b27ce904c92967a04a12f28b3a5be58', 6, 1, 'AAAAAK6jei3jmoI8TGlD/egc37PXtHKKzWV8wViZBaCu5L5MAAAAZAAAAAIAAAADAAAAAAAAAAAAAAABAAAAAAAAAAMAAAABVVNEAAAAAAC1uBdHoTugMvQtD7BhIL3Ne9dVPfGI+Ji5JvUO+ZAt7wAAAAFFVVIAAAAAAKD8GPxXf3CMjVKv3qhzs6au2HaMHH0s5B32RVUQithJAAAAAB3NZQAAAAABAAAAAQAAAAAAAAAAAAAAAAAAAAGu5L5MAAAAQLhdv6YRzgtJp7I2KNyUONETo6m6c/RdrXFtnESbQ3/OMNXekk/3eo0Yc305sK5+yhTLMyCiQInnDMtXpNVJ9gY=', 'C/IAFBp3/rqpkk9CPtWHSZsnzpBMkpZ6BKEvKLOlvlgAAAAAAAAAZAAAAAAAAAABAAAAAAAAAAMAAAAAAAAAAQAAAAA7YL8A7jlgEPe0dUU7VHcDQx6Q/wlHqc3UD15aJ3Ii1QAAAAAAAAABAAAAAUVVUgAAAAAAoPwY/Fd/cIyNUq/eqHOzpq7YdowcfSzkHfZFVRCK2EkAAAAAHc1lAAAAAAFVU0QAAAAAALW4F0ehO6Ay9C0PsGEgvc1711U98Yj4mLkm9Q75kC3vAAAAAB3NZQAAAAACAAAAAA==', 'AAAAAAAAAAEAAAAIAAAAAQAAAAYAAAABAAAAADtgvwDuOWAQ97R1RTtUdwNDHpD/CUepzdQPXlonciLVAAAAAUVVUgAAAAAAoPwY/Fd/cIyNUq/eqHOzpq7YdowcfSzkHfZFVRCK2EkAAAABDDiNAH//////////AAAAAQAAAAAAAAAAAAAAAQAAAAYAAAABAAAAADtgvwDuOWAQ97R1RTtUdwNDHpD/CUepzdQPXlonciLVAAAAAVVTRAAAAAAAtbgXR6E7oDL0LQ+wYSC9zXvXVT3xiPiYuSb1DvmQLe8AAAAAHc1lAH//////////AAAAAQAAAAAAAAAAAAAAAwAAAAMAAAABAAAAAK6jei3jmoI8TGlD/egc37PXtHKKzWV8wViZBaCu5L5MAAAAAUVVUgAAAAAAoPwY/Fd/cIyNUq/eqHOzpq7YdowcfSzkHfZFVRCK2EkAAAAAAAAAAH//////////AAAAAQAAAAAAAAAAAAAAAQAAAAYAAAABAAAAAK6jei3jmoI8TGlD/egc37PXtHKKzWV8wViZBaCu5L5MAAAAAUVVUgAAAAAAoPwY/Fd/cIyNUq/eqHOzpq7YdowcfSzkHfZFVRCK2EkAAAAAHc1lAH//////////AAAAAQAAAAAAAAAAAAAAAwAAAAQAAAABAAAAAK6jei3jmoI8TGlD/egc37PXtHKKzWV8wViZBaCu5L5MAAAAAVVTRAAAAAAAtbgXR6E7oDL0LQ+wYSC9zXvXVT3xiPiYuSb1DvmQLe8AAAABKgXyAH//////////AAAAAQAAAAAAAAAAAAAAAQAAAAYAAAABAAAAAK6jei3jmoI8TGlD/egc37PXtHKKzWV8wViZBaCu5L5MAAAAAVVTRAAAAAAAtbgXR6E7oDL0LQ+wYSC9zXvXVT3xiPiYuSb1DvmQLe8AAAABDDiNAH//////////AAAAAQAAAAAAAAAAAAAAAwAAAAUAAAACAAAAADtgvwDuOWAQ97R1RTtUdwNDHpD/CUepzdQPXlonciLVAAAAAAAAAAEAAAABRVVSAAAAAACg/Bj8V39wjI1Sr96oc7Omrth2jBx9LOQd9kVVEIrYSQAAAAFVU0QAAAAAALW4F0ehO6Ay9C0PsGEgvc1711U98Yj4mLkm9Q75kC3vAAAAADuaygAAAAABAAAAAQAAAAAAAAAAAAAAAAAAAAEAAAAGAAAAAgAAAAA7YL8A7jlgEPe0dUU7VHcDQx6Q/wlHqc3UD15aJ3Ii1QAAAAAAAAABAAAAAUVVUgAAAAAAoPwY/Fd/cIyNUq/eqHOzpq7YdowcfSzkHfZFVRCK2EkAAAABVVNEAAAAAAC1uBdHoTugMvQtD7BhIL3Ne9dVPfGI+Ji5JvUO+ZAt7wAAAAAdzWUAAAAAAQAAAAEAAAAAAAAAAAAAAAA=');
INSERT INTO txhistory VALUES ('9b126c224de1387927a73d2618e4234128a0a01724d3d42388c0e8c7e97ad005', 6, 2, 'AAAAAK6jei3jmoI8TGlD/egc37PXtHKKzWV8wViZBaCu5L5MAAAAZAAAAAIAAAAEAAAAAAAAAAAAAAABAAAAAAAAAAMAAAABVVNEAAAAAAC1uBdHoTugMvQtD7BhIL3Ne9dVPfGI+Ji5JvUO+ZAt7wAAAAAAAAAAHc1lAAAAAAEAAAABAAAAAAAAAAAAAAAAAAAAAa7kvkwAAABA10f1ldxKy5vtvQZ5GoCsc69xI0vBcwOEaCl9Ftn+2pVFLbQXzCUIzTHaucp/+23c3lFar9xL8taHtOB+Zrw1Dg==', 'mxJsIk3hOHknpz0mGOQjQSigoBck09QjiMDox+l60AUAAAAAAAAAZAAAAAAAAAABAAAAAAAAAAMAAAAAAAAAAAAAAAAAAAAArqN6LeOagjxMaUP96Bzfs9e0corNZXzBWJkFoK7kvkwAAAAAAAAABAAAAAFVU0QAAAAAALW4F0ehO6Ay9C0PsGEgvc1711U98Yj4mLkm9Q75kC3vAAAAAAAAAAAdzWUAAAAAAQAAAAEAAAAAAAAAAAAAAAA=', 'AAAAAAAAAAEAAAACAAAAAAAAAAYAAAACAAAAAK6jei3jmoI8TGlD/egc37PXtHKKzWV8wViZBaCu5L5MAAAAAAAAAAQAAAABVVNEAAAAAAC1uBdHoTugMvQtD7BhIL3Ne9dVPfGI+Ji5JvUO+ZAt7wAAAAAAAAAAHc1lAAAAAAEAAAABAAAAAAAAAAAAAAAAAAAAAQAAAAYAAAAAAAAAAK6jei3jmoI8TGlD/egc37PXtHKKzWV8wViZBaCu5L5MAAAAADuayHAAAAACAAAABAAAAAMAAAAAAAAAAAAAAAABAAAAAAAAAAAAAAAAAAAA');


--
-- Name: accountdata_pkey; Type: CONSTRAINT; Schema: public; Owner: -; Tablespace: 
--

ALTER TABLE ONLY accountdata
    ADD CONSTRAINT accountdata_pkey PRIMARY KEY (accountid, dataname);


--
-- Name: accounts_pkey; Type: CONSTRAINT; Schema: public; Owner: -; Tablespace: 
--

ALTER TABLE ONLY accounts
    ADD CONSTRAINT accounts_pkey PRIMARY KEY (accountid);


--
-- Name: ledgerheaders_ledgerseq_key; Type: CONSTRAINT; Schema: public; Owner: -; Tablespace: 
--

ALTER TABLE ONLY ledgerheaders
    ADD CONSTRAINT ledgerheaders_ledgerseq_key UNIQUE (ledgerseq);


--
-- Name: ledgerheaders_pkey; Type: CONSTRAINT; Schema: public; Owner: -; Tablespace: 
--

ALTER TABLE ONLY ledgerheaders
    ADD CONSTRAINT ledgerheaders_pkey PRIMARY KEY (ledgerhash);


--
-- Name: offers_pkey; Type: CONSTRAINT; Schema: public; Owner: -; Tablespace: 
--

ALTER TABLE ONLY offers
    ADD CONSTRAINT offers_pkey PRIMARY KEY (offerid);


--
-- Name: peers_pkey; Type: CONSTRAINT; Schema: public; Owner: -; Tablespace: 
--

ALTER TABLE ONLY peers
    ADD CONSTRAINT peers_pkey PRIMARY KEY (ip, port);


--
-- Name: publishqueue_pkey; Type: CONSTRAINT; Schema: public; Owner: -; Tablespace: 
--

ALTER TABLE ONLY publishqueue
    ADD CONSTRAINT publishqueue_pkey PRIMARY KEY (ledger);


--
-- Name: pubsub_pkey; Type: CONSTRAINT; Schema: public; Owner: -; Tablespace: 
--

ALTER TABLE ONLY pubsub
    ADD CONSTRAINT pubsub_pkey PRIMARY KEY (resid);


--
-- Name: scpquorums_pkey; Type: CONSTRAINT; Schema: public; Owner: -; Tablespace: 
--

ALTER TABLE ONLY scpquorums
    ADD CONSTRAINT scpquorums_pkey PRIMARY KEY (qsethash);


--
-- Name: signers_pkey; Type: CONSTRAINT; Schema: public; Owner: -; Tablespace: 
--

ALTER TABLE ONLY signers
    ADD CONSTRAINT signers_pkey PRIMARY KEY (accountid, publickey);


--
-- Name: storestate_pkey; Type: CONSTRAINT; Schema: public; Owner: -; Tablespace: 
--

ALTER TABLE ONLY storestate
    ADD CONSTRAINT storestate_pkey PRIMARY KEY (statename);


--
-- Name: trustlines_pkey; Type: CONSTRAINT; Schema: public; Owner: -; Tablespace: 
--

ALTER TABLE ONLY trustlines
    ADD CONSTRAINT trustlines_pkey PRIMARY KEY (accountid, issuer, assetcode);


--
-- Name: txfeehistory_pkey; Type: CONSTRAINT; Schema: public; Owner: -; Tablespace: 
--

ALTER TABLE ONLY txfeehistory
    ADD CONSTRAINT txfeehistory_pkey PRIMARY KEY (ledgerseq, txindex);


--
-- Name: txhistory_pkey; Type: CONSTRAINT; Schema: public; Owner: -; Tablespace: 
--

ALTER TABLE ONLY txhistory
    ADD CONSTRAINT txhistory_pkey PRIMARY KEY (ledgerseq, txindex);


--
-- Name: accountbalances; Type: INDEX; Schema: public; Owner: -; Tablespace: 
--

CREATE INDEX accountbalances ON accounts USING btree (balance) WHERE (balance >= 1000000000);


--
-- Name: buyingissuerindex; Type: INDEX; Schema: public; Owner: -; Tablespace: 
--

CREATE INDEX buyingissuerindex ON offers USING btree (buyingissuer);


--
-- Name: histbyseq; Type: INDEX; Schema: public; Owner: -; Tablespace: 
--

CREATE INDEX histbyseq ON txhistory USING btree (ledgerseq);


--
-- Name: histfeebyseq; Type: INDEX; Schema: public; Owner: -; Tablespace: 
--

CREATE INDEX histfeebyseq ON txfeehistory USING btree (ledgerseq);


--
-- Name: ledgersbyseq; Type: INDEX; Schema: public; Owner: -; Tablespace: 
--

CREATE INDEX ledgersbyseq ON ledgerheaders USING btree (ledgerseq);


--
-- Name: priceindex; Type: INDEX; Schema: public; Owner: -; Tablespace: 
--

CREATE INDEX priceindex ON offers USING btree (price);


--
-- Name: scpenvsbyseq; Type: INDEX; Schema: public; Owner: -; Tablespace: 
--

CREATE INDEX scpenvsbyseq ON scphistory USING btree (ledgerseq);


--
-- Name: sellingissuerindex; Type: INDEX; Schema: public; Owner: -; Tablespace: 
--

CREATE INDEX sellingissuerindex ON offers USING btree (sellingissuer);


--
-- Name: signersaccount; Type: INDEX; Schema: public; Owner: -; Tablespace: 
--

CREATE INDEX signersaccount ON signers USING btree (accountid);


--
-- PostgreSQL database dump complete
--

