--
-- PostgreSQL database dump
--

SET statement_timeout = 0;
SET lock_timeout = 0;
SET client_encoding = 'UTF8';
SET standard_conforming_strings = on;
SET check_function_bodies = false;
SET client_min_messages = warning;

SET search_path = public, pg_catalog;

DROP INDEX public.signersaccount;
DROP INDEX public.sellingissuerindex;
DROP INDEX public.priceindex;
DROP INDEX public.ledgersbyseq;
DROP INDEX public.histfeebyseq;
DROP INDEX public.histbyseq;
DROP INDEX public.buyingissuerindex;
DROP INDEX public.accountbalances;
ALTER TABLE ONLY public.txhistory DROP CONSTRAINT txhistory_pkey;
ALTER TABLE ONLY public.txfeehistory DROP CONSTRAINT txfeehistory_pkey;
ALTER TABLE ONLY public.trustlines DROP CONSTRAINT trustlines_pkey;
ALTER TABLE ONLY public.storestate DROP CONSTRAINT storestate_pkey;
ALTER TABLE ONLY public.signers DROP CONSTRAINT signers_pkey;
ALTER TABLE ONLY public.pubsub DROP CONSTRAINT pubsub_pkey;
ALTER TABLE ONLY public.peers DROP CONSTRAINT peers_pkey;
ALTER TABLE ONLY public.offers DROP CONSTRAINT offers_pkey;
ALTER TABLE ONLY public.ledgerheaders DROP CONSTRAINT ledgerheaders_pkey;
ALTER TABLE ONLY public.ledgerheaders DROP CONSTRAINT ledgerheaders_ledgerseq_key;
ALTER TABLE ONLY public.accounts DROP CONSTRAINT accounts_pkey;
DROP TABLE public.txhistory;
DROP TABLE public.txfeehistory;
DROP TABLE public.trustlines;
DROP TABLE public.storestate;
DROP TABLE public.signers;
DROP TABLE public.pubsub;
DROP TABLE public.peers;
DROP TABLE public.offers;
DROP TABLE public.ledgerheaders;
DROP TABLE public.accounts;
DROP EXTENSION plpgsql;
DROP SCHEMA public;
--
-- Name: public; Type: SCHEMA; Schema: -; Owner: -
--

CREATE SCHEMA public;


--
-- Name: SCHEMA public; Type: COMMENT; Schema: -; Owner: -
--

COMMENT ON SCHEMA public IS 'standard public schema';


--
-- Name: plpgsql; Type: EXTENSION; Schema: -; Owner: -
--

CREATE EXTENSION IF NOT EXISTS plpgsql WITH SCHEMA pg_catalog;


--
-- Name: EXTENSION plpgsql; Type: COMMENT; Schema: -; Owner: -
--

COMMENT ON EXTENSION plpgsql IS 'PL/pgSQL procedural language';


SET search_path = public, pg_catalog;

SET default_tablespace = '';

SET default_with_oids = false;

--
-- Name: accounts; Type: TABLE; Schema: public; Owner: -; Tablespace: 
--

CREATE TABLE accounts (
    accountid character varying(56) NOT NULL,
    balance bigint NOT NULL,
    seqnum bigint NOT NULL,
    numsubentries integer NOT NULL,
    inflationdest character varying(56),
    homedomain character varying(32) NOT NULL,
    thresholds text NOT NULL,
    flags integer NOT NULL,
    lastmodified integer NOT NULL,
    CONSTRAINT accounts_balance_check CHECK ((balance >= 0)),
    CONSTRAINT accounts_numsubentries_check CHECK ((numsubentries >= 0))
);


--
-- Name: ledgerheaders; Type: TABLE; Schema: public; Owner: -; Tablespace: 
--

CREATE TABLE ledgerheaders (
    ledgerhash character(64) NOT NULL,
    prevhash character(64) NOT NULL,
    bucketlisthash character(64) NOT NULL,
    ledgerseq integer,
    closetime bigint NOT NULL,
    data text NOT NULL,
    CONSTRAINT ledgerheaders_closetime_check CHECK ((closetime >= 0)),
    CONSTRAINT ledgerheaders_ledgerseq_check CHECK ((ledgerseq >= 0))
);


--
-- Name: offers; Type: TABLE; Schema: public; Owner: -; Tablespace: 
--

CREATE TABLE offers (
    sellerid character varying(56) NOT NULL,
    offerid bigint NOT NULL,
    sellingassettype integer NOT NULL,
    sellingassetcode character varying(12),
    sellingissuer character varying(56),
    buyingassettype integer NOT NULL,
    buyingassetcode character varying(12),
    buyingissuer character varying(56),
    amount bigint NOT NULL,
    pricen integer NOT NULL,
    priced integer NOT NULL,
    price double precision NOT NULL,
    flags integer NOT NULL,
    lastmodified integer NOT NULL,
    CONSTRAINT offers_amount_check CHECK ((amount >= 0)),
    CONSTRAINT offers_offerid_check CHECK ((offerid >= 0))
);


--
-- Name: peers; Type: TABLE; Schema: public; Owner: -; Tablespace: 
--

CREATE TABLE peers (
    ip character varying(15) NOT NULL,
    port integer DEFAULT 0 NOT NULL,
    nextattempt timestamp without time zone NOT NULL,
    numfailures integer DEFAULT 0 NOT NULL,
    CONSTRAINT peers_numfailures_check CHECK ((numfailures >= 0)),
    CONSTRAINT peers_port_check CHECK (((port > 0) AND (port <= 65535)))
);


--
-- Name: pubsub; Type: TABLE; Schema: public; Owner: -; Tablespace: 
--

CREATE TABLE pubsub (
    resid character(32) NOT NULL,
    lastread integer
);


--
-- Name: signers; Type: TABLE; Schema: public; Owner: -; Tablespace: 
--

CREATE TABLE signers (
    accountid character varying(56) NOT NULL,
    publickey character varying(56) NOT NULL,
    weight integer NOT NULL
);


--
-- Name: storestate; Type: TABLE; Schema: public; Owner: -; Tablespace: 
--

CREATE TABLE storestate (
    statename character(32) NOT NULL,
    state text
);


--
-- Name: trustlines; Type: TABLE; Schema: public; Owner: -; Tablespace: 
--

CREATE TABLE trustlines (
    accountid character varying(56) NOT NULL,
    assettype integer NOT NULL,
    issuer character varying(56) NOT NULL,
    assetcode character varying(12) NOT NULL,
    tlimit bigint NOT NULL,
    balance bigint NOT NULL,
    flags integer NOT NULL,
    lastmodified integer NOT NULL,
    CONSTRAINT trustlines_balance_check CHECK ((balance >= 0)),
    CONSTRAINT trustlines_tlimit_check CHECK ((tlimit > 0))
);


--
-- Name: txfeehistory; Type: TABLE; Schema: public; Owner: -; Tablespace: 
--

CREATE TABLE txfeehistory (
    txid character(64) NOT NULL,
    ledgerseq integer NOT NULL,
    txindex integer NOT NULL,
    txchanges text NOT NULL,
    CONSTRAINT txfeehistory_ledgerseq_check CHECK ((ledgerseq >= 0))
);


--
-- Name: txhistory; Type: TABLE; Schema: public; Owner: -; Tablespace: 
--

CREATE TABLE txhistory (
    txid character(64) NOT NULL,
    ledgerseq integer NOT NULL,
    txindex integer NOT NULL,
    txbody text NOT NULL,
    txresult text NOT NULL,
    txmeta text NOT NULL,
    CONSTRAINT txhistory_ledgerseq_check CHECK ((ledgerseq >= 0))
);


--
-- Data for Name: accounts; Type: TABLE DATA; Schema: public; Owner: -
--

COPY accounts (accountid, balance, seqnum, numsubentries, inflationdest, homedomain, thresholds, flags, lastmodified) FROM stdin;
GBRPYHIL2CI3FNQ4BXLFMNDLFJUNPU2HY3ZMFSHONUCEOASW7QC7OX2H	999999995999999600	4	0	\N		AQAAAA==	0	2
GCQPYGH4K57XBDENKKX55KDTWOTK5WDWRQOH2LHEDX3EKVIQRLMESGBG	999999900	8589934593	0	\N		AQAAAA==	0	4
GC23QF2HUE52AMXUFUH3AYJAXXGXXV2VHXYYR6EYXETPKDXZSAW67XO4	999999900	8589934593	0	\N		AQAAAA==	0	4
GA5WBPYA5Y4WAEHXWR2UKO2UO4BUGHUQ74EUPKON2QHV4WRHOIRNKKH2	999999500	8589934597	5	\N		AQAAAA==	0	5
GCXKG6RN4ONIEPCMNFB732A436Z5PNDSRLGWK7GBLCMQLIFO4S7EYWVU	999999600	8589934596	3	\N		AQAAAA==	0	6
\.


--
-- Data for Name: ledgerheaders; Type: TABLE DATA; Schema: public; Owner: -
--

COPY ledgerheaders (ledgerhash, prevhash, bucketlisthash, ledgerseq, closetime, data) FROM stdin;
63d98f536ee68d1b27b5b89f23af5311b7569a24faf1403ad0b52b633b07be99	0000000000000000000000000000000000000000000000000000000000000000	572a2e32ff248a07b0e70fd1f6d318c1facd20b6cc08c33d5775259868125a16	1	0	AAAAAAAAAAAAAAAAAAAAAAAAAAAAAAAAAAAAAAAAAAAAAAAAAAAAAAAAAAAAAAAAAAAAAAAAAAAAAAAAAAAAAAAAAAAAAAAAAAAAAAAAAAAAAAAAAAAAAAAAAAAAAAAAAAAAAAAAAAAAAAAAAAAAAAAAAABXKi4y/ySKB7DnD9H20xjB+s0gtswIwz1XdSWYaBJaFgAAAAEN4Lazp2QAAAAAAAAAAAAAAAAAAAAAAAAAAAAAAAAAZAX14QAAAABkAAAAAAAAAAAAAAAAAAAAAAAAAAAAAAAAAAAAAAAAAAAAAAAAAAAAAAAAAAAAAAAAAAAAAAAAAAAAAAAAAAAAAAAAAAAAAAAAAAAAAAAAAAAAAAAAAAAAAAAAAAAAAAAAAAAAAAAAAAAAAAAAAAAAAAAAAAAAAAAAAAAAAAAAAAAAAAAA
6a75d151510b95a5f6e62ca37fd254cb8898ac2e02baaa433fc0fcd372794b37	63d98f536ee68d1b27b5b89f23af5311b7569a24faf1403ad0b52b633b07be99	c274a357f5b5fba17978b8ee9348009c86ab68c43dbc3459ba6aa5dfe2b1559e	2	1444259288	AAAAAWPZj1Nu5o0bJ7W4nyOvUxG3Vpok+vFAOtC1K2M7B76Zh82QgsuASmS0xgFp1fjiT2wNgvVWRClSW5uMP344SMoAAAAAVhWl2AAAAAIAAAAIAAAAAQAAAAEAAAAIAAAAAwAAAfQAAAAAh7rHH3ehqvUsWEPfAlvVspAA2/ZR0JjPAFIdHbQ2sSjCdKNX9bX7oXl4uO6TSACchqtoxD28NFm6aqXf4rFVngAAAAIN4Lazp2QAAAAAAAAAAAGQAAAAAAAAAAAAAAAAAAAAZAX14QAAAAH0AAAAAAAAAAAAAAAAAAAAAAAAAAAAAAAAAAAAAAAAAAAAAAAAAAAAAAAAAAAAAAAAAAAAAAAAAAAAAAAAAAAAAAAAAAAAAAAAAAAAAAAAAAAAAAAAAAAAAAAAAAAAAAAAAAAAAAAAAAAAAAAAAAAAAAAAAAAAAAAAAAAAAAAAAAAAAAAA
4b86ed3b31321268b036e13fbdd72cfa9a1d3f644f555659766e1cb405d4fed9	6a75d151510b95a5f6e62ca37fd254cb8898ac2e02baaa433fc0fcd372794b37	b7a2fb1854adf3419e9913966637888df749485ae435d8203e62f3de5702627b	3	1444259289	AAAAAWp10VFRC5Wl9uYso3/SVMuImKwuArqqQz/A/NNyeUs3X0WW8BqSRNmusPoI1rzb25Oo8EmNZgJmbvTm4PGTxU0AAAAAVhWl2QAAAAAAAAAAbDw/gPTu8ErmXCTr6S7LE6NX2zQONIIe2hkOKEK45sC3ovsYVK3zQZ6ZE5ZmN4iN90lIWuQ12CA+YvPeVwJiewAAAAMN4Lazp2QAAAAAAAAAAAMgAAAAAAAAAAAAAAAAAAAAZAX14QAAAAH0AAAAAAAAAAAAAAAAAAAAAAAAAAAAAAAAAAAAAAAAAAAAAAAAAAAAAAAAAAAAAAAAAAAAAAAAAAAAAAAAAAAAAAAAAAAAAAAAAAAAAAAAAAAAAAAAAAAAAAAAAAAAAAAAAAAAAAAAAAAAAAAAAAAAAAAAAAAAAAAAAAAAAAAAAAAAAAAA
87a4891329b5dc3219a9ebd901030c4cf1d42344492134f90bfced866027d1de	4b86ed3b31321268b036e13fbdd72cfa9a1d3f644f555659766e1cb405d4fed9	cfc4b9fbd7801fb1211ed2929f8cbd770dc62229813346fd062701356a1e1856	4	1444259290	AAAAAUuG7TsxMhJosDbhP73XLPqaHT9kT1VWWXZuHLQF1P7ZS4OnV7wxexDFBXnRGss05rQAn6aaevw9TN0ZGxx1Sx0AAAAAVhWl2gAAAAAAAAAAkEeHwbiWWoxafh7Sc3UtLYZvNJJ2i7pv0rpNftdmmiTPxLn714AfsSEe0pKfjL13DcYiKYEzRv0GJwE1ah4YVgAAAAQN4Lazp2QAAAAAAAAAAAPoAAAAAAAAAAAAAAAAAAAAZAX14QAAAAH0AAAAAAAAAAAAAAAAAAAAAAAAAAAAAAAAAAAAAAAAAAAAAAAAAAAAAAAAAAAAAAAAAAAAAAAAAAAAAAAAAAAAAAAAAAAAAAAAAAAAAAAAAAAAAAAAAAAAAAAAAAAAAAAAAAAAAAAAAAAAAAAAAAAAAAAAAAAAAAAAAAAAAAAAAAAAAAAA
f948625166b16d9107f1d14ee99b80ad03d280b44364131b2d79f1a7f45e6b07	87a4891329b5dc3219a9ebd901030c4cf1d42344492134f90bfced866027d1de	d9412b24fa922c2b09ad71c5d4af1fc91bad624e07ffdf05774c7174c17049e3	5	1444259291	AAAAAYekiRMptdwyGanr2QEDDEzx1CNESSE0+Qv87YZgJ9HeJxPUPvpnTDydyuOUKXLqdTjB01kDqkGH168Iees6NZsAAAAAVhWl2wAAAAAAAAAAQiCtAHbmNmeJ4Nb3eEIwDOcptkisp9VHyWSKy00Mk07ZQSsk+pIsKwmtccXUrx/JG61iTgf/3wV3THF0wXBJ4wAAAAUN4Lazp2QAAAAAAAAAAAUUAAAAAAAAAAAAAAADAAAAZAX14QAAAAH0AAAAAAAAAAAAAAAAAAAAAAAAAAAAAAAAAAAAAAAAAAAAAAAAAAAAAAAAAAAAAAAAAAAAAAAAAAAAAAAAAAAAAAAAAAAAAAAAAAAAAAAAAAAAAAAAAAAAAAAAAAAAAAAAAAAAAAAAAAAAAAAAAAAAAAAAAAAAAAAAAAAAAAAAAAAAAAAA
9576ed773b3eff9620fd075b92c062d8ee0cfc35534e1d4f18cc42ed68accaba	f948625166b16d9107f1d14ee99b80ad03d280b44364131b2d79f1a7f45e6b07	24d90deb7bf4c03d0aaefb0360c17e27d5aee44526c146023db9d0b1170e6fe4	6	1444259292	AAAAAflIYlFmsW2RB/HRTumbgK0D0oC0Q2QTGy158af0XmsHOID8753Qa+CjDPXn7459eLlYD0EfoLatQrPkYEjIby4AAAAAVhWl3AAAAAAAAAAAqvIi/h3DgpA82mbjS/ziWD/26lZoLgLln5UoUes/uu4k2Q3re/TAPQqu+wNgwX4n1a7kRSbBRgI9udCxFw5v5AAAAAYN4Lazp2QAAAAAAAAAAAXcAAAAAAAAAAAAAAAEAAAAZAX14QAAAAH0AAAAAAAAAAAAAAAAAAAAAAAAAAAAAAAAAAAAAAAAAAAAAAAAAAAAAAAAAAAAAAAAAAAAAAAAAAAAAAAAAAAAAAAAAAAAAAAAAAAAAAAAAAAAAAAAAAAAAAAAAAAAAAAAAAAAAAAAAAAAAAAAAAAAAAAAAAAAAAAAAAAAAAAAAAAAAAAA
\.


--
-- Data for Name: offers; Type: TABLE DATA; Schema: public; Owner: -
--

COPY offers (sellerid, offerid, sellingassettype, sellingassetcode, sellingissuer, buyingassettype, buyingassetcode, buyingissuer, amount, pricen, priced, price, flags, lastmodified) FROM stdin;
GA5WBPYA5Y4WAEHXWR2UKO2UO4BUGHUQ74EUPKON2QHV4WRHOIRNKKH2	2	1	EUR	GCQPYGH4K57XBDENKKX55KDTWOTK5WDWRQOH2LHEDX3EKVIQRLMESGBG	1	USD	GC23QF2HUE52AMXUFUH3AYJAXXGXXV2VHXYYR6EYXETPKDXZSAW67XO4	1110000000	10	9	1.11111111111111116	0	5
GA5WBPYA5Y4WAEHXWR2UKO2UO4BUGHUQ74EUPKON2QHV4WRHOIRNKKH2	3	1	EUR	GCQPYGH4K57XBDENKKX55KDTWOTK5WDWRQOH2LHEDX3EKVIQRLMESGBG	1	USD	GC23QF2HUE52AMXUFUH3AYJAXXGXXV2VHXYYR6EYXETPKDXZSAW67XO4	1250000000	5	4	1.25	0	5
GA5WBPYA5Y4WAEHXWR2UKO2UO4BUGHUQ74EUPKON2QHV4WRHOIRNKKH2	1	1	EUR	GCQPYGH4K57XBDENKKX55KDTWOTK5WDWRQOH2LHEDX3EKVIQRLMESGBG	1	USD	GC23QF2HUE52AMXUFUH3AYJAXXGXXV2VHXYYR6EYXETPKDXZSAW67XO4	500000000	1	1	1	0	6
GCXKG6RN4ONIEPCMNFB732A436Z5PNDSRLGWK7GBLCMQLIFO4S7EYWVU	4	1	USD	GC23QF2HUE52AMXUFUH3AYJAXXGXXV2VHXYYR6EYXETPKDXZSAW67XO4	0	\N	\N	500000000	1	1	1	0	6
\.


--
-- Data for Name: peers; Type: TABLE DATA; Schema: public; Owner: -
--

COPY peers (ip, port, nextattempt, numfailures) FROM stdin;
\.


--
-- Data for Name: pubsub; Type: TABLE DATA; Schema: public; Owner: -
--

COPY pubsub (resid, lastread) FROM stdin;
\.


--
-- Data for Name: signers; Type: TABLE DATA; Schema: public; Owner: -
--

COPY signers (accountid, publickey, weight) FROM stdin;
\.


--
-- Data for Name: storestate; Type: TABLE DATA; Schema: public; Owner: -
--

COPY storestate (statename, state) FROM stdin;
databaseinitialized             	true
forcescponnextlaunch            	false
lastclosedledger                	9576ed773b3eff9620fd075b92c062d8ee0cfc35534e1d4f18cc42ed68accaba
historyarchivestate             	{\n    "version": 1,\n    "server": "v0.1-7-gd6ebc57-dirty",\n    "currentLedger": 6,\n    "currentBuckets": [\n        {\n            "curr": "06607be743862c54ce849e6858468a96f0178539d80d95a449658b759d56c12c",\n            "next": {\n                "state": 0\n            },\n            "snap": "34bfb03ac1787731c2c89f9f9216978073889ed1d59725c5dcc4880d3d7097c7"\n        },\n        {\n            "curr": "f239f4aaf00f0a398b878ed20e759715372b1a1ce87b325172617db348901371",\n            "next": {\n                "state": 1,\n                "output": "34bfb03ac1787731c2c89f9f9216978073889ed1d59725c5dcc4880d3d7097c7"\n            },\n            "snap": "0000000000000000000000000000000000000000000000000000000000000000"\n        },\n        {\n            "curr": "0000000000000000000000000000000000000000000000000000000000000000",\n            "next": {\n                "state": 0\n            },\n            "snap": "0000000000000000000000000000000000000000000000000000000000000000"\n        },\n        {\n            "curr": "0000000000000000000000000000000000000000000000000000000000000000",\n            "next": {\n                "state": 0\n            },\n            "snap": "0000000000000000000000000000000000000000000000000000000000000000"\n        },\n        {\n            "curr": "0000000000000000000000000000000000000000000000000000000000000000",\n            "next": {\n                "state": 0\n            },\n            "snap": "0000000000000000000000000000000000000000000000000000000000000000"\n        },\n        {\n            "curr": "0000000000000000000000000000000000000000000000000000000000000000",\n            "next": {\n                "state": 0\n            },\n            "snap": "0000000000000000000000000000000000000000000000000000000000000000"\n        },\n        {\n            "curr": "0000000000000000000000000000000000000000000000000000000000000000",\n            "next": {\n                "state": 0\n            },\n            "snap": "0000000000000000000000000000000000000000000000000000000000000000"\n        },\n        {\n            "curr": "0000000000000000000000000000000000000000000000000000000000000000",\n            "next": {\n                "state": 0\n            },\n            "snap": "0000000000000000000000000000000000000000000000000000000000000000"\n        },\n        {\n            "curr": "0000000000000000000000000000000000000000000000000000000000000000",\n            "next": {\n                "state": 0\n            },\n            "snap": "0000000000000000000000000000000000000000000000000000000000000000"\n        },\n        {\n            "curr": "0000000000000000000000000000000000000000000000000000000000000000",\n            "next": {\n                "state": 0\n            },\n            "snap": "0000000000000000000000000000000000000000000000000000000000000000"\n        },\n        {\n            "curr": "0000000000000000000000000000000000000000000000000000000000000000",\n            "next": {\n                "state": 0\n            },\n            "snap": "0000000000000000000000000000000000000000000000000000000000000000"\n        }\n    ]\n}
\.


--
-- Data for Name: trustlines; Type: TABLE DATA; Schema: public; Owner: -
--

COPY trustlines (accountid, assettype, issuer, assetcode, tlimit, balance, flags, lastmodified) FROM stdin;
GA5WBPYA5Y4WAEHXWR2UKO2UO4BUGHUQ74EUPKON2QHV4WRHOIRNKKH2	1	GC23QF2HUE52AMXUFUH3AYJAXXGXXV2VHXYYR6EYXETPKDXZSAW67XO4	USD	9223372036854775807	500000000	1	6
GA5WBPYA5Y4WAEHXWR2UKO2UO4BUGHUQ74EUPKON2QHV4WRHOIRNKKH2	1	GCQPYGH4K57XBDENKKX55KDTWOTK5WDWRQOH2LHEDX3EKVIQRLMESGBG	EUR	9223372036854775807	4500000000	1	6
GCXKG6RN4ONIEPCMNFB732A436Z5PNDSRLGWK7GBLCMQLIFO4S7EYWVU	1	GCQPYGH4K57XBDENKKX55KDTWOTK5WDWRQOH2LHEDX3EKVIQRLMESGBG	EUR	9223372036854775807	500000000	1	6
GCXKG6RN4ONIEPCMNFB732A436Z5PNDSRLGWK7GBLCMQLIFO4S7EYWVU	1	GC23QF2HUE52AMXUFUH3AYJAXXGXXV2VHXYYR6EYXETPKDXZSAW67XO4	USD	9223372036854775807	4500000000	1	6
\.


--
-- Data for Name: txfeehistory; Type: TABLE DATA; Schema: public; Owner: -
--

COPY txfeehistory (txid, ledgerseq, txindex, txchanges) FROM stdin;
2374e99349b9ef7dba9a5db3339b78fda8f34777b1af33ba468ad5c0df946d4d	2	1	AAAAAQAAAAEAAAACAAAAAAAAAABi/B0L0JGythwN1lY0aypo19NHxvLCyO5tBEcCVvwF9w3gtrOnY/+cAAAAAAAAAAEAAAAAAAAAAAAAAAAAAAAAAQAAAAAAAAAAAAAAAAAAAA==
164a5064eba64f2cdbadb856bf3448485fc626247ada3ed39cddf0f6902133b6	2	2	AAAAAQAAAAEAAAACAAAAAAAAAABi/B0L0JGythwN1lY0aypo19NHxvLCyO5tBEcCVvwF9w3gtrOnY/84AAAAAAAAAAIAAAAAAAAAAAAAAAAAAAAAAQAAAAAAAAAAAAAAAAAAAA==
2d365c3c49f376570df856bca62503966f0e269a2f51cdb68ce2ee19a7f8245a	2	3	AAAAAQAAAAEAAAACAAAAAAAAAABi/B0L0JGythwN1lY0aypo19NHxvLCyO5tBEcCVvwF9w3gtrOnY/7UAAAAAAAAAAMAAAAAAAAAAAAAAAAAAAAAAQAAAAAAAAAAAAAAAAAAAA==
003e91101d19aabb429491953806886d777c260233c6478f1c928a79ec4e2743	2	4	AAAAAQAAAAEAAAACAAAAAAAAAABi/B0L0JGythwN1lY0aypo19NHxvLCyO5tBEcCVvwF9w3gtrOnY/5wAAAAAAAAAAQAAAAAAAAAAAAAAAAAAAAAAQAAAAAAAAAAAAAAAAAAAA==
00ab9cfce2b4c4141d8bb6768dd094bdbb1c7406710dbb3ba0ef98870f63a344	3	1	AAAAAQAAAAEAAAADAAAAAAAAAAA7YL8A7jlgEPe0dUU7VHcDQx6Q/wlHqc3UD15aJ3Ii1QAAAAA7msmcAAAAAgAAAAEAAAAAAAAAAAAAAAAAAAAAAQAAAAAAAAAAAAAAAAAAAA==
bd486dbdd02d460817671c4a5a7e9d6e865ca29cb41e62d7aaf70a2fee5b36de	3	2	AAAAAQAAAAEAAAADAAAAAAAAAACuo3ot45qCPExpQ/3oHN+z17Ryis1lfMFYmQWgruS+TAAAAAA7msmcAAAAAgAAAAEAAAAAAAAAAAAAAAAAAAAAAQAAAAAAAAAAAAAAAAAAAA==
c7ab3843f0a0c4fe79dece0ff1b8391f7a9d34c47cbd7e35034f7b28f60dfc00	3	3	AAAAAQAAAAEAAAADAAAAAAAAAACuo3ot45qCPExpQ/3oHN+z17Ryis1lfMFYmQWgruS+TAAAAAA7msk4AAAAAgAAAAIAAAAAAAAAAAAAAAAAAAAAAQAAAAAAAAAAAAAAAAAAAA==
5ef9c06bb625d2da2281118bdf14d808768353ee2fca7457c8e506fbeb91fc55	3	4	AAAAAQAAAAEAAAADAAAAAAAAAAA7YL8A7jlgEPe0dUU7VHcDQx6Q/wlHqc3UD15aJ3Ii1QAAAAA7msk4AAAAAgAAAAIAAAAAAAAAAAAAAAAAAAAAAQAAAAAAAAAAAAAAAAAAAA==
e4febb6aab5f83df4c19b4f1f6b8687f11886169e996e16baa75aac2d8a09c68	4	1	AAAAAQAAAAEAAAAEAAAAAAAAAACg/Bj8V39wjI1Sr96oc7Omrth2jBx9LOQd9kVVEIrYSQAAAAA7msmcAAAAAgAAAAEAAAAAAAAAAAAAAAAAAAAAAQAAAAAAAAAAAAAAAAAAAA==
2837a1b3def2c2ddfdcde5b44bf08d7a11a9328d870df17fa2bb66d4c83260c7	4	2	AAAAAQAAAAEAAAAEAAAAAAAAAAC1uBdHoTugMvQtD7BhIL3Ne9dVPfGI+Ji5JvUO+ZAt7wAAAAA7msmcAAAAAgAAAAEAAAAAAAAAAAAAAAAAAAAAAQAAAAAAAAAAAAAAAAAAAA==
356eec1f0432bbbba09ddcc1937e28253a4dc8e98ff77d5e9dee140be5093a70	5	1	AAAAAQAAAAEAAAAFAAAAAAAAAAA7YL8A7jlgEPe0dUU7VHcDQx6Q/wlHqc3UD15aJ3Ii1QAAAAA7msjUAAAAAgAAAAMAAAACAAAAAAAAAAAAAAAAAQAAAAAAAAAAAAAAAAAAAA==
d8c35977a3bb83dfd68f78c248957cf3eee968f078706cb077eaef3e482535d9	5	2	AAAAAQAAAAEAAAAFAAAAAAAAAAA7YL8A7jlgEPe0dUU7VHcDQx6Q/wlHqc3UD15aJ3Ii1QAAAAA7mshwAAAAAgAAAAQAAAACAAAAAAAAAAAAAAAAAQAAAAAAAAAAAAAAAAAAAA==
afe79b36eef56569d4d4d78739f309f9b335690ae38c770bbe6b58c16f88cc93	5	3	AAAAAQAAAAEAAAAFAAAAAAAAAAA7YL8A7jlgEPe0dUU7VHcDQx6Q/wlHqc3UD15aJ3Ii1QAAAAA7msgMAAAAAgAAAAUAAAACAAAAAAAAAAAAAAAAAQAAAAAAAAAAAAAAAAAAAA==
0bf200141a77febaa9924f423ed587499b27ce904c92967a04a12f28b3a5be58	6	1	AAAAAQAAAAEAAAAGAAAAAAAAAACuo3ot45qCPExpQ/3oHN+z17Ryis1lfMFYmQWgruS+TAAAAAA7msjUAAAAAgAAAAMAAAACAAAAAAAAAAAAAAAAAQAAAAAAAAAAAAAAAAAAAA==
9b126c224de1387927a73d2618e4234128a0a01724d3d42388c0e8c7e97ad005	6	2	AAAAAQAAAAEAAAAGAAAAAAAAAACuo3ot45qCPExpQ/3oHN+z17Ryis1lfMFYmQWgruS+TAAAAAA7mshwAAAAAgAAAAQAAAACAAAAAAAAAAAAAAAAAQAAAAAAAAAAAAAAAAAAAA==
\.


--
-- Data for Name: txhistory; Type: TABLE DATA; Schema: public; Owner: -
--

COPY txhistory (txid, ledgerseq, txindex, txbody, txresult, txmeta) FROM stdin;
2374e99349b9ef7dba9a5db3339b78fda8f34777b1af33ba468ad5c0df946d4d	2	1	AAAAAGL8HQvQkbK2HA3WVjRrKmjX00fG8sLI7m0ERwJW/AX3AAAAZAAAAAAAAAABAAAAAAAAAAAAAAABAAAAAAAAAAAAAAAArqN6LeOagjxMaUP96Bzfs9e0corNZXzBWJkFoK7kvkwAAAAAO5rKAAAAAAAAAAABVvwF9wAAAECDzqvkQBQoNAJifPRXDoLhvtycT3lFPCQ51gkdsFHaBNWw05S/VhW0Xgkr0CBPE4NaFV2Kmcs3ZwLmib4TRrML	I3Tpk0m57326ml2zM5t4/ajzR3exrzO6RorVwN+UbU0AAAAAAAAAZAAAAAAAAAABAAAAAAAAAAAAAAAAAAAAAA==	AAAAAAAAAAEAAAACAAAAAAAAAAIAAAAAAAAAAK6jei3jmoI8TGlD/egc37PXtHKKzWV8wViZBaCu5L5MAAAAADuaygAAAAACAAAAAAAAAAAAAAAAAAAAAAAAAAABAAAAAAAAAAAAAAAAAAAAAAAAAQAAAAIAAAAAAAAAAGL8HQvQkbK2HA3WVjRrKmjX00fG8sLI7m0ERwJW/AX3DeC2s2vJNHAAAAAAAAAABAAAAAAAAAAAAAAAAAAAAAABAAAAAAAAAAAAAAAAAAAA
164a5064eba64f2cdbadb856bf3448485fc626247ada3ed39cddf0f6902133b6	2	2	AAAAAGL8HQvQkbK2HA3WVjRrKmjX00fG8sLI7m0ERwJW/AX3AAAAZAAAAAAAAAACAAAAAAAAAAAAAAABAAAAAAAAAAAAAAAAO2C/AO45YBD3tHVFO1R3A0MekP8JR6nN1A9eWidyItUAAAAAO5rKAAAAAAAAAAABVvwF9wAAAEASEZiZbeFwCsrKBnKIus/05VtJDBrgosuhLQ/U6XUj4twWyhs7UtS4CMexOM6JqcfqJK10WlBkkwn4g8PIfjIG	FkpQZOumTyzbrbhWvzRISF/GJiR62j7TnN3w9pAhM7YAAAAAAAAAZAAAAAAAAAABAAAAAAAAAAAAAAAAAAAAAA==	AAAAAAAAAAEAAAACAAAAAAAAAAIAAAAAAAAAADtgvwDuOWAQ97R1RTtUdwNDHpD/CUepzdQPXlonciLVAAAAADuaygAAAAACAAAAAAAAAAAAAAAAAAAAAAAAAAABAAAAAAAAAAAAAAAAAAAAAAAAAQAAAAIAAAAAAAAAAGL8HQvQkbK2HA3WVjRrKmjX00fG8sLI7m0ERwJW/AX3DeC2szAuanAAAAAAAAAABAAAAAAAAAAAAAAAAAAAAAABAAAAAAAAAAAAAAAAAAAA
2d365c3c49f376570df856bca62503966f0e269a2f51cdb68ce2ee19a7f8245a	2	3	AAAAAGL8HQvQkbK2HA3WVjRrKmjX00fG8sLI7m0ERwJW/AX3AAAAZAAAAAAAAAADAAAAAAAAAAAAAAABAAAAAAAAAAAAAAAAtbgXR6E7oDL0LQ+wYSC9zXvXVT3xiPiYuSb1DvmQLe8AAAAAO5rKAAAAAAAAAAABVvwF9wAAAEB/JBgvIM71gLBIh0TON9b+l+ApZz1CKDQiUFSV0scRguB1anyMwMR6s5SiaCwtDnxsPna12RdUQKlH2aeMAy8H	LTZcPEnzdlcN+Fa8piUDlm8OJpovUc22jOLuGaf4JFoAAAAAAAAAZAAAAAAAAAABAAAAAAAAAAAAAAAAAAAAAA==	AAAAAAAAAAEAAAACAAAAAAAAAAIAAAAAAAAAALW4F0ehO6Ay9C0PsGEgvc1711U98Yj4mLkm9Q75kC3vAAAAADuaygAAAAACAAAAAAAAAAAAAAAAAAAAAAAAAAABAAAAAAAAAAAAAAAAAAAAAAAAAQAAAAIAAAAAAAAAAGL8HQvQkbK2HA3WVjRrKmjX00fG8sLI7m0ERwJW/AX3DeC2svSToHAAAAAAAAAABAAAAAAAAAAAAAAAAAAAAAABAAAAAAAAAAAAAAAAAAAA
003e91101d19aabb429491953806886d777c260233c6478f1c928a79ec4e2743	2	4	AAAAAGL8HQvQkbK2HA3WVjRrKmjX00fG8sLI7m0ERwJW/AX3AAAAZAAAAAAAAAAEAAAAAAAAAAAAAAABAAAAAAAAAAAAAAAAoPwY/Fd/cIyNUq/eqHOzpq7YdowcfSzkHfZFVRCK2EkAAAAAO5rKAAAAAAAAAAABVvwF9wAAAEDIOudzujfo+dSIJXXb06SjLBLLXsFxnVnR1HJejfq2NgFUtLuX2KrVNSZyRBG+WvfdoXwCPcp85hDRbCmjbPYM	AD6REB0ZqrtClJGVOAaIbXd8JgIzxkePHJKKeexOJ0MAAAAAAAAAZAAAAAAAAAABAAAAAAAAAAAAAAAAAAAAAA==	AAAAAAAAAAEAAAACAAAAAAAAAAIAAAAAAAAAAKD8GPxXf3CMjVKv3qhzs6au2HaMHH0s5B32RVUQithJAAAAADuaygAAAAACAAAAAAAAAAAAAAAAAAAAAAAAAAABAAAAAAAAAAAAAAAAAAAAAAAAAQAAAAIAAAAAAAAAAGL8HQvQkbK2HA3WVjRrKmjX00fG8sLI7m0ERwJW/AX3DeC2srj41nAAAAAAAAAABAAAAAAAAAAAAAAAAAAAAAABAAAAAAAAAAAAAAAAAAAA
00ab9cfce2b4c4141d8bb6768dd094bdbb1c7406710dbb3ba0ef98870f63a344	3	1	AAAAADtgvwDuOWAQ97R1RTtUdwNDHpD/CUepzdQPXlonciLVAAAAZAAAAAIAAAABAAAAAAAAAAAAAAABAAAAAAAAAAYAAAABVVNEAAAAAAC1uBdHoTugMvQtD7BhIL3Ne9dVPfGI+Ji5JvUO+ZAt73//////////AAAAAAAAAAEnciLVAAAAQLVbII+1LeizxgncDI46KHyBt05+H92n1+R328J9zNl2fgJW2nfn3FIoLVs2qV1+CUpr121a2B7AM6HKr4nBLAI=	AKuc/OK0xBQdi7Z2jdCUvbscdAZxDbs7oO+Yhw9jo0QAAAAAAAAAZAAAAAAAAAABAAAAAAAAAAYAAAAAAAAAAA==	AAAAAAAAAAEAAAACAAAAAAAAAAMAAAABAAAAADtgvwDuOWAQ97R1RTtUdwNDHpD/CUepzdQPXlonciLVAAAAAVVTRAAAAAAAtbgXR6E7oDL0LQ+wYSC9zXvXVT3xiPiYuSb1DvmQLe8AAAAAAAAAAH//////////AAAAAQAAAAAAAAAAAAAAAQAAAAMAAAAAAAAAADtgvwDuOWAQ97R1RTtUdwNDHpD/CUepzdQPXlonciLVAAAAADuayTgAAAACAAAAAgAAAAEAAAAAAAAAAAAAAAABAAAAAAAAAAAAAAAAAAAA
bd486dbdd02d460817671c4a5a7e9d6e865ca29cb41e62d7aaf70a2fee5b36de	3	2	AAAAAK6jei3jmoI8TGlD/egc37PXtHKKzWV8wViZBaCu5L5MAAAAZAAAAAIAAAABAAAAAAAAAAAAAAABAAAAAAAAAAYAAAABVVNEAAAAAAC1uBdHoTugMvQtD7BhIL3Ne9dVPfGI+Ji5JvUO+ZAt73//////////AAAAAAAAAAGu5L5MAAAAQB9kmKW2q3v7Qfy8PMekEb1TTI5ixqkI0BogXrOt7gO162Qbkh2dSTUfeDovc0PAafhDXxthVAlsLujlBmyjBAY=	vUhtvdAtRggXZxxKWn6dboZcopy0HmLXqvcKL+5bNt4AAAAAAAAAZAAAAAAAAAABAAAAAAAAAAYAAAAAAAAAAA==	AAAAAAAAAAEAAAACAAAAAAAAAAMAAAABAAAAAK6jei3jmoI8TGlD/egc37PXtHKKzWV8wViZBaCu5L5MAAAAAVVTRAAAAAAAtbgXR6E7oDL0LQ+wYSC9zXvXVT3xiPiYuSb1DvmQLe8AAAAAAAAAAH//////////AAAAAQAAAAAAAAAAAAAAAQAAAAMAAAAAAAAAAK6jei3jmoI8TGlD/egc37PXtHKKzWV8wViZBaCu5L5MAAAAADuayTgAAAACAAAAAgAAAAEAAAAAAAAAAAAAAAABAAAAAAAAAAAAAAAAAAAA
c7ab3843f0a0c4fe79dece0ff1b8391f7a9d34c47cbd7e35034f7b28f60dfc00	3	3	AAAAAK6jei3jmoI8TGlD/egc37PXtHKKzWV8wViZBaCu5L5MAAAAZAAAAAIAAAACAAAAAAAAAAAAAAABAAAAAAAAAAYAAAABRVVSAAAAAACg/Bj8V39wjI1Sr96oc7Omrth2jBx9LOQd9kVVEIrYSX//////////AAAAAAAAAAGu5L5MAAAAQO/nblo8KAkSOf8cQOOiADXygx+I0ZdWoM4Vg4EKPAAJXFntctjCIyQ4csVUywaW32J/keQWYby52BjiNhT/6Qo=	x6s4Q/CgxP553s4P8bg5H3qdNMR8vX41A097KPYN/AAAAAAAAAAAZAAAAAAAAAABAAAAAAAAAAYAAAAAAAAAAA==	AAAAAAAAAAEAAAACAAAAAAAAAAMAAAABAAAAAK6jei3jmoI8TGlD/egc37PXtHKKzWV8wViZBaCu5L5MAAAAAUVVUgAAAAAAoPwY/Fd/cIyNUq/eqHOzpq7YdowcfSzkHfZFVRCK2EkAAAAAAAAAAH//////////AAAAAQAAAAAAAAAAAAAAAQAAAAMAAAAAAAAAAK6jei3jmoI8TGlD/egc37PXtHKKzWV8wViZBaCu5L5MAAAAADuayTgAAAACAAAAAgAAAAIAAAAAAAAAAAAAAAABAAAAAAAAAAAAAAAAAAAA
5ef9c06bb625d2da2281118bdf14d808768353ee2fca7457c8e506fbeb91fc55	3	4	AAAAADtgvwDuOWAQ97R1RTtUdwNDHpD/CUepzdQPXlonciLVAAAAZAAAAAIAAAACAAAAAAAAAAAAAAABAAAAAAAAAAYAAAABRVVSAAAAAACg/Bj8V39wjI1Sr96oc7Omrth2jBx9LOQd9kVVEIrYSX//////////AAAAAAAAAAEnciLVAAAAQOG2GKO9i60cM1QK2UN1gXrHEYjeGLRXFT5snCqO5FnPET5cVs30N7ITPZ6HH6QcZ2IdC1c66wLge4GyR8vpww0=	XvnAa7Yl0toigRGL3xTYCHaDU+4vynRXyOUG++uR/FUAAAAAAAAAZAAAAAAAAAABAAAAAAAAAAYAAAAAAAAAAA==	AAAAAAAAAAEAAAACAAAAAAAAAAMAAAABAAAAADtgvwDuOWAQ97R1RTtUdwNDHpD/CUepzdQPXlonciLVAAAAAUVVUgAAAAAAoPwY/Fd/cIyNUq/eqHOzpq7YdowcfSzkHfZFVRCK2EkAAAAAAAAAAH//////////AAAAAQAAAAAAAAAAAAAAAQAAAAMAAAAAAAAAADtgvwDuOWAQ97R1RTtUdwNDHpD/CUepzdQPXlonciLVAAAAADuayTgAAAACAAAAAgAAAAIAAAAAAAAAAAAAAAABAAAAAAAAAAAAAAAAAAAA
e4febb6aab5f83df4c19b4f1f6b8687f11886169e996e16baa75aac2d8a09c68	4	1	AAAAAKD8GPxXf3CMjVKv3qhzs6au2HaMHH0s5B32RVUQithJAAAAZAAAAAIAAAABAAAAAAAAAAAAAAABAAAAAAAAAAEAAAAAO2C/AO45YBD3tHVFO1R3A0MekP8JR6nN1A9eWidyItUAAAABRVVSAAAAAACg/Bj8V39wjI1Sr96oc7Omrth2jBx9LOQd9kVVEIrYSQAAAAEqBfIAAAAAAAAAAAEQithJAAAAQEghWBLDjmNLzcPF6o8dqUHMsI0WhttWE/ABSKaHNc+0FqsF+ui5+eky4ERyu99YR6BEHF4NlgyLnSq3zcDr9Qo=	5P67aqtfg99MGbTx9rhofxGIYWnpluFrqnWqwtignGgAAAAAAAAAZAAAAAAAAAABAAAAAAAAAAEAAAAAAAAAAA==	AAAAAAAAAAEAAAABAAAAAQAAAAQAAAABAAAAADtgvwDuOWAQ97R1RTtUdwNDHpD/CUepzdQPXlonciLVAAAAAUVVUgAAAAAAoPwY/Fd/cIyNUq/eqHOzpq7YdowcfSzkHfZFVRCK2EkAAAABKgXyAH//////////AAAAAQAAAAAAAAAA
2837a1b3def2c2ddfdcde5b44bf08d7a11a9328d870df17fa2bb66d4c83260c7	4	2	AAAAALW4F0ehO6Ay9C0PsGEgvc1711U98Yj4mLkm9Q75kC3vAAAAZAAAAAIAAAABAAAAAAAAAAAAAAABAAAAAAAAAAEAAAAArqN6LeOagjxMaUP96Bzfs9e0corNZXzBWJkFoK7kvkwAAAABVVNEAAAAAAC1uBdHoTugMvQtD7BhIL3Ne9dVPfGI+Ji5JvUO+ZAt7wAAAAEqBfIAAAAAAAAAAAH5kC3vAAAAQGoQPiD0HEBi0U8cHN6nlZ3okEfdmt7mqkQHIt2tuRLaZZ1iMQwU43M8v+ntJQsA4c2eBXt9GYp/29FLjnba1Qw=	KDehs97ywt39zeW0S/CNehGpMo2HDfF/ortm1MgyYMcAAAAAAAAAZAAAAAAAAAABAAAAAAAAAAEAAAAAAAAAAA==	AAAAAAAAAAEAAAABAAAAAQAAAAQAAAABAAAAAK6jei3jmoI8TGlD/egc37PXtHKKzWV8wViZBaCu5L5MAAAAAVVTRAAAAAAAtbgXR6E7oDL0LQ+wYSC9zXvXVT3xiPiYuSb1DvmQLe8AAAABKgXyAH//////////AAAAAQAAAAAAAAAA
356eec1f0432bbbba09ddcc1937e28253a4dc8e98ff77d5e9dee140be5093a70	5	1	AAAAADtgvwDuOWAQ97R1RTtUdwNDHpD/CUepzdQPXlonciLVAAAAZAAAAAIAAAADAAAAAAAAAAAAAAABAAAAAAAAAAMAAAABRVVSAAAAAACg/Bj8V39wjI1Sr96oc7Omrth2jBx9LOQd9kVVEIrYSQAAAAFVU0QAAAAAALW4F0ehO6Ay9C0PsGEgvc1711U98Yj4mLkm9Q75kC3vAAAAADuaygAAAAABAAAAAQAAAAAAAAAAAAAAAAAAAAEnciLVAAAAQE6AkyD+X3Poc6Fj6lalYvmHUdbN38uun6CX5Mc/cJnFQaqtZBOoAwDntTl1Gz/f7reRpXcJYSdQ+pEcUn/2PAE=	NW7sHwQyu7ugndzBk34oJTpNyOmP931ene4UC+UJOnAAAAAAAAAAZAAAAAAAAAABAAAAAAAAAAMAAAAAAAAAAAAAAAAAAAAAO2C/AO45YBD3tHVFO1R3A0MekP8JR6nN1A9eWidyItUAAAAAAAAAAQAAAAFFVVIAAAAAAKD8GPxXf3CMjVKv3qhzs6au2HaMHH0s5B32RVUQithJAAAAAVVTRAAAAAAAtbgXR6E7oDL0LQ+wYSC9zXvXVT3xiPiYuSb1DvmQLe8AAAAAO5rKAAAAAAEAAAABAAAAAAAAAAAAAAAA	AAAAAAAAAAEAAAACAAAAAAAAAAUAAAACAAAAADtgvwDuOWAQ97R1RTtUdwNDHpD/CUepzdQPXlonciLVAAAAAAAAAAEAAAABRVVSAAAAAACg/Bj8V39wjI1Sr96oc7Omrth2jBx9LOQd9kVVEIrYSQAAAAFVU0QAAAAAALW4F0ehO6Ay9C0PsGEgvc1711U98Yj4mLkm9Q75kC3vAAAAADuaygAAAAABAAAAAQAAAAAAAAAAAAAAAAAAAAEAAAAFAAAAAAAAAAA7YL8A7jlgEPe0dUU7VHcDQx6Q/wlHqc3UD15aJ3Ii1QAAAAA7msgMAAAAAgAAAAUAAAADAAAAAAAAAAAAAAAAAQAAAAAAAAAAAAAAAAAAAA==
d8c35977a3bb83dfd68f78c248957cf3eee968f078706cb077eaef3e482535d9	5	2	AAAAADtgvwDuOWAQ97R1RTtUdwNDHpD/CUepzdQPXlonciLVAAAAZAAAAAIAAAAEAAAAAAAAAAAAAAABAAAAAAAAAAMAAAABRVVSAAAAAACg/Bj8V39wjI1Sr96oc7Omrth2jBx9LOQd9kVVEIrYSQAAAAFVU0QAAAAAALW4F0ehO6Ay9C0PsGEgvc1711U98Yj4mLkm9Q75kC3vAAAAAEIpQYAAAAAKAAAACQAAAAAAAAAAAAAAAAAAAAEnciLVAAAAQO5hY82C1S5mbHzPZMWmFThQoySfkdf81gOtkIRTZ1xxsUjY7ogJ1mCmJi0h+54wD/bV5nJJpVC19BKiaC7szgE=	2MNZd6O7g9/Wj3jCSJV88+7paPB4cGywd+rvPkglNdkAAAAAAAAAZAAAAAAAAAABAAAAAAAAAAMAAAAAAAAAAAAAAAAAAAAAO2C/AO45YBD3tHVFO1R3A0MekP8JR6nN1A9eWidyItUAAAAAAAAAAgAAAAFFVVIAAAAAAKD8GPxXf3CMjVKv3qhzs6au2HaMHH0s5B32RVUQithJAAAAAVVTRAAAAAAAtbgXR6E7oDL0LQ+wYSC9zXvXVT3xiPiYuSb1DvmQLe8AAAAAQilBgAAAAAoAAAAJAAAAAAAAAAAAAAAA	AAAAAAAAAAEAAAACAAAAAAAAAAUAAAACAAAAADtgvwDuOWAQ97R1RTtUdwNDHpD/CUepzdQPXlonciLVAAAAAAAAAAIAAAABRVVSAAAAAACg/Bj8V39wjI1Sr96oc7Omrth2jBx9LOQd9kVVEIrYSQAAAAFVU0QAAAAAALW4F0ehO6Ay9C0PsGEgvc1711U98Yj4mLkm9Q75kC3vAAAAAEIpQYAAAAAKAAAACQAAAAAAAAAAAAAAAAAAAAEAAAAFAAAAAAAAAAA7YL8A7jlgEPe0dUU7VHcDQx6Q/wlHqc3UD15aJ3Ii1QAAAAA7msgMAAAAAgAAAAUAAAAEAAAAAAAAAAAAAAAAAQAAAAAAAAAAAAAAAAAAAA==
afe79b36eef56569d4d4d78739f309f9b335690ae38c770bbe6b58c16f88cc93	5	3	AAAAADtgvwDuOWAQ97R1RTtUdwNDHpD/CUepzdQPXlonciLVAAAAZAAAAAIAAAAFAAAAAAAAAAAAAAABAAAAAAAAAAMAAAABRVVSAAAAAACg/Bj8V39wjI1Sr96oc7Omrth2jBx9LOQd9kVVEIrYSQAAAAFVU0QAAAAAALW4F0ehO6Ay9C0PsGEgvc1711U98Yj4mLkm9Q75kC3vAAAAAEqBfIAAAAAFAAAABAAAAAAAAAAAAAAAAAAAAAEnciLVAAAAQME2D+q0wiJCgFW0UtCS+meJd2ZlcqeyMugjKutCjzr09g1CsBrcPcBtT3pXFEnLUkWLEba3xZ9uJbMo7zdsEwU=	r+ebNu71ZWnU1NeHOfMJ+bM1aQrjjHcLvmtYwW+IzJMAAAAAAAAAZAAAAAAAAAABAAAAAAAAAAMAAAAAAAAAAAAAAAAAAAAAO2C/AO45YBD3tHVFO1R3A0MekP8JR6nN1A9eWidyItUAAAAAAAAAAwAAAAFFVVIAAAAAAKD8GPxXf3CMjVKv3qhzs6au2HaMHH0s5B32RVUQithJAAAAAVVTRAAAAAAAtbgXR6E7oDL0LQ+wYSC9zXvXVT3xiPiYuSb1DvmQLe8AAAAASoF8gAAAAAUAAAAEAAAAAAAAAAAAAAAA	AAAAAAAAAAEAAAACAAAAAAAAAAUAAAACAAAAADtgvwDuOWAQ97R1RTtUdwNDHpD/CUepzdQPXlonciLVAAAAAAAAAAMAAAABRVVSAAAAAACg/Bj8V39wjI1Sr96oc7Omrth2jBx9LOQd9kVVEIrYSQAAAAFVU0QAAAAAALW4F0ehO6Ay9C0PsGEgvc1711U98Yj4mLkm9Q75kC3vAAAAAEqBfIAAAAAFAAAABAAAAAAAAAAAAAAAAAAAAAEAAAAFAAAAAAAAAAA7YL8A7jlgEPe0dUU7VHcDQx6Q/wlHqc3UD15aJ3Ii1QAAAAA7msgMAAAAAgAAAAUAAAAFAAAAAAAAAAAAAAAAAQAAAAAAAAAAAAAAAAAAAA==
0bf200141a77febaa9924f423ed587499b27ce904c92967a04a12f28b3a5be58	6	1	AAAAAK6jei3jmoI8TGlD/egc37PXtHKKzWV8wViZBaCu5L5MAAAAZAAAAAIAAAADAAAAAAAAAAAAAAABAAAAAAAAAAMAAAABVVNEAAAAAAC1uBdHoTugMvQtD7BhIL3Ne9dVPfGI+Ji5JvUO+ZAt7wAAAAFFVVIAAAAAAKD8GPxXf3CMjVKv3qhzs6au2HaMHH0s5B32RVUQithJAAAAAB3NZQAAAAABAAAAAQAAAAAAAAAAAAAAAAAAAAGu5L5MAAAAQLhdv6YRzgtJp7I2KNyUONETo6m6c/RdrXFtnESbQ3/OMNXekk/3eo0Yc305sK5+yhTLMyCiQInnDMtXpNVJ9gY=	C/IAFBp3/rqpkk9CPtWHSZsnzpBMkpZ6BKEvKLOlvlgAAAAAAAAAZAAAAAAAAAABAAAAAAAAAAMAAAAAAAAAAQAAAAA7YL8A7jlgEPe0dUU7VHcDQx6Q/wlHqc3UD15aJ3Ii1QAAAAAAAAABAAAAAUVVUgAAAAAAoPwY/Fd/cIyNUq/eqHOzpq7YdowcfSzkHfZFVRCK2EkAAAAAHc1lAAAAAAFVU0QAAAAAALW4F0ehO6Ay9C0PsGEgvc1711U98Yj4mLkm9Q75kC3vAAAAAB3NZQAAAAACAAAAAA==	AAAAAAAAAAEAAAAFAAAAAQAAAAYAAAABAAAAADtgvwDuOWAQ97R1RTtUdwNDHpD/CUepzdQPXlonciLVAAAAAUVVUgAAAAAAoPwY/Fd/cIyNUq/eqHOzpq7YdowcfSzkHfZFVRCK2EkAAAABDDiNAH//////////AAAAAQAAAAAAAAAAAAAAAQAAAAYAAAABAAAAADtgvwDuOWAQ97R1RTtUdwNDHpD/CUepzdQPXlonciLVAAAAAVVTRAAAAAAAtbgXR6E7oDL0LQ+wYSC9zXvXVT3xiPiYuSb1DvmQLe8AAAAAHc1lAH//////////AAAAAQAAAAAAAAAAAAAAAQAAAAYAAAABAAAAAK6jei3jmoI8TGlD/egc37PXtHKKzWV8wViZBaCu5L5MAAAAAUVVUgAAAAAAoPwY/Fd/cIyNUq/eqHOzpq7YdowcfSzkHfZFVRCK2EkAAAAAHc1lAH//////////AAAAAQAAAAAAAAAAAAAAAQAAAAYAAAABAAAAAK6jei3jmoI8TGlD/egc37PXtHKKzWV8wViZBaCu5L5MAAAAAVVTRAAAAAAAtbgXR6E7oDL0LQ+wYSC9zXvXVT3xiPiYuSb1DvmQLe8AAAABDDiNAH//////////AAAAAQAAAAAAAAAAAAAAAQAAAAYAAAACAAAAADtgvwDuOWAQ97R1RTtUdwNDHpD/CUepzdQPXlonciLVAAAAAAAAAAEAAAABRVVSAAAAAACg/Bj8V39wjI1Sr96oc7Omrth2jBx9LOQd9kVVEIrYSQAAAAFVU0QAAAAAALW4F0ehO6Ay9C0PsGEgvc1711U98Yj4mLkm9Q75kC3vAAAAAB3NZQAAAAABAAAAAQAAAAAAAAAAAAAAAA==
9b126c224de1387927a73d2618e4234128a0a01724d3d42388c0e8c7e97ad005	6	2	AAAAAK6jei3jmoI8TGlD/egc37PXtHKKzWV8wViZBaCu5L5MAAAAZAAAAAIAAAAEAAAAAAAAAAAAAAABAAAAAAAAAAMAAAABVVNEAAAAAAC1uBdHoTugMvQtD7BhIL3Ne9dVPfGI+Ji5JvUO+ZAt7wAAAAAAAAAAHc1lAAAAAAEAAAABAAAAAAAAAAAAAAAAAAAAAa7kvkwAAABA10f1ldxKy5vtvQZ5GoCsc69xI0vBcwOEaCl9Ftn+2pVFLbQXzCUIzTHaucp/+23c3lFar9xL8taHtOB+Zrw1Dg==	mxJsIk3hOHknpz0mGOQjQSigoBck09QjiMDox+l60AUAAAAAAAAAZAAAAAAAAAABAAAAAAAAAAMAAAAAAAAAAAAAAAAAAAAArqN6LeOagjxMaUP96Bzfs9e0corNZXzBWJkFoK7kvkwAAAAAAAAABAAAAAFVU0QAAAAAALW4F0ehO6Ay9C0PsGEgvc1711U98Yj4mLkm9Q75kC3vAAAAAAAAAAAdzWUAAAAAAQAAAAEAAAAAAAAAAAAAAAA=	AAAAAAAAAAEAAAACAAAAAAAAAAYAAAACAAAAAK6jei3jmoI8TGlD/egc37PXtHKKzWV8wViZBaCu5L5MAAAAAAAAAAQAAAABVVNEAAAAAAC1uBdHoTugMvQtD7BhIL3Ne9dVPfGI+Ji5JvUO+ZAt7wAAAAAAAAAAHc1lAAAAAAEAAAABAAAAAAAAAAAAAAAAAAAAAQAAAAYAAAAAAAAAAK6jei3jmoI8TGlD/egc37PXtHKKzWV8wViZBaCu5L5MAAAAADuayHAAAAACAAAABAAAAAMAAAAAAAAAAAAAAAABAAAAAAAAAAAAAAAAAAAA
\.


--
-- Name: accounts_pkey; Type: CONSTRAINT; Schema: public; Owner: -; Tablespace: 
--

ALTER TABLE ONLY accounts
    ADD CONSTRAINT accounts_pkey PRIMARY KEY (accountid);


--
-- Name: ledgerheaders_ledgerseq_key; Type: CONSTRAINT; Schema: public; Owner: -; Tablespace: 
--

ALTER TABLE ONLY ledgerheaders
    ADD CONSTRAINT ledgerheaders_ledgerseq_key UNIQUE (ledgerseq);


--
-- Name: ledgerheaders_pkey; Type: CONSTRAINT; Schema: public; Owner: -; Tablespace: 
--

ALTER TABLE ONLY ledgerheaders
    ADD CONSTRAINT ledgerheaders_pkey PRIMARY KEY (ledgerhash);


--
-- Name: offers_pkey; Type: CONSTRAINT; Schema: public; Owner: -; Tablespace: 
--

ALTER TABLE ONLY offers
    ADD CONSTRAINT offers_pkey PRIMARY KEY (offerid);


--
-- Name: peers_pkey; Type: CONSTRAINT; Schema: public; Owner: -; Tablespace: 
--

ALTER TABLE ONLY peers
    ADD CONSTRAINT peers_pkey PRIMARY KEY (ip, port);


--
-- Name: pubsub_pkey; Type: CONSTRAINT; Schema: public; Owner: -; Tablespace: 
--

ALTER TABLE ONLY pubsub
    ADD CONSTRAINT pubsub_pkey PRIMARY KEY (resid);


--
-- Name: signers_pkey; Type: CONSTRAINT; Schema: public; Owner: -; Tablespace: 
--

ALTER TABLE ONLY signers
    ADD CONSTRAINT signers_pkey PRIMARY KEY (accountid, publickey);


--
-- Name: storestate_pkey; Type: CONSTRAINT; Schema: public; Owner: -; Tablespace: 
--

ALTER TABLE ONLY storestate
    ADD CONSTRAINT storestate_pkey PRIMARY KEY (statename);


--
-- Name: trustlines_pkey; Type: CONSTRAINT; Schema: public; Owner: -; Tablespace: 
--

ALTER TABLE ONLY trustlines
    ADD CONSTRAINT trustlines_pkey PRIMARY KEY (accountid, issuer, assetcode);


--
-- Name: txfeehistory_pkey; Type: CONSTRAINT; Schema: public; Owner: -; Tablespace: 
--

ALTER TABLE ONLY txfeehistory
    ADD CONSTRAINT txfeehistory_pkey PRIMARY KEY (ledgerseq, txindex);


--
-- Name: txhistory_pkey; Type: CONSTRAINT; Schema: public; Owner: -; Tablespace: 
--

ALTER TABLE ONLY txhistory
    ADD CONSTRAINT txhistory_pkey PRIMARY KEY (ledgerseq, txindex);


--
-- Name: accountbalances; Type: INDEX; Schema: public; Owner: -; Tablespace: 
--

CREATE INDEX accountbalances ON accounts USING btree (balance) WHERE (balance >= 1000000000);


--
-- Name: buyingissuerindex; Type: INDEX; Schema: public; Owner: -; Tablespace: 
--

CREATE INDEX buyingissuerindex ON offers USING btree (buyingissuer);


--
-- Name: histbyseq; Type: INDEX; Schema: public; Owner: -; Tablespace: 
--

CREATE INDEX histbyseq ON txhistory USING btree (ledgerseq);


--
-- Name: histfeebyseq; Type: INDEX; Schema: public; Owner: -; Tablespace: 
--

CREATE INDEX histfeebyseq ON txfeehistory USING btree (ledgerseq);


--
-- Name: ledgersbyseq; Type: INDEX; Schema: public; Owner: -; Tablespace: 
--

CREATE INDEX ledgersbyseq ON ledgerheaders USING btree (ledgerseq);


--
-- Name: priceindex; Type: INDEX; Schema: public; Owner: -; Tablespace: 
--

CREATE INDEX priceindex ON offers USING btree (price);


--
-- Name: sellingissuerindex; Type: INDEX; Schema: public; Owner: -; Tablespace: 
--

CREATE INDEX sellingissuerindex ON offers USING btree (sellingissuer);


--
-- Name: signersaccount; Type: INDEX; Schema: public; Owner: -; Tablespace: 
--

CREATE INDEX signersaccount ON signers USING btree (accountid);


--
-- PostgreSQL database dump complete
--

